camera_id,filename,monotonic_ns,captured_time_ns,queue_size
4,cam4_24248385101603.jpg,24248385101603,24248523140918,0
2,cam2_24248383105328.jpg,24248383105328,24248523082170,0
0,cam0_24248384227277.jpg,24248384227277,24248522828437,0
2,cam2_24248399771994.jpg,24248399771994,24248535472194,0
0,cam0_24248400893943.jpg,24248400893943,24248536562004,0
4,cam4_24248401768269.jpg,24248401768269,24248537403923,0
2,cam2_24248416438660.jpg,24248416438660,24248551450407,0
0,cam0_24248417560609.jpg,24248417560609,24248552518638,0
4,cam4_24248418434935.jpg,24248418434935,24248553370219,0
2,cam2_24248433105326.jpg,24248433105326,24248567434411,0
0,cam0_24248434227275.jpg,24248434227275,24248568531261,0
4,cam4_24248435101601.jpg,24248435101601,24248569367774,0
2,cam2_24248449771992.jpg,24248449771992,24248583507063,0
0,cam0_24248450893941.jpg,24248450893941,24248584601786,0
4,cam4_24248451768267.jpg,24248451768267,24248585409646,0
2,cam2_24248466438658.jpg,24248466438658,24248603471949,0
0,cam0_24248467560607.jpg,24248467560607,24248604554495,0
4,cam4_24248468434933.jpg,24248468434933,24248605392400,0
2,cam2_24248483105324.jpg,24248483105324,24248619814383,0
0,cam0_24248484227273.jpg,24248484227273,24248620985428,0
4,cam4_24248485101599.jpg,24248485101599,24248621862084,0
2,cam2_24248499771990.jpg,24248499771990,24248636124935,0
0,cam0_24248500893939.jpg,24248500893939,24248637015379,0
4,cam4_24248501768265.jpg,24248501768265,24248637823392,0
2,cam2_24248516438656.jpg,24248516438656,24248651957277,0
0,cam0_24248517560605.jpg,24248517560605,24248653119158,0
4,cam4_24248518434931.jpg,24248518434931,24248654123699,0
2,cam2_24248533105322.jpg,24248533105322,24248667952858,0
0,cam0_24248534227271.jpg,24248534227271,24248669201969,0
4,cam4_24248535101597.jpg,24248535101597,24248669751478,0
2,cam2_24248549771988.jpg,24248549771988,24248683886621,0
0,cam0_24248550893937.jpg,24248550893937,24248685021235,0
4,cam4_24248551768263.jpg,24248551768263,24248685836159,0
2,cam2_24248566438654.jpg,24248566438654,24248704133062,0
0,cam0_24248567560603.jpg,24248567560603,24248705112029,0
4,cam4_24248568434929.jpg,24248568434929,24248705953676,0
2,cam2_24248583105320.jpg,24248583105320,24248719842484,0
0,cam0_24248584227269.jpg,24248584227269,24248720861369,0
4,cam4_24248585101595.jpg,24248585101595,24248721882138,0
2,cam2_24248599771986.jpg,24248599771986,24248735952580,0
0,cam0_24248600893935.jpg,24248600893935,24248737061876,0
4,cam4_24248601768261.jpg,24248601768261,24248737983114,0
2,cam2_24248616438652.jpg,24248616438652,24248751971437,0
0,cam0_24248617560601.jpg,24248617560601,24248752916957,0
4,cam4_24248618434927.jpg,24248618434927,24248753870790,0
2,cam2_24248633105318.jpg,24248633105318,24248767748450,0
0,cam0_24248634227267.jpg,24248634227267,24248768933858,0
4,cam4_24248635101593.jpg,24248635101593,24248769833849,0
2,cam2_24248649771984.jpg,24248649771984,24248783613226,0
0,cam0_24248650893933.jpg,24248650893933,24248784880822,0
4,cam4_24248651768259.jpg,24248651768259,24248785578503,0
2,cam2_24248666438650.jpg,24248666438650,24248803467247,0
0,cam0_24248667560599.jpg,24248667560599,24248804666322,0
4,cam4_24248668434925.jpg,24248668434925,24248805446606,0
2,cam2_24248683105316.jpg,24248683105316,24248819510773,0
0,cam0_24248684227265.jpg,24248684227265,24248820837594,0
4,cam4_24248685101591.jpg,24248685101591,24248821687369,0
2,cam2_24248699771982.jpg,24248699771982,24248835675259,0
0,cam0_24248700893931.jpg,24248700893931,24248837089402,0
4,cam4_24248701768257.jpg,24248701768257,24248837876994,0
2,cam2_24248716438648.jpg,24248716438648,24248851554732,0
0,cam0_24248717560597.jpg,24248717560597,24248852859888,0
4,cam4_24248718434923.jpg,24248718434923,24248853742331,0
2,cam2_24248733105314.jpg,24248733105314,24248867861940,0
0,cam0_24248734227263.jpg,24248734227263,24248869127339,0
4,cam4_24248735101589.jpg,24248735101589,24248869994153,0
2,cam2_24248749771980.jpg,24248749771980,24248883876897,0
0,cam0_24248750893929.jpg,24248750893929,24248885037875,0
4,cam4_24248751768255.jpg,24248751768255,24248885913033,0
2,cam2_24248766438646.jpg,24248766438646,24248903693982,0
0,cam0_24248767560595.jpg,24248767560595,24248904993703,0
4,cam4_24248768434921.jpg,24248768434921,24248905680978,0
2,cam2_24248783105312.jpg,24248783105312,24248919892480,0
0,cam0_24248784227261.jpg,24248784227261,24248921280819,0
4,cam4_24248785101587.jpg,24248785101587,24248922025335,0
2,cam2_24248799771978.jpg,24248799771978,24248935874983,0
0,cam0_24248800893927.jpg,24248800893927,24248936989673,0
4,cam4_24248801768253.jpg,24248801768253,24248937725848,0
2,cam2_24248816438644.jpg,24248816438644,24248951762362,0
0,cam0_24248817560593.jpg,24248817560593,24248952941491,0
4,cam4_24248818434919.jpg,24248818434919,24248953867417,0
2,cam2_24248833105310.jpg,24248833105310,24248967719943,0
0,cam0_24248834227259.jpg,24248834227259,24248968893477,0
4,cam4_24248835101585.jpg,24248835101585,24248969696804,0
2,cam2_24248849771976.jpg,24248849771976,24248983890792,0
0,cam0_24248850893925.jpg,24248850893925,24248984977524,0
4,cam4_24248851768251.jpg,24248851768251,24248985839367,0
2,cam2_24248866438642.jpg,24248866438642,24249003864936,0
0,cam0_24248867560591.jpg,24248867560591,24249004927495,0
4,cam4_24248868434917.jpg,24248868434917,24249005961334,0
2,cam2_24248883105308.jpg,24248883105308,24249019814219,0
0,cam0_24248884227257.jpg,24248884227257,24249020826100,0
4,cam4_24248885101583.jpg,24248885101583,24249021782897,0
2,cam2_24248899771974.jpg,24248899771974,24249035713643,0
0,cam0_24248900893923.jpg,24248900893923,24249036937403,0
4,cam4_24248901768249.jpg,24248901768249,24249037816072,0
2,cam2_24248916438640.jpg,24248916438640,24249051727275,0
0,cam0_24248917560589.jpg,24248917560589,24249052804048,0
4,cam4_24248918434915.jpg,24248918434915,24249053645593,0
2,cam2_24248933105306.jpg,24248933105306,24249067903776,0
0,cam0_24248934227255.jpg,24248934227255,24249068987890,0
4,cam4_24248935101581.jpg,24248935101581,24249069972429,0
2,cam2_24248949771972.jpg,24248949771972,24249084112546,0
0,cam0_24248950893921.jpg,24248950893921,24249085213546,0
4,cam4_24248951768247.jpg,24248951768247,24249085958443,0
2,cam2_24248966438638.jpg,24248966438638,24249103757909,0
0,cam0_24248967560587.jpg,24248967560587,24249105062389,0
4,cam4_24248968434913.jpg,24248968434913,24249105873468,0
2,cam2_24248983105304.jpg,24248983105304,24249119915023,0
0,cam0_24248984227253.jpg,24248984227253,24249121050136,0
4,cam4_24248985101579.jpg,24248985101579,24249121992407,0
2,cam2_24248999771970.jpg,24248999771970,24249135808570,0
0,cam0_24249000893919.jpg,24249000893919,24249137132867,0
4,cam4_24249001768245.jpg,24249001768245,24249137996736,0
2,cam2_24249016438636.jpg,24249016438636,24249151791394,0
0,cam0_24249017560585.jpg,24249017560585,24249152938864,0
4,cam4_24249018434911.jpg,24249018434911,24249153848994,0
2,cam2_24249033105302.jpg,24249033105302,24249167684237,0
0,cam0_24249034227251.jpg,24249034227251,24249168955889,0
4,cam4_24249035101577.jpg,24249035101577,24249169776058,0
2,cam2_24249049771968.jpg,24249049771968,24249183779866,0
4,cam4_24249051768243.jpg,24249051768243,24249185866921,0
0,cam0_24249050893917.jpg,24249050893917,24249189130900,0
2,cam2_24249066438634.jpg,24249066438634,24249203544884,0
0,cam0_24249067560583.jpg,24249067560583,24249204688634,0
4,cam4_24249068434909.jpg,24249068434909,24249205431479,0
2,cam2_24249083105300.jpg,24249083105300,24249219434819,0
0,cam0_24249084227249.jpg,24249084227249,24249220547378,0
4,cam4_24249085101575.jpg,24249085101575,24249221465990,0
2,cam2_24249099771966.jpg,24249099771966,24249235391215,0
0,cam0_24249100893915.jpg,24249100893915,24249236521313,0
4,cam4_24249101768241.jpg,24249101768241,24249237400640,0
2,cam2_24249116438632.jpg,24249116438632,24249251451979,0
0,cam0_24249117560581.jpg,24249117560581,24249252602986,0
4,cam4_24249118434907.jpg,24249118434907,24249253487632,0
2,cam2_24249133105298.jpg,24249133105298,24249267480005,0
0,cam0_24249134227247.jpg,24249134227247,24249268572458,0
4,cam4_24249135101573.jpg,24249135101573,24249269413370,0
2,cam2_24249149771964.jpg,24249149771964,24249287477375,0
0,cam0_24249150893913.jpg,24249150893913,24249288602869,0
4,cam4_24249151768239.jpg,24249151768239,24249289409172,0
2,cam2_24249166438630.jpg,24249166438630,24249303458442,0
0,cam0_24249167560579.jpg,24249167560579,24249304612081,0
4,cam4_24249168434905.jpg,24249168434905,24249305475665,0
2,cam2_24249183105296.jpg,24249183105296,24249319512000,0
0,cam0_24249184227245.jpg,24249184227245,24249320668023,0
4,cam4_24249185101571.jpg,24249185101571,24249321486905,0
2,cam2_24249199771962.jpg,24249199771962,24249335430140,0
0,cam0_24249200893911.jpg,24249200893911,24249336546397,0
4,cam4_24249201768237.jpg,24249201768237,24249337437691,0
2,cam2_24249216438628.jpg,24249216438628,24249351413827,0
0,cam0_24249217560577.jpg,24249217560577,24249352563601,0
4,cam4_24249218434903.jpg,24249218434903,24249353411287,0
2,cam2_24249233105294.jpg,24249233105294,24249367420733,0
0,cam0_24249234227243.jpg,24249234227243,24249368557898,0
4,cam4_24249235101569.jpg,24249235101569,24249369417154,0
2,cam2_24249249771960.jpg,24249249771960,24249388126154,0
0,cam0_24249250893909.jpg,24249250893909,24249389206566,0
4,cam4_24249251768235.jpg,24249251768235,24249390137546,0
2,cam2_24249266438626.jpg,24249266438626,24249403914823,0
0,cam0_24249267560575.jpg,24249267560575,24249405096797,0
4,cam4_24249268434901.jpg,24249268434901,24249405940529,0
2,cam2_24249283105292.jpg,24249283105292,24249419839802,0
0,cam0_24249284227241.jpg,24249284227241,24249420988733,0
4,cam4_24249285101567.jpg,24249285101567,24249421818757,0
2,cam2_24249299771958.jpg,24249299771958,24249435726033,0
0,cam0_24249300893907.jpg,24249300893907,24249436925321,0
4,cam4_24249301768233.jpg,24249301768233,24249437814207,0
2,cam2_24249316438624.jpg,24249316438624,24249451982587,0
0,cam0_24249317560573.jpg,24249317560573,24249453139688,0
4,cam4_24249318434899.jpg,24249318434899,24249453901596,0
2,cam2_24249333105290.jpg,24249333105290,24249467761713,0
0,cam0_24249334227239.jpg,24249334227239,24249469008870,0
4,cam4_24249335101565.jpg,24249335101565,24249469843139,0
2,cam2_24249349771956.jpg,24249349771956,24249487521816,0
0,cam0_24249350893905.jpg,24249350893905,24249488621257,0
4,cam4_24249351768231.jpg,24249351768231,24249489472432,0
2,cam2_24249366438622.jpg,24249366438622,24249503591439,0
0,cam0_24249367560571.jpg,24249367560571,24249504971079,0
4,cam4_24249368434897.jpg,24249368434897,24249505666149,0
2,cam2_24249383105288.jpg,24249383105288,24249519892298,0
0,cam0_24249384227237.jpg,24249384227237,24249521188165,0
4,cam4_24249385101563.jpg,24249385101563,24249522034782,0
2,cam2_24249399771954.jpg,24249399771954,24249535837097,0
0,cam0_24249400893903.jpg,24249400893903,24249537121556,0
4,cam4_24249401768229.jpg,24249401768229,24249537944369,0
2,cam2_24249416438620.jpg,24249416438620,24249551744379,0
0,cam0_24249417560569.jpg,24249417560569,24249552921419,0
4,cam4_24249418434895.jpg,24249418434895,24249553781752,0
2,cam2_24249433105286.jpg,24249433105286,24249567740719,0
0,cam0_24249434227235.jpg,24249434227235,24249568917127,0
4,cam4_24249435101561.jpg,24249435101561,24249569871092,0
2,cam2_24249449771952.jpg,24249449771952,24249587752312,0
0,cam0_24249450893901.jpg,24249450893901,24249588794306,0
4,cam4_24249451768227.jpg,24249451768227,24249589646350,0
2,cam2_24249466438618.jpg,24249466438618,24249603833585,0
0,cam0_24249467560567.jpg,24249467560567,24249605093733,0
4,cam4_24249468434893.jpg,24249468434893,24249605842498,0
2,cam2_24249483105284.jpg,24249483105284,24249619778938,0
0,cam0_24249484227233.jpg,24249484227233,24249620916663,0
4,cam4_24249485101559.jpg,24249485101559,24249621727178,0
2,cam2_24249499771950.jpg,24249499771950,24249635729140,0
0,cam0_24249500893899.jpg,24249500893899,24249636898055,0
4,cam4_24249501768225.jpg,24249501768225,24249637692227,0
2,cam2_24249516438616.jpg,24249516438616,24249651848751,0
0,cam0_24249517560565.jpg,24249517560565,24249653009408,0
4,cam4_24249518434891.jpg,24249518434891,24249653816746,0
2,cam2_24249533105282.jpg,24249533105282,24249667825953,0
0,cam0_24249534227231.jpg,24249534227231,24249669194298,0
4,cam4_24249535101557.jpg,24249535101557,24249669888657,0
2,cam2_24249549771948.jpg,24249549771948,24249687950434,0
0,cam0_24249550893897.jpg,24249550893897,24249689085276,0
4,cam4_24249551768223.jpg,24249551768223,24249689712193,0
2,cam2_24249566438614.jpg,24249566438614,24249703752326,0
0,cam0_24249567560563.jpg,24249567560563,24249704988074,0
4,cam4_24249568434889.jpg,24249568434889,24249705867635,0
2,cam2_24249583105280.jpg,24249583105280,24249719743767,0
0,cam0_24249584227229.jpg,24249584227229,24249720921391,0
4,cam4_24249585101555.jpg,24249585101555,24249721864985,0
2,cam2_24249599771946.jpg,24249599771946,24249735815070,0
0,cam0_24249600893895.jpg,24249600893895,24249736937819,0
4,cam4_24249601768221.jpg,24249601768221,24249737768622,0
2,cam2_24249616438612.jpg,24249616438612,24249751838013,0
0,cam0_24249617560561.jpg,24249617560561,24249752900622,0
4,cam4_24249618434887.jpg,24249618434887,24249753703227,0
2,cam2_24249633105278.jpg,24249633105278,24249767844710,0
0,cam0_24249634227227.jpg,24249634227227,24249768937767,0
4,cam4_24249635101553.jpg,24249635101553,24249769722009,0
2,cam2_24249649771944.jpg,24249649771944,24249787996874,0
0,cam0_24249650893893.jpg,24249650893893,24249788965482,0
4,cam4_24249651768219.jpg,24249651768219,24249789821057,0
2,cam2_24249666438610.jpg,24249666438610,24249803840468,0
0,cam0_24249667560559.jpg,24249667560559,24249804921756,0
4,cam4_24249668434885.jpg,24249668434885,24249805853187,0
2,cam2_24249683105276.jpg,24249683105276,24249819912253,0
0,cam0_24249684227225.jpg,24249684227225,24249821084151,0
4,cam4_24249685101551.jpg,24249685101551,24249821924096,0
2,cam2_24249699771942.jpg,24249699771942,24249835476712,0
0,cam0_24249700893891.jpg,24249700893891,24249836609414,0
4,cam4_24249701768217.jpg,24249701768217,24249837443926,0
2,cam2_24249716438608.jpg,24249716438608,24249851871938,0
0,cam0_24249717560557.jpg,24249717560557,24249852990824,0
4,cam4_24249718434883.jpg,24249718434883,24249853801757,0
2,cam2_24249733105274.jpg,24249733105274,24249867799253,0
0,cam0_24249734227223.jpg,24249734227223,24249868924466,0
4,cam4_24249735101549.jpg,24249735101549,24249869798134,0
2,cam2_24249749771940.jpg,24249749771940,24249887956144,0
0,cam0_24249750893889.jpg,24249750893889,24249888903058,0
4,cam4_24249751768215.jpg,24249751768215,24249889846216,0
2,cam2_24249766438606.jpg,24249766438606,24249903651318,0
0,cam0_24249767560555.jpg,24249767560555,24249904795847,0
4,cam4_24249768434881.jpg,24249768434881,24249905750261,0
2,cam2_24249783105272.jpg,24249783105272,24249919962847,0
0,cam0_24249784227221.jpg,24249784227221,24249921036800,0
4,cam4_24249785101547.jpg,24249785101547,24249921964244,0
2,cam2_24249799771938.jpg,24249799771938,24249935809808,0
0,cam0_24249800893887.jpg,24249800893887,24249937154018,0
4,cam4_24249801768213.jpg,24249801768213,24249937830356,0
2,cam2_24249816438604.jpg,24249816438604,24249951774845,0
0,cam0_24249817560553.jpg,24249817560553,24249953062718,0
4,cam4_24249818434879.jpg,24249818434879,24249953719589,0
2,cam2_24249833105270.jpg,24249833105270,24249967820315,0
0,cam0_24249834227219.jpg,24249834227219,24249969055408,0
4,cam4_24249835101545.jpg,24249835101545,24249969683778,0
2,cam2_24249849771936.jpg,24249849771936,24249987994057,0
0,cam0_24249850893885.jpg,24249850893885,24249989111700,0
4,cam4_24249851768211.jpg,24249851768211,24249990228362,0
2,cam2_24249866438602.jpg,24249866438602,24250003500045,0
0,cam0_24249867560551.jpg,24249867560551,24250004640067,0
4,cam4_24249868434877.jpg,24249868434877,24250005490572,0
2,cam2_24249883105268.jpg,24249883105268,24250019672021,0
0,cam0_24249884227217.jpg,24249884227217,24250020998361,0
4,cam4_24249885101543.jpg,24249885101543,24250021818993,0
2,cam2_24249899771934.jpg,24249899771934,24250035777980,0
0,cam0_24249900893883.jpg,24249900893883,24250036965805,0
4,cam4_24249901768209.jpg,24249901768209,24250037882978,0
2,cam2_24249916438600.jpg,24249916438600,24250051750230,0
0,cam0_24249917560549.jpg,24249917560549,24250052971817,0
4,cam4_24249918434875.jpg,24249918434875,24250053869446,0
2,cam2_24249933105266.jpg,24249933105266,24250067802535,0
0,cam0_24249934227215.jpg,24249934227215,24250069020163,0
4,cam4_24249935101541.jpg,24249935101541,24250069853338,0
2,cam2_24249949771932.jpg,24249949771932,24250087854873,0
0,cam0_24249950893881.jpg,24249950893881,24250088930571,0
4,cam4_24249951768207.jpg,24249951768207,24250089850026,0
2,cam2_24249966438598.jpg,24249966438598,24250103778031,0
0,cam0_24249967560547.jpg,24249967560547,24250104954062,0
4,cam4_24249968434873.jpg,24249968434873,24250105885421,0
2,cam2_24249983105264.jpg,24249983105264,24250119742013,0
0,cam0_24249984227213.jpg,24249984227213,24250121024181,0
4,cam4_24249985101539.jpg,24249985101539,24250121887914,0
2,cam2_24249999771930.jpg,24249999771930,24250135779938,0
0,cam0_24250000893879.jpg,24250000893879,24250136958946,0
4,cam4_24250001768205.jpg,24250001768205,24250137802255,0
2,cam2_24250016438596.jpg,24250016438596,24250151754111,0
0,cam0_24250017560545.jpg,24250017560545,24250152898553,0
4,cam4_24250018434871.jpg,24250018434871,24250153695098,0
2,cam2_24250033105262.jpg,24250033105262,24250167722608,0
0,cam0_24250034227211.jpg,24250034227211,24250168941847,0
4,cam4_24250035101537.jpg,24250035101537,24250169819255,0
2,cam2_24250049771928.jpg,24250049771928,24250187730850,0
0,cam0_24250050893877.jpg,24250050893877,24250188742789,0
4,cam4_24250051768203.jpg,24250051768203,24250189609452,0
2,cam2_24250066438594.jpg,24250066438594,24250204038446,0
0,cam0_24250067560543.jpg,24250067560543,24250205558067,0
4,cam4_24250068434869.jpg,24250068434869,24250206427082,0
2,cam2_24250083105260.jpg,24250083105260,24250219570597,0
0,cam0_24250084227209.jpg,24250084227209,24250220752707,0
4,cam4_24250085101535.jpg,24250085101535,24250221553617,0
2,cam2_24250099771926.jpg,24250099771926,24250235531657,0
0,cam0_24250100893875.jpg,24250100893875,24250236637975,0
4,cam4_24250101768201.jpg,24250101768201,24250237489670,0
2,cam2_24250116438592.jpg,24250116438592,24250251746131,0
0,cam0_24250117560541.jpg,24250117560541,24250252810897,0
4,cam4_24250118434867.jpg,24250118434867,24250253594108,0
2,cam2_24250133105258.jpg,24250133105258,24250267546392,0
0,cam0_24250134227207.jpg,24250134227207,24250268636563,0
4,cam4_24250135101533.jpg,24250135101533,24250269503895,0
2,cam2_24250149771924.jpg,24250149771924,24250287526900,0
0,cam0_24250150893873.jpg,24250150893873,24250288645000,0
4,cam4_24250151768199.jpg,24250151768199,24250289490850,0
2,cam2_24250166438590.jpg,24250166438590,24250303616312,0
0,cam0_24250167560539.jpg,24250167560539,24250304783411,0
4,cam4_24250168434865.jpg,24250168434865,24250305619122,0
2,cam2_24250183105256.jpg,24250183105256,24250319911134,0
0,cam0_24250184227205.jpg,24250184227205,24250321141595,0
4,cam4_24250185101531.jpg,24250185101531,24250322085768,0
2,cam2_24250199771922.jpg,24250199771922,24250335898742,0
0,cam0_24250200893871.jpg,24250200893871,24250337083200,0
4,cam4_24250201768197.jpg,24250201768197,24250338029331,0
2,cam2_24250216438588.jpg,24250216438588,24250351835579,0
0,cam0_24250217560537.jpg,24250217560537,24250353026283,0
4,cam4_24250218434863.jpg,24250218434863,24250353911819,0
2,cam2_24250233105254.jpg,24250233105254,24250367792998,0
0,cam0_24250234227203.jpg,24250234227203,24250369034786,0
4,cam4_24250235101529.jpg,24250235101529,24250369904431,0
2,cam2_24250249771920.jpg,24250249771920,24250388037251,0
0,cam0_24250250893869.jpg,24250250893869,24250389194246,0
4,cam4_24250251768195.jpg,24250251768195,24250390114416,0
2,cam2_24250266438586.jpg,24250266438586,24250403911747,0
0,cam0_24250267560535.jpg,24250267560535,24250404988984,0
4,cam4_24250268434861.jpg,24250268434861,24250405917040,0
2,cam2_24250283105252.jpg,24250283105252,24250419885575,0
0,cam0_24250284227201.jpg,24250284227201,24250420931464,0
4,cam4_24250285101527.jpg,24250285101527,24250421889677,0
2,cam2_24250299771918.jpg,24250299771918,24250435834485,0
0,cam0_24250300893867.jpg,24250300893867,24250436923002,0
4,cam4_24250301768193.jpg,24250301768193,24250437796242,0
2,cam2_24250316438584.jpg,24250316438584,24250451817911,0
0,cam0_24250317560533.jpg,24250317560533,24250453014725,0
4,cam4_24250318434859.jpg,24250318434859,24250453910039,0
2,cam2_24250333105250.jpg,24250333105250,24250467917542,0
0,cam0_24250334227199.jpg,24250334227199,24250472653600,0
4,cam4_24250335101525.jpg,24250335101525,24250473496152,0
2,cam2_24250349771916.jpg,24250349771916,24250487817724,0
0,cam0_24250350893865.jpg,24250350893865,24250488935578,0
4,cam4_24250351768191.jpg,24250351768191,24250489802410,0
2,cam2_24250366438582.jpg,24250366438582,24250503765511,0
0,cam0_24250367560531.jpg,24250367560531,24250504954256,0
4,cam4_24250368434857.jpg,24250368434857,24250505799492,0
2,cam2_24250383105248.jpg,24250383105248,24250519796998,0
0,cam0_24250384227197.jpg,24250384227197,24250520952578,0
4,cam4_24250385101523.jpg,24250385101523,24250521882000,0
2,cam2_24250399771914.jpg,24250399771914,24250535749749,0
0,cam0_24250400893863.jpg,24250400893863,24250536930336,0
4,cam4_24250401768189.jpg,24250401768189,24250537789226,0
2,cam2_24250416438580.jpg,24250416438580,24250552187412,0
0,cam0_24250417560529.jpg,24250417560529,24250552971266,0
4,cam4_24250418434855.jpg,24250418434855,24250553815909,0
2,cam2_24250433105246.jpg,24250433105246,24250571864923,0
0,cam0_24250434227195.jpg,24250434227195,24250572944701,0
4,cam4_24250435101521.jpg,24250435101521,24250573808641,0
2,cam2_24250449771912.jpg,24250449771912,24250587926634,0
0,cam0_24250450893861.jpg,24250450893861,24250589190346,0
4,cam4_24250451768187.jpg,24250451768187,24250589999727,0
2,cam2_24250466438578.jpg,24250466438578,24250603841564,0
0,cam0_24250467560527.jpg,24250467560527,24250605040962,0
4,cam4_24250468434853.jpg,24250468434853,24250605865026,0
2,cam2_24250483105244.jpg,24250483105244,24250619764985,0
0,cam0_24250484227193.jpg,24250484227193,24250620942444,0
4,cam4_24250485101519.jpg,24250485101519,24250621796262,0
2,cam2_24250499771910.jpg,24250499771910,24250635744034,0
0,cam0_24250500893859.jpg,24250500893859,24250636947826,0
4,cam4_24250501768185.jpg,24250501768185,24250637798597,0
2,cam2_24250516438576.jpg,24250516438576,24250651856570,0
0,cam0_24250517560525.jpg,24250517560525,24250653007887,0
4,cam4_24250518434851.jpg,24250518434851,24250653849347,0
2,cam2_24250533105242.jpg,24250533105242,24250671853504,0
0,cam0_24250534227191.jpg,24250534227191,24250672941370,0
4,cam4_24250535101517.jpg,24250535101517,24250673839888,0
2,cam2_24250549771908.jpg,24250549771908,24250687826095,0
0,cam0_24250550893857.jpg,24250550893857,24250688938652,0
4,cam4_24250551768183.jpg,24250551768183,24250689773947,0
2,cam2_24250566438574.jpg,24250566438574,24250703761542,0
0,cam0_24250567560523.jpg,24250567560523,24250705043371,0
4,cam4_24250568434849.jpg,24250568434849,24250705768297,0
2,cam2_24250583105240.jpg,24250583105240,24250719822241,0
0,cam0_24250584227189.jpg,24250584227189,24250721016752,0
4,cam4_24250585101515.jpg,24250585101515,24250721889902,0
2,cam2_24250599771906.jpg,24250599771906,24250735786894,0
0,cam0_24250600893855.jpg,24250600893855,24250736937233,0
4,cam4_24250601768181.jpg,24250601768181,24250737809757,0
2,cam2_24250616438572.jpg,24250616438572,24250751804209,0
0,cam0_24250617560521.jpg,24250617560521,24250752949952,0
4,cam4_24250618434847.jpg,24250618434847,24250753776465,0
2,cam2_24250633105238.jpg,24250633105238,24250771776478,0
0,cam0_24250634227187.jpg,24250634227187,24250772957365,0
4,cam4_24250635101513.jpg,24250635101513,24250773781389,0
2,cam2_24250649771904.jpg,24250649771904,24250787776982,0
0,cam0_24250650893853.jpg,24250650893853,24250789020279,0
4,cam4_24250651768179.jpg,24250651768179,24250789938769,0
2,cam2_24250666438570.jpg,24250666438570,24250803784372,0
0,cam0_24250667560519.jpg,24250667560519,24250805136172,0
4,cam4_24250668434845.jpg,24250668434845,24250805953092,0
2,cam2_24250683105236.jpg,24250683105236,24250819738755,0
0,cam0_24250684227185.jpg,24250684227185,24250820776827,0
4,cam4_24250685101511.jpg,24250685101511,24250821590486,0
2,cam2_24250699771902.jpg,24250699771902,24250835593893,0
0,cam0_24250700893851.jpg,24250700893851,24250836645119,0
4,cam4_24250701768177.jpg,24250701768177,24250837508333,0
2,cam2_24250716438568.jpg,24250716438568,24250851974192,0
0,cam0_24250717560517.jpg,24250717560517,24250853180109,0
4,cam4_24250718434843.jpg,24250718434843,24250854020763,0
2,cam2_24250733105234.jpg,24250733105234,24250871910614,0
0,cam0_24250734227183.jpg,24250734227183,24250873222876,0
4,cam4_24250735101509.jpg,24250735101509,24250873997484,0
2,cam2_24250749771900.jpg,24250749771900,24250888028169,0
0,cam0_24250750893849.jpg,24250750893849,24250888941320,0
4,cam4_24250751768175.jpg,24250751768175,24250889944053,0
2,cam2_24250766438566.jpg,24250766438566,24250903568709,0
0,cam0_24250767560515.jpg,24250767560515,24250904689933,0
4,cam4_24250768434841.jpg,24250768434841,24250905614591,0
2,cam2_24250783105232.jpg,24250783105232,24250919823188,0
0,cam0_24250784227181.jpg,24250784227181,24250920930741,0
4,cam4_24250785101507.jpg,24250785101507,24250921678970,0
2,cam2_24250799771898.jpg,24250799771898,24250935870083,0
0,cam0_24250800893847.jpg,24250800893847,24250937313097,0
4,cam4_24250801768173.jpg,24250801768173,24250938153222,0
2,cam2_24250816438564.jpg,24250816438564,24250951936871,0
0,cam0_24250817560513.jpg,24250817560513,24250953207466,0
4,cam4_24250818434839.jpg,24250818434839,24250954031341,0
2,cam2_24250833105230.jpg,24250833105230,24250972029078,0
0,cam0_24250834227179.jpg,24250834227179,24250973117275,0
4,cam4_24250835101505.jpg,24250835101505,24250973925939,0
2,cam2_24250849771896.jpg,24250849771896,24250987965726,0
0,cam0_24250850893845.jpg,24250850893845,24250989326243,0
4,cam4_24250851768171.jpg,24250851768171,24250990101787,0
2,cam2_24250866438562.jpg,24250866438562,24251004037478,0
0,cam0_24250867560511.jpg,24250867560511,24251005307712,0
4,cam4_24250868434837.jpg,24250868434837,24251006415155,0
2,cam2_24250883105228.jpg,24250883105228,24251020042492,0
0,cam0_24250884227177.jpg,24250884227177,24251021153902,0
4,cam4_24250885101503.jpg,24250885101503,24251021891343,0
2,cam2_24250899771894.jpg,24250899771894,24251035873721,0
0,cam0_24250900893843.jpg,24250900893843,24251037108535,0
4,cam4_24250901768169.jpg,24250901768169,24251037873580,0
2,cam2_24250916438560.jpg,24250916438560,24251052063887,0
0,cam0_24250917560509.jpg,24250917560509,24251053173978,0
4,cam4_24250918434835.jpg,24250918434835,24251053971516,0
2,cam2_24250933105226.jpg,24250933105226,24251072045411,0
0,cam0_24250934227175.jpg,24250934227175,24251073093170,0
4,cam4_24250935101501.jpg,24250935101501,24251074080003,0
2,cam2_24250949771892.jpg,24250949771892,24251087881181,0
0,cam0_24250950893841.jpg,24250950893841,24251089021404,0
4,cam4_24250951768167.jpg,24250951768167,24251089826273,0
2,cam2_24250966438558.jpg,24250966438558,24251103844393,0
0,cam0_24250967560507.jpg,24250967560507,24251105030638,0
4,cam4_24250968434833.jpg,24250968434833,24251105829084,0
2,cam2_24250983105224.jpg,24250983105224,24251119886503,0
0,cam0_24250984227173.jpg,24250984227173,24251121309631,0
4,cam4_24250985101499.jpg,24250985101499,24251122426080,0
2,cam2_24250999771890.jpg,24250999771890,24251135602338,0
0,cam0_24251000893839.jpg,24251000893839,24251136980948,0
4,cam4_24251001768165.jpg,24251001768165,24251137759815,0
2,cam2_24251016438556.jpg,24251016438556,24251151916064,0
0,cam0_24251017560505.jpg,24251017560505,24251153191259,0
4,cam4_24251018434831.jpg,24251018434831,24251153881586,0
2,cam2_24251033105222.jpg,24251033105222,24251171848425,0
0,cam0_24251034227171.jpg,24251034227171,24251173068887,0
4,cam4_24251035101497.jpg,24251035101497,24251173838037,0
2,cam2_24251049771888.jpg,24251049771888,24251187892378,0
0,cam0_24251050893837.jpg,24251050893837,24251189198781,0
4,cam4_24251051768163.jpg,24251051768163,24251189964057,0
2,cam2_24251066438554.jpg,24251066438554,24251204223289,0
0,cam0_24251067560503.jpg,24251067560503,24251205539353,0
4,cam4_24251068434829.jpg,24251068434829,24251206224453,0
2,cam2_24251083105220.jpg,24251083105220,24251219554251,0
0,cam0_24251084227169.jpg,24251084227169,24251220779632,0
4,cam4_24251085101495.jpg,24251085101495,24251221544011,0
2,cam2_24251099771886.jpg,24251099771886,24251235752849,0
0,cam0_24251100893835.jpg,24251100893835,24251236714733,0
4,cam4_24251101768161.jpg,24251101768161,24251237636737,0
2,cam2_24251116438552.jpg,24251116438552,24251251697232,0
0,cam0_24251117560501.jpg,24251117560501,24251252797247,0
4,cam4_24251118434827.jpg,24251118434827,24251253592651,0
2,cam2_24251133105218.jpg,24251133105218,24251271637212,0
0,cam0_24251134227167.jpg,24251134227167,24251272724642,0
4,cam4_24251135101493.jpg,24251135101493,24251273550006,0
2,cam2_24251149771884.jpg,24251149771884,24251287527660,0
0,cam0_24251150893833.jpg,24251150893833,24251288683533,0
4,cam4_24251151768159.jpg,24251151768159,24251289514480,0
2,cam2_24251166438550.jpg,24251166438550,24251303588027,0
0,cam0_24251167560499.jpg,24251167560499,24251304693125,0
4,cam4_24251168434825.jpg,24251168434825,24251305528376,0
2,cam2_24251183105216.jpg,24251183105216,24251319841535,0
0,cam0_24251184227165.jpg,24251184227165,24251321070359,0
4,cam4_24251185101491.jpg,24251185101491,24251321901659,0
2,cam2_24251199771882.jpg,24251199771882,24251335878179,0
0,cam0_24251200893831.jpg,24251200893831,24251337093340,0
4,cam4_24251201768157.jpg,24251201768157,24251337884122,0
2,cam2_24251216438548.jpg,24251216438548,24251351966332,0
0,cam0_24251217560497.jpg,24251217560497,24251353375656,0
4,cam4_24251218434823.jpg,24251218434823,24251353893763,0
2,cam2_24251233105214.jpg,24251233105214,24251371991156,0
0,cam0_24251234227163.jpg,24251234227163,24251373128135,0
4,cam4_24251235101489.jpg,24251235101489,24251373892322,0
2,cam2_24251249771880.jpg,24251249771880,24251387993241,0
0,cam0_24251250893829.jpg,24251250893829,24251389154078,0
4,cam4_24251251768155.jpg,24251251768155,24251390028981,0
2,cam2_24251266438546.jpg,24251266438546,24251404029473,0
0,cam0_24251267560495.jpg,24251267560495,24251405095365,0
4,cam4_24251268434821.jpg,24251268434821,24251406349876,0
2,cam2_24251283105212.jpg,24251283105212,24251420076454,0
0,cam0_24251284227161.jpg,24251284227161,24251420931795,0
4,cam4_24251285101487.jpg,24251285101487,24251421775815,0
2,cam2_24251299771878.jpg,24251299771878,24251436040072,0
0,cam0_24251300893827.jpg,24251300893827,24251437102383,0
4,cam4_24251301768153.jpg,24251301768153,24251437872204,0
2,cam2_24251316438544.jpg,24251316438544,24251452372059,0
0,cam0_24251317560493.jpg,24251317560493,24251453446452,0
4,cam4_24251318434819.jpg,24251318434819,24251454025548,0
2,cam2_24251333105210.jpg,24251333105210,24251471693346,0
0,cam0_24251334227159.jpg,24251334227159,24251472760098,0
4,cam4_24251335101485.jpg,24251335101485,24251473612607,0
2,cam2_24251349771876.jpg,24251349771876,24251487990199,0
0,cam0_24251350893825.jpg,24251350893825,24251489369792,0
4,cam4_24251351768151.jpg,24251351768151,24251490182763,0
2,cam2_24251366438542.jpg,24251366438542,24251503715447,0
0,cam0_24251367560491.jpg,24251367560491,24251504857271,0
4,cam4_24251368434817.jpg,24251368434817,24251505691820,0
2,cam2_24251383105208.jpg,24251383105208,24251520017821,0
0,cam0_24251384227157.jpg,24251384227157,24251521234932,0
4,cam4_24251385101483.jpg,24251385101483,24251521985084,0
2,cam2_24251399771874.jpg,24251399771874,24251535954454,0
0,cam0_24251400893823.jpg,24251400893823,24251537068787,0
4,cam4_24251401768149.jpg,24251401768149,24251537885121,0
2,cam2_24251416438540.jpg,24251416438540,24251551816450,0
0,cam0_24251417560489.jpg,24251417560489,24251552990447,0
4,cam4_24251418434815.jpg,24251418434815,24251553832973,0
2,cam2_24251433105206.jpg,24251433105206,24251571989894,0
0,cam0_24251434227155.jpg,24251434227155,24251573017585,0
4,cam4_24251435101481.jpg,24251435101481,24251573833204,0
2,cam2_24251449771872.jpg,24251449771872,24251587905129,0
0,cam0_24251450893821.jpg,24251450893821,24251589038172,0
4,cam4_24251451768147.jpg,24251451768147,24251589892897,0
2,cam2_24251466438538.jpg,24251466438538,24251603866013,0
0,cam0_24251467560487.jpg,24251467560487,24251605117772,0
4,cam4_24251468434813.jpg,24251468434813,24251605873791,0
2,cam2_24251483105204.jpg,24251483105204,24251619813979,0
0,cam0_24251484227153.jpg,24251484227153,24251620998220,0
4,cam4_24251485101479.jpg,24251485101479,24251621832861,0
2,cam2_24251499771870.jpg,24251499771870,24251635826214,0
0,cam0_24251500893819.jpg,24251500893819,24251636974454,0
4,cam4_24251501768145.jpg,24251501768145,24251637822134,0
2,cam2_24251516438536.jpg,24251516438536,24251651894313,0
4,cam4_24251518434811.jpg,24251518434811,24251653886199,0
0,cam0_24251517560485.jpg,24251517560485,24251657047769,0
2,cam2_24251533105202.jpg,24251533105202,24251671849043,0
0,cam0_24251534227151.jpg,24251534227151,24251673036327,0
4,cam4_24251535101477.jpg,24251535101477,24251673857813,0
2,cam2_24251549771868.jpg,24251549771868,24251687835536,0
0,cam0_24251550893817.jpg,24251550893817,24251688971759,0
4,cam4_24251551768143.jpg,24251551768143,24251689821786,0
2,cam2_24251566438534.jpg,24251566438534,24251704129941,0
0,cam0_24251567560483.jpg,24251567560483,24251705210966,0
4,cam4_24251568434809.jpg,24251568434809,24251706052039,0
2,cam2_24251583105200.jpg,24251583105200,24251719924225,0
0,cam0_24251584227149.jpg,24251584227149,24251721180333,0
4,cam4_24251585101475.jpg,24251585101475,24251721954427,0
2,cam2_24251599771866.jpg,24251599771866,24251735852650,0
0,cam0_24251600893815.jpg,24251600893815,24251737120468,0
4,cam4_24251601768141.jpg,24251601768141,24251737876915,0
2,cam2_24251616438532.jpg,24251616438532,24251751899143,0
0,cam0_24251617560481.jpg,24251617560481,24251756885406,0
4,cam4_24251618434807.jpg,24251618434807,24251757630309,0
2,cam2_24251633105198.jpg,24251633105198,24251771952781,0
0,cam0_24251634227147.jpg,24251634227147,24251773083410,0
4,cam4_24251635101473.jpg,24251635101473,24251773895799,0
2,cam2_24251649771864.jpg,24251649771864,24251787901877,0
0,cam0_24251650893813.jpg,24251650893813,24251789118148,0
4,cam4_24251651768139.jpg,24251651768139,24251789933446,0
2,cam2_24251666438530.jpg,24251666438530,24251803862738,0
0,cam0_24251667560479.jpg,24251667560479,24251805038091,0
4,cam4_24251668434805.jpg,24251668434805,24251805878717,0
2,cam2_24251683105196.jpg,24251683105196,24251819828831,0
0,cam0_24251684227145.jpg,24251684227145,24251821024996,0
4,cam4_24251685101471.jpg,24251685101471,24251821851308,0
2,cam2_24251699771862.jpg,24251699771862,24251835992563,0
0,cam0_24251700893811.jpg,24251700893811,24251837038610,0
4,cam4_24251701768137.jpg,24251701768137,24251837869601,0
2,cam2_24251716438528.jpg,24251716438528,24251855943214,0
0,cam0_24251717560477.jpg,24251717560477,24251857129278,0
4,cam4_24251718434803.jpg,24251718434803,24251857889127,0
2,cam2_24251733105194.jpg,24251733105194,24251871853547,0
0,cam0_24251734227143.jpg,24251734227143,24251872993493,0
4,cam4_24251735101469.jpg,24251735101469,24251873753365,0
2,cam2_24251749771860.jpg,24251749771860,24251887845075,0
0,cam0_24251750893809.jpg,24251750893809,24251889105656,0
4,cam4_24251751768135.jpg,24251751768135,24251889874573,0
2,cam2_24251766438526.jpg,24251766438526,24251903855179,0
0,cam0_24251767560475.jpg,24251767560475,24251905081559,0
4,cam4_24251768434801.jpg,24251768434801,24251905853430,0
2,cam2_24251783105192.jpg,24251783105192,24251919979532,0
0,cam0_24251784227141.jpg,24251784227141,24251921117630,0
4,cam4_24251785101467.jpg,24251785101467,24251922046154,0
2,cam2_24251799771858.jpg,24251799771858,24251935995764,0
0,cam0_24251800893807.jpg,24251800893807,24251936995168,0
4,cam4_24251801768133.jpg,24251801768133,24251937815419,0
2,cam2_24251816438524.jpg,24251816438524,24251955992329,0
0,cam0_24251817560473.jpg,24251817560473,24251957016215,0
4,cam4_24251818434799.jpg,24251818434799,24251957880439,0
2,cam2_24251833105190.jpg,24251833105190,24251972014889,0
0,cam0_24251834227139.jpg,24251834227139,24251973042393,0
4,cam4_24251835101465.jpg,24251835101465,24251974111940,0
2,cam2_24251849771856.jpg,24251849771856,24251987823078,0
0,cam0_24251850893805.jpg,24251850893805,24251989026089,0
4,cam4_24251851768131.jpg,24251851768131,24251990155807,0
2,cam2_24251866438522.jpg,24251866438522,24252003985507,0
0,cam0_24251867560471.jpg,24251867560471,24252005112617,0
4,cam4_24251868434797.jpg,24251868434797,24252006155342,0
2,cam2_24251883105188.jpg,24251883105188,24252019928230,0
0,cam0_24251884227137.jpg,24251884227137,24252021059452,0
4,cam4_24251885101463.jpg,24251885101463,24252022071128,0
2,cam2_24251899771854.jpg,24251899771854,24252035862172,0
0,cam0_24251900893803.jpg,24251900893803,24252036981126,0
4,cam4_24251901768129.jpg,24251901768129,24252037959994,0
2,cam2_24251916438520.jpg,24251916438520,24252056080660,0
0,cam0_24251917560469.jpg,24251917560469,24252057121796,0
4,cam4_24251918434795.jpg,24251918434795,24252058148982,0
2,cam2_24251933105186.jpg,24251933105186,24252071914508,0
0,cam0_24251934227135.jpg,24251934227135,24252073023671,0
4,cam4_24251935101461.jpg,24251935101461,24252074014707,0
2,cam2_24251949771852.jpg,24251949771852,24252087839591,0
0,cam0_24251950893801.jpg,24251950893801,24252088986718,0
4,cam4_24251951768127.jpg,24251951768127,24252090045628,0
2,cam2_24251966438518.jpg,24251966438518,24252103899696,0
0,cam0_24251967560467.jpg,24251967560467,24252105149522,0
4,cam4_24251968434793.jpg,24251968434793,24252106047532,0
2,cam2_24251983105184.jpg,24251983105184,24252119916563,0
0,cam0_24251984227133.jpg,24251984227133,24252121186659,0
4,cam4_24251985101459.jpg,24251985101459,24252122191080,0
2,cam2_24251999771850.jpg,24251999771850,24252135920604,0
0,cam0_24252000893799.jpg,24252000893799,24252137033403,0
4,cam4_24252001768125.jpg,24252001768125,24252138046552,0
2,cam2_24252016438516.jpg,24252016438516,24252155954608,0
0,cam0_24252017560465.jpg,24252017560465,24252157087617,0
4,cam4_24252018434791.jpg,24252018434791,24252158117446,0
2,cam2_24252033105182.jpg,24252033105182,24252171929771,0
0,cam0_24252034227131.jpg,24252034227131,24252173154647,0
4,cam4_24252035101457.jpg,24252035101457,24252174032187,0
2,cam2_24252049771848.jpg,24252049771848,24252187970766,0
0,cam0_24252050893797.jpg,24252050893797,24252189140155,0
4,cam4_24252051768123.jpg,24252051768123,24252189998461,0
2,cam2_24252066438514.jpg,24252066438514,24252204291715,0
0,cam0_24252067560463.jpg,24252067560463,24252205155466,0
4,cam4_24252068434789.jpg,24252068434789,24252206067904,0
2,cam2_24252083105180.jpg,24252083105180,24252219793763,0
0,cam0_24252084227129.jpg,24252084227129,24252220762725,0
4,cam4_24252085101455.jpg,24252085101455,24252221588304,0
2,cam2_24252099771846.jpg,24252099771846,24252235712902,0
0,cam0_24252100893795.jpg,24252100893795,24252236755497,0
4,cam4_24252101768121.jpg,24252101768121,24252237559018,0
2,cam2_24252116438512.jpg,24252116438512,24252255823865,0
0,cam0_24252117560461.jpg,24252117560461,24252256837965,0
4,cam4_24252118434787.jpg,24252118434787,24252257694484,0
2,cam2_24252133105178.jpg,24252133105178,24252271738137,0
0,cam0_24252134227127.jpg,24252134227127,24252272786303,0
4,cam4_24252135101453.jpg,24252135101453,24252273630088,0
2,cam2_24252149771844.jpg,24252149771844,24252287736209,0
0,cam0_24252150893793.jpg,24252150893793,24252288780179,0
4,cam4_24252151768119.jpg,24252151768119,24252289675741,0
2,cam2_24252166438510.jpg,24252166438510,24252303781176,0
0,cam0_24252167560459.jpg,24252167560459,24252304753378,0
4,cam4_24252168434785.jpg,24252168434785,24252305649985,0
2,cam2_24252183105176.jpg,24252183105176,24252319867023,0
0,cam0_24252184227125.jpg,24252184227125,24252320934677,0
4,cam4_24252185101451.jpg,24252185101451,24252321769591,0
2,cam2_24252199771842.jpg,24252199771842,24252335829489,0
0,cam0_24252200893791.jpg,24252200893791,24252336909025,0
4,cam4_24252201768117.jpg,24252201768117,24252337695805,0
2,cam2_24252216438508.jpg,24252216438508,24252355706837,0
0,cam0_24252217560457.jpg,24252217560457,24252356838512,0
4,cam4_24252218434783.jpg,24252218434783,24252357774053,0
2,cam2_24252233105174.jpg,24252233105174,24252371909067,0
0,cam0_24252234227123.jpg,24252234227123,24252373073013,0
4,cam4_24252235101449.jpg,24252235101449,24252374015140,0
2,cam2_24252249771840.jpg,24252249771840,24252388125623,0
0,cam0_24252250893789.jpg,24252250893789,24252389321436,0
4,cam4_24252251768115.jpg,24252251768115,24252390269780,0
2,cam2_24252266438506.jpg,24252266438506,24252403990734,0
0,cam0_24252267560455.jpg,24252267560455,24252405151635,0
4,cam4_24252268434781.jpg,24252268434781,24252406104429,0
2,cam2_24252283105172.jpg,24252283105172,24252420013189,0
0,cam0_24252284227121.jpg,24252284227121,24252421105045,0
4,cam4_24252285101447.jpg,24252285101447,24252422109190,0
2,cam2_24252299771838.jpg,24252299771838,24252435915281,0
0,cam0_24252300893787.jpg,24252300893787,24252436943431,0
4,cam4_24252301768113.jpg,24252301768113,24252438016455,0
2,cam2_24252316438504.jpg,24252316438504,24252456111230,0
0,cam0_24252317560453.jpg,24252317560453,24252457204448,0
4,cam4_24252318434779.jpg,24252318434779,24252458233139,0
2,cam2_24252333105170.jpg,24252333105170,24252472014672,0
0,cam0_24252334227119.jpg,24252334227119,24252473133443,0
4,cam4_24252335101445.jpg,24252335101445,24252474096338,0
2,cam2_24252349771836.jpg,24252349771836,24252487817702,0
0,cam0_24252350893785.jpg,24252350893785,24252488962842,0
4,cam4_24252351768111.jpg,24252351768111,24252489999069,0
2,cam2_24252366438502.jpg,24252366438502,24252503930177,0
0,cam0_24252367560451.jpg,24252367560451,24252505064388,0
4,cam4_24252368434777.jpg,24252368434777,24252506025659,0
2,cam2_24252383105168.jpg,24252383105168,24252519961621,0
0,cam0_24252384227117.jpg,24252384227117,24252521140282,0
4,cam4_24252385101443.jpg,24252385101443,24252522023578,0
2,cam2_24252399771834.jpg,24252399771834,24252535957219,0
0,cam0_24252400893783.jpg,24252400893783,24252537095463,0
4,cam4_24252401768109.jpg,24252401768109,24252537975961,0
2,cam2_24252416438500.jpg,24252416438500,24252555945606,0
0,cam0_24252417560449.jpg,24252417560449,24252557073557,0
4,cam4_24252418434775.jpg,24252418434775,24252557952836,0
2,cam2_24252433105166.jpg,24252433105166,24252571985065,0
0,cam0_24252434227115.jpg,24252434227115,24252573072175,0
4,cam4_24252435101441.jpg,24252435101441,24252574018887,0
2,cam2_24252449771832.jpg,24252449771832,24252588018431,0
0,cam0_24252450893781.jpg,24252450893781,24252589175571,0
4,cam4_24252451768107.jpg,24252451768107,24252590190016,0
2,cam2_24252466438498.jpg,24252466438498,24252604014173,0
0,cam0_24252467560447.jpg,24252467560447,24252605149571,0
4,cam4_24252468434773.jpg,24252468434773,24252606144794,0
2,cam2_24252483105164.jpg,24252483105164,24252619981322,0
0,cam0_24252484227113.jpg,24252484227113,24252621187198,0
4,cam4_24252485101439.jpg,24252485101439,24252621974857,0
2,cam2_24252499771830.jpg,24252499771830,24252635884704,0
0,cam0_24252500893779.jpg,24252500893779,24252637062816,0
4,cam4_24252501768105.jpg,24252501768105,24252637909547,0
2,cam2_24252516438496.jpg,24252516438496,24252655780670,0
0,cam0_24252517560445.jpg,24252517560445,24252656804372,0
4,cam4_24252518434771.jpg,24252518434771,24252657721374,0
2,cam2_24252533105162.jpg,24252533105162,24252672339105,0
4,cam4_24252535101437.jpg,24252535101437,24252673716550,0
0,cam0_24252534227111.jpg,24252534227111,24252675315756,0
2,cam2_24252549771828.jpg,24252549771828,24252687705827,0
0,cam0_24252550893777.jpg,24252550893777,24252688787800,0
4,cam4_24252551768103.jpg,24252551768103,24252689723448,0
0,cam0_24252567560443.jpg,24252567560443,24252705086078,0
2,cam2_24252566438494.jpg,24252566438494,24252705160068,0
4,cam4_24252568434769.jpg,24252568434769,24252705748735,0
2,cam2_24252583105160.jpg,24252583105160,24252719708005,0
0,cam0_24252584227109.jpg,24252584227109,24252720829469,0
4,cam4_24252585101435.jpg,24252585101435,24252721729619,0
2,cam2_24252599771826.jpg,24252599771826,24252736248524,0
0,cam0_24252600893775.jpg,24252600893775,24252736761858,0
4,cam4_24252601768101.jpg,24252601768101,24252737703019,0
2,cam2_24252616438492.jpg,24252616438492,24252756329201,0
0,cam0_24252617560441.jpg,24252617560441,24252756861351,0
4,cam4_24252618434767.jpg,24252618434767,24252757708421,0
2,cam2_24252633105158.jpg,24252633105158,24252772118905,0
0,cam0_24252634227107.jpg,24252634227107,24252772813570,0
4,cam4_24252635101433.jpg,24252635101433,24252774417025,0
2,cam2_24252649771824.jpg,24252649771824,24252787719555,0
0,cam0_24252650893773.jpg,24252650893773,24252789440801,0
4,cam4_24252651768099.jpg,24252651768099,24252789796883,0
2,cam2_24252666438490.jpg,24252666438490,24252803780494,0
0,cam0_24252667560439.jpg,24252667560439,24252804844822,0
4,cam4_24252668434765.jpg,24252668434765,24252805741985,0
2,cam2_24252683105156.jpg,24252683105156,24252819695976,0
0,cam0_24252684227105.jpg,24252684227105,24252820816027,0
4,cam4_24252685101431.jpg,24252685101431,24252821662588,0
2,cam2_24252699771822.jpg,24252699771822,24252835662939,0
0,cam0_24252700893771.jpg,24252700893771,24252836824956,0
4,cam4_24252701768097.jpg,24252701768097,24252837690721,0
2,cam2_24252716438488.jpg,24252716438488,24252855851944,0
0,cam0_24252717560437.jpg,24252717560437,24252856912838,0
4,cam4_24252718434763.jpg,24252718434763,24252857772089,0
2,cam2_24252733105154.jpg,24252733105154,24252871700571,0
0,cam0_24252734227103.jpg,24252734227103,24252872835770,0
4,cam4_24252735101429.jpg,24252735101429,24252873725972,0
2,cam2_24252749771820.jpg,24252749771820,24252887710186,0
0,cam0_24252750893769.jpg,24252750893769,24252888794463,0
4,cam4_24252751768095.jpg,24252751768095,24252889695149,0
2,cam2_24252766438486.jpg,24252766438486,24252903820478,0
0,cam0_24252767560435.jpg,24252767560435,24252904915318,0
4,cam4_24252768434761.jpg,24252768434761,24252906024152,0
2,cam2_24252783105152.jpg,24252783105152,24252919987252,0
0,cam0_24252784227101.jpg,24252784227101,24252921170007,0
4,cam4_24252785101427.jpg,24252785101427,24252922063208,0
2,cam2_24252799771818.jpg,24252799771818,24252936055923,0
0,cam0_24252800893767.jpg,24252800893767,24252941290877,0
4,cam4_24252801768093.jpg,24252801768093,24252942161955,0
2,cam2_24252816438484.jpg,24252816438484,24252956012736,0
0,cam0_24252817560433.jpg,24252817560433,24252957180807,0
4,cam4_24252818434759.jpg,24252818434759,24252958044237,0
2,cam2_24252833105150.jpg,24252833105150,24252972032726,0
0,cam0_24252834227099.jpg,24252834227099,24252973331930,0
4,cam4_24252835101425.jpg,24252835101425,24252974060844,0
2,cam2_24252849771816.jpg,24252849771816,24252987903192,0
0,cam0_24252850893765.jpg,24252850893765,24252989338604,0
4,cam4_24252851768091.jpg,24252851768091,24252990124065,0
2,cam2_24252866438482.jpg,24252866438482,24253004075554,0
0,cam0_24252867560431.jpg,24252867560431,24253005251016,0
4,cam4_24252868434757.jpg,24252868434757,24253006132645,0
2,cam2_24252883105148.jpg,24252883105148,24253019963418,0
0,cam0_24252884227097.jpg,24252884227097,24253021220680,0
4,cam4_24252885101423.jpg,24252885101423,24253022066166,0
2,cam2_24252899771814.jpg,24252899771814,24253039951030,0
0,cam0_24252900893763.jpg,24252900893763,24253041132631,0
4,cam4_24252901768089.jpg,24252901768089,24253042038890,0
2,cam2_24252916438480.jpg,24252916438480,24253056053078,0
0,cam0_24252917560429.jpg,24252917560429,24253057199957,0
4,cam4_24252918434755.jpg,24252918434755,24253058096233,0
2,cam2_24252933105146.jpg,24252933105146,24253071972037,0
0,cam0_24252934227095.jpg,24252934227095,24253073317114,0
4,cam4_24252935101421.jpg,24252935101421,24253074139830,0
2,cam2_24252949771812.jpg,24252949771812,24253088016269,0
0,cam0_24252950893761.jpg,24252950893761,24253089253471,0
4,cam4_24252951768087.jpg,24252951768087,24253090092415,0
2,cam2_24252966438478.jpg,24252966438478,24253103774631,0
0,cam0_24252967560427.jpg,24252967560427,24253104914205,0
4,cam4_24252968434753.jpg,24252968434753,24253106044081,0
2,cam2_24252983105144.jpg,24252983105144,24253120105029,0
0,cam0_24252984227093.jpg,24252984227093,24253121196895,0
4,cam4_24252985101419.jpg,24252985101419,24253122332456,0
2,cam2_24252999771810.jpg,24252999771810,24253140044402,0
0,cam0_24253000893759.jpg,24253000893759,24253141170124,0
4,cam4_24253001768085.jpg,24253001768085,24253142248676,0
2,cam2_24253016438476.jpg,24253016438476,24253156021640,0
0,cam0_24253017560425.jpg,24253017560425,24253157089705,0
4,cam4_24253018434751.jpg,24253018434751,24253158132983,0
2,cam2_24253033105142.jpg,24253033105142,24253171923102,0
0,cam0_24253034227091.jpg,24253034227091,24253173108283,0
4,cam4_24253035101417.jpg,24253035101417,24253174126175,0
2,cam2_24253049771808.jpg,24253049771808,24253187983477,0
0,cam0_24253050893757.jpg,24253050893757,24253189134116,0
4,cam4_24253051768083.jpg,24253051768083,24253190202505,0
2,cam2_24253066438474.jpg,24253066438474,24253203961320,0
0,cam0_24253067560423.jpg,24253067560423,24253205122768,0
4,cam4_24253068434749.jpg,24253068434749,24253206110502,0
2,cam2_24253083105140.jpg,24253083105140,24253219878261,0
0,cam0_24253084227089.jpg,24253084227089,24253221014118,0
4,cam4_24253085101415.jpg,24253085101415,24253222090256,0
2,cam2_24253099771806.jpg,24253099771806,24253240033795,0
0,cam0_24253100893755.jpg,24253100893755,24253241473986,0
4,cam4_24253101768081.jpg,24253101768081,24253242291309,0
2,cam2_24253116438472.jpg,24253116438472,24253255933456,0
0,cam0_24253117560421.jpg,24253117560421,24253257047893,0
4,cam4_24253118434747.jpg,24253118434747,24253258109624,0
2,cam2_24253133105138.jpg,24253133105138,24253271812123,0
0,cam0_24253134227087.jpg,24253134227087,24253272823169,0
4,cam4_24253135101413.jpg,24253135101413,24253273741490,0
2,cam2_24253149771804.jpg,24253149771804,24253287729195,0
0,cam0_24253150893753.jpg,24253150893753,24253288788523,0
4,cam4_24253151768079.jpg,24253151768079,24253289696088,0
2,cam2_24253166438470.jpg,24253166438470,24253303767021,0
0,cam0_24253167560419.jpg,24253167560419,24253304836552,0
4,cam4_24253168434745.jpg,24253168434745,24253305778992,0
2,cam2_24253183105136.jpg,24253183105136,24253319883431,0
0,cam0_24253184227085.jpg,24253184227085,24253320908112,0
4,cam4_24253185101411.jpg,24253185101411,24253321739233,0
2,cam2_24253199771802.jpg,24253199771802,24253339783068,0
0,cam0_24253200893751.jpg,24253200893751,24253340818358,0
4,cam4_24253201768077.jpg,24253201768077,24253341694705,0
2,cam2_24253216438468.jpg,24253216438468,24253356152894,0
0,cam0_24253217560417.jpg,24253217560417,24253357169832,0
4,cam4_24253218434743.jpg,24253218434743,24253357933480,0
2,cam2_24253233105134.jpg,24253233105134,24253372128081,0
0,cam0_24253234227083.jpg,24253234227083,24253373238633,0
4,cam4_24253235101409.jpg,24253235101409,24253374064152,0
2,cam2_24253249771800.jpg,24253249771800,24253388181060,0
0,cam0_24253250893749.jpg,24253250893749,24253389375264,0
4,cam4_24253251768075.jpg,24253251768075,24253390172596,0
2,cam2_24253266438466.jpg,24253266438466,24253404039775,0
0,cam0_24253267560415.jpg,24253267560415,24253405364391,0
4,cam4_24253268434741.jpg,24253268434741,24253406062796,0
2,cam2_24253283105132.jpg,24253283105132,24253420086885,0
0,cam0_24253284227081.jpg,24253284227081,24253421270485,0
4,cam4_24253285101407.jpg,24253285101407,24253422112004,0
2,cam2_24253299771798.jpg,24253299771798,24253440112988,0
0,cam0_24253300893747.jpg,24253300893747,24253441160226,0
4,cam4_24253301768073.jpg,24253301768073,24253441993980,0
2,cam2_24253316438464.jpg,24253316438464,24253456276960,0
0,cam0_24253317560413.jpg,24253317560413,24253457491128,0
4,cam4_24253318434739.jpg,24253318434739,24253458294044,0
2,cam2_24253333105130.jpg,24253333105130,24253471939521,0
0,cam0_24253334227079.jpg,24253334227079,24253473142874,0
4,cam4_24253335101405.jpg,24253335101405,24253473869121,0
2,cam2_24253349771796.jpg,24253349771796,24253487830963,0
0,cam0_24253350893745.jpg,24253350893745,24253489038435,0
4,cam4_24253351768071.jpg,24253351768071,24253489898694,0
2,cam2_24253366438462.jpg,24253366438462,24253503994771,0
0,cam0_24253367560411.jpg,24253367560411,24253505123327,0
4,cam4_24253368434737.jpg,24253368434737,24253505937590,0
2,cam2_24253383105128.jpg,24253383105128,24253520044753,0
0,cam0_24253384227077.jpg,24253384227077,24253521188055,0
4,cam4_24253385101403.jpg,24253385101403,24253521989256,0
2,cam2_24253399771794.jpg,24253399771794,24253539948384,0
0,cam0_24253400893743.jpg,24253400893743,24253541072764,0
4,cam4_24253401768069.jpg,24253401768069,24253541833552,0
2,cam2_24253416438460.jpg,24253416438460,24253556023364,0
0,cam0_24253417560409.jpg,24253417560409,24253557208223,0
4,cam4_24253418434735.jpg,24253418434735,24253557974482,0
2,cam2_24253433105126.jpg,24253433105126,24253571963349,0
0,cam0_24253434227075.jpg,24253434227075,24253573187283,0
4,cam4_24253435101401.jpg,24253435101401,24253573965531,0
2,cam2_24253449771792.jpg,24253449771792,24253588069924,0
0,cam0_24253450893741.jpg,24253450893741,24253589348956,0
4,cam4_24253451768067.jpg,24253451768067,24253590106938,0
2,cam2_24253466438458.jpg,24253466438458,24253604036588,0
0,cam0_24253467560407.jpg,24253467560407,24253605138015,0
4,cam4_24253468434733.jpg,24253468434733,24253605855051,0
2,cam2_24253483105124.jpg,24253483105124,24253620042222,0
0,cam0_24253484227073.jpg,24253484227073,24253621259852,0
4,cam4_24253485101399.jpg,24253485101399,24253622040112,0
2,cam2_24253499771790.jpg,24253499771790,24253640010894,0
0,cam0_24253500893739.jpg,24253500893739,24253641463654,0
4,cam4_24253501768065.jpg,24253501768065,24253642138920,0
2,cam2_24253516438456.jpg,24253516438456,24253655766031,0
0,cam0_24253517560405.jpg,24253517560405,24253657018656,0
4,cam4_24253518434731.jpg,24253518434731,24253657934091,0
2,cam2_24253533105122.jpg,24253533105122,24253672012174,0
0,cam0_24253534227071.jpg,24253534227071,24253673306071,0
4,cam4_24253535101397.jpg,24253535101397,24253674128553,0
2,cam2_24253549771788.jpg,24253549771788,24253687983100,0
0,cam0_24253550893737.jpg,24253550893737,24253689271868,0
4,cam4_24253551768063.jpg,24253551768063,24253690100913,0
2,cam2_24253566438454.jpg,24253566438454,24253704025066,0
0,cam0_24253567560403.jpg,24253567560403,24253705189789,0
4,cam4_24253568434729.jpg,24253568434729,24253705980523,0
2,cam2_24253583105120.jpg,24253583105120,24253720088936,0
0,cam0_24253584227069.jpg,24253584227069,24253721335630,0
4,cam4_24253585101395.jpg,24253585101395,24253722148065,0
2,cam2_24253599771786.jpg,24253599771786,24253740038806,0
0,cam0_24253600893735.jpg,24253600893735,24253741338232,0
4,cam4_24253601768061.jpg,24253601768061,24253742157697,0
2,cam2_24253616438452.jpg,24253616438452,24253755966330,0
0,cam0_24253617560401.jpg,24253617560401,24253757319706,0
4,cam4_24253618434727.jpg,24253618434727,24253758089194,0
2,cam2_24253633105118.jpg,24253633105118,24253771915564,0
0,cam0_24253634227067.jpg,24253634227067,24253773257932,0
4,cam4_24253635101393.jpg,24253635101393,24253773994279,0
2,cam2_24253649771784.jpg,24253649771784,24253787852224,0
0,cam0_24253650893733.jpg,24253650893733,24253789061348,0
4,cam4_24253651768059.jpg,24253651768059,24253789861594,0
2,cam2_24253666438450.jpg,24253666438450,24253804072058,0
0,cam0_24253667560399.jpg,24253667560399,24253805399182,0
4,cam4_24253668434725.jpg,24253668434725,24253806117149,0
2,cam2_24253683105116.jpg,24253683105116,24253820056200,0
0,cam0_24253684227065.jpg,24253684227065,24253821353378,0
4,cam4_24253685101391.jpg,24253685101391,24253822178712,0
2,cam2_24253699771782.jpg,24253699771782,24253840058736,0
0,cam0_24253700893731.jpg,24253700893731,24253841514087,0
4,cam4_24253701768057.jpg,24253701768057,24253842349496,0
2,cam2_24253716438448.jpg,24253716438448,24253856082554,0
0,cam0_24253717560397.jpg,24253717560397,24253857650245,0
4,cam4_24253718434723.jpg,24253718434723,24253858371903,0
2,cam2_24253733105114.jpg,24253733105114,24253872053579,0
0,cam0_24253734227063.jpg,24253734227063,24253873297498,0
4,cam4_24253735101389.jpg,24253735101389,24253874088087,0
2,cam2_24253749771780.jpg,24253749771780,24253887994112,0
0,cam0_24253750893729.jpg,24253750893729,24253889169719,0
4,cam4_24253751768055.jpg,24253751768055,24253889995614,0
2,cam2_24253766438446.jpg,24253766438446,24253903973065,0
0,cam0_24253767560395.jpg,24253767560395,24253905178782,0
4,cam4_24253768434721.jpg,24253768434721,24253905957196,0
2,cam2_24253783105112.jpg,24253783105112,24253920034342,0
0,cam0_24253784227061.jpg,24253784227061,24253921235622,0
4,cam4_24253785101387.jpg,24253785101387,24253922031737,0
2,cam2_24253799771778.jpg,24253799771778,24253940057826,0
0,cam0_24253800893727.jpg,24253800893727,24253941374359,0
4,cam4_24253801768053.jpg,24253801768053,24253942649379,0
2,cam2_24253816438444.jpg,24253816438444,24253956110613,0
0,cam0_24253817560393.jpg,24253817560393,24253957153532,0
4,cam4_24253818434719.jpg,24253818434719,24253958206588,0
2,cam2_24253833105110.jpg,24253833105110,24253971997159,0
0,cam0_24253834227059.jpg,24253834227059,24253973128365,0
4,cam4_24253835101385.jpg,24253835101385,24253974131076,0
2,cam2_24253849771776.jpg,24253849771776,24253987771706,0
0,cam0_24253850893725.jpg,24253850893725,24253988928553,0
4,cam4_24253851768051.jpg,24253851768051,24253989890841,0
2,cam2_24253866438442.jpg,24253866438442,24254004102240,0
0,cam0_24253867560391.jpg,24253867560391,24254005209037,0
4,cam4_24253868434717.jpg,24253868434717,24254006053578,0
2,cam2_24253883105108.jpg,24253883105108,24254020090220,0
0,cam0_24253884227057.jpg,24253884227057,24254021148652,0
4,cam4_24253885101383.jpg,24253885101383,24254022023677,0
2,cam2_24253899771774.jpg,24253899771774,24254039849769,0
0,cam0_24253900893723.jpg,24253900893723,24254040835826,0
4,cam4_24253901768049.jpg,24253901768049,24254041717778,0
2,cam2_24253916438440.jpg,24253916438440,24254055799735,0
0,cam0_24253917560389.jpg,24253917560389,24254056953972,0
4,cam4_24253918434715.jpg,24253918434715,24254057809758,0
2,cam2_24253933105106.jpg,24253933105106,24254071809791,0
0,cam0_24253934227055.jpg,24253934227055,24254072862032,0
4,cam4_24253935101381.jpg,24253935101381,24254073778466,0
2,cam2_24253949771772.jpg,24253949771772,24254087772142,0
0,cam0_24253950893721.jpg,24253950893721,24254088828794,0
4,cam4_24253951768047.jpg,24253951768047,24254089729542,0
2,cam2_24253966438438.jpg,24253966438438,24254103835533,0
0,cam0_24253967560387.jpg,24253967560387,24254104906742,0
4,cam4_24253968434713.jpg,24253968434713,24254105730890,0
2,cam2_24253983105104.jpg,24253983105104,24254119856496,0
4,cam4_24253985101379.jpg,24253985101379,24254121812350,0
0,cam0_24253984227053.jpg,24253984227053,24254124962855,0
2,cam2_24253999771770.jpg,24253999771770,24254139893624,0
0,cam0_24254000893719.jpg,24254000893719,24254140916255,0
4,cam4_24254001768045.jpg,24254001768045,24254141770823,0
2,cam2_24254016438436.jpg,24254016438436,24254155959067,0
0,cam0_24254017560385.jpg,24254017560385,24254157134299,0
4,cam4_24254018434711.jpg,24254018434711,24254158085051,0
2,cam2_24254033105102.jpg,24254033105102,24254172062679,0
0,cam0_24254034227051.jpg,24254034227051,24254173342849,0
4,cam4_24254035101377.jpg,24254035101377,24254174203401,0
2,cam2_24254049771768.jpg,24254049771768,24254188171393,0
0,cam0_24254050893717.jpg,24254050893717,24254189448637,0
4,cam4_24254051768043.jpg,24254051768043,24254190287706,0
2,cam2_24254066438434.jpg,24254066438434,24254204084007,0
0,cam0_24254067560383.jpg,24254067560383,24254205372774,0
4,cam4_24254068434709.jpg,24254068434709,24254206525508,0
2,cam2_24254083105100.jpg,24254083105100,24254219957571,0
0,cam0_24254084227049.jpg,24254084227049,24254225315427,0
4,cam4_24254085101375.jpg,24254085101375,24254226220576,0
2,cam2_24254099771766.jpg,24254099771766,24254239885738,0
0,cam0_24254100893715.jpg,24254100893715,24254241026580,0
4,cam4_24254101768041.jpg,24254101768041,24254241972933,0
2,cam2_24254116438432.jpg,24254116438432,24254256214193,0
0,cam0_24254117560381.jpg,24254117560381,24254257448248,0
4,cam4_24254118434707.jpg,24254118434707,24254258362280,0
2,cam2_24254133105098.jpg,24254133105098,24254272381922,0
0,cam0_24254134227047.jpg,24254134227047,24254273303532,0
4,cam4_24254135101373.jpg,24254135101373,24254273988262,0
2,cam2_24254149771764.jpg,24254149771764,24254287894604,0
0,cam0_24254150893713.jpg,24254150893713,24254288912549,0
4,cam4_24254151768039.jpg,24254151768039,24254289755900,0
2,cam2_24254166438430.jpg,24254166438430,24254303917393,0
0,cam0_24254167560379.jpg,24254167560379,24254305035893,0
4,cam4_24254168434705.jpg,24254168434705,24254305898954,0
2,cam2_24254183105096.jpg,24254183105096,24254324201575,0
0,cam0_24254184227045.jpg,24254184227045,24254325392001,0
4,cam4_24254185101371.jpg,24254185101371,24254326311935,0
2,cam2_24254199771762.jpg,24254199771762,24254340158030,0
0,cam0_24254200893711.jpg,24254200893711,24254341339078,0
4,cam4_24254201768037.jpg,24254201768037,24254342183996,0
2,cam2_24254216438428.jpg,24254216438428,24254356127068,0
0,cam0_24254217560377.jpg,24254217560377,24254357269814,0
4,cam4_24254218434703.jpg,24254218434703,24254358098421,0
2,cam2_24254233105094.jpg,24254233105094,24254372134576,0
0,cam0_24254234227043.jpg,24254234227043,24254373200490,0
4,cam4_24254235101369.jpg,24254235101369,24254374073985,0
2,cam2_24254249771760.jpg,24254249771760,24254388153357,0
0,cam0_24254250893709.jpg,24254250893709,24254389335775,0
4,cam4_24254251768035.jpg,24254251768035,24254390155137,0
2,cam2_24254266438426.jpg,24254266438426,24254404104531,0
0,cam0_24254267560375.jpg,24254267560375,24254405225542,0
4,cam4_24254268434701.jpg,24254268434701,24254406058364,0
2,cam2_24254283105092.jpg,24254283105092,24254424057449,0
0,cam0_24254284227041.jpg,24254284227041,24254425200118,0
4,cam4_24254285101367.jpg,24254285101367,24254426174377,0
2,cam2_24254299771758.jpg,24254299771758,24254440042405,0
0,cam0_24254300893707.jpg,24254300893707,24254441200857,0
4,cam4_24254301768033.jpg,24254301768033,24254442146631,0
2,cam2_24254316438424.jpg,24254316438424,24254456269124,0
0,cam0_24254317560373.jpg,24254317560373,24254457320664,0
4,cam4_24254318434699.jpg,24254318434699,24254458220646,0
2,cam2_24254333105090.jpg,24254333105090,24254472520782,0
0,cam0_24254334227039.jpg,24254334227039,24254473465980,0
4,cam4_24254335101365.jpg,24254335101365,24254474229913,0
2,cam2_24254349771756.jpg,24254349771756,24254487784541,0
0,cam0_24254350893705.jpg,24254350893705,24254488868869,0
4,cam4_24254351768031.jpg,24254351768031,24254489757036,0
2,cam2_24254366438422.jpg,24254366438422,24254504238665,0
0,cam0_24254367560371.jpg,24254367560371,24254505251740,0
4,cam4_24254368434697.jpg,24254368434697,24254506265937,0
2,cam2_24254383105088.jpg,24254383105088,24254524119916,0
0,cam0_24254384227037.jpg,24254384227037,24254525196189,0
4,cam4_24254385101363.jpg,24254385101363,24254526323346,0
2,cam2_24254399771754.jpg,24254399771754,24254540091640,0
0,cam0_24254400893703.jpg,24254400893703,24254541298535,0
4,cam4_24254401768029.jpg,24254401768029,24254542248898,0
2,cam2_24254416438420.jpg,24254416438420,24254556113966,0
0,cam0_24254417560369.jpg,24254417560369,24254557242705,0
4,cam4_24254418434695.jpg,24254418434695,24254558187755,0
2,cam2_24254433105086.jpg,24254433105086,24254572107994,0
0,cam0_24254434227035.jpg,24254434227035,24254573352629,0
4,cam4_24254435101361.jpg,24254435101361,24254574218144,0
2,cam2_24254449771752.jpg,24254449771752,24254588261226,0
0,cam0_24254450893701.jpg,24254450893701,24254589297669,0
4,cam4_24254451768027.jpg,24254451768027,24254590232402,0
2,cam2_24254466438418.jpg,24254466438418,24254604141493,0
0,cam0_24254467560367.jpg,24254467560367,24254605245667,0
4,cam4_24254468434693.jpg,24254468434693,24254606180884,0
2,cam2_24254483105084.jpg,24254483105084,24254624121897,0
0,cam0_24254484227033.jpg,24254484227033,24254625230735,0
4,cam4_24254485101359.jpg,24254485101359,24254626203553,0
2,cam2_24254499771750.jpg,24254499771750,24254640069951,0
0,cam0_24254500893699.jpg,24254500893699,24254641311573,0
4,cam4_24254501768025.jpg,24254501768025,24254642192138,0
2,cam2_24254516438416.jpg,24254516438416,24254656085221,0
0,cam0_24254517560365.jpg,24254517560365,24254657446602,0
4,cam4_24254518434691.jpg,24254518434691,24254658292635,0
2,cam2_24254533105082.jpg,24254533105082,24254671741027,0
0,cam0_24254534227031.jpg,24254534227031,24254672884206,0
4,cam4_24254535101357.jpg,24254535101357,24254673797278,0
2,cam2_24254549771748.jpg,24254549771748,24254687997013,0
0,cam0_24254550893697.jpg,24254550893697,24254689142527,0
4,cam4_24254551768023.jpg,24254551768023,24254690157356,0
2,cam2_24254566438414.jpg,24254566438414,24254704147754,0
0,cam0_24254567560363.jpg,24254567560363,24254705431269,0
4,cam4_24254568434689.jpg,24254568434689,24254706174656,0
2,cam2_24254583105080.jpg,24254583105080,24254723874345,0
0,cam0_24254584227029.jpg,24254584227029,24254725144149,0
4,cam4_24254585101355.jpg,24254585101355,24254726237925,0
2,cam2_24254599771746.jpg,24254599771746,24254740008387,0
0,cam0_24254600893695.jpg,24254600893695,24254741198070,0
4,cam4_24254601768021.jpg,24254601768021,24254742327204,0
2,cam2_24254616438412.jpg,24254616438412,24254756345284,0
0,cam0_24254617560361.jpg,24254617560361,24254757254675,0
4,cam4_24254618434687.jpg,24254618434687,24254758226801,0
2,cam2_24254633105078.jpg,24254633105078,24254771868710,0
0,cam0_24254634227027.jpg,24254634227027,24254772981925,0
4,cam4_24254635101353.jpg,24254635101353,24254773772669,0
2,cam2_24254649771744.jpg,24254649771744,24254787961317,0
0,cam0_24254650893693.jpg,24254650893693,24254788937952,0
4,cam4_24254651768019.jpg,24254651768019,24254789805993,0
2,cam2_24254666438410.jpg,24254666438410,24254803987575,0
0,cam0_24254667560359.jpg,24254667560359,24254804969410,0
4,cam4_24254668434685.jpg,24254668434685,24254805805240,0
2,cam2_24254683105076.jpg,24254683105076,24254823858804,0
0,cam0_24254684227025.jpg,24254684227025,24254824950108,0
4,cam4_24254685101351.jpg,24254685101351,24254825810413,0
2,cam2_24254699771742.jpg,24254699771742,24254839831157,0
0,cam0_24254700893691.jpg,24254700893691,24254840976398,0
4,cam4_24254701768017.jpg,24254701768017,24254841796382,0
2,cam2_24254716438408.jpg,24254716438408,24254856319660,0
0,cam0_24254717560357.jpg,24254717560357,24254857539466,0
4,cam4_24254718434683.jpg,24254718434683,24254858367033,0
2,cam2_24254733105074.jpg,24254733105074,24254872056907,0
0,cam0_24254734227023.jpg,24254734227023,24254873284449,0
4,cam4_24254735101349.jpg,24254735101349,24254874181047,0
2,cam2_24254749771740.jpg,24254749771740,24254888290684,0
0,cam0_24254750893689.jpg,24254750893689,24254889413092,0
4,cam4_24254751768015.jpg,24254751768015,24254890184458,0
2,cam2_24254766438406.jpg,24254766438406,24254904355618,0
0,cam0_24254767560355.jpg,24254767560355,24254905451738,0
4,cam4_24254768434681.jpg,24254768434681,24254906431513,0
2,cam2_24254783105072.jpg,24254783105072,24254924368924,0
0,cam0_24254784227021.jpg,24254784227021,24254925471219,0
4,cam4_24254785101347.jpg,24254785101347,24254926362137,0
2,cam2_24254799771738.jpg,24254799771738,24254940505794,0
0,cam0_24254800893687.jpg,24254800893687,24254941709114,0
4,cam4_24254801768013.jpg,24254801768013,24254942355426,0
2,cam2_24254816438404.jpg,24254816438404,24254956184442,0
0,cam0_24254817560353.jpg,24254817560353,24254957270716,0
4,cam4_24254818434679.jpg,24254818434679,24254958028594,0
2,cam2_24254833105070.jpg,24254833105070,24254972343468,0
0,cam0_24254834227019.jpg,24254834227019,24254973468075,0
4,cam4_24254835101345.jpg,24254835101345,24254974258609,0
2,cam2_24254849771736.jpg,24254849771736,24254988045463,0
0,cam0_24254850893685.jpg,24254850893685,24254989241552,0
4,cam4_24254851768011.jpg,24254851768011,24254990019468,0
2,cam2_24254866438402.jpg,24254866438402,24255004392820,0
0,cam0_24254867560351.jpg,24254867560351,24255005424926,0
4,cam4_24254868434677.jpg,24254868434677,24255006349200,0
2,cam2_24254883105068.jpg,24254883105068,24255024468167,0
0,cam0_24254884227017.jpg,24254884227017,24255025423908,0
4,cam4_24254885101343.jpg,24254885101343,24255026295699,0
2,cam2_24254899771734.jpg,24254899771734,24255040344219,0
0,cam0_24254900893683.jpg,24254900893683,24255041347530,0
4,cam4_24254901768009.jpg,24254901768009,24255042304747,0
2,cam2_24254916438400.jpg,24254916438400,24255056305486,0
0,cam0_24254917560349.jpg,24254917560349,24255057395314,0
4,cam4_24254918434675.jpg,24254918434675,24255058269182,0
2,cam2_24254933105066.jpg,24254933105066,24255072220395,0
0,cam0_24254934227015.jpg,24254934227015,24255073283279,0
4,cam4_24254935101341.jpg,24254935101341,24255074266997,0
2,cam2_24254949771732.jpg,24254949771732,24255088316038,0
0,cam0_24254950893681.jpg,24254950893681,24255089355181,0
4,cam4_24254951768007.jpg,24254951768007,24255090178420,0
2,cam2_24254966438398.jpg,24254966438398,24255104140472,0
0,cam0_24254967560347.jpg,24254967560347,24255105460103,0
4,cam4_24254968434673.jpg,24254968434673,24255106192154,0
2,cam2_24254983105064.jpg,24254983105064,24255124216241,0
0,cam0_24254984227013.jpg,24254984227013,24255125378971,0
4,cam4_24254985101339.jpg,24254985101339,24255126311745,0
2,cam2_24254999771730.jpg,24254999771730,24255140128987,0
0,cam0_24255000893679.jpg,24255000893679,24255141350393,0
4,cam4_24255001768005.jpg,24255001768005,24255142436444,0
2,cam2_24255016438396.jpg,24255016438396,24255156122984,0
0,cam0_24255017560345.jpg,24255017560345,24255157308565,0
4,cam4_24255018434671.jpg,24255018434671,24255158265292,0
2,cam2_24255033105062.jpg,24255033105062,24255172151492,0
0,cam0_24255034227011.jpg,24255034227011,24255173340487,0
4,cam4_24255035101337.jpg,24255035101337,24255174321235,0
2,cam2_24255049771728.jpg,24255049771728,24255188260370,0
0,cam0_24255050893677.jpg,24255050893677,24255189674876,0
4,cam4_24255051768003.jpg,24255051768003,24255190270299,0
2,cam2_24255066438394.jpg,24255066438394,24255204181289,0
0,cam0_24255067560343.jpg,24255067560343,24255205498925,0
4,cam4_24255068434669.jpg,24255068434669,24255206250669,0
2,cam2_24255083105060.jpg,24255083105060,24255224197744,0
0,cam0_24255084227009.jpg,24255084227009,24255225462602,0
4,cam4_24255085101335.jpg,24255085101335,24255226169403,0
2,cam2_24255099771726.jpg,24255099771726,24255240095803,0
0,cam0_24255100893675.jpg,24255100893675,24255241419081,0
4,cam4_24255101768001.jpg,24255101768001,24255242252462,0
2,cam2_24255116438392.jpg,24255116438392,24255256197875,0
0,cam0_24255117560341.jpg,24255117560341,24255257484561,0
4,cam4_24255118434667.jpg,24255118434667,24255258419436,0
2,cam2_24255133105058.jpg,24255133105058,24255272116658,0
0,cam0_24255134227007.jpg,24255134227007,24255273311164,0
4,cam4_24255135101333.jpg,24255135101333,24255274158131,0
2,cam2_24255149771724.jpg,24255149771724,24255288213180,0
0,cam0_24255150893673.jpg,24255150893673,24255289189716,0
4,cam4_24255151767999.jpg,24255151767999,24255289850529,0
2,cam2_24255166438390.jpg,24255166438390,24255304135701,0
0,cam0_24255167560339.jpg,24255167560339,24255305528158,0
4,cam4_24255168434665.jpg,24255168434665,24255306180021,0
2,cam2_24255183105056.jpg,24255183105056,24255324126294,0
0,cam0_24255184227005.jpg,24255184227005,24255325441752,0
4,cam4_24255185101331.jpg,24255185101331,24255326101575,0
2,cam2_24255199771722.jpg,24255199771722,24255340666857,0
0,cam0_24255200893671.jpg,24255200893671,24255341810058,0
4,cam4_24255201767997.jpg,24255201767997,24255342317106,0
2,cam2_24255216438388.jpg,24255216438388,24255355909568,0
0,cam0_24255217560337.jpg,24255217560337,24255357112245,0
4,cam4_24255218434663.jpg,24255218434663,24255357848891,0
2,cam2_24255233105054.jpg,24255233105054,24255372232045,0
0,cam0_24255234227003.jpg,24255234227003,24255373468246,0
4,cam4_24255235101329.jpg,24255235101329,24255374144189,0
2,cam2_24255249771720.jpg,24255249771720,24255388353683,0
0,cam0_24255250893669.jpg,24255250893669,24255389561414,0
4,cam4_24255251767995.jpg,24255251767995,24255390297749,0
2,cam2_24255266438386.jpg,24255266438386,24255404331027,0
4,cam4_24255268434661.jpg,24255268434661,24255406183612,0
0,cam0_24255267560335.jpg,24255267560335,24255409380737,0
2,cam2_24255283105052.jpg,24255283105052,24255424128316,0
0,cam0_24255284227001.jpg,24255284227001,24255425279817,0
4,cam4_24255285101327.jpg,24255285101327,24255426136761,0
2,cam2_24255299771718.jpg,24255299771718,24255440085802,0
0,cam0_24255300893667.jpg,24255300893667,24255441256540,0
4,cam4_24255301767993.jpg,24255301767993,24255442120527,0
2,cam2_24255316438384.jpg,24255316438384,24255456197963,0
0,cam0_24255317560333.jpg,24255317560333,24255457285270,0
4,cam4_24255318434659.jpg,24255318434659,24255458203657,0
2,cam2_24255333105050.jpg,24255333105050,24255472297551,0
0,cam0_24255334226999.jpg,24255334226999,24255473335724,0
4,cam4_24255335101325.jpg,24255335101325,24255474248385,0
2,cam2_24255349771716.jpg,24255349771716,24255488117247,0
0,cam0_24255350893665.jpg,24255350893665,24255489180278,0
4,cam4_24255351767991.jpg,24255351767991,24255489999217,0
2,cam2_24255366438382.jpg,24255366438382,24255508154918,0
0,cam0_24255367560331.jpg,24255367560331,24255509229790,0
4,cam4_24255368434657.jpg,24255368434657,24255510164867,0
2,cam2_24255383105048.jpg,24255383105048,24255524220832,0
0,cam0_24255384226997.jpg,24255384226997,24255525325458,0
4,cam4_24255385101323.jpg,24255385101323,24255526179776,0
2,cam2_24255399771714.jpg,24255399771714,24255540770504,0
0,cam0_24255400893663.jpg,24255400893663,24255541940870,0
4,cam4_24255401767989.jpg,24255401767989,24255542316011,0
2,cam2_24255416438380.jpg,24255416438380,24255556299343,0
0,cam0_24255417560329.jpg,24255417560329,24255557320152,0
4,cam4_24255418434655.jpg,24255418434655,24255558077762,0
2,cam2_24255433105046.jpg,24255433105046,24255572283903,0
0,cam0_24255434226995.jpg,24255434226995,24255573322402,0
4,cam4_24255435101321.jpg,24255435101321,24255574174412,0
2,cam2_24255449771712.jpg,24255449771712,24255588298058,0
0,cam0_24255450893661.jpg,24255450893661,24255589435375,0
4,cam4_24255451767987.jpg,24255451767987,24255590323822,0
2,cam2_24255466438378.jpg,24255466438378,24255608247405,0
4,cam4_24255468434653.jpg,24255468434653,24255610376906,0
0,cam0_24255467560327.jpg,24255467560327,24255609521871,0
2,cam2_24255483105044.jpg,24255483105044,24255624183142,0
0,cam0_24255484226993.jpg,24255484226993,24255625332848,0
4,cam4_24255485101319.jpg,24255485101319,24255626165036,0
2,cam2_24255499771710.jpg,24255499771710,24255640187269,0
0,cam0_24255500893659.jpg,24255500893659,24255641373871,0
4,cam4_24255501767985.jpg,24255501767985,24255642176467,0
2,cam2_24255516438376.jpg,24255516438376,24255656216570,0
0,cam0_24255517560325.jpg,24255517560325,24255657347996,0
4,cam4_24255518434651.jpg,24255518434651,24255658267327,0
2,cam2_24255533105042.jpg,24255533105042,24255672179836,0
0,cam0_24255534226991.jpg,24255534226991,24255673351893,0
4,cam4_24255535101317.jpg,24255535101317,24255674202784,0
2,cam2_24255549771708.jpg,24255549771708,24255688162321,0
0,cam0_24255550893657.jpg,24255550893657,24255689334392,0
4,cam4_24255551767983.jpg,24255551767983,24255690139198,0
2,cam2_24255566438374.jpg,24255566438374,24255708268538,0
0,cam0_24255567560323.jpg,24255567560323,24255709294939,0
4,cam4_24255568434649.jpg,24255568434649,24255710133839,0
2,cam2_24255583105040.jpg,24255583105040,24255723836213,0
0,cam0_24255584226989.jpg,24255584226989,24255725155650,0
4,cam4_24255585101315.jpg,24255585101315,24255725955331,0
2,cam2_24255599771706.jpg,24255599771706,24255740219982,0
0,cam0_24255600893655.jpg,24255600893655,24255741370992,0
4,cam4_24255601767981.jpg,24255601767981,24255742155186,0
2,cam2_24255616438372.jpg,24255616438372,24255755850086,0
0,cam0_24255617560321.jpg,24255617560321,24255756980505,0
4,cam4_24255618434647.jpg,24255618434647,24255757826031,0
2,cam2_24255633105038.jpg,24255633105038,24255771884269,0
0,cam0_24255634226987.jpg,24255634226987,24255772950082,0
4,cam4_24255635101313.jpg,24255635101313,24255773805154,0
2,cam2_24255649771704.jpg,24255649771704,24255787910949,0
0,cam0_24255650893653.jpg,24255650893653,24255789064555,0
4,cam4_24255651767979.jpg,24255651767979,24255789863849,0
2,cam2_24255666438370.jpg,24255666438370,24255808005303,0
0,cam0_24255667560319.jpg,24255667560319,24255809055350,0
4,cam4_24255668434645.jpg,24255668434645,24255809850704,0
2,cam2_24255683105036.jpg,24255683105036,24255823846268,0
0,cam0_24255684226985.jpg,24255684226985,24255824999670,0
4,cam4_24255685101311.jpg,24255685101311,24255825846874,0
2,cam2_24255699771702.jpg,24255699771702,24255840238240,0
0,cam0_24255700893651.jpg,24255700893651,24255841400344,0
4,cam4_24255701767977.jpg,24255701767977,24255842276624,0
2,cam2_24255716438368.jpg,24255716438368,24255856320332,0
0,cam0_24255717560317.jpg,24255717560317,24255857478654,0
4,cam4_24255718434643.jpg,24255718434643,24255858421837,0
2,cam2_24255733105034.jpg,24255733105034,24255872197664,0
0,cam0_24255734226983.jpg,24255734226983,24255873463322,0
4,cam4_24255735101309.jpg,24255735101309,24255874309280,0
2,cam2_24255749771700.jpg,24255749771700,24255888315017,0
0,cam0_24255750893649.jpg,24255750893649,24255889773795,0
4,cam4_24255751767975.jpg,24255751767975,24255890313686,0
2,cam2_24255766438366.jpg,24255766438366,24255908373005,0
0,cam0_24255767560315.jpg,24255767560315,24255909707895,0
4,cam4_24255768434641.jpg,24255768434641,24255910743501,0
2,cam2_24255783105032.jpg,24255783105032,24255924349969,0
0,cam0_24255784226981.jpg,24255784226981,24255925411847,0
4,cam4_24255785101307.jpg,24255785101307,24255926205783,0
2,cam2_24255799771698.jpg,24255799771698,24255940262421,0
0,cam0_24255800893647.jpg,24255800893647,24255941417879,0
4,cam4_24255801767973.jpg,24255801767973,24255942361529,0
2,cam2_24255816438364.jpg,24255816438364,24255956204718,0
0,cam0_24255817560313.jpg,24255817560313,24255957325094,0
4,cam4_24255818434639.jpg,24255818434639,24255958172242,0
2,cam2_24255833105030.jpg,24255833105030,24255972371561,0
0,cam0_24255834226979.jpg,24255834226979,24255973927937,0
4,cam4_24255835101305.jpg,24255835101305,24255974608168,0
2,cam2_24255849771696.jpg,24255849771696,24255987989011,0
0,cam0_24255850893645.jpg,24255850893645,24255989158427,0
4,cam4_24255851767971.jpg,24255851767971,24255990021397,0
2,cam2_24255866438362.jpg,24255866438362,24256007998121,0
0,cam0_24255867560311.jpg,24255867560311,24256009097096,0
4,cam4_24255868434637.jpg,24255868434637,24256009959357,0
2,cam2_24255883105028.jpg,24255883105028,24256023934345,0
0,cam0_24255884226977.jpg,24255884226977,24256025048802,0
4,cam4_24255885101303.jpg,24255885101303,24256025922944,0
2,cam2_24255899771694.jpg,24255899771694,24256040094570,0
0,cam0_24255900893643.jpg,24255900893643,24256041269434,0
4,cam4_24255901767969.jpg,24255901767969,24256042352269,0
2,cam2_24255916438360.jpg,24255916438360,24256056473510,0
0,cam0_24255917560309.jpg,24255917560309,24256057517892,0
4,cam4_24255918434635.jpg,24255918434635,24256058726457,0
2,cam2_24255933105026.jpg,24255933105026,24256072296021,0
0,cam0_24255934226975.jpg,24255934226975,24256073407016,0
4,cam4_24255935101301.jpg,24255935101301,24256074644693,0
2,cam2_24255949771692.jpg,24255949771692,24256088312377,0
0,cam0_24255950893641.jpg,24255950893641,24256089568788,0
4,cam4_24255951767967.jpg,24255951767967,24256090510550,0
2,cam2_24255966438358.jpg,24255966438358,24256108296502,0
0,cam0_24255967560307.jpg,24255967560307,24256109507619,0
4,cam4_24255968434633.jpg,24255968434633,24256110256026,0
2,cam2_24255983105024.jpg,24255983105024,24256124259599,0
0,cam0_24255984226973.jpg,24255984226973,24256125576469,0
4,cam4_24255985101299.jpg,24255985101299,24256126290036,0
2,cam2_24255999771690.jpg,24255999771690,24256140300183,0
0,cam0_24256000893639.jpg,24256000893639,24256141535540,0
4,cam4_24256001767965.jpg,24256001767965,24256142230148,0
2,cam2_24256016438356.jpg,24256016438356,24256156379046,0
0,cam0_24256017560305.jpg,24256017560305,24256157370345,0
4,cam4_24256018434631.jpg,24256018434631,24256158139434,0
2,cam2_24256033105022.jpg,24256033105022,24256172639660,0
0,cam0_24256034226971.jpg,24256034226971,24256173504150,0
4,cam4_24256035101297.jpg,24256035101297,24256174396508,0
2,cam2_24256049771688.jpg,24256049771688,24256188431231,0
0,cam0_24256050893637.jpg,24256050893637,24256189588991,0
4,cam4_24256051767963.jpg,24256051767963,24256190499873,0
2,cam2_24256066438354.jpg,24256066438354,24256208406141,0
0,cam0_24256067560303.jpg,24256067560303,24256209208774,0
4,cam4_24256068434629.jpg,24256068434629,24256210050900,0
2,cam2_24256083105020.jpg,24256083105020,24256224175164,0
0,cam0_24256084226969.jpg,24256084226969,24256225151325,0
4,cam4_24256085101295.jpg,24256085101295,24256226076238,0
2,cam2_24256099771686.jpg,24256099771686,24256240189646,0
0,cam0_24256100893635.jpg,24256100893635,24256241567084,0
4,cam4_24256101767961.jpg,24256101767961,24256242306470,0
2,cam2_24256116438352.jpg,24256116438352,24256256304021,0
0,cam0_24256117560301.jpg,24256117560301,24256257568839,0
4,cam4_24256118434627.jpg,24256118434627,24256258363049,0
2,cam2_24256133105018.jpg,24256133105018,24256272188801,0
0,cam0_24256134226967.jpg,24256134226967,24256273420340,0
4,cam4_24256135101293.jpg,24256135101293,24256274235404,0
2,cam2_24256149771684.jpg,24256149771684,24256288178822,0
0,cam0_24256150893633.jpg,24256150893633,24256289355663,0
4,cam4_24256151767959.jpg,24256151767959,24256290146947,0
2,cam2_24256166438350.jpg,24256166438350,24256308329868,0
0,cam0_24256167560299.jpg,24256167560299,24256309283351,0
4,cam4_24256168434625.jpg,24256168434625,24256310128223,0
2,cam2_24256183105016.jpg,24256183105016,24256324237343,0
0,cam0_24256184226965.jpg,24256184226965,24256325226361,0
4,cam4_24256185101291.jpg,24256185101291,24256326035721,0
2,cam2_24256199771682.jpg,24256199771682,24256340243409,0
0,cam0_24256200893631.jpg,24256200893631,24256341381451,0
4,cam4_24256201767957.jpg,24256201767957,24256342172620,0
2,cam2_24256216438348.jpg,24256216438348,24256356151445,0
0,cam0_24256217560297.jpg,24256217560297,24256357305874,0
4,cam4_24256218434623.jpg,24256218434623,24256358157420,0
2,cam2_24256233105014.jpg,24256233105014,24256372201035,0
0,cam0_24256234226963.jpg,24256234226963,24256373348848,0
4,cam4_24256235101289.jpg,24256235101289,24256374158460,0
2,cam2_24256249771680.jpg,24256249771680,24256388218195,0
0,cam0_24256250893629.jpg,24256250893629,24256389378016,0
4,cam4_24256251767955.jpg,24256251767955,24256390194764,0
2,cam2_24256266438346.jpg,24256266438346,24256408264611,0
0,cam0_24256267560295.jpg,24256267560295,24256409477417,0
4,cam4_24256268434621.jpg,24256268434621,24256410466945,0
2,cam2_24256283105012.jpg,24256283105012,24256424305632,0
0,cam0_24256284226961.jpg,24256284226961,24256425431325,0
4,cam4_24256285101287.jpg,24256285101287,24256426213992,0
2,cam2_24256299771678.jpg,24256299771678,24256440223476,0
0,cam0_24256300893627.jpg,24256300893627,24256441326067,0
4,cam4_24256301767953.jpg,24256301767953,24256442215115,0
2,cam2_24256316438344.jpg,24256316438344,24256456203549,0
0,cam0_24256317560293.jpg,24256317560293,24256457318774,0
4,cam4_24256318434619.jpg,24256318434619,24256458275337,0
2,cam2_24256333105010.jpg,24256333105010,24256472337960,0
0,cam0_24256334226959.jpg,24256334226959,24256473409762,0
4,cam4_24256335101285.jpg,24256335101285,24256474245923,0
2,cam2_24256349771676.jpg,24256349771676,24256488057489,0
0,cam0_24256350893625.jpg,24256350893625,24256489303376,0
4,cam4_24256351767951.jpg,24256351767951,24256490103182,0
2,cam2_24256366438342.jpg,24256366438342,24256508298093,0
0,cam0_24256367560291.jpg,24256367560291,24256509443455,0
4,cam4_24256368434617.jpg,24256368434617,24256510201191,0
2,cam2_24256383105008.jpg,24256383105008,24256524227510,0
0,cam0_24256384226957.jpg,24256384226957,24256525445366,0
4,cam4_24256385101283.jpg,24256385101283,24256526244644,0
2,cam2_24256399771674.jpg,24256399771674,24256540231692,0
0,cam0_24256400893623.jpg,24256400893623,24256541417056,0
4,cam4_24256401767949.jpg,24256401767949,24256542202108,0
2,cam2_24256416438340.jpg,24256416438340,24256556231065,0
0,cam0_24256417560289.jpg,24256417560289,24256557441572,0
4,cam4_24256418434615.jpg,24256418434615,24256558258031,0
2,cam2_24256433105006.jpg,24256433105006,24256572189426,0
0,cam0_24256434226955.jpg,24256434226955,24256573309206,0
4,cam4_24256435101281.jpg,24256435101281,24256574168937,0
2,cam2_24256449771672.jpg,24256449771672,24256588221813,0
0,cam0_24256450893621.jpg,24256450893621,24256589396253,0
4,cam4_24256451767947.jpg,24256451767947,24256590276687,0
2,cam2_24256466438338.jpg,24256466438338,24256608236015,0
0,cam0_24256467560287.jpg,24256467560287,24256609364268,0
4,cam4_24256468434613.jpg,24256468434613,24256610265838,0
2,cam2_24256483105004.jpg,24256483105004,24256624193277,0
0,cam0_24256484226953.jpg,24256484226953,24256625347427,0
4,cam4_24256485101279.jpg,24256485101279,24256626222021,0
2,cam2_24256499771670.jpg,24256499771670,24256640154389,0
0,cam0_24256500893619.jpg,24256500893619,24256641376206,0
4,cam4_24256501767945.jpg,24256501767945,24256642207773,0
2,cam2_24256516438336.jpg,24256516438336,24256656596378,0
0,cam0_24256517560285.jpg,24256517560285,24256657622488,0
4,cam4_24256518434611.jpg,24256518434611,24256658513552,0
2,cam2_24256533105002.jpg,24256533105002,24256672062244,0
0,cam0_24256534226951.jpg,24256534226951,24256673204053,0
4,cam4_24256535101277.jpg,24256535101277,24256674042951,0
2,cam2_24256549771668.jpg,24256549771668,24256688267009,0
0,cam0_24256550893617.jpg,24256550893617,24256693492368,0
4,cam4_24256551767943.jpg,24256551767943,24256694358154,0
2,cam2_24256566438334.jpg,24256566438334,24256708237413,0
0,cam0_24256567560283.jpg,24256567560283,24256709380811,0
4,cam4_24256568434609.jpg,24256568434609,24256710190842,0
2,cam2_24256583105000.jpg,24256583105000,24256724102250,0
0,cam0_24256584226949.jpg,24256584226949,24256725298947,0
4,cam4_24256585101275.jpg,24256585101275,24256726061361,0
2,cam2_24256599771666.jpg,24256599771666,24256740263802,0
0,cam0_24256600893615.jpg,24256600893615,24256741535395,0
4,cam4_24256601767941.jpg,24256601767941,24256742345372,0
2,cam2_24256616438332.jpg,24256616438332,24256755917262,0
0,cam0_24256617560281.jpg,24256617560281,24256757065190,0
4,cam4_24256618434607.jpg,24256618434607,24256758009865,0
2,cam2_24256633104998.jpg,24256633104998,24256771945402,0
0,cam0_24256634226947.jpg,24256634226947,24256773018422,0
4,cam4_24256635101273.jpg,24256635101273,24256773892603,0
2,cam2_24256649771664.jpg,24256649771664,24256792056429,0
0,cam0_24256650893613.jpg,24256650893613,24256793096986,0
4,cam4_24256651767939.jpg,24256651767939,24256793973258,0
2,cam2_24256666438330.jpg,24256666438330,24256808086485,0
0,cam0_24256667560279.jpg,24256667560279,24256809088691,0
4,cam4_24256668434605.jpg,24256668434605,24256809919268,0
2,cam2_24256683104996.jpg,24256683104996,24256823913069,0
0,cam0_24256684226945.jpg,24256684226945,24256825034468,0
4,cam4_24256685101271.jpg,24256685101271,24256825908580,0
2,cam2_24256699771662.jpg,24256699771662,24256840147122,0
0,cam0_24256700893611.jpg,24256700893611,24256841346723,0
4,cam4_24256701767937.jpg,24256701767937,24256842212002,0
2,cam2_24256716438328.jpg,24256716438328,24256856282444,0
0,cam0_24256717560277.jpg,24256717560277,24256857463611,0
4,cam4_24256718434603.jpg,24256718434603,24256858515606,0
2,cam2_24256733104994.jpg,24256733104994,24256872265087,0
0,cam0_24256734226943.jpg,24256734226943,24256873670627,0
4,cam4_24256735101269.jpg,24256735101269,24256874363864,0
2,cam2_24256749771660.jpg,24256749771660,24256892076263,0
0,cam0_24256750893609.jpg,24256750893609,24256893101048,0
4,cam4_24256751767935.jpg,24256751767935,24256893965509,0
2,cam2_24256766438326.jpg,24256766438326,24256908174533,0
0,cam0_24256767560275.jpg,24256767560275,24256909378454,0
4,cam4_24256768434601.jpg,24256768434601,24256910244102,0
2,cam2_24256783104992.jpg,24256783104992,24256924292391,0
0,cam0_24256784226941.jpg,24256784226941,24256925438384,0
4,cam4_24256785101267.jpg,24256785101267,24256926286099,0
2,cam2_24256799771658.jpg,24256799771658,24256940528784,0
0,cam0_24256800893607.jpg,24256800893607,24256941637073,0
4,cam4_24256801767933.jpg,24256801767933,24256943040548,0
2,cam2_24256816438324.jpg,24256816438324,24256956444363,0
0,cam0_24256817560273.jpg,24256817560273,24256957601546,0
4,cam4_24256818434599.jpg,24256818434599,24256958420641,0
2,cam2_24256833104990.jpg,24256833104990,24256972434234,0
0,cam0_24256834226939.jpg,24256834226939,24256973591863,0
4,cam4_24256835101265.jpg,24256835101265,24256974348824,0
2,cam2_24256849771656.jpg,24256849771656,24256992377295,0
0,cam0_24256850893605.jpg,24256850893605,24256993460373,0
4,cam4_24256851767931.jpg,24256851767931,24256994576661,0
2,cam2_24256866438322.jpg,24256866438322,24257008363724,0
0,cam0_24256867560271.jpg,24256867560271,24257009494185,0
4,cam4_24256868434597.jpg,24256868434597,24257010364931,0
2,cam2_24256883104988.jpg,24256883104988,24257024309090,0
0,cam0_24256884226937.jpg,24256884226937,24257025559520,0
4,cam4_24256885101263.jpg,24256885101263,24257026654704,0
2,cam2_24256899771654.jpg,24256899771654,24257040201854,0
0,cam0_24256900893603.jpg,24256900893603,24257041381479,0
4,cam4_24256901767929.jpg,24256901767929,24257042166779,0
2,cam2_24256916438320.jpg,24256916438320,24257056395349,0
0,cam0_24256917560269.jpg,24256917560269,24257057679329,0
4,cam4_24256918434595.jpg,24256918434595,24257058581042,0
2,cam2_24256933104986.jpg,24256933104986,24257072301776,0
0,cam0_24256934226935.jpg,24256934226935,24257073606465,0
4,cam4_24256935101261.jpg,24256935101261,24257074514843,0
2,cam2_24256949771652.jpg,24256949771652,24257092368016,0
0,cam0_24256950893601.jpg,24256950893601,24257093267730,0
4,cam4_24256951767927.jpg,24256951767927,24257094086882,0
2,cam2_24256966438318.jpg,24256966438318,24257108332920,0
0,cam0_24256967560267.jpg,24256967560267,24257109489241,0
4,cam4_24256968434593.jpg,24256968434593,24257110349495,0
2,cam2_24256983104984.jpg,24256983104984,24257124447062,0
0,cam0_24256984226933.jpg,24256984226933,24257125593892,0
4,cam4_24256985101259.jpg,24256985101259,24257126381689,0
2,cam2_24256999771650.jpg,24256999771650,24257140257635,0
0,cam0_24257000893599.jpg,24257000893599,24257141431188,0
4,cam4_24257001767925.jpg,24257001767925,24257142241610,0
2,cam2_24257016438316.jpg,24257016438316,24257156256702,0
0,cam0_24257017560265.jpg,24257017560265,24257157404863,0
4,cam4_24257018434591.jpg,24257018434591,24257158190486,0
2,cam2_24257033104982.jpg,24257033104982,24257172250150,0
0,cam0_24257034226931.jpg,24257034226931,24257173549885,0
4,cam4_24257035101257.jpg,24257035101257,24257174317781,0
2,cam2_24257049771648.jpg,24257049771648,24257192357107,0
0,cam0_24257050893597.jpg,24257050893597,24257193553623,0
4,cam4_24257051767923.jpg,24257051767923,24257194441070,0
2,cam2_24257066438314.jpg,24257066438314,24257208215397,0
0,cam0_24257067560263.jpg,24257067560263,24257209413132,0
4,cam4_24257068434589.jpg,24257068434589,24257210290674,0
2,cam2_24257083104980.jpg,24257083104980,24257223996237,0
0,cam0_24257084226929.jpg,24257084226929,24257225151859,0
4,cam4_24257085101255.jpg,24257085101255,24257226083683,0
2,cam2_24257099771646.jpg,24257099771646,24257240272964,0
0,cam0_24257100893595.jpg,24257100893595,24257241308212,0
4,cam4_24257101767921.jpg,24257101767921,24257242203143,0
2,cam2_24257116438312.jpg,24257116438312,24257256338825,0
0,cam0_24257117560261.jpg,24257117560261,24257257430410,0
4,cam4_24257118434587.jpg,24257118434587,24257258487280,0
2,cam2_24257133104978.jpg,24257133104978,24257272219300,0
0,cam0_24257134226927.jpg,24257134226927,24257273376043,0
4,cam4_24257135101253.jpg,24257135101253,24257274295180,0
2,cam2_24257149771644.jpg,24257149771644,24257291985186,0
0,cam0_24257150893593.jpg,24257150893593,24257293069088,0
4,cam4_24257151767919.jpg,24257151767919,24257294107192,0
2,cam2_24257166438310.jpg,24257166438310,24257307953133,0
0,cam0_24257167560259.jpg,24257167560259,24257309093811,0
4,cam4_24257168434585.jpg,24257168434585,24257309981417,0
2,cam2_24257183104976.jpg,24257183104976,24257324014105,0
0,cam0_24257184226925.jpg,24257184226925,24257325148473,0
4,cam4_24257185101251.jpg,24257185101251,24257326076943,0
2,cam2_24257199771642.jpg,24257199771642,24257339977645,0
0,cam0_24257200893591.jpg,24257200893591,24257341186405,0
4,cam4_24257201767917.jpg,24257201767917,24257341999873,0
2,cam2_24257216438308.jpg,24257216438308,24257356080880,0
0,cam0_24257217560257.jpg,24257217560257,24257357254603,0
4,cam4_24257218434583.jpg,24257218434583,24257358072872,0
2,cam2_24257233104974.jpg,24257233104974,24257372318283,0
0,cam0_24257234226923.jpg,24257234226923,24257373517540,0
4,cam4_24257235101249.jpg,24257235101249,24257374318378,0
2,cam2_24257249771640.jpg,24257249771640,24257392283521,0
0,cam0_24257250893589.jpg,24257250893589,24257393625661,0
4,cam4_24257251767915.jpg,24257251767915,24257394418035,0
2,cam2_24257266438306.jpg,24257266438306,24257408266437,0
0,cam0_24257267560255.jpg,24257267560255,24257409599044,0
4,cam4_24257268434581.jpg,24257268434581,24257410503987,0
2,cam2_24257283104972.jpg,24257283104972,24257423994166,0
0,cam0_24257284226921.jpg,24257284226921,24257425225489,0
4,cam4_24257285101247.jpg,24257285101247,24257426065823,0
2,cam2_24257299771638.jpg,24257299771638,24257440042165,0
0,cam0_24257300893587.jpg,24257300893587,24257441250353,0
4,cam4_24257301767913.jpg,24257301767913,24257442124659,0
2,cam2_24257316438304.jpg,24257316438304,24257456418567,0
0,cam0_24257317560253.jpg,24257317560253,24257457691361,0
4,cam4_24257318434579.jpg,24257318434579,24257458564721,0
2,cam2_24257333104970.jpg,24257333104970,24257472365749,0
0,cam0_24257334226919.jpg,24257334226919,24257473512712,0
4,cam4_24257335101245.jpg,24257335101245,24257474292183,0
2,cam2_24257349771636.jpg,24257349771636,24257492343996,0
0,cam0_24257350893585.jpg,24257350893585,24257493617590,0
4,cam4_24257351767911.jpg,24257351767911,24257494569879,0
2,cam2_24257366438302.jpg,24257366438302,24257508370971,0
0,cam0_24257367560251.jpg,24257367560251,24257509493901,0
4,cam4_24257368434577.jpg,24257368434577,24257510309451,0
2,cam2_24257383104968.jpg,24257383104968,24257524570276,0
0,cam0_24257384226917.jpg,24257384226917,24257525696935,0
4,cam4_24257385101243.jpg,24257385101243,24257526545306,0
2,cam2_24257399771634.jpg,24257399771634,24257540361460,0
0,cam0_24257400893583.jpg,24257400893583,24257541512475,0
4,cam4_24257401767909.jpg,24257401767909,24257542349600,0
2,cam2_24257416438300.jpg,24257416438300,24257556330459,0
0,cam0_24257417560249.jpg,24257417560249,24257557409954,0
4,cam4_24257418434575.jpg,24257418434575,24257558269929,0
2,cam2_24257433104966.jpg,24257433104966,24257572303399,0
0,cam0_24257434226915.jpg,24257434226915,24257573415263,0
4,cam4_24257435101241.jpg,24257435101241,24257574223054,0
2,cam2_24257449771632.jpg,24257449771632,24257592445545,0
0,cam0_24257450893581.jpg,24257450893581,24257593762099,0
4,cam4_24257451767907.jpg,24257451767907,24257594675585,0
2,cam2_24257466438298.jpg,24257466438298,24257608319848,0
0,cam0_24257467560247.jpg,24257467560247,24257609572007,0
4,cam4_24257468434573.jpg,24257468434573,24257610401217,0
2,cam2_24257483104964.jpg,24257483104964,24257624274276,0
0,cam0_24257484226913.jpg,24257484226913,24257625527822,0
4,cam4_24257485101239.jpg,24257485101239,24257626316732,0
2,cam2_24257499771630.jpg,24257499771630,24257640225241,0
0,cam0_24257500893579.jpg,24257500893579,24257641538689,0
4,cam4_24257501767905.jpg,24257501767905,24257642285885,0
2,cam2_24257516438296.jpg,24257516438296,24257656336235,0
0,cam0_24257517560245.jpg,24257517560245,24257657521630,0
4,cam4_24257518434571.jpg,24257518434571,24257658334539,0
2,cam2_24257533104962.jpg,24257533104962,24257672378959,0
0,cam0_24257534226911.jpg,24257534226911,24257673578259,0
4,cam4_24257535101237.jpg,24257535101237,24257674414219,0
2,cam2_24257549771628.jpg,24257549771628,24257692454664,0
0,cam0_24257550893577.jpg,24257550893577,24257693539914,0
4,cam4_24257551767903.jpg,24257551767903,24257694409365,0
2,cam2_24257566438294.jpg,24257566438294,24257708383162,0
0,cam0_24257567560243.jpg,24257567560243,24257709737960,0
4,cam4_24257568434569.jpg,24257568434569,24257710422064,0
2,cam2_24257583104960.jpg,24257583104960,24257724409192,0
0,cam0_24257584226909.jpg,24257584226909,24257725557490,0
4,cam4_24257585101235.jpg,24257585101235,24257726509926,0
2,cam2_24257599771626.jpg,24257599771626,24257740444202,0
0,cam0_24257600893575.jpg,24257600893575,24257741441858,0
4,cam4_24257601767901.jpg,24257601767901,24257742371822,0
2,cam2_24257616438292.jpg,24257616438292,24257756452409,0
0,cam0_24257617560241.jpg,24257617560241,24257757510611,0
4,cam4_24257618434567.jpg,24257618434567,24257758315135,0
2,cam2_24257633104958.jpg,24257633104958,24257772296203,0
0,cam0_24257634226907.jpg,24257634226907,24257773473695,0
4,cam4_24257635101233.jpg,24257635101233,24257774341860,0
2,cam2_24257649771624.jpg,24257649771624,24257792482426,0
0,cam0_24257650893573.jpg,24257650893573,24257793608567,0
4,cam4_24257651767899.jpg,24257651767899,24257794548321,0
2,cam2_24257666438290.jpg,24257666438290,24257808435027,0
0,cam0_24257667560239.jpg,24257667560239,24257809591058,0
4,cam4_24257668434565.jpg,24257668434565,24257810445663,0
2,cam2_24257683104956.jpg,24257683104956,24257824404948,0
0,cam0_24257684226905.jpg,24257684226905,24257825521226,0
4,cam4_24257685101231.jpg,24257685101231,24257826359572,0
2,cam2_24257699771622.jpg,24257699771622,24257840251458,0
0,cam0_24257700893571.jpg,24257700893571,24257841474739,0
4,cam4_24257701767897.jpg,24257701767897,24257842328570,0
2,cam2_24257716438288.jpg,24257716438288,24257856549667,0
0,cam0_24257717560237.jpg,24257717560237,24257857726392,0
4,cam4_24257718434563.jpg,24257718434563,24257858746644,0
2,cam2_24257733104954.jpg,24257733104954,24257872466622,0
4,cam4_24257735101229.jpg,24257735101229,24257874316226,0
0,cam0_24257734226903.jpg,24257734226903,24257877395310,0
2,cam2_24257749771620.jpg,24257749771620,24257892058876,0
0,cam0_24257750893569.jpg,24257750893569,24257893129656,0
4,cam4_24257751767895.jpg,24257751767895,24257894053757,0
2,cam2_24257766438286.jpg,24257766438286,24257908325691,0
0,cam0_24257767560235.jpg,24257767560235,24257909430465,0
4,cam4_24257768434561.jpg,24257768434561,24257910297364,0
2,cam2_24257783104952.jpg,24257783104952,24257924430898,0
0,cam0_24257784226901.jpg,24257784226901,24257925500559,0
4,cam4_24257785101227.jpg,24257785101227,24257926409350,0
2,cam2_24257799771618.jpg,24257799771618,24257940319833,0
0,cam0_24257800893567.jpg,24257800893567,24257941452354,0
4,cam4_24257801767893.jpg,24257801767893,24257942341875,0
2,cam2_24257816438284.jpg,24257816438284,24257956355075,0
0,cam0_24257817560233.jpg,24257817560233,24257957425355,0
4,cam4_24257818434559.jpg,24257818434559,24257958282163,0
2,cam2_24257833104950.jpg,24257833104950,24257976397365,0
0,cam0_24257834226899.jpg,24257834226899,24257977676563,0
4,cam4_24257835101225.jpg,24257835101225,24257978465989,0
2,cam2_24257849771616.jpg,24257849771616,24257992261426,0
0,cam0_24257850893565.jpg,24257850893565,24257993465467,0
4,cam4_24257851767891.jpg,24257851767891,24257994185926,0
2,cam2_24257866438282.jpg,24257866438282,24258008404116,0
0,cam0_24257867560231.jpg,24257867560231,24258009676908,0
4,cam4_24257868434557.jpg,24257868434557,24258010388709,0
2,cam2_24257883104948.jpg,24257883104948,24258024363645,0
0,cam0_24257884226897.jpg,24257884226897,24258025590526,0
4,cam4_24257885101223.jpg,24257885101223,24258026358436,0
2,cam2_24257899771614.jpg,24257899771614,24258040283863,0
0,cam0_24257900893563.jpg,24257900893563,24258041592024,0
4,cam4_24257901767889.jpg,24257901767889,24258042395448,0
2,cam2_24257916438280.jpg,24257916438280,24258056407547,0
0,cam0_24257917560229.jpg,24257917560229,24258057565305,0
4,cam4_24257918434555.jpg,24257918434555,24258058385773,0
2,cam2_24257933104946.jpg,24257933104946,24258076288131,0
0,cam0_24257934226895.jpg,24257934226895,24258077556933,0
4,cam4_24257935101221.jpg,24257935101221,24258078310117,0
2,cam2_24257949771612.jpg,24257949771612,24258092358228,0
0,cam0_24257950893561.jpg,24257950893561,24258093495888,0
4,cam4_24257951767887.jpg,24257951767887,24258094309230,0
2,cam2_24257966438278.jpg,24257966438278,24258108234034,0
0,cam0_24257967560227.jpg,24257967560227,24258109490994,0
4,cam4_24257968434553.jpg,24257968434553,24258110291202,0
2,cam2_24257983104944.jpg,24257983104944,24258124380978,0
0,cam0_24257984226893.jpg,24257984226893,24258125528124,0
4,cam4_24257985101219.jpg,24257985101219,24258126382751,0
2,cam2_24257999771610.jpg,24257999771610,24258140293910,0
0,cam0_24258000893559.jpg,24258000893559,24258141485133,0
4,cam4_24258001767885.jpg,24258001767885,24258142321041,0
2,cam2_24258016438276.jpg,24258016438276,24258156295658,0
0,cam0_24258017560225.jpg,24258017560225,24258157423701,0
4,cam4_24258018434551.jpg,24258018434551,24258158262471,0
2,cam2_24258033104942.jpg,24258033104942,24258176303546,0
0,cam0_24258034226891.jpg,24258034226891,24258177558785,0
4,cam4_24258035101217.jpg,24258035101217,24258178302765,0
2,cam2_24258049771608.jpg,24258049771608,24258192324552,0
0,cam0_24258050893557.jpg,24258050893557,24258193539822,0
4,cam4_24258051767883.jpg,24258051767883,24258194308503,0
2,cam2_24258066438274.jpg,24258066438274,24258208320179,0
0,cam0_24258067560223.jpg,24258067560223,24258209494056,0
4,cam4_24258068434549.jpg,24258068434549,24258210343185,0
2,cam2_24258083104940.jpg,24258083104940,24258224278646,0
0,cam0_24258084226889.jpg,24258084226889,24258225350443,0
4,cam4_24258085101215.jpg,24258085101215,24258226495168,0
2,cam2_24258099771606.jpg,24258099771606,24258240299711,0
0,cam0_24258100893555.jpg,24258100893555,24258241329841,0
4,cam4_24258101767881.jpg,24258101767881,24258242234010,0
2,cam2_24258116438272.jpg,24258116438272,24258256179474,0
0,cam0_24258117560221.jpg,24258117560221,24258257276309,0
4,cam4_24258118434547.jpg,24258118434547,24258258129268,0
2,cam2_24258133104938.jpg,24258133104938,24258276204117,0
0,cam0_24258134226887.jpg,24258134226887,24258277250008,0
4,cam4_24258135101213.jpg,24258135101213,24258278097988,0
2,cam2_24258149771604.jpg,24258149771604,24258292049921,0
0,cam0_24258150893553.jpg,24258150893553,24258293189598,0
4,cam4_24258151767879.jpg,24258151767879,24258294119116,0
2,cam2_24258166438270.jpg,24258166438270,24258308024330,0
0,cam0_24258167560219.jpg,24258167560219,24258309302235,0
4,cam4_24258168434545.jpg,24258168434545,24258310054346,0
2,cam2_24258183104936.jpg,24258183104936,24258324250053,0
0,cam0_24258184226885.jpg,24258184226885,24258325463541,0
4,cam4_24258185101211.jpg,24258185101211,24258326541685,0
2,cam2_24258199771602.jpg,24258199771602,24258340432277,0
0,cam0_24258200893551.jpg,24258200893551,24258341592706,0
4,cam4_24258201767877.jpg,24258201767877,24258342614987,0
2,cam2_24258216438268.jpg,24258216438268,24258356585086,0
0,cam0_24258217560217.jpg,24258217560217,24258357572727,0
4,cam4_24258218434543.jpg,24258218434543,24258358517822,0
2,cam2_24258233104934.jpg,24258233104934,24258376441052,0
0,cam0_24258234226883.jpg,24258234226883,24258377471444,0
4,cam4_24258235101209.jpg,24258235101209,24258378422750,0
2,cam2_24258249771600.jpg,24258249771600,24258392442226,0
0,cam0_24258250893549.jpg,24258250893549,24258393551552,0
4,cam4_24258251767875.jpg,24258251767875,24258394546498,0
2,cam2_24258266438266.jpg,24258266438266,24258408486328,0
0,cam0_24258267560215.jpg,24258267560215,24258409621659,0
4,cam4_24258268434541.jpg,24258268434541,24258410549460,0
2,cam2_24258283104932.jpg,24258283104932,24258424219582,0
0,cam0_24258284226881.jpg,24258284226881,24258425490406,0
4,cam4_24258285101207.jpg,24258285101207,24258426516620,0
2,cam2_24258299771598.jpg,24258299771598,24258440395810,0
0,cam0_24258300893547.jpg,24258300893547,24258441481777,0
4,cam4_24258301767873.jpg,24258301767873,24258442422842,0
2,cam2_24258316438264.jpg,24258316438264,24258456562498,0
0,cam0_24258317560213.jpg,24258317560213,24258457587418,0
4,cam4_24258318434539.jpg,24258318434539,24258458553344,0
2,cam2_24258333104930.jpg,24258333104930,24258476839610,0
0,cam0_24258334226879.jpg,24258334226879,24258478036616,0
4,cam4_24258335101205.jpg,24258335101205,24258479948472,0
2,cam2_24258349771596.jpg,24258349771596,24258492761580,0
0,cam0_24258350893545.jpg,24258350893545,24258493878948,0
4,cam4_24258351767871.jpg,24258351767871,24258494750670,0
2,cam2_24258366438262.jpg,24258366438262,24258508226699,0
0,cam0_24258367560211.jpg,24258367560211,24258509349445,0
4,cam4_24258368434537.jpg,24258368434537,24258510189979,0
2,cam2_24258383104928.jpg,24258383104928,24258524229569,0
0,cam0_24258384226877.jpg,24258384226877,24258525392607,0
4,cam4_24258385101203.jpg,24258385101203,24258526206678,0
2,cam2_24258399771594.jpg,24258399771594,24258540227745,0
0,cam0_24258400893543.jpg,24258400893543,24258541271492,0
4,cam4_24258401767869.jpg,24258401767869,24258542211358,0
2,cam2_24258416438260.jpg,24258416438260,24258556116510,0
0,cam0_24258417560209.jpg,24258417560209,24258557195490,0
4,cam4_24258418434535.jpg,24258418434535,24258558208896,0
2,cam2_24258433104926.jpg,24258433104926,24258576475103,0
0,cam0_24258434226875.jpg,24258434226875,24258577590015,0
4,cam4_24258435101201.jpg,24258435101201,24258578640241,0
2,cam2_24258449771592.jpg,24258449771592,24258592679420,0
0,cam0_24258450893541.jpg,24258450893541,24258593664851,0
4,cam4_24258451767867.jpg,24258451767867,24258594707339,0
2,cam2_24258466438258.jpg,24258466438258,24258608728675,0
0,cam0_24258467560207.jpg,24258467560207,24258609710323,0
4,cam4_24258468434533.jpg,24258468434533,24258610687691,0
2,cam2_24258483104924.jpg,24258483104924,24258624589348,0
0,cam0_24258484226873.jpg,24258484226873,24258625557232,0
4,cam4_24258485101199.jpg,24258485101199,24258626460703,0
2,cam2_24258499771590.jpg,24258499771590,24258640571855,0
0,cam0_24258500893539.jpg,24258500893539,24258641604169,0
4,cam4_24258501767865.jpg,24258501767865,24258642433992,0
2,cam2_24258516438256.jpg,24258516438256,24258656462255,0
0,cam0_24258517560205.jpg,24258517560205,24258657613928,0
4,cam4_24258518434531.jpg,24258518434531,24258658602042,0
2,cam2_24258533104922.jpg,24258533104922,24258676466052,0
0,cam0_24258534226871.jpg,24258534226871,24258677686363,0
4,cam4_24258535101197.jpg,24258535101197,24258678734568,0
2,cam2_24258549771588.jpg,24258549771588,24258692400775,0
0,cam0_24258550893537.jpg,24258550893537,24258693528271,0
4,cam4_24258551767863.jpg,24258551767863,24258694365228,0
2,cam2_24258566438254.jpg,24258566438254,24258708410436,0
0,cam0_24258567560203.jpg,24258567560203,24258709697279,0
4,cam4_24258568434529.jpg,24258568434529,24258710483905,0
2,cam2_24258583104920.jpg,24258583104920,24258724436090,0
0,cam0_24258584226869.jpg,24258584226869,24258725531298,0
4,cam4_24258585101195.jpg,24258585101195,24258726323420,0
2,cam2_24258599771586.jpg,24258599771586,24258740408345,0
0,cam0_24258600893535.jpg,24258600893535,24258741410661,0
4,cam4_24258601767861.jpg,24258601767861,24258742306465,0
2,cam2_24258616438252.jpg,24258616438252,24258756532830,0
0,cam0_24258617560201.jpg,24258617560201,24258757507170,0
4,cam4_24258618434527.jpg,24258618434527,24258758513493,0
2,cam2_24258633104918.jpg,24258633104918,24258776086243,0
0,cam0_24258634226867.jpg,24258634226867,24258777178646,0
4,cam4_24258635101193.jpg,24258635101193,24258778122380,0
2,cam2_24258649771584.jpg,24258649771584,24258792118143,0
0,cam0_24258650893533.jpg,24258650893533,24258793229839,0
4,cam4_24258651767859.jpg,24258651767859,24258794150797,0
2,cam2_24258666438250.jpg,24258666438250,24258808152948,0
0,cam0_24258667560199.jpg,24258667560199,24258809220316,0
4,cam4_24258668434525.jpg,24258668434525,24258810116185,0
2,cam2_24258683104916.jpg,24258683104916,24258824099662,0
0,cam0_24258684226865.jpg,24258684226865,24258825174910,0
4,cam4_24258685101191.jpg,24258685101191,24258826062765,0
2,cam2_24258699771582.jpg,24258699771582,24258840184778,0
0,cam0_24258700893531.jpg,24258700893531,24258841218529,0
4,cam4_24258701767857.jpg,24258701767857,24258842071447,0
2,cam2_24258716438248.jpg,24258716438248,24258856260124,0
0,cam0_24258717560197.jpg,24258717560197,24258857396902,0
4,cam4_24258718434523.jpg,24258718434523,24258858385518,0
2,cam2_24258733104914.jpg,24258733104914,24258876591379,0
0,cam0_24258734226863.jpg,24258734226863,24258877541257,0
4,cam4_24258735101189.jpg,24258735101189,24258878468707,0
2,cam2_24258749771580.jpg,24258749771580,24258892418201,0
0,cam0_24258750893529.jpg,24258750893529,24258893527188,0
4,cam4_24258751767855.jpg,24258751767855,24258894410281,0
2,cam2_24258766438246.jpg,24258766438246,24258908490658,0
0,cam0_24258767560195.jpg,24258767560195,24258909574102,0
4,cam4_24258768434521.jpg,24258768434521,24258910638416,0
2,cam2_24258783104912.jpg,24258783104912,24258924442835,0
0,cam0_24258784226861.jpg,24258784226861,24258925640086,0
4,cam4_24258785101187.jpg,24258785101187,24258926631917,0
2,cam2_24258799771578.jpg,24258799771578,24258940315355,0
0,cam0_24258800893527.jpg,24258800893527,24258941365492,0
4,cam4_24258801767853.jpg,24258801767853,24258942210981,0
2,cam2_24258816438244.jpg,24258816438244,24258956471509,0
0,cam0_24258817560193.jpg,24258817560193,24258957587811,0
4,cam4_24258818434519.jpg,24258818434519,24258958564645,0
2,cam2_24258833104910.jpg,24258833104910,24258976320458,0
0,cam0_24258834226859.jpg,24258834226859,24258977265800,0
4,cam4_24258835101185.jpg,24258835101185,24258978242596,0
2,cam2_24258849771576.jpg,24258849771576,24258992479806,0
0,cam0_24258850893525.jpg,24258850893525,24258993503157,0
4,cam4_24258851767851.jpg,24258851767851,24258994483667,0
2,cam2_24258866438242.jpg,24258866438242,24259008691613,0
0,cam0_24258867560191.jpg,24258867560191,24259009746579,0
4,cam4_24258868434517.jpg,24258868434517,24259010609939,0
2,cam2_24258883104908.jpg,24258883104908,24259024612985,0
0,cam0_24258884226857.jpg,24258884226857,24259025622262,0
4,cam4_24258885101183.jpg,24258885101183,24259026531691,0
2,cam2_24258899771574.jpg,24258899771574,24259040711404,0
0,cam0_24258900893523.jpg,24258900893523,24259041810210,0
4,cam4_24258901767849.jpg,24258901767849,24259042679007,0
2,cam2_24258916438240.jpg,24258916438240,24259056705525,0
0,cam0_24258917560189.jpg,24258917560189,24259057855995,0
4,cam4_24258918434515.jpg,24258918434515,24259058829907,0
2,cam2_24258933104906.jpg,24258933104906,24259076612326,0
0,cam0_24258934226855.jpg,24258934226855,24259077765821,0
4,cam4_24258935101181.jpg,24258935101181,24259078686395,0
2,cam2_24258949771572.jpg,24258949771572,24259092653476,0
0,cam0_24258950893521.jpg,24258950893521,24259093723239,0
4,cam4_24258951767847.jpg,24258951767847,24259094598759,0
2,cam2_24258966438238.jpg,24258966438238,24259108641681,0
0,cam0_24258967560187.jpg,24258967560187,24259109662041,0
4,cam4_24258968434513.jpg,24258968434513,24259110564460,0
2,cam2_24258983104904.jpg,24258983104904,24259124728849,0
0,cam0_24258984226853.jpg,24258984226853,24259125744511,0
4,cam4_24258985101179.jpg,24258985101179,24259126684308,0
2,cam2_24258999771570.jpg,24258999771570,24259140686293,0
0,cam0_24259000893519.jpg,24259000893519,24259142566093,0
4,cam4_24259001767845.jpg,24259001767845,24259143146234,0
2,cam2_24259016438236.jpg,24259016438236,24259156306988,0
0,cam0_24259017560185.jpg,24259017560185,24259161436632,0
4,cam4_24259018434511.jpg,24259018434511,24259162131801,0
2,cam2_24259033104902.jpg,24259033104902,24259176440820,0
0,cam0_24259034226851.jpg,24259034226851,24259177520342,0
4,cam4_24259035101177.jpg,24259035101177,24259178181848,0
2,cam2_24259049771568.jpg,24259049771568,24259192337278,0
0,cam0_24259050893517.jpg,24259050893517,24259193425941,0
4,cam4_24259051767843.jpg,24259051767843,24259194260053,0
2,cam2_24259066438234.jpg,24259066438234,24259208245828,0
0,cam0_24259067560183.jpg,24259067560183,24259209284509,0
4,cam4_24259068434509.jpg,24259068434509,24259210295098,0
2,cam2_24259083104900.jpg,24259083104900,24259224136359,0
0,cam0_24259084226849.jpg,24259084226849,24259225289877,0
4,cam4_24259085101175.jpg,24259085101175,24259226308572,0
2,cam2_24259099771566.jpg,24259099771566,24259240417606,0
0,cam0_24259100893515.jpg,24259100893515,24259241613418,0
4,cam4_24259101767841.jpg,24259101767841,24259242697665,0
2,cam2_24259116438232.jpg,24259116438232,24259260551162,0
0,cam0_24259117560181.jpg,24259117560181,24259261763125,0
4,cam4_24259118434507.jpg,24259118434507,24259262629470,0
2,cam2_24259133104898.jpg,24259133104898,24259276570631,0
0,cam0_24259134226847.jpg,24259134226847,24259277630324,0
4,cam4_24259135101173.jpg,24259135101173,24259278516900,0
2,cam2_24259149771564.jpg,24259149771564,24259292581945,0
0,cam0_24259150893513.jpg,24259150893513,24259293560363,0
4,cam4_24259151767839.jpg,24259151767839,24259294413255,0
2,cam2_24259166438230.jpg,24259166438230,24259308508956,0
0,cam0_24259167560179.jpg,24259167560179,24259309553435,0
4,cam4_24259168434505.jpg,24259168434505,24259310401568,0
2,cam2_24259183104896.jpg,24259183104896,24259324525187,0
0,cam0_24259184226845.jpg,24259184226845,24259325636578,0
4,cam4_24259185101171.jpg,24259185101171,24259326602548,0
2,cam2_24259199771562.jpg,24259199771562,24259340667302,0
0,cam0_24259200893511.jpg,24259200893511,24259341766013,0
4,cam4_24259201767837.jpg,24259201767837,24259342493317,0
2,cam2_24259216438228.jpg,24259216438228,24259360615275,0
0,cam0_24259217560177.jpg,24259217560177,24259361772917,0
4,cam4_24259218434503.jpg,24259218434503,24259362554947,0
2,cam2_24259233104894.jpg,24259233104894,24259376588209,0
0,cam0_24259234226843.jpg,24259234226843,24259377729164,0
4,cam4_24259235101169.jpg,24259235101169,24259378521593,0
2,cam2_24259249771560.jpg,24259249771560,24259392597019,0
0,cam0_24259250893509.jpg,24259250893509,24259393741639,0
4,cam4_24259251767835.jpg,24259251767835,24259394768211,0
2,cam2_24259266438226.jpg,24259266438226,24259408556102,0
0,cam0_24259267560175.jpg,24259267560175,24259409647729,0
4,cam4_24259268434501.jpg,24259268434501,24259410633400,0
2,cam2_24259283104892.jpg,24259283104892,24259424435593,0
0,cam0_24259284226841.jpg,24259284226841,24259425523720,0
4,cam4_24259285101167.jpg,24259285101167,24259426481244,0
2,cam2_24259299771558.jpg,24259299771558,24259440545212,0
0,cam0_24259300893507.jpg,24259300893507,24259441567119,0
4,cam4_24259301767833.jpg,24259301767833,24259442819591,0
2,cam2_24259316438224.jpg,24259316438224,24259460685043,0
0,cam0_24259317560173.jpg,24259317560173,24259461655178,0
4,cam4_24259318434499.jpg,24259318434499,24259462410669,0
2,cam2_24259333104890.jpg,24259333104890,24259476392560,0
0,cam0_24259334226839.jpg,24259334226839,24259477506729,0
4,cam4_24259335101165.jpg,24259335101165,24259478444125,0
2,cam2_24259349771556.jpg,24259349771556,24259492589299,0
0,cam0_24259350893505.jpg,24259350893505,24259493578580,0
4,cam4_24259351767831.jpg,24259351767831,24259494543019,0
2,cam2_24259366438222.jpg,24259366438222,24259508454600,0
0,cam0_24259367560171.jpg,24259367560171,24259509540365,0
4,cam4_24259368434497.jpg,24259368434497,24259510466854,0
2,cam2_24259383104888.jpg,24259383104888,24259524547391,0
0,cam0_24259384226837.jpg,24259384226837,24259525618664,0
4,cam4_24259385101163.jpg,24259385101163,24259526572419,0
2,cam2_24259399771554.jpg,24259399771554,24259540603502,0
0,cam0_24259400893503.jpg,24259400893503,24259541589697,0
4,cam4_24259401767829.jpg,24259401767829,24259542533440,0
2,cam2_24259416438220.jpg,24259416438220,24259560582598,0
0,cam0_24259417560169.jpg,24259417560169,24259561563229,0
4,cam4_24259418434495.jpg,24259418434495,24259562412208,0
2,cam2_24259433104886.jpg,24259433104886,24259576488712,0
0,cam0_24259434226835.jpg,24259434226835,24259577576909,0
4,cam4_24259435101161.jpg,24259435101161,24259578577839,0
2,cam2_24259449771552.jpg,24259449771552,24259592638977,0
0,cam0_24259450893501.jpg,24259450893501,24259593718512,0
4,cam4_24259451767827.jpg,24259451767827,24259594612464,0
2,cam2_24259466438218.jpg,24259466438218,24259608748072,0
0,cam0_24259467560167.jpg,24259467560167,24259609776927,0
4,cam4_24259468434493.jpg,24259468434493,24259610639058,0
2,cam2_24259483104884.jpg,24259483104884,24259624621691,0
0,cam0_24259484226833.jpg,24259484226833,24259625699338,0
4,cam4_24259485101159.jpg,24259485101159,24259626616033,0
2,cam2_24259499771550.jpg,24259499771550,24259640598901,0
0,cam0_24259500893499.jpg,24259500893499,24259641698259,0
4,cam4_24259501767825.jpg,24259501767825,24259642593922,0
2,cam2_24259516438216.jpg,24259516438216,24259660635307,0
0,cam0_24259517560165.jpg,24259517560165,24259661714297,0
4,cam4_24259518434491.jpg,24259518434491,24259662705980,0
2,cam2_24259533104882.jpg,24259533104882,24259676613624,0
0,cam0_24259534226831.jpg,24259534226831,24259677644580,0
4,cam4_24259535101157.jpg,24259535101157,24259678560585,0
2,cam2_24259549771548.jpg,24259549771548,24259692500817,0
0,cam0_24259550893497.jpg,24259550893497,24259693637919,0
4,cam4_24259551767823.jpg,24259551767823,24259694539109,0
2,cam2_24259566438214.jpg,24259566438214,24259708564597,0
0,cam0_24259567560163.jpg,24259567560163,24259709711640,0
4,cam4_24259568434489.jpg,24259568434489,24259710571421,0
2,cam2_24259583104880.jpg,24259583104880,24259724670954,0
0,cam0_24259584226829.jpg,24259584226829,24259725807972,0
4,cam4_24259585101155.jpg,24259585101155,24259726689634,0
2,cam2_24259599771546.jpg,24259599771546,24259740351292,0
0,cam0_24259600893495.jpg,24259600893495,24259741423743,0
4,cam4_24259601767821.jpg,24259601767821,24259742264504,0
2,cam2_24259616438212.jpg,24259616438212,24259760218349,0
0,cam0_24259617560161.jpg,24259617560161,24259761282660,0
4,cam4_24259618434487.jpg,24259618434487,24259762187362,0
2,cam2_24259633104878.jpg,24259633104878,24259776155260,0
0,cam0_24259634226827.jpg,24259634226827,24259777278568,0
4,cam4_24259635101153.jpg,24259635101153,24259778186004,0
2,cam2_24259649771544.jpg,24259649771544,24259792218361,0
0,cam0_24259650893493.jpg,24259650893493,24259793393341,0
4,cam4_24259651767819.jpg,24259651767819,24259794248671,0
2,cam2_24259666438210.jpg,24259666438210,24259808226410,0
0,cam0_24259667560159.jpg,24259667560159,24259809317967,0
4,cam4_24259668434485.jpg,24259668434485,24259810197163,0
2,cam2_24259683104876.jpg,24259683104876,24259824233001,0
0,cam0_24259684226825.jpg,24259684226825,24259825308627,0
4,cam4_24259685101151.jpg,24259685101151,24259826148940,0
2,cam2_24259699771542.jpg,24259699771542,24259840177197,0
0,cam0_24259700893491.jpg,24259700893491,24259841325747,0
4,cam4_24259701767817.jpg,24259701767817,24259842152722,0
2,cam2_24259716438208.jpg,24259716438208,24259860649492,0
0,cam0_24259717560157.jpg,24259717560157,24259861777602,0
4,cam4_24259718434483.jpg,24259718434483,24259862641289,0
2,cam2_24259733104874.jpg,24259733104874,24259876548330,0
0,cam0_24259734226823.jpg,24259734226823,24259877784429,0
4,cam4_24259735101149.jpg,24259735101149,24259878605445,0
2,cam2_24259749771540.jpg,24259749771540,24259892436019,0
0,cam0_24259750893489.jpg,24259750893489,24259893654738,0
4,cam4_24259751767815.jpg,24259751767815,24259894466892,0
2,cam2_24259766438206.jpg,24259766438206,24259908610902,0
0,cam0_24259767560155.jpg,24259767560155,24259909634292,0
4,cam4_24259768434481.jpg,24259768434481,24259910459368,0
2,cam2_24259783104872.jpg,24259783104872,24259924653670,0
0,cam0_24259784226821.jpg,24259784226821,24259925678743,0
4,cam4_24259785101147.jpg,24259785101147,24259926635624,0
2,cam2_24259799771538.jpg,24259799771538,24259940605954,0
0,cam0_24259800893487.jpg,24259800893487,24259941655139,0
4,cam4_24259801767813.jpg,24259801767813,24259942623021,0
2,cam2_24259816438204.jpg,24259816438204,24259960750605,0
0,cam0_24259817560153.jpg,24259817560153,24259961721767,0
4,cam4_24259818434479.jpg,24259818434479,24259962583653,0
2,cam2_24259833104870.jpg,24259833104870,24259976421181,0
0,cam0_24259834226819.jpg,24259834226819,24259977585548,0
4,cam4_24259835101145.jpg,24259835101145,24259978460885,0
2,cam2_24259849771536.jpg,24259849771536,24259992391114,0
0,cam0_24259850893485.jpg,24259850893485,24259993461386,0
4,cam4_24259851767811.jpg,24259851767811,24259994308141,0
2,cam2_24259866438202.jpg,24259866438202,24260008586336,0
0,cam0_24259867560151.jpg,24259867560151,24260009660435,0
4,cam4_24259868434477.jpg,24259868434477,24260010604269,0
2,cam2_24259883104868.jpg,24259883104868,24260024567903,0
0,cam0_24259884226817.jpg,24259884226817,24260025822728,0
4,cam4_24259885101143.jpg,24259885101143,24260026601524,0
2,cam2_24259899771534.jpg,24259899771534,24260040603393,0
0,cam0_24259900893483.jpg,24259900893483,24260041718309,0
4,cam4_24259901767809.jpg,24259901767809,24260042664710,0
2,cam2_24259916438200.jpg,24259916438200,24260060560834,0
0,cam0_24259917560149.jpg,24259917560149,24260061634154,0
4,cam4_24259918434475.jpg,24259918434475,24260062598027,0
2,cam2_24259933104866.jpg,24259933104866,24260076457005,0
0,cam0_24259934226815.jpg,24259934226815,24260077605166,0
4,cam4_24259935101141.jpg,24259935101141,24260078579188,0
2,cam2_24259949771532.jpg,24259949771532,24260092449981,0
0,cam0_24259950893481.jpg,24259950893481,24260093569474,0
4,cam4_24259951767807.jpg,24259951767807,24260094481088,0
2,cam2_24259966438198.jpg,24259966438198,24260108471973,0
0,cam0_24259967560147.jpg,24259967560147,24260109555732,0
4,cam4_24259968434473.jpg,24259968434473,24260110607445,0
2,cam2_24259983104864.jpg,24259983104864,24260124247537,0
0,cam0_24259984226813.jpg,24259984226813,24260125316215,0
4,cam4_24259985101139.jpg,24259985101139,24260126246442,0
2,cam2_24259999771530.jpg,24259999771530,24260140521526,0
0,cam0_24260000893479.jpg,24260000893479,24260141600903,0
4,cam4_24260001767805.jpg,24260001767805,24260142561195,0
2,cam2_24260016438196.jpg,24260016438196,24260160551378,0
0,cam0_24260017560145.jpg,24260017560145,24260161604074,0
4,cam4_24260018434471.jpg,24260018434471,24260162617865,0
2,cam2_24260033104862.jpg,24260033104862,24260176634122,0
0,cam0_24260034226811.jpg,24260034226811,24260177622151,0
4,cam4_24260035101137.jpg,24260035101137,24260178590927,0
2,cam2_24260049771528.jpg,24260049771528,24260192618128,0
0,cam0_24260050893477.jpg,24260050893477,24260193717307,0
4,cam4_24260051767803.jpg,24260051767803,24260194708932,0
2,cam2_24260066438194.jpg,24260066438194,24260208501438,0
0,cam0_24260067560143.jpg,24260067560143,24260209605423,0
4,cam4_24260068434469.jpg,24260068434469,24260210788501,0
2,cam2_24260083104860.jpg,24260083104860,24260224527318,0
0,cam0_24260084226809.jpg,24260084226809,24260225672031,0
4,cam4_24260085101135.jpg,24260085101135,24260226506123,0
2,cam2_24260099771526.jpg,24260099771526,24260240541665,0
0,cam0_24260100893475.jpg,24260100893475,24260241597385,0
4,cam4_24260101767801.jpg,24260101767801,24260242452199,0
2,cam2_24260116438192.jpg,24260116438192,24260260626272,0
0,cam0_24260117560141.jpg,24260117560141,24260261669371,0
4,cam4_24260118434467.jpg,24260118434467,24260262518667,0
2,cam2_24260133104858.jpg,24260133104858,24260276410136,0
0,cam0_24260134226807.jpg,24260134226807,24260277527402,0
4,cam4_24260135101133.jpg,24260135101133,24260278402456,0
2,cam2_24260149771524.jpg,24260149771524,24260292315075,0
0,cam0_24260150893473.jpg,24260150893473,24260293311048,0
4,cam4_24260151767799.jpg,24260151767799,24260294345668,0
2,cam2_24260166438190.jpg,24260166438190,24260308627060,0
0,cam0_24260167560139.jpg,24260167560139,24260309658597,0
4,cam4_24260168434465.jpg,24260168434465,24260310650710,0
2,cam2_24260183104856.jpg,24260183104856,24260324580716,0
0,cam0_24260184226805.jpg,24260184226805,24260325658246,0
4,cam4_24260185101131.jpg,24260185101131,24260326660770,0
2,cam2_24260199771522.jpg,24260199771522,24260340603108,0
4,cam4_24260201767797.jpg,24260201767797,24260342555371,0
0,cam0_24260200893471.jpg,24260200893471,24260345650679,0
2,cam2_24260216438188.jpg,24260216438188,24260360579876,0
0,cam0_24260217560137.jpg,24260217560137,24260361576501,0
4,cam4_24260218434463.jpg,24260218434463,24260362545497,0
2,cam2_24260233104854.jpg,24260233104854,24260376606090,0
0,cam0_24260234226803.jpg,24260234226803,24260377614683,0
4,cam4_24260235101129.jpg,24260235101129,24260378558453,0
2,cam2_24260249771520.jpg,24260249771520,24260392567589,0
0,cam0_24260250893469.jpg,24260250893469,24260393811273,0
4,cam4_24260251767795.jpg,24260251767795,24260394692738,0
2,cam2_24260266438186.jpg,24260266438186,24260408583899,0
0,cam0_24260267560135.jpg,24260267560135,24260409716398,0
4,cam4_24260268434461.jpg,24260268434461,24260410624227,0
2,cam2_24260283104852.jpg,24260283104852,24260424597793,0
0,cam0_24260284226801.jpg,24260284226801,24260425714637,0
4,cam4_24260285101127.jpg,24260285101127,24260426614946,0
2,cam2_24260299771518.jpg,24260299771518,24260440871555,0
0,cam0_24260300893467.jpg,24260300893467,24260445874588,0
4,cam4_24260301767793.jpg,24260301767793,24260447046178,0
2,cam2_24260316438184.jpg,24260316438184,24260460537134,0
0,cam0_24260317560133.jpg,24260317560133,24260461487215,0
4,cam4_24260318434459.jpg,24260318434459,24260462321843,0
2,cam2_24260333104850.jpg,24260333104850,24260476450755,0
0,cam0_24260334226799.jpg,24260334226799,24260477410960,0
4,cam4_24260335101125.jpg,24260335101125,24260478316152,0
2,cam2_24260349771516.jpg,24260349771516,24260492348867,0
0,cam0_24260350893465.jpg,24260350893465,24260493463565,0
4,cam4_24260351767791.jpg,24260351767791,24260494286604,0
2,cam2_24260366438182.jpg,24260366438182,24260508328202,0
0,cam0_24260367560131.jpg,24260367560131,24260509393931,0
4,cam4_24260368434457.jpg,24260368434457,24260510247683,0
2,cam2_24260383104848.jpg,24260383104848,24260524583389,0
0,cam0_24260384226797.jpg,24260384226797,24260525774975,0
4,cam4_24260385101123.jpg,24260385101123,24260526641000,0
2,cam2_24260399771514.jpg,24260399771514,24260544877879,0
0,cam0_24260400893463.jpg,24260400893463,24260546033060,0
4,cam4_24260401767789.jpg,24260401767789,24260546820500,0
2,cam2_24260416438180.jpg,24260416438180,24260560789219,0
0,cam0_24260417560129.jpg,24260417560129,24260561834519,0
4,cam4_24260418434455.jpg,24260418434455,24260562633924,0
2,cam2_24260433104846.jpg,24260433104846,24260576715622,0
0,cam0_24260434226795.jpg,24260434226795,24260577831514,0
4,cam4_24260435101121.jpg,24260435101121,24260578781788,0
2,cam2_24260449771512.jpg,24260449771512,24260592609740,0
0,cam0_24260450893461.jpg,24260450893461,24260593799858,0
4,cam4_24260451767787.jpg,24260451767787,24260594750344,0
2,cam2_24260466438178.jpg,24260466438178,24260608541851,0
0,cam0_24260467560127.jpg,24260467560127,24260609750435,0
4,cam4_24260468434453.jpg,24260468434453,24260610625043,0
2,cam2_24260483104844.jpg,24260483104844,24260624530480,0
0,cam0_24260484226793.jpg,24260484226793,24260625802412,0
4,cam4_24260485101119.jpg,24260485101119,24260626525695,0
2,cam2_24260499771510.jpg,24260499771510,24260644539583,0
0,cam0_24260500893459.jpg,24260500893459,24260645703790,0
4,cam4_24260501767785.jpg,24260501767785,24260646560818,0
2,cam2_24260516438176.jpg,24260516438176,24260660558627,0
0,cam0_24260517560125.jpg,24260517560125,24260661747968,0
4,cam4_24260518434451.jpg,24260518434451,24260662570231,0
2,cam2_24260533104842.jpg,24260533104842,24260676560128,0
0,cam0_24260534226791.jpg,24260534226791,24260677771867,0
4,cam4_24260535101117.jpg,24260535101117,24260678672967,0
2,cam2_24260549771508.jpg,24260549771508,24260692443242,0
0,cam0_24260550893457.jpg,24260550893457,24260693650361,0
4,cam4_24260551767783.jpg,24260551767783,24260694446329,0
2,cam2_24260566438174.jpg,24260566438174,24260708452864,0
0,cam0_24260567560123.jpg,24260567560123,24260709682941,0
4,cam4_24260568434449.jpg,24260568434449,24260710434345,0
2,cam2_24260583104840.jpg,24260583104840,24260724622936,0
0,cam0_24260584226789.jpg,24260584226789,24260725763861,0
4,cam4_24260585101115.jpg,24260585101115,24260726602043,0
2,cam2_24260599771506.jpg,24260599771506,24260744319335,0
0,cam0_24260600893455.jpg,24260600893455,24260745394379,0
4,cam4_24260601767781.jpg,24260601767781,24260746348647,0
2,cam2_24260616438172.jpg,24260616438172,24260760214185,0
0,cam0_24260617560121.jpg,24260617560121,24260761301195,0
4,cam4_24260618434447.jpg,24260618434447,24260762249781,0
2,cam2_24260633104838.jpg,24260633104838,24260776272258,0
0,cam0_24260634226787.jpg,24260634226787,24260777306725,0
4,cam4_24260635101113.jpg,24260635101113,24260778273720,0
2,cam2_24260649771504.jpg,24260649771504,24260792296903,0
0,cam0_24260650893453.jpg,24260650893453,24260793370370,0
4,cam4_24260651767779.jpg,24260651767779,24260794327858,0
2,cam2_24260666438170.jpg,24260666438170,24260808288232,0
0,cam0_24260667560119.jpg,24260667560119,24260809388371,0
4,cam4_24260668434445.jpg,24260668434445,24260810262030,0
2,cam2_24260683104836.jpg,24260683104836,24260824327864,0
0,cam0_24260684226785.jpg,24260684226785,24260825361614,0
4,cam4_24260685101111.jpg,24260685101111,24260826222878,0
2,cam2_24260699771502.jpg,24260699771502,24260844480341,0
0,cam0_24260700893451.jpg,24260700893451,24260845405228,0
4,cam4_24260701767777.jpg,24260701767777,24260846253874,0
2,cam2_24260716438168.jpg,24260716438168,24260860453215,0
0,cam0_24260717560117.jpg,24260717560117,24260861501853,0
4,cam4_24260718434443.jpg,24260718434443,24260862322079,0
2,cam2_24260733104834.jpg,24260733104834,24260876282832,0
0,cam0_24260734226783.jpg,24260734226783,24260877551931,0
4,cam4_24260735101109.jpg,24260735101109,24260878371725,0
2,cam2_24260749771500.jpg,24260749771500,24260892617929,0
0,cam0_24260750893449.jpg,24260750893449,24260893850967,0
4,cam4_24260751767775.jpg,24260751767775,24260894701747,0
2,cam2_24260766438166.jpg,24260766438166,24260908624283,0
0,cam0_24260767560115.jpg,24260767560115,24260909871704,0
4,cam4_24260768434441.jpg,24260768434441,24260910644248,0
2,cam2_24260783104832.jpg,24260783104832,24260924673861,0
0,cam0_24260784226781.jpg,24260784226781,24260926111660,0
4,cam4_24260785101107.jpg,24260785101107,24260926721141,0
2,cam2_24260799771498.jpg,24260799771498,24260944713861,0
0,cam0_24260800893447.jpg,24260800893447,24260945448079,0
4,cam4_24260801767773.jpg,24260801767773,24260946292545,0
2,cam2_24260816438164.jpg,24260816438164,24260960637863,0
0,cam0_24260817560113.jpg,24260817560113,24260961955801,0
4,cam4_24260818434439.jpg,24260818434439,24260962965117,0
2,cam2_24260833104830.jpg,24260833104830,24260976667305,0
0,cam0_24260834226779.jpg,24260834226779,24260977909283,0
4,cam4_24260835101105.jpg,24260835101105,24260978789307,0
2,cam2_24260849771496.jpg,24260849771496,24260992833705,0
0,cam0_24260850893445.jpg,24260850893445,24260994099199,0
4,cam4_24260851767771.jpg,24260851767771,24260994852016,0
2,cam2_24260866438162.jpg,24260866438162,24261008308602,0
0,cam0_24260867560111.jpg,24260867560111,24261009486732,0
4,cam4_24260868434437.jpg,24260868434437,24261010307366,0
2,cam2_24260883104828.jpg,24260883104828,24261024597323,0
0,cam0_24260884226777.jpg,24260884226777,24261025870514,0
4,cam4_24260885101103.jpg,24260885101103,24261026795864,0
2,cam2_24260899771494.jpg,24260899771494,24261044562380,0
0,cam0_24260900893443.jpg,24260900893443,24261045848243,0
4,cam4_24260901767769.jpg,24260901767769,24261046672713,0
2,cam2_24260916438160.jpg,24260916438160,24261060626150,0
0,cam0_24260917560109.jpg,24260917560109,24261062025969,0
4,cam4_24260918434435.jpg,24260918434435,24261062974469,0
2,cam2_24260933104826.jpg,24260933104826,24261076758361,0
0,cam0_24260934226775.jpg,24260934226775,24261078017254,0
4,cam4_24260935101101.jpg,24260935101101,24261078856523,0
2,cam2_24260949771492.jpg,24260949771492,24261092575175,0
0,cam0_24260950893441.jpg,24260950893441,24261093903649,0
4,cam4_24260951767767.jpg,24260951767767,24261094721515,0
2,cam2_24260966438158.jpg,24260966438158,24261108579203,0
0,cam0_24260967560107.jpg,24260967560107,24261109810875,0
4,cam4_24260968434433.jpg,24260968434433,24261110655271,0
2,cam2_24260983104824.jpg,24260983104824,24261124667126,0
0,cam0_24260984226773.jpg,24260984226773,24261125845540,0
4,cam4_24260985101099.jpg,24260985101099,24261126721493,0
2,cam2_24260999771490.jpg,24260999771490,24261144545748,0
0,cam0_24261000893439.jpg,24261000893439,24261145772959,0
4,cam4_24261001767765.jpg,24261001767765,24261146634908,0
2,cam2_24261016438156.jpg,24261016438156,24261160640598,0
0,cam0_24261017560105.jpg,24261017560105,24261161810975,0
4,cam4_24261018434431.jpg,24261018434431,24261162525769,0
2,cam2_24261033104822.jpg,24261033104822,24261176627939,0
0,cam0_24261034226771.jpg,24261034226771,24261177825164,0
4,cam4_24261035101097.jpg,24261035101097,24261178731141,0
2,cam2_24261049771488.jpg,24261049771488,24261192576974,0
0,cam0_24261050893437.jpg,24261050893437,24261193883579,0
4,cam4_24261051767763.jpg,24261051767763,24261194791414,0
2,cam2_24261066438154.jpg,24261066438154,24261208568109,0
0,cam0_24261067560103.jpg,24261067560103,24261209782134,0
4,cam4_24261068434429.jpg,24261068434429,24261210592746,0
2,cam2_24261083104820.jpg,24261083104820,24261224534054,0
0,cam0_24261084226769.jpg,24261084226769,24261225783846,0
4,cam4_24261085101095.jpg,24261085101095,24261226632703,0
2,cam2_24261099771486.jpg,24261099771486,24261244575817,0
0,cam0_24261100893435.jpg,24261100893435,24261245796863,0
4,cam4_24261101767761.jpg,24261101767761,24261246645636,0
2,cam2_24261116438152.jpg,24261116438152,24261260334230,0
0,cam0_24261117560101.jpg,24261117560101,24261261680932,0
4,cam4_24261118434427.jpg,24261118434427,24261262389357,0
2,cam2_24261133104818.jpg,24261133104818,24261276324447,0
0,cam0_24261134226767.jpg,24261134226767,24261277532544,0
4,cam4_24261135101093.jpg,24261135101093,24261278314161,0
2,cam2_24261149771484.jpg,24261149771484,24261292277723,0
0,cam0_24261150893433.jpg,24261150893433,24261293397776,0
4,cam4_24261151767759.jpg,24261151767759,24261294271669,0
2,cam2_24261166438150.jpg,24261166438150,24261308261706,0
0,cam0_24261167560099.jpg,24261167560099,24261309393231,0
4,cam4_24261168434425.jpg,24261168434425,24261310252873,0
2,cam2_24261183104816.jpg,24261183104816,24261324331531,0
0,cam0_24261184226765.jpg,24261184226765,24261325495133,0
4,cam4_24261185101091.jpg,24261185101091,24261326327674,0
2,cam2_24261199771482.jpg,24261199771482,24261344315971,0
0,cam0_24261200893431.jpg,24261200893431,24261345506351,0
4,cam4_24261201767757.jpg,24261201767757,24261346295130,0
2,cam2_24261216438148.jpg,24261216438148,24261360308986,0
0,cam0_24261217560097.jpg,24261217560097,24261361429469,0
4,cam4_24261218434423.jpg,24261218434423,24261362270655,0
2,cam2_24261233104814.jpg,24261233104814,24261376380919,0
0,cam0_24261234226763.jpg,24261234226763,24261377842199,0
4,cam4_24261235101089.jpg,24261235101089,24261378666350,0
2,cam2_24261249771480.jpg,24261249771480,24261392692448,0
0,cam0_24261250893429.jpg,24261250893429,24261393965570,0
4,cam4_24261251767755.jpg,24261251767755,24261394757482,0
2,cam2_24261266438146.jpg,24261266438146,24261408682347,0
0,cam0_24261267560095.jpg,24261267560095,24261409847700,0
4,cam4_24261268434421.jpg,24261268434421,24261410669882,0
2,cam2_24261283104812.jpg,24261283104812,24261424662079,0
0,cam0_24261284226761.jpg,24261284226761,24261425773276,0
4,cam4_24261285101087.jpg,24261285101087,24261426607828,0
2,cam2_24261299771478.jpg,24261299771478,24261444587707,0
0,cam0_24261300893427.jpg,24261300893427,24261445773450,0
4,cam4_24261301767753.jpg,24261301767753,24261446692063,0
2,cam2_24261316438144.jpg,24261316438144,24261460701365,0
0,cam0_24261317560093.jpg,24261317560093,24261461838814,0
4,cam4_24261318434419.jpg,24261318434419,24261462704249,0
2,cam2_24261333104810.jpg,24261333104810,24261476588894,0
0,cam0_24261334226759.jpg,24261334226759,24261477756237,0
4,cam4_24261335101085.jpg,24261335101085,24261478630469,0
2,cam2_24261349771476.jpg,24261349771476,24261492267335,0
0,cam0_24261350893425.jpg,24261350893425,24261493815309,0
4,cam4_24261351767751.jpg,24261351767751,24261494671073,0
2,cam2_24261366438142.jpg,24261366438142,24261508577167,0
0,cam0_24261367560091.jpg,24261367560091,24261509720290,0
4,cam4_24261368434417.jpg,24261368434417,24261510530388,0
2,cam2_24261383104808.jpg,24261383104808,24261524560840,0
0,cam0_24261384226757.jpg,24261384226757,24261525843804,0
4,cam4_24261385101083.jpg,24261385101083,24261526699693,0
2,cam2_24261399771474.jpg,24261399771474,24261544559428,0
0,cam0_24261400893423.jpg,24261400893423,24261545798686,0
4,cam4_24261401767749.jpg,24261401767749,24261546587229,0
2,cam2_24261416438140.jpg,24261416438140,24261560567461,0
0,cam0_24261417560089.jpg,24261417560089,24261561575790,0
4,cam4_24261418434415.jpg,24261418434415,24261562272407,0
2,cam2_24261433104806.jpg,24261433104806,24261576610446,0
0,cam0_24261434226755.jpg,24261434226755,24261577810890,0
4,cam4_24261435101081.jpg,24261435101081,24261578674865,0
2,cam2_24261449771472.jpg,24261449771472,24261592541810,0
0,cam0_24261450893421.jpg,24261450893421,24261593802994,0
4,cam4_24261451767747.jpg,24261451767747,24261594635805,0
2,cam2_24261466438138.jpg,24261466438138,24261608557440,0
0,cam0_24261467560087.jpg,24261467560087,24261609783316,0
4,cam4_24261468434413.jpg,24261468434413,24261610607907,0
2,cam2_24261483104804.jpg,24261483104804,24261624557164,0
0,cam0_24261484226753.jpg,24261484226753,24261629788652,0
4,cam4_24261485101079.jpg,24261485101079,24261630571527,0
2,cam2_24261499771470.jpg,24261499771470,24261644565605,0
0,cam0_24261500893419.jpg,24261500893419,24261645715591,0
4,cam4_24261501767745.jpg,24261501767745,24261646602241,0
2,cam2_24261516438136.jpg,24261516438136,24261660511041,0
0,cam0_24261517560085.jpg,24261517560085,24261661775746,0
4,cam4_24261518434411.jpg,24261518434411,24261662652097,0
2,cam2_24261533104802.jpg,24261533104802,24261676555925,0
0,cam0_24261534226751.jpg,24261534226751,24261677797946,0
4,cam4_24261535101077.jpg,24261535101077,24261678627943,0
2,cam2_24261549771468.jpg,24261549771468,24261692534654,0
0,cam0_24261550893417.jpg,24261550893417,24261693711668,0
4,cam4_24261551767743.jpg,24261551767743,24261694578296,0
2,cam2_24261566438134.jpg,24261566438134,24261708761893,0
0,cam0_24261567560083.jpg,24261567560083,24261709814675,0
4,cam4_24261568434409.jpg,24261568434409,24261710711111,0
2,cam2_24261583104800.jpg,24261583104800,24261728663153,0
0,cam0_24261584226749.jpg,24261584226749,24261730041128,0
4,cam4_24261585101075.jpg,24261585101075,24261730730357,0
2,cam2_24261599771466.jpg,24261599771466,24261744657250,0
0,cam0_24261600893415.jpg,24261600893415,24261745949558,0
4,cam4_24261601767741.jpg,24261601767741,24261746676865,0
2,cam2_24261616438132.jpg,24261616438132,24261760585720,0
0,cam0_24261617560081.jpg,24261617560081,24261761881929,0
4,cam4_24261618434407.jpg,24261618434407,24261762780792,0
2,cam2_24261633104798.jpg,24261633104798,24261776645797,0
0,cam0_24261634226747.jpg,24261634226747,24261777782972,0
4,cam4_24261635101073.jpg,24261635101073,24261778714714,0
2,cam2_24261649771464.jpg,24261649771464,24261792697870,0
0,cam0_24261650893413.jpg,24261650893413,24261793977103,0
4,cam4_24261651767739.jpg,24261651767739,24261794896873,0
2,cam2_24261666438130.jpg,24261666438130,24261808714706,0
0,cam0_24261667560079.jpg,24261667560079,24261809795903,0
4,cam4_24261668434405.jpg,24261668434405,24261810647403,0
2,cam2_24261683104796.jpg,24261683104796,24261828713338,0
0,cam0_24261684226745.jpg,24261684226745,24261829902610,0
4,cam4_24261685101071.jpg,24261685101071,24261830839206,0
2,cam2_24261699771462.jpg,24261699771462,24261844640675,0
0,cam0_24261700893411.jpg,24261700893411,24261845710288,0
4,cam4_24261701767737.jpg,24261701767737,24261846556954,0
2,cam2_24261716438128.jpg,24261716438128,24261860785641,0
0,cam0_24261717560077.jpg,24261717560077,24261861920057,0
4,cam4_24261718434403.jpg,24261718434403,24261862867163,0
2,cam2_24261733104794.jpg,24261733104794,24261876659169,0
0,cam0_24261734226743.jpg,24261734226743,24261877840381,0
4,cam4_24261735101069.jpg,24261735101069,24261878729124,0
2,cam2_24261749771460.jpg,24261749771460,24261892562986,0
0,cam0_24261750893409.jpg,24261750893409,24261893774961,0
4,cam4_24261751767735.jpg,24261751767735,24261894627468,0
2,cam2_24261766438126.jpg,24261766438126,24261908566358,0
0,cam0_24261767560075.jpg,24261767560075,24261909814467,0
4,cam4_24261768434401.jpg,24261768434401,24261910749118,0
2,cam2_24261783104792.jpg,24261783104792,24261928752327,0
0,cam0_24261784226741.jpg,24261784226741,24261930017873,0
4,cam4_24261785101067.jpg,24261785101067,24261930995183,0
2,cam2_24261799771458.jpg,24261799771458,24261944633117,0
0,cam0_24261800893407.jpg,24261800893407,24261945799333,0
4,cam4_24261801767733.jpg,24261801767733,24261946817235,0
2,cam2_24261816438124.jpg,24261816438124,24261960656700,0
0,cam0_24261817560073.jpg,24261817560073,24261961975168,0
4,cam4_24261818434399.jpg,24261818434399,24261962887508,0
2,cam2_24261833104790.jpg,24261833104790,24261976750157,0
0,cam0_24261834226739.jpg,24261834226739,24261978194931,0
4,cam4_24261835101065.jpg,24261835101065,24261978911868,0
2,cam2_24261849771456.jpg,24261849771456,24261992539490,0
0,cam0_24261850893405.jpg,24261850893405,24261993612179,0
4,cam4_24261851767731.jpg,24261851767731,24261994498764,0
2,cam2_24261866438122.jpg,24261866438122,24262008545533,0
0,cam0_24261867560071.jpg,24261867560071,24262009665431,0
4,cam4_24261868434397.jpg,24261868434397,24262010597904,0
2,cam2_24261883104788.jpg,24261883104788,24262028688324,0
0,cam0_24261884226737.jpg,24261884226737,24262029849413,0
4,cam4_24261885101063.jpg,24261885101063,24262030970821,0
2,cam2_24261899771454.jpg,24261899771454,24262044592777,0
0,cam0_24261900893403.jpg,24261900893403,24262045810695,0
4,cam4_24261901767729.jpg,24261901767729,24262046723091,0
2,cam2_24261916438120.jpg,24261916438120,24262060700084,0
0,cam0_24261917560069.jpg,24261917560069,24262061942355,0
4,cam4_24261918434395.jpg,24261918434395,24262063029828,0
2,cam2_24261933104786.jpg,24261933104786,24262076670733,0
0,cam0_24261934226735.jpg,24261934226735,24262077988919,0
4,cam4_24261935101061.jpg,24261935101061,24262078935829,0
2,cam2_24261949771452.jpg,24261949771452,24262092417455,0
0,cam0_24261950893401.jpg,24261950893401,24262093526734,0
4,cam4_24261951767727.jpg,24261951767727,24262094339573,0
2,cam2_24261966438118.jpg,24261966438118,24262108645125,0
0,cam0_24261967560067.jpg,24261967560067,24262109941103,0
4,cam4_24261968434393.jpg,24261968434393,24262110702213,0
2,cam2_24261983104784.jpg,24261983104784,24262128657824,0
0,cam0_24261984226733.jpg,24261984226733,24262129931268,0
4,cam4_24261985101059.jpg,24261985101059,24262130865193,0
2,cam2_24261999771450.jpg,24261999771450,24262144619815,0
0,cam0_24262000893399.jpg,24262000893399,24262145833462,0
4,cam4_24262001767725.jpg,24262001767725,24262146652914,0
2,cam2_24262016438116.jpg,24262016438116,24262160561170,0
0,cam0_24262017560065.jpg,24262017560065,24262161781917,0
4,cam4_24262018434391.jpg,24262018434391,24262162610823,0
2,cam2_24262033104782.jpg,24262033104782,24262176535276,0
0,cam0_24262034226731.jpg,24262034226731,24262177801948,0
4,cam4_24262035101057.jpg,24262035101057,24262178618651,0
2,cam2_24262049771448.jpg,24262049771448,24262192688083,0
0,cam0_24262050893397.jpg,24262050893397,24262193904416,0
4,cam4_24262051767723.jpg,24262051767723,24262194729788,0
2,cam2_24262066438114.jpg,24262066438114,24262208709726,0
0,cam0_24262067560063.jpg,24262067560063,24262209796575,0
4,cam4_24262068434389.jpg,24262068434389,24262210652219,0
2,cam2_24262083104780.jpg,24262083104780,24262228696274,0
0,cam0_24262084226729.jpg,24262084226729,24262229786951,0
4,cam4_24262085101055.jpg,24262085101055,24262230321831,0
2,cam2_24262099771446.jpg,24262099771446,24262244608702,0
0,cam0_24262100893395.jpg,24262100893395,24262245741316,0
4,cam4_24262101767721.jpg,24262101767721,24262246564284,0
2,cam2_24262116438112.jpg,24262116438112,24262260340536,0
0,cam0_24262117560061.jpg,24262117560061,24262261520740,0
4,cam4_24262118434387.jpg,24262118434387,24262262372625,0
2,cam2_24262133104778.jpg,24262133104778,24262276335995,0
0,cam0_24262134226727.jpg,24262134226727,24262277495436,0
4,cam4_24262135101053.jpg,24262135101053,24262278312322,0
2,cam2_24262149771444.jpg,24262149771444,24262292359131,0
0,cam0_24262150893393.jpg,24262150893393,24262293457226,0
4,cam4_24262151767719.jpg,24262151767719,24262294262434,0
2,cam2_24262166438110.jpg,24262166438110,24262308384727,0
0,cam0_24262167560059.jpg,24262167560059,24262309511854,0
4,cam4_24262168434385.jpg,24262168434385,24262310263367,0
2,cam2_24262183104776.jpg,24262183104776,24262328484528,0
0,cam0_24262184226725.jpg,24262184226725,24262329534279,0
4,cam4_24262185101051.jpg,24262185101051,24262330392974,0
2,cam2_24262199771442.jpg,24262199771442,24262344366569,0
0,cam0_24262200893391.jpg,24262200893391,24262345515810,0
4,cam4_24262201767717.jpg,24262201767717,24262346397274,0
2,cam2_24262216438108.jpg,24262216438108,24262360665075,0
0,cam0_24262217560057.jpg,24262217560057,24262361836748,0
4,cam4_24262218434383.jpg,24262218434383,24262362691529,0
2,cam2_24262233104774.jpg,24262233104774,24262376632602,0
0,cam0_24262234226723.jpg,24262234226723,24262377753648,0
4,cam4_24262235101049.jpg,24262235101049,24262378611759,0
2,cam2_24262249771440.jpg,24262249771440,24262392800242,0
0,cam0_24262250893389.jpg,24262250893389,24262393966007,0
4,cam4_24262251767715.jpg,24262251767715,24262394762772,0
2,cam2_24262266438106.jpg,24262266438106,24262408687048,0
0,cam0_24262267560055.jpg,24262267560055,24262409901892,0
4,cam4_24262268434381.jpg,24262268434381,24262410814037,0
2,cam2_24262283104772.jpg,24262283104772,24262428654748,0
0,cam0_24262284226721.jpg,24262284226721,24262429920094,0
4,cam4_24262285101047.jpg,24262285101047,24262430793194,0
2,cam2_24262299771438.jpg,24262299771438,24262444582213,0
0,cam0_24262300893387.jpg,24262300893387,24262445812404,0
4,cam4_24262301767713.jpg,24262301767713,24262446597475,0
2,cam2_24262316438104.jpg,24262316438104,24262460839665,0
0,cam0_24262317560053.jpg,24262317560053,24262462102198,0
4,cam4_24262318434379.jpg,24262318434379,24262462974185,0
2,cam2_24262333104770.jpg,24262333104770,24262476781551,0
0,cam0_24262334226719.jpg,24262334226719,24262478045973,0
4,cam4_24262335101045.jpg,24262335101045,24262478865722,0
2,cam2_24262349771436.jpg,24262349771436,24262492757490,0
0,cam0_24262350893385.jpg,24262350893385,24262493876414,0
4,cam4_24262351767711.jpg,24262351767711,24262494550456,0
2,cam2_24262366438102.jpg,24262366438102,24262508414973,0
0,cam0_24262367560051.jpg,24262367560051,24262509576124,0
4,cam4_24262368434377.jpg,24262368434377,24262510384564,0
2,cam2_24262383104768.jpg,24262383104768,24262528818049,0
0,cam0_24262384226717.jpg,24262384226717,24262529993414,0
4,cam4_24262385101043.jpg,24262385101043,24262530796425,0
2,cam2_24262399771434.jpg,24262399771434,24262544753773,0
0,cam0_24262400893383.jpg,24262400893383,24262545944001,0
4,cam4_24262401767709.jpg,24262401767709,24262546803536,0
2,cam2_24262416438100.jpg,24262416438100,24262560682806,0
0,cam0_24262417560049.jpg,24262417560049,24262561905500,0
4,cam4_24262418434375.jpg,24262418434375,24262562763151,0
2,cam2_24262433104766.jpg,24262433104766,24262576577284,0
0,cam0_24262434226715.jpg,24262434226715,24262577808914,0
4,cam4_24262435101041.jpg,24262435101041,24262578639708,0
2,cam2_24262449771432.jpg,24262449771432,24262592610535,0
0,cam0_24262450893381.jpg,24262450893381,24262593863782,0
4,cam4_24262451767707.jpg,24262451767707,24262594629017,0
2,cam2_24262466438098.jpg,24262466438098,24262608692491,0
0,cam0_24262467560047.jpg,24262467560047,24262609956154,0
4,cam4_24262468434373.jpg,24262468434373,24262610679460,0
2,cam2_24262483104764.jpg,24262483104764,24262628641296,0
0,cam0_24262484226713.jpg,24262484226713,24262629895018,0
4,cam4_24262485101039.jpg,24262485101039,24262630594283,0
2,cam2_24262499771430.jpg,24262499771430,24262644586603,0
0,cam0_24262500893379.jpg,24262500893379,24262645784349,0
4,cam4_24262501767705.jpg,24262501767705,24262646628667,0
2,cam2_24262516438096.jpg,24262516438096,24262660663709,0
0,cam0_24262517560045.jpg,24262517560045,24262661926193,0
4,cam4_24262518434371.jpg,24262518434371,24262662759907,0
2,cam2_24262533104762.jpg,24262533104762,24262676788123,0
0,cam0_24262534226711.jpg,24262534226711,24262678191486,0
4,cam4_24262535101037.jpg,24262535101037,24262678824160,0
2,cam2_24262549771428.jpg,24262549771428,24262692693161,0
0,cam0_24262550893377.jpg,24262550893377,24262693984450,0
4,cam4_24262551767703.jpg,24262551767703,24262694681368,0
2,cam2_24262566438094.jpg,24262566438094,24262708610723,0
0,cam0_24262567560043.jpg,24262567560043,24262709820424,0
4,cam4_24262568434369.jpg,24262568434369,24262710606507,0
2,cam2_24262583104760.jpg,24262583104760,24262728791034,0
0,cam0_24262584226709.jpg,24262584226709,24262729961390,0
4,cam4_24262585101035.jpg,24262585101035,24262730841140,0
2,cam2_24262599771426.jpg,24262599771426,24262744673406,0
0,cam0_24262600893375.jpg,24262600893375,24262745880909,0
4,cam4_24262601767701.jpg,24262601767701,24262746769277,0
2,cam2_24262616438092.jpg,24262616438092,24262760631568,0
0,cam0_24262617560041.jpg,24262617560041,24262761794909,0
4,cam4_24262618434367.jpg,24262618434367,24262762652147,0
2,cam2_24262633104758.jpg,24262633104758,24262776605237,0
0,cam0_24262634226707.jpg,24262634226707,24262777852839,0
4,cam4_24262635101033.jpg,24262635101033,24262778695020,0
2,cam2_24262649771424.jpg,24262649771424,24262792681021,0
0,cam0_24262650893373.jpg,24262650893373,24262794032890,0
4,cam4_24262651767699.jpg,24262651767699,24262794826648,0
2,cam2_24262666438090.jpg,24262666438090,24262808718978,0
4,cam4_24262668434365.jpg,24262668434365,24262810648567,0
0,cam0_24262667560039.jpg,24262667560039,24262813881066,0
2,cam2_24262683104756.jpg,24262683104756,24262828688509,0
0,cam0_24262684226705.jpg,24262684226705,24262829869513,0
4,cam4_24262685101031.jpg,24262685101031,24262830670607,0
2,cam2_24262699771422.jpg,24262699771422,24262844655144,0
0,cam0_24262700893371.jpg,24262700893371,24262845962543,0
4,cam4_24262701767697.jpg,24262701767697,24262846709307,0
2,cam2_24262716438088.jpg,24262716438088,24262860815019,0
0,cam0_24262717560037.jpg,24262717560037,24262862127618,0
4,cam4_24262718434363.jpg,24262718434363,24262862939536,0
2,cam2_24262733104754.jpg,24262733104754,24262876682344,0
0,cam0_24262734226703.jpg,24262734226703,24262877940957,0
4,cam4_24262735101029.jpg,24262735101029,24262878767616,0
2,cam2_24262749771420.jpg,24262749771420,24262892670914,0
0,cam0_24262750893369.jpg,24262750893369,24262893866098,0
4,cam4_24262751767695.jpg,24262751767695,24262894692394,0
2,cam2_24262766438086.jpg,24262766438086,24262908668939,0
0,cam0_24262767560035.jpg,24262767560035,24262913997090,0
4,cam4_24262768434361.jpg,24262768434361,24262914807677,0
2,cam2_24262783104752.jpg,24262783104752,24262928638480,0
0,cam0_24262784226701.jpg,24262784226701,24262929995253,0
4,cam4_24262785101027.jpg,24262785101027,24262930810828,0
2,cam2_24262799771418.jpg,24262799771418,24262944736622,0
0,cam0_24262800893367.jpg,24262800893367,24262946137902,0
4,cam4_24262801767693.jpg,24262801767693,24262946951975,0
2,cam2_24262816438084.jpg,24262816438084,24262960682838,0
0,cam0_24262817560033.jpg,24262817560033,24262962036016,0
4,cam4_24262818434359.jpg,24262818434359,24262962802670,0
2,cam2_24262833104750.jpg,24262833104750,24262976711632,0
0,cam0_24262834226699.jpg,24262834226699,24262978073627,0
4,cam4_24262835101025.jpg,24262835101025,24262978856262,0
2,cam2_24262849771416.jpg,24262849771416,24262992926411,0
0,cam0_24262850893365.jpg,24262850893365,24262994737428,0
4,cam4_24262851767691.jpg,24262851767691,24262995243939,0
2,cam2_24262866438082.jpg,24262866438082,24263012540591,0
0,cam0_24262867560031.jpg,24262867560031,24263013710435,0
4,cam4_24262868434357.jpg,24262868434357,24263014489659,0
2,cam2_24262883104748.jpg,24262883104748,24263028642207,0
0,cam0_24262884226697.jpg,24262884226697,24263029947679,0
4,cam4_24262885101023.jpg,24262885101023,24263030745188,0
2,cam2_24262899771414.jpg,24262899771414,24263044599529,0
0,cam0_24262900893363.jpg,24262900893363,24263045887435,0
4,cam4_24262901767689.jpg,24262901767689,24263046627095,0
2,cam2_24262916438080.jpg,24262916438080,24263060654368,0
0,cam0_24262917560029.jpg,24262917560029,24263061998906,0
4,cam4_24262918434355.jpg,24262918434355,24263062803810,0
2,cam2_24262933104746.jpg,24262933104746,24263076656688,0
0,cam0_24262934226695.jpg,24262934226695,24263077845570,0
4,cam4_24262935101021.jpg,24262935101021,24263078810862,0
2,cam2_24262949771412.jpg,24262949771412,24263092669538,0
0,cam0_24262950893361.jpg,24262950893361,24263093891857,0
4,cam4_24262951767687.jpg,24262951767687,24263094747263,0
2,cam2_24262966438078.jpg,24262966438078,24263112708025,0
0,cam0_24262967560027.jpg,24262967560027,24263113882542,0
4,cam4_24262968434353.jpg,24262968434353,24263114670934,0
2,cam2_24262983104744.jpg,24262983104744,24263128704225,0
0,cam0_24262984226693.jpg,24262984226693,24263129943342,0
4,cam4_24262985101019.jpg,24262985101019,24263130806296,0
2,cam2_24262999771410.jpg,24262999771410,24263144658228,0
0,cam0_24263000893359.jpg,24263000893359,24263145882544,0
4,cam4_24263001767685.jpg,24263001767685,24263146719532,0
2,cam2_24263016438076.jpg,24263016438076,24263160605483,0
0,cam0_24263017560025.jpg,24263017560025,24263161829710,0
4,cam4_24263018434351.jpg,24263018434351,24263162682426,0
2,cam2_24263033104742.jpg,24263033104742,24263176645979,0
0,cam0_24263034226691.jpg,24263034226691,24263177796170,0
4,cam4_24263035101017.jpg,24263035101017,24263178623309,0
2,cam2_24263049771408.jpg,24263049771408,24263192725923,0
0,cam0_24263050893357.jpg,24263050893357,24263194061369,0
4,cam4_24263051767683.jpg,24263051767683,24263194887020,0
2,cam2_24263066438074.jpg,24263066438074,24263212737517,0
0,cam0_24263067560023.jpg,24263067560023,24263213982590,0
4,cam4_24263068434349.jpg,24263068434349,24263214844198,0
2,cam2_24263083104740.jpg,24263083104740,24263228709559,0
0,cam0_24263084226689.jpg,24263084226689,24263229915541,0
4,cam4_24263085101015.jpg,24263085101015,24263230699979,0
2,cam2_24263099771406.jpg,24263099771406,24263244344781,0
0,cam0_24263100893355.jpg,24263100893355,24263245529867,0
4,cam4_24263101767681.jpg,24263101767681,24263246379952,0
2,cam2_24263116438072.jpg,24263116438072,24263260388030,0
0,cam0_24263117560021.jpg,24263117560021,24263261570071,0
4,cam4_24263118434347.jpg,24263118434347,24263262460339,0
2,cam2_24263133104738.jpg,24263133104738,24263276428435,0
0,cam0_24263134226687.jpg,24263134226687,24263277527413,0
4,cam4_24263135101013.jpg,24263135101013,24263278382460,0
2,cam2_24263149771404.jpg,24263149771404,24263292392773,0
0,cam0_24263150893353.jpg,24263150893353,24263293552900,0
4,cam4_24263151767679.jpg,24263151767679,24263294351349,0
2,cam2_24263166438070.jpg,24263166438070,24263312490328,0
0,cam0_24263167560019.jpg,24263167560019,24263313595212,0
4,cam4_24263168434345.jpg,24263168434345,24263314396764,0
2,cam2_24263183104736.jpg,24263183104736,24263328463483,0
0,cam0_24263184226685.jpg,24263184226685,24263329608904,0
4,cam4_24263185101011.jpg,24263185101011,24263330484586,0
2,cam2_24263199771402.jpg,24263199771402,24263344493824,0
0,cam0_24263200893351.jpg,24263200893351,24263345720480,0
4,cam4_24263201767677.jpg,24263201767677,24263346553126,0
2,cam2_24263216438068.jpg,24263216438068,24263360688077,0
0,cam0_24263217560017.jpg,24263217560017,24263361911221,0
4,cam4_24263218434343.jpg,24263218434343,24263362680329,0
2,cam2_24263233104734.jpg,24263233104734,24263376674610,0
0,cam0_24263234226683.jpg,24263234226683,24263377965947,0
4,cam4_24263235101009.jpg,24263235101009,24263378732805,0
2,cam2_24263249771400.jpg,24263249771400,24263392759591,0
0,cam0_24263250893349.jpg,24263250893349,24263394037582,0
4,cam4_24263251767675.jpg,24263251767675,24263394765521,0
2,cam2_24263266438066.jpg,24263266438066,24263412840723,0
0,cam0_24263267560015.jpg,24263267560015,24263414019639,0
4,cam4_24263268434341.jpg,24263268434341,24263414796745,0
2,cam2_24263283104732.jpg,24263283104732,24263428698061,0
0,cam0_24263284226681.jpg,24263284226681,24263429923654,0
4,cam4_24263285101007.jpg,24263285101007,24263430742959,0
2,cam2_24263299771398.jpg,24263299771398,24263444620346,0
0,cam0_24263300893347.jpg,24263300893347,24263445890706,0
4,cam4_24263301767673.jpg,24263301767673,24263446647008,0
2,cam2_24263316438064.jpg,24263316438064,24263460731757,0
0,cam0_24263317560013.jpg,24263317560013,24263462117496,0
4,cam4_24263318434339.jpg,24263318434339,24263462903207,0
2,cam2_24263333104730.jpg,24263333104730,24263476682480,0
0,cam0_24263334226679.jpg,24263334226679,24263477995338,0
4,cam4_24263335101005.jpg,24263335101005,24263478758436,0
2,cam2_24263349771396.jpg,24263349771396,24263493126341,0
0,cam0_24263350893345.jpg,24263350893345,24263494286094,0
4,cam4_24263351767671.jpg,24263351767671,24263494935884,0
2,cam2_24263366438062.jpg,24263366438062,24263512573844,0
0,cam0_24263367560011.jpg,24263367560011,24263513696290,0
4,cam4_24263368434337.jpg,24263368434337,24263514519648,0
2,cam2_24263383104728.jpg,24263383104728,24263528817948,0
0,cam0_24263384226677.jpg,24263384226677,24263530186025,0
4,cam4_24263385101003.jpg,24263385101003,24263530944962,0
2,cam2_24263399771394.jpg,24263399771394,24263544953235,0
0,cam0_24263400893343.jpg,24263400893343,24263545973208,0
4,cam4_24263401767669.jpg,24263401767669,24263546840966,0
2,cam2_24263416438060.jpg,24263416438060,24263560818967,0
0,cam0_24263417560009.jpg,24263417560009,24263561850232,0
4,cam4_24263418434335.jpg,24263418434335,24263562700697,0
2,cam2_24263433104726.jpg,24263433104726,24263576744294,0
0,cam0_24263434226675.jpg,24263434226675,24263577889203,0
4,cam4_24263435101001.jpg,24263435101001,24263578738812,0
2,cam2_24263449771392.jpg,24263449771392,24263592952201,0
0,cam0_24263450893341.jpg,24263450893341,24263593865192,0
4,cam4_24263451767667.jpg,24263451767667,24263594769317,0
2,cam2_24263466438058.jpg,24263466438058,24263612955993,0
0,cam0_24263467560007.jpg,24263467560007,24263614220442,0
4,cam4_24263468434333.jpg,24263468434333,24263615172152,0
2,cam2_24263483104724.jpg,24263483104724,24263628856850,0
0,cam0_24263484226673.jpg,24263484226673,24263629972441,0
4,cam4_24263485100999.jpg,24263485100999,24263630941344,0
2,cam2_24263499771390.jpg,24263499771390,24263644855046,0
0,cam0_24263500893339.jpg,24263500893339,24263646114534,0
4,cam4_24263501767665.jpg,24263501767665,24263646924138,0
2,cam2_24263516438056.jpg,24263516438056,24263660863470,0
0,cam0_24263517560005.jpg,24263517560005,24263662058361,0
4,cam4_24263518434331.jpg,24263518434331,24263662973903,0
2,cam2_24263533104722.jpg,24263533104722,24263676866717,0
0,cam0_24263534226671.jpg,24263534226671,24263677983346,0
4,cam4_24263535100997.jpg,24263535100997,24263678868019,0
2,cam2_24263549771388.jpg,24263549771388,24263692805504,0
0,cam0_24263550893337.jpg,24263550893337,24263693928559,0
4,cam4_24263551767663.jpg,24263551767663,24263694770184,0
2,cam2_24263566438054.jpg,24263566438054,24263712860085,0
0,cam0_24263567560003.jpg,24263567560003,24263714030218,0
4,cam4_24263568434329.jpg,24263568434329,24263714826833,0
2,cam2_24263583104720.jpg,24263583104720,24263728915047,0
0,cam0_24263584226669.jpg,24263584226669,24263730122319,0
4,cam4_24263585100995.jpg,24263585100995,24263730952953,0
2,cam2_24263599771386.jpg,24263599771386,24263744906806,0
0,cam0_24263600893335.jpg,24263600893335,24263746026142,0
4,cam4_24263601767661.jpg,24263601767661,24263746912446,0
2,cam2_24263616438052.jpg,24263616438052,24263760779689,0
0,cam0_24263617560001.jpg,24263617560001,24263762203775,0
4,cam4_24263618434327.jpg,24263618434327,24263763051484,0
2,cam2_24263633104718.jpg,24263633104718,24263776914102,0
0,cam0_24263634226667.jpg,24263634226667,24263777981053,0
4,cam4_24263635100993.jpg,24263635100993,24263778958909,0
2,cam2_24263649771384.jpg,24263649771384,24263792941455,0
0,cam0_24263650893333.jpg,24263650893333,24263793957981,0
4,cam4_24263651767659.jpg,24263651767659,24263794987238,0
2,cam2_24263666438050.jpg,24263666438050,24263812847356,0
0,cam0_24263667559999.jpg,24263667559999,24263813879074,0
4,cam4_24263668434325.jpg,24263668434325,24263815059290,0
2,cam2_24263683104716.jpg,24263683104716,24263828799743,0
0,cam0_24263684226665.jpg,24263684226665,24263829848610,0
4,cam4_24263685100991.jpg,24263685100991,24263830979617,0
2,cam2_24263699771382.jpg,24263699771382,24263844869329,0
0,cam0_24263700893331.jpg,24263700893331,24263845957903,0
4,cam4_24263701767657.jpg,24263701767657,24263846877897,0
2,cam2_24263716438048.jpg,24263716438048,24263860895223,0
0,cam0_24263717559997.jpg,24263717559997,24263862193813,0
4,cam4_24263718434323.jpg,24263718434323,24263863125458,0
2,cam2_24263733104714.jpg,24263733104714,24263876825006,0
0,cam0_24263734226663.jpg,24263734226663,24263878081376,0
4,cam4_24263735100989.jpg,24263735100989,24263878888505,0
2,cam2_24263749771380.jpg,24263749771380,24263892903438,0
0,cam0_24263750893329.jpg,24263750893329,24263894029476,0
4,cam4_24263751767655.jpg,24263751767655,24263894827578,0
2,cam2_24263766438046.jpg,24263766438046,24263912902271,0
0,cam0_24263767559995.jpg,24263767559995,24263913990020,0
4,cam4_24263768434321.jpg,24263768434321,24263914799071,0
2,cam2_24263783104712.jpg,24263783104712,24263928833860,0
0,cam0_24263784226661.jpg,24263784226661,24263930080997,0
4,cam4_24263785100987.jpg,24263785100987,24263930925493,0
2,cam2_24263799771378.jpg,24263799771378,24263944832319,0
0,cam0_24263800893327.jpg,24263800893327,24263946034776,0
4,cam4_24263801767653.jpg,24263801767653,24263947031011,0
2,cam2_24263816438044.jpg,24263816438044,24263960914409,0
0,cam0_24263817559993.jpg,24263817559993,24263962050624,0
4,cam4_24263818434319.jpg,24263818434319,24263962861768,0
2,cam2_24263833104710.jpg,24263833104710,24263976506000,0
0,cam0_24263834226659.jpg,24263834226659,24263977643422,0
4,cam4_24263835100985.jpg,24263835100985,24263978530019,0
2,cam2_24263849771376.jpg,24263849771376,24263993026250,0
0,cam0_24263850893325.jpg,24263850893325,24263994586900,0
4,cam4_24263851767651.jpg,24263851767651,24263995227483,0
2,cam2_24263866438042.jpg,24263866438042,24264012607886,0
0,cam0_24263867559991.jpg,24263867559991,24264013901591,0
4,cam4_24263868434317.jpg,24263868434317,24264014704291,0
2,cam2_24263883104708.jpg,24263883104708,24264028901278,0
0,cam0_24263884226657.jpg,24263884226657,24264029888226,0
4,cam4_24263885100983.jpg,24263885100983,24264030752684,0
2,cam2_24263899771374.jpg,24263899771374,24264044960439,0
0,cam0_24263900893323.jpg,24263900893323,24264046042065,0
4,cam4_24263901767649.jpg,24263901767649,24264046922391,0
2,cam2_24263916438040.jpg,24263916438040,24264061076690,0
0,cam0_24263917559989.jpg,24263917559989,24264062193565,0
4,cam4_24263918434315.jpg,24263918434315,24264063195596,0
2,cam2_24263933104706.jpg,24263933104706,24264076905771,0
0,cam0_24263934226655.jpg,24263934226655,24264078045215,0
4,cam4_24263935100981.jpg,24263935100981,24264078895840,0
2,cam2_24263949771372.jpg,24263949771372,24264092892235,0
4,cam4_24263951767647.jpg,24263951767647,24264094850475,0
0,cam0_24263950893321.jpg,24263950893321,24264097974820,0
2,cam2_24263966438038.jpg,24263966438038,24264112829656,0
0,cam0_24263967559987.jpg,24263967559987,24264113820578,0
4,cam4_24263968434313.jpg,24263968434313,24264114707034,0
2,cam2_24263983104704.jpg,24263983104704,24264129062337,0
0,cam0_24263984226653.jpg,24263984226653,24264130212019,0
4,cam4_24263985100979.jpg,24263985100979,24264131096894,0
2,cam2_24263999771370.jpg,24263999771370,24264144628965,0
0,cam0_24264000893319.jpg,24264000893319,24264145754561,0
4,cam4_24264001767645.jpg,24264001767645,24264146602977,0
2,cam2_24264016438036.jpg,24264016438036,24264160953821,0
0,cam0_24264017559985.jpg,24264017559985,24264162121000,0
4,cam4_24264018434311.jpg,24264018434311,24264162906564,0
2,cam2_24264033104702.jpg,24264033104702,24264176731029,0
0,cam0_24264034226651.jpg,24264034226651,24264177842363,0
4,cam4_24264035100977.jpg,24264035100977,24264178632890,0
2,cam2_24264049771368.jpg,24264049771368,24264197195032,0
0,cam0_24264050893317.jpg,24264050893317,24264198211658,0
4,cam4_24264051767643.jpg,24264051767643,24264199285151,0
2,cam2_24264066438034.jpg,24264066438034,24264212643885,0
0,cam0_24264067559983.jpg,24264067559983,24264213684081,0
4,cam4_24264068434309.jpg,24264068434309,24264214587113,0
2,cam2_24264083104700.jpg,24264083104700,24264228780574,0
0,cam0_24264084226649.jpg,24264084226649,24264229888011,0
4,cam4_24264085100975.jpg,24264085100975,24264230882452,0
2,cam2_24264099771366.jpg,24264099771366,24264244898571,0
0,cam0_24264100893315.jpg,24264100893315,24264245737061,0
4,cam4_24264101767641.jpg,24264101767641,24264246576780,0
2,cam2_24264116438032.jpg,24264116438032,24264260978142,0
0,cam0_24264117559981.jpg,24264117559981,24264262097276,0
4,cam4_24264118434307.jpg,24264118434307,24264263063992,0
2,cam2_24264133104698.jpg,24264133104698,24264276596999,0
0,cam0_24264134226647.jpg,24264134226647,24264277617744,0
4,cam4_24264135100973.jpg,24264135100973,24264278467778,0
2,cam2_24264149771364.jpg,24264149771364,24264296583755,0
0,cam0_24264150893313.jpg,24264150893313,24264297600487,0
4,cam4_24264151767639.jpg,24264151767639,24264298478384,0
2,cam2_24264166438030.jpg,24264166438030,24264312554532,0
0,cam0_24264167559979.jpg,24264167559979,24264313621609,0
4,cam4_24264168434305.jpg,24264168434305,24264314492952,0
2,cam2_24264183104696.jpg,24264183104696,24264328585545,0
0,cam0_24264184226645.jpg,24264184226645,24264329718386,0
4,cam4_24264185100971.jpg,24264185100971,24264330571681,0
2,cam2_24264199771362.jpg,24264199771362,24264344579430,0
0,cam0_24264200893311.jpg,24264200893311,24264345616500,0
4,cam4_24264201767637.jpg,24264201767637,24264346493996,0
2,cam2_24264216438028.jpg,24264216438028,24264360710496,0
0,cam0_24264217559977.jpg,24264217559977,24264361697111,0
4,cam4_24264218434303.jpg,24264218434303,24264362595889,0
2,cam2_24264233104694.jpg,24264233104694,24264377092908,0
0,cam0_24264234226643.jpg,24264234226643,24264378089078,0
4,cam4_24264235100969.jpg,24264235100969,24264378914236,0
2,cam2_24264249771360.jpg,24264249771360,24264396591502,0
0,cam0_24264250893309.jpg,24264250893309,24264397685295,0
4,cam4_24264251767635.jpg,24264251767635,24264398581280,0
2,cam2_24264266438026.jpg,24264266438026,24264412888125,0
0,cam0_24264267559975.jpg,24264267559975,24264414046059,0
4,cam4_24264268434301.jpg,24264268434301,24264415128816,0
2,cam2_24264283104692.jpg,24264283104692,24264428906201,0
0,cam0_24264284226641.jpg,24264284226641,24264429991395,0
4,cam4_24264285100967.jpg,24264285100967,24264430856718,0
2,cam2_24264299771358.jpg,24264299771358,24264444920885,0
0,cam0_24264300893307.jpg,24264300893307,24264446056588,0
4,cam4_24264301767633.jpg,24264301767633,24264446940052,0
2,cam2_24264316438024.jpg,24264316438024,24264461117272,0
0,cam0_24264317559973.jpg,24264317559973,24264462212703,0
4,cam4_24264318434299.jpg,24264318434299,24264463097238,0
2,cam2_24264333104690.jpg,24264333104690,24264477047668,0
0,cam0_24264334226639.jpg,24264334226639,24264478090674,0
4,cam4_24264335100965.jpg,24264335100965,24264478922134,0
2,cam2_24264349771356.jpg,24264349771356,24264497033839,0
0,cam0_24264350893305.jpg,24264350893305,24264498073875,0
4,cam4_24264351767631.jpg,24264351767631,24264498975983,0
2,cam2_24264366438022.jpg,24264366438022,24264512742265,0
0,cam0_24264367559971.jpg,24264367559971,24264513700601,0
4,cam4_24264368434297.jpg,24264368434297,24264514666934,0
2,cam2_24264383104688.jpg,24264383104688,24264528940872,0
0,cam0_24264384226637.jpg,24264384226637,24264530074435,0
4,cam4_24264385100963.jpg,24264385100963,24264530996938,0
2,cam2_24264399771354.jpg,24264399771354,24264544828869,0
0,cam0_24264400893303.jpg,24264400893303,24264545988968,0
4,cam4_24264401767629.jpg,24264401767629,24264546934262,0
2,cam2_24264416438020.jpg,24264416438020,24264560857072,0
0,cam0_24264417559969.jpg,24264417559969,24264561923009,0
4,cam4_24264418434295.jpg,24264418434295,24264562861071,0
2,cam2_24264433104686.jpg,24264433104686,24264576851251,0
0,cam0_24264434226635.jpg,24264434226635,24264578313524,0
4,cam4_24264435100961.jpg,24264435100961,24264579178564,0
2,cam2_24264449771352.jpg,24264449771352,24264597032682,0
0,cam0_24264450893301.jpg,24264450893301,24264598482705,0
4,cam4_24264451767627.jpg,24264451767627,24264599210052,0
2,cam2_24264466438018.jpg,24264466438018,24264612907325,0
0,cam0_24264467559967.jpg,24264467559967,24264614134393,0
4,cam4_24264468434293.jpg,24264468434293,24264615361443,0
2,cam2_24264483104684.jpg,24264483104684,24264628880975,0
0,cam0_24264484226633.jpg,24264484226633,24264630282890,0
4,cam4_24264485100959.jpg,24264485100959,24264631274881,0
2,cam2_24264499771350.jpg,24264499771350,24264644757816,0
0,cam0_24264500893299.jpg,24264500893299,24264645938920,0
4,cam4_24264501767625.jpg,24264501767625,24264646877210,0
2,cam2_24264516438016.jpg,24264516438016,24264660856382,0
0,cam0_24264517559965.jpg,24264517559965,24264662062098,0
4,cam4_24264518434291.jpg,24264518434291,24264662987585,0
2,cam2_24264533104682.jpg,24264533104682,24264676889649,0
0,cam0_24264534226631.jpg,24264534226631,24264678034858,0
4,cam4_24264535100957.jpg,24264535100957,24264678847156,0
2,cam2_24264549771348.jpg,24264549771348,24264696886425,0
0,cam0_24264550893297.jpg,24264550893297,24264697982990,0
4,cam4_24264551767623.jpg,24264551767623,24264698881713,0
2,cam2_24264566438014.jpg,24264566438014,24264712864812,0
0,cam0_24264567559963.jpg,24264567559963,24264713948408,0
4,cam4_24264568434289.jpg,24264568434289,24264714740634,0
2,cam2_24264583104680.jpg,24264583104680,24264728895740,0
0,cam0_24264584226629.jpg,24264584226629,24264730122311,0
4,cam4_24264585100955.jpg,24264585100955,24264731050225,0
2,cam2_24264599771346.jpg,24264599771346,24264744885671,0
0,cam0_24264600893295.jpg,24264600893295,24264746090792,0
4,cam4_24264601767621.jpg,24264601767621,24264746966399,0
2,cam2_24264616438012.jpg,24264616438012,24264760831137,0
0,cam0_24264617559961.jpg,24264617559961,24264761982091,0
4,cam4_24264618434287.jpg,24264618434287,24264762768666,0
2,cam2_24264633104678.jpg,24264633104678,24264776811351,0
0,cam0_24264634226627.jpg,24264634226627,24264778010012,0
4,cam4_24264635100953.jpg,24264635100953,24264778941459,0
2,cam2_24264649771344.jpg,24264649771344,24264796919194,0
0,cam0_24264650893293.jpg,24264650893293,24264798077386,0
4,cam4_24264651767619.jpg,24264651767619,24264798999049,0
2,cam2_24264666438010.jpg,24264666438010,24264812834455,0
0,cam0_24264667559959.jpg,24264667559959,24264813991818,0
4,cam4_24264668434285.jpg,24264668434285,24264814915913,0
2,cam2_24264683104676.jpg,24264683104676,24264828861650,0
0,cam0_24264684226625.jpg,24264684226625,24264830019946,0
4,cam4_24264685100951.jpg,24264685100951,24264830857210,0
2,cam2_24264699771342.jpg,24264699771342,24264844898147,0
0,cam0_24264700893291.jpg,24264700893291,24264845984051,0
4,cam4_24264701767617.jpg,24264701767617,24264846806327,0
2,cam2_24264716438008.jpg,24264716438008,24264860945965,0
0,cam0_24264717559957.jpg,24264717559957,24264862053458,0
4,cam4_24264718434283.jpg,24264718434283,24264862925123,0
2,cam2_24264733104674.jpg,24264733104674,24264876923799,0
0,cam0_24264734226623.jpg,24264734226623,24264877966329,0
4,cam4_24264735100949.jpg,24264735100949,24264878893029,0
2,cam2_24264749771340.jpg,24264749771340,24264896898118,0
0,cam0_24264750893289.jpg,24264750893289,24264897973398,0
4,cam4_24264751767615.jpg,24264751767615,24264898755682,0
2,cam2_24264766438006.jpg,24264766438006,24264912842143,0
0,cam0_24264767559955.jpg,24264767559955,24264914104107,0
4,cam4_24264768434281.jpg,24264768434281,24264914889404,0
2,cam2_24264783104672.jpg,24264783104672,24264928811320,0
0,cam0_24264784226621.jpg,24264784226621,24264930057670,0
4,cam4_24264785100947.jpg,24264785100947,24264930939115,0
2,cam2_24264799771338.jpg,24264799771338,24264944931192,0
0,cam0_24264800893287.jpg,24264800893287,24264945996148,0
4,cam4_24264801767613.jpg,24264801767613,24264946967979,0
2,cam2_24264816438004.jpg,24264816438004,24264960847749,0
0,cam0_24264817559953.jpg,24264817559953,24264962076915,0
4,cam4_24264818434279.jpg,24264818434279,24264962941847,0
2,cam2_24264833104670.jpg,24264833104670,24264976901305,0
0,cam0_24264834226619.jpg,24264834226619,24264978047926,0
4,cam4_24264835100945.jpg,24264835100945,24264978860590,0
2,cam2_24264849771336.jpg,24264849771336,24264997540758,0
0,cam0_24264850893285.jpg,24264850893285,24264998768172,0
4,cam4_24264851767611.jpg,24264851767611,24264999406694,0
2,cam2_24264866438002.jpg,24264866438002,24265012559401,0
0,cam0_24264867559951.jpg,24264867559951,24265013782980,0
4,cam4_24264868434277.jpg,24264868434277,24265014572058,0
2,cam2_24264883104668.jpg,24264883104668,24265028631675,0
0,cam0_24264884226617.jpg,24264884226617,24265029754890,0
4,cam4_24264885100943.jpg,24264885100943,24265030603430,0
2,cam2_24264899771334.jpg,24264899771334,24265044972789,0
0,cam0_24264900893283.jpg,24264900893283,24265046149963,0
4,cam4_24264901767609.jpg,24264901767609,24265046974956,0
2,cam2_24264916438000.jpg,24264916438000,24265061098791,0
0,cam0_24264917559949.jpg,24264917559949,24265062278374,0
4,cam4_24264918434275.jpg,24264918434275,24265063196886,0
2,cam2_24264933104666.jpg,24264933104666,24265077070473,0
0,cam0_24264934226615.jpg,24264934226615,24265078204852,0
4,cam4_24264935100941.jpg,24264935100941,24265078963966,0
2,cam2_24264949771332.jpg,24264949771332,24265096987277,0
0,cam0_24264950893281.jpg,24264950893281,24265098504313,0
4,cam4_24264951767607.jpg,24264951767607,24265099479397,0
2,cam2_24264966437998.jpg,24264966437998,24265112907172,0
0,cam0_24264967559947.jpg,24264967559947,24265114240937,0
4,cam4_24264968434273.jpg,24264968434273,24265115077136,0
2,cam2_24264983104664.jpg,24264983104664,24265128719928,0
0,cam0_24264984226613.jpg,24264984226613,24265130046785,0
4,cam4_24264985100939.jpg,24264985100939,24265130728369,0
2,cam2_24264999771330.jpg,24264999771330,24265144729720,0
0,cam0_24265000893279.jpg,24265000893279,24265145713309,0
4,cam4_24265001767605.jpg,24265001767605,24265146579817,0
2,cam2_24265016437996.jpg,24265016437996,24265160603701,0
0,cam0_24265017559945.jpg,24265017559945,24265161656871,0
4,cam4_24265018434271.jpg,24265018434271,24265162510058,0
2,cam2_24265033104662.jpg,24265033104662,24265176610269,0
0,cam0_24265034226611.jpg,24265034226611,24265177697878,0
4,cam4_24265035100937.jpg,24265035100937,24265178550762,0
2,cam2_24265049771328.jpg,24265049771328,24265196862537,0
0,cam0_24265050893277.jpg,24265050893277,24265198071571,0
4,cam4_24265051767603.jpg,24265051767603,24265198935407,0
2,cam2_24265066437994.jpg,24265066437994,24265212978018,0
0,cam0_24265067559943.jpg,24265067559943,24265214160220,0
4,cam4_24265068434269.jpg,24265068434269,24265215101089,0
2,cam2_24265083104660.jpg,24265083104660,24265228668285,0
0,cam0_24265084226609.jpg,24265084226609,24265229773723,0
4,cam4_24265085100935.jpg,24265085100935,24265230676235,0
2,cam2_24265099771326.jpg,24265099771326,24265244564780,0
0,cam0_24265100893275.jpg,24265100893275,24265245635529,0
4,cam4_24265101767601.jpg,24265101767601,24265246541189,0
2,cam2_24265116437992.jpg,24265116437992,24265260783663,0
0,cam0_24265117559941.jpg,24265117559941,24265261911906,0
4,cam4_24265118434267.jpg,24265118434267,24265262697384,0
2,cam2_24265133104658.jpg,24265133104658,24265276605961,0
0,cam0_24265134226607.jpg,24265134226607,24265277694153,0
4,cam4_24265135100933.jpg,24265135100933,24265278690871,0
2,cam2_24265149771324.jpg,24265149771324,24265296649597,0
0,cam0_24265150893273.jpg,24265150893273,24265297737618,0
4,cam4_24265151767599.jpg,24265151767599,24265298592462,0
2,cam2_24265166437990.jpg,24265166437990,24265312580783,0
0,cam0_24265167559939.jpg,24265167559939,24265313675591,0
4,cam4_24265168434265.jpg,24265168434265,24265314538446,0
2,cam2_24265183104656.jpg,24265183104656,24265328738912,0
0,cam0_24265184226605.jpg,24265184226605,24265329733838,0
4,cam4_24265185100931.jpg,24265185100931,24265330654207,0
2,cam2_24265199771322.jpg,24265199771322,24265344581039,0
0,cam0_24265200893271.jpg,24265200893271,24265345659608,0
4,cam4_24265201767597.jpg,24265201767597,24265346604029,0
2,cam2_24265216437988.jpg,24265216437988,24265360963525,0
0,cam0_24265217559937.jpg,24265217559937,24265361997600,0
4,cam4_24265218434263.jpg,24265218434263,24265362866166,0
2,cam2_24265233104654.jpg,24265233104654,24265376874137,0
0,cam0_24265234226603.jpg,24265234226603,24265381985697,0
4,cam4_24265235100929.jpg,24265235100929,24265382872047,0
2,cam2_24265249771320.jpg,24265249771320,24265396880951,0
0,cam0_24265250893269.jpg,24265250893269,24265398150054,0
4,cam4_24265251767595.jpg,24265251767595,24265399227551,0
2,cam2_24265266437986.jpg,24265266437986,24265412949064,0
0,cam0_24265267559935.jpg,24265267559935,24265414083164,0
4,cam4_24265268434261.jpg,24265268434261,24265415083875,0
2,cam2_24265283104652.jpg,24265283104652,24265428600059,0
0,cam0_24265284226601.jpg,24265284226601,24265429670721,0
4,cam4_24265285100927.jpg,24265285100927,24265430687928,0
2,cam2_24265299771318.jpg,24265299771318,24265444926757,0
0,cam0_24265300893267.jpg,24265300893267,24265446019925,0
4,cam4_24265301767593.jpg,24265301767593,24265446964057,0
2,cam2_24265316437984.jpg,24265316437984,24265461060979,0
0,cam0_24265317559933.jpg,24265317559933,24265462092912,0
4,cam4_24265318434259.jpg,24265318434259,24265462914865,0
2,cam2_24265333104650.jpg,24265333104650,24265480635716,0
0,cam0_24265334226599.jpg,24265334226599,24265481680997,0
4,cam4_24265335100925.jpg,24265335100925,24265482629917,0
2,cam2_24265349771316.jpg,24265349771316,24265496573962,0
0,cam0_24265350893265.jpg,24265350893265,24265497685146,0
4,cam4_24265351767591.jpg,24265351767591,24265498621921,0
2,cam2_24265366437982.jpg,24265366437982,24265512684228,0
0,cam0_24265367559931.jpg,24265367559931,24265513775819,0
4,cam4_24265368434257.jpg,24265368434257,24265514794544,0
2,cam2_24265383104648.jpg,24265383104648,24265528605598,0
0,cam0_24265384226597.jpg,24265384226597,24265529718953,0
4,cam4_24265385100923.jpg,24265385100923,24265530743453,0
2,cam2_24265399771314.jpg,24265399771314,24265544588380,0
0,cam0_24265400893263.jpg,24265400893263,24265545734601,0
4,cam4_24265401767589.jpg,24265401767589,24265546623947,0
2,cam2_24265416437980.jpg,24265416437980,24265560588828,0
0,cam0_24265417559929.jpg,24265417559929,24265561666857,0
4,cam4_24265418434255.jpg,24265418434255,24265562567506,0
2,cam2_24265433104646.jpg,24265433104646,24265580586867,0
0,cam0_24265434226595.jpg,24265434226595,24265581673168,0
4,cam4_24265435100921.jpg,24265435100921,24265582595933,0
2,cam2_24265449771312.jpg,24265449771312,24265596656330,0
0,cam0_24265450893261.jpg,24265450893261,24265597732928,0
4,cam4_24265451767587.jpg,24265451767587,24265598660386,0
2,cam2_24265466437978.jpg,24265466437978,24265612622630,0
0,cam0_24265467559927.jpg,24265467559927,24265613698591,0
4,cam4_24265468434253.jpg,24265468434253,24265614624899,0
2,cam2_24265483104644.jpg,24265483104644,24265628762584,0
0,cam0_24265484226593.jpg,24265484226593,24265629760822,0
4,cam4_24265485100919.jpg,24265485100919,24265630615459,0
2,cam2_24265499771310.jpg,24265499771310,24265644732456,0
0,cam0_24265500893259.jpg,24265500893259,24265645815370,0
4,cam4_24265501767585.jpg,24265501767585,24265646599340,0
2,cam2_24265516437976.jpg,24265516437976,24265660792072,0
0,cam0_24265517559925.jpg,24265517559925,24265661783694,0
4,cam4_24265518434251.jpg,24265518434251,24265662649021,0
2,cam2_24265533104642.jpg,24265533104642,24265680798788,0
0,cam0_24265534226591.jpg,24265534226591,24265681758842,0
4,cam4_24265535100917.jpg,24265535100917,24265682630367,0
2,cam2_24265549771308.jpg,24265549771308,24265696684879,0
0,cam0_24265550893257.jpg,24265550893257,24265697720123,0
4,cam4_24265551767583.jpg,24265551767583,24265698626460,0
2,cam2_24265566437974.jpg,24265566437974,24265712630309,0
0,cam0_24265567559923.jpg,24265567559923,24265713678647,0
4,cam4_24265568434249.jpg,24265568434249,24265714579338,0
2,cam2_24265583104640.jpg,24265583104640,24265728673631,0
0,cam0_24265584226589.jpg,24265584226589,24265729783849,0
4,cam4_24265585100915.jpg,24265585100915,24265730648024,0
2,cam2_24265599771306.jpg,24265599771306,24265744597382,0
0,cam0_24265600893255.jpg,24265600893255,24265745686677,0
4,cam4_24265601767581.jpg,24265601767581,24265746566872,0
2,cam2_24265616437972.jpg,24265616437972,24265760627488,0
0,cam0_24265617559921.jpg,24265617559921,24265761653359,0
4,cam4_24265618434247.jpg,24265618434247,24265762549238,0
2,cam2_24265633104638.jpg,24265633104638,24265780636218,0
0,cam0_24265634226587.jpg,24265634226587,24265781647569,0
4,cam4_24265635100913.jpg,24265635100913,24265782566369,0
2,cam2_24265649771304.jpg,24265649771304,24265796642420,0
0,cam0_24265650893253.jpg,24265650893253,24265797741092,0
4,cam4_24265651767579.jpg,24265651767579,24265798636593,0
2,cam2_24265666437970.jpg,24265666437970,24265812576827,0
0,cam0_24265667559919.jpg,24265667559919,24265813667554,0
4,cam4_24265668434245.jpg,24265668434245,24265814592272,0
2,cam2_24265683104636.jpg,24265683104636,24265828577240,0
0,cam0_24265684226585.jpg,24265684226585,24265829640619,0
4,cam4_24265685100911.jpg,24265685100911,24265830576123,0
2,cam2_24265699771302.jpg,24265699771302,24265844571994,0
0,cam0_24265700893251.jpg,24265700893251,24265845677874,0
4,cam4_24265701767577.jpg,24265701767577,24265846541704,0
2,cam2_24265716437968.jpg,24265716437968,24265860641829,0
0,cam0_24265717559917.jpg,24265717559917,24265861756270,0
4,cam4_24265718434243.jpg,24265718434243,24265862624407,0
2,cam2_24265733104634.jpg,24265733104634,24265880689176,0
0,cam0_24265734226583.jpg,24265734226583,24265881719043,0
4,cam4_24265735100909.jpg,24265735100909,24265882616138,0
2,cam2_24265749771300.jpg,24265749771300,24265896615029,0
0,cam0_24265750893249.jpg,24265750893249,24265897767391,0
4,cam4_24265751767575.jpg,24265751767575,24265898596683,0
2,cam2_24265766437966.jpg,24265766437966,24265912607508,0
0,cam0_24265767559915.jpg,24265767559915,24265913674219,0
4,cam4_24265768434241.jpg,24265768434241,24265914606630,0
2,cam2_24265783104632.jpg,24265783104632,24265928639722,0
0,cam0_24265784226581.jpg,24265784226581,24265929743614,0
4,cam4_24265785100907.jpg,24265785100907,24265930644794,0
2,cam2_24265799771298.jpg,24265799771298,24265944671575,0
0,cam0_24265800893247.jpg,24265800893247,24265945711401,0
4,cam4_24265801767573.jpg,24265801767573,24265946595062,0
2,cam2_24265816437964.jpg,24265816437964,24265960640052,0
0,cam0_24265817559913.jpg,24265817559913,24265961715417,0
4,cam4_24265818434239.jpg,24265818434239,24265962570954,0
2,cam2_24265833104630.jpg,24265833104630,24265981027656,0
0,cam0_24265834226579.jpg,24265834226579,24265982085684,0
4,cam4_24265835100905.jpg,24265835100905,24265982951915,0
2,cam2_24265849771296.jpg,24265849771296,24265996658143,0
0,cam0_24265850893245.jpg,24265850893245,24265997772114,0
4,cam4_24265851767571.jpg,24265851767571,24265998738178,0
2,cam2_24265866437962.jpg,24265866437962,24266012990520,0
0,cam0_24265867559911.jpg,24265867559911,24266014210822,0
4,cam4_24265868434237.jpg,24265868434237,24266015111469,0
2,cam2_24265883104628.jpg,24265883104628,24266028963989,0
0,cam0_24265884226577.jpg,24265884226577,24266030060121,0
4,cam4_24265885100903.jpg,24265885100903,24266030948074,0
2,cam2_24265899771294.jpg,24265899771294,24266045025002,0
0,cam0_24265900893243.jpg,24265900893243,24266046063842,0
4,cam4_24265901767569.jpg,24265901767569,24266046926766,0
2,cam2_24265916437960.jpg,24265916437960,24266061149814,0
0,cam0_24265917559909.jpg,24265917559909,24266062116894,0
4,cam4_24265918434235.jpg,24265918434235,24266062990953,0
2,cam2_24265933104626.jpg,24265933104626,24266080928902,0
0,cam0_24265934226575.jpg,24265934226575,24266082094780,0
4,cam4_24265935100901.jpg,24265935100901,24266083264371,0
2,cam2_24265949771292.jpg,24265949771292,24266096849216,0
0,cam0_24265950893241.jpg,24265950893241,24266098081623,0
4,cam4_24265951767567.jpg,24265951767567,24266099187235,0
2,cam2_24265966437958.jpg,24265966437958,24266112893311,0
0,cam0_24265967559907.jpg,24265967559907,24266114074375,0
4,cam4_24265968434233.jpg,24265968434233,24266115204960,0
2,cam2_24265983104624.jpg,24265983104624,24266129037888,0
0,cam0_24265984226573.jpg,24265984226573,24266130064838,0
4,cam4_24265985100899.jpg,24265985100899,24266131197489,0
2,cam2_24265999771290.jpg,24265999771290,24266145037075,0
0,cam0_24266000893239.jpg,24266000893239,24266146080596,0
4,cam4_24266001767565.jpg,24266001767565,24266147150240,0
2,cam2_24266016437956.jpg,24266016437956,24266160886020,0
0,cam0_24266017559905.jpg,24266017559905,24266162021266,0
4,cam4_24266018434231.jpg,24266018434231,24266163123632,0
2,cam2_24266033104622.jpg,24266033104622,24266180901311,0
0,cam0_24266034226571.jpg,24266034226571,24266181957404,0
4,cam4_24266035100897.jpg,24266035100897,24266182992696,0
2,cam2_24266049771288.jpg,24266049771288,24266197037392,0
0,cam0_24266050893237.jpg,24266050893237,24266198171570,0
4,cam4_24266051767563.jpg,24266051767563,24266199407125,0
2,cam2_24266066437954.jpg,24266066437954,24266212924512,0
0,cam0_24266067559903.jpg,24266067559903,24266214109972,0
4,cam4_24266068434229.jpg,24266068434229,24266215292459,0
2,cam2_24266083104620.jpg,24266083104620,24266228763006,0
0,cam0_24266084226569.jpg,24266084226569,24266229864945,0
4,cam4_24266085100895.jpg,24266085100895,24266230745637,0
2,cam2_24266099771286.jpg,24266099771286,24266244635173,0
0,cam0_24266100893235.jpg,24266100893235,24266245682395,0
4,cam4_24266101767561.jpg,24266101767561,24266246591253,0
2,cam2_24266116437952.jpg,24266116437952,24266260740136,0
0,cam0_24266117559901.jpg,24266117559901,24266261815092,0
4,cam4_24266118434227.jpg,24266118434227,24266262673756,0
2,cam2_24266133104618.jpg,24266133104618,24266280733870,0
0,cam0_24266134226567.jpg,24266134226567,24266281727951,0
4,cam4_24266135100893.jpg,24266135100893,24266282649795,0
2,cam2_24266149771284.jpg,24266149771284,24266296591252,0
0,cam0_24266150893233.jpg,24266150893233,24266297782406,0
4,cam4_24266151767559.jpg,24266151767559,24266298599975,0
2,cam2_24266166437950.jpg,24266166437950,24266312575715,0
0,cam0_24266167559899.jpg,24266167559899,24266313708607,0
4,cam4_24266168434225.jpg,24266168434225,24266314615639,0
2,cam2_24266183104616.jpg,24266183104616,24266328642443,0
0,cam0_24266184226565.jpg,24266184226565,24266329780424,0
4,cam4_24266185100891.jpg,24266185100891,24266330725635,0
2,cam2_24266199771282.jpg,24266199771282,24266344926309,0
0,cam0_24266200893231.jpg,24266200893231,24266346199927,0
4,cam4_24266201767557.jpg,24266201767557,24266347075643,0
2,cam2_24266216437948.jpg,24266216437948,24266360982047,0
0,cam0_24266217559897.jpg,24266217559897,24266362146877,0
4,cam4_24266218434223.jpg,24266218434223,24266362971697,0
2,cam2_24266233104614.jpg,24266233104614,24266380963045,0
0,cam0_24266234226563.jpg,24266234226563,24266382143565,0
4,cam4_24266235100889.jpg,24266235100889,24266382931520,0
2,cam2_24266249771280.jpg,24266249771280,24266396942822,0
0,cam0_24266250893229.jpg,24266250893229,24266398216395,0
4,cam4_24266251767555.jpg,24266251767555,24266399178179,0
2,cam2_24266266437946.jpg,24266266437946,24266412915861,0
0,cam0_24266267559895.jpg,24266267559895,24266414091372,0
4,cam4_24266268434221.jpg,24266268434221,24266414951515,0
2,cam2_24266283104612.jpg,24266283104612,24266428875468,0
0,cam0_24266284226561.jpg,24266284226561,24266430040535,0
4,cam4_24266285100887.jpg,24266285100887,24266430890285,0
2,cam2_24266299771278.jpg,24266299771278,24266444866468,0
0,cam0_24266300893227.jpg,24266300893227,24266446066283,0
4,cam4_24266301767553.jpg,24266301767553,24266446848001,0
2,cam2_24266316437944.jpg,24266316437944,24266460898844,0
0,cam0_24266317559893.jpg,24266317559893,24266462117211,0
4,cam4_24266318434219.jpg,24266318434219,24266462904597,0
2,cam2_24266333104610.jpg,24266333104610,24266480961658,0
0,cam0_24266334226559.jpg,24266334226559,24266482148519,0
4,cam4_24266335100885.jpg,24266335100885,24266483093062,0
2,cam2_24266349771276.jpg,24266349771276,24266497051412,0
0,cam0_24266350893225.jpg,24266350893225,24266498151376,0
4,cam4_24266351767551.jpg,24266351767551,24266498907507,0
2,cam2_24266366437942.jpg,24266366437942,24266512671202,0
0,cam0_24266367559891.jpg,24266367559891,24266513826987,0
4,cam4_24266368434217.jpg,24266368434217,24266514750077,0
2,cam2_24266383104608.jpg,24266383104608,24266528936646,0
0,cam0_24266384226557.jpg,24266384226557,24266530123531,0
4,cam4_24266385100883.jpg,24266385100883,24266530972153,0
2,cam2_24266399771274.jpg,24266399771274,24266544924553,0
0,cam0_24266400893223.jpg,24266400893223,24266546097081,0
4,cam4_24266401767549.jpg,24266401767549,24266546887482,0
2,cam2_24266416437940.jpg,24266416437940,24266560920912,0
4,cam4_24266418434215.jpg,24266418434215,24266562931148,0
0,cam0_24266417559889.jpg,24266417559889,24266566107059,0
2,cam2_24266433104606.jpg,24266433104606,24266581092627,0
0,cam0_24266434226555.jpg,24266434226555,24266582164335,0
4,cam4_24266435100881.jpg,24266435100881,24266582976206,0
2,cam2_24266449771272.jpg,24266449771272,24266596947736,0
0,cam0_24266450893221.jpg,24266450893221,24266598133074,0
4,cam4_24266451767547.jpg,24266451767547,24266598992246,0
2,cam2_24266466437938.jpg,24266466437938,24266612913280,0
0,cam0_24266467559887.jpg,24266467559887,24266614067329,0
4,cam4_24266468434213.jpg,24266468434213,24266614914865,0
2,cam2_24266483104604.jpg,24266483104604,24266628884353,0
0,cam0_24266484226553.jpg,24266484226553,24266630059992,0
4,cam4_24266485100879.jpg,24266485100879,24266630952602,0
2,cam2_24266499771270.jpg,24266499771270,24266644895697,0
0,cam0_24266500893219.jpg,24266500893219,24266646089090,0
4,cam4_24266501767545.jpg,24266501767545,24266646881700,0
2,cam2_24266516437936.jpg,24266516437936,24266665020794,0
0,cam0_24266517559885.jpg,24266517559885,24266666132891,0
4,cam4_24266518434211.jpg,24266518434211,24266667114351,0
2,cam2_24266533104602.jpg,24266533104602,24266681124482,0
0,cam0_24266534226551.jpg,24266534226551,24266682282416,0
4,cam4_24266535100877.jpg,24266535100877,24266682992191,0
2,cam2_24266549771268.jpg,24266549771268,24266697227449,0
0,cam0_24266550893217.jpg,24266550893217,24266698246169,0
4,cam4_24266551767543.jpg,24266551767543,24266698966051,0
2,cam2_24266566437934.jpg,24266566437934,24266712814936,0
0,cam0_24266567559883.jpg,24266567559883,24266713852108,0
4,cam4_24266568434209.jpg,24266568434209,24266714722311,0
2,cam2_24266583104600.jpg,24266583104600,24266729223524,0
0,cam0_24266584226549.jpg,24266584226549,24266730388048,0
4,cam4_24266585100875.jpg,24266585100875,24266731143030,0
2,cam2_24266599771266.jpg,24266599771266,24266745127837,0
0,cam0_24266600893215.jpg,24266600893215,24266745986681,0
4,cam4_24266601767541.jpg,24266601767541,24266746750503,0
2,cam2_24266616437932.jpg,24266616437932,24266764927756,0
0,cam0_24266617559881.jpg,24266617559881,24266765892222,0
4,cam4_24266618434207.jpg,24266618434207,24266766757753,0
2,cam2_24266633104598.jpg,24266633104598,24266780690781,0
0,cam0_24266634226547.jpg,24266634226547,24266781765315,0
4,cam4_24266635100873.jpg,24266635100873,24266782641573,0
2,cam2_24266649771264.jpg,24266649771264,24266796704065,0
0,cam0_24266650893213.jpg,24266650893213,24266797846367,0
4,cam4_24266651767539.jpg,24266651767539,24266798791759,0
2,cam2_24266666437930.jpg,24266666437930,24266812669229,0
0,cam0_24266667559879.jpg,24266667559879,24266813788201,0
4,cam4_24266668434205.jpg,24266668434205,24266814650864,0
2,cam2_24266683104596.jpg,24266683104596,24266828705821,0
0,cam0_24266684226545.jpg,24266684226545,24266829797243,0
4,cam4_24266685100871.jpg,24266685100871,24266830630447,0
2,cam2_24266699771262.jpg,24266699771262,24266844636121,0
0,cam0_24266700893211.jpg,24266700893211,24266845768690,0
4,cam4_24266701767537.jpg,24266701767537,24266846605793,0
2,cam2_24266716437928.jpg,24266716437928,24266865144144,0
0,cam0_24266717559877.jpg,24266717559877,24266866365503,0
4,cam4_24266718434203.jpg,24266718434203,24266867191680,0
2,cam2_24266733104594.jpg,24266733104594,24266881262451,0
0,cam0_24266734226543.jpg,24266734226543,24266882353783,0
4,cam4_24266735100869.jpg,24266735100869,24266883122187,0
2,cam2_24266749771260.jpg,24266749771260,24266897143608,0
0,cam0_24266750893209.jpg,24266750893209,24266898330876,0
4,cam4_24266751767535.jpg,24266751767535,24266899088289,0
2,cam2_24266766437926.jpg,24266766437926,24266912925489,0
0,cam0_24266767559875.jpg,24266767559875,24266914101418,0
4,cam4_24266768434201.jpg,24266768434201,24266915091419,0
2,cam2_24266783104592.jpg,24266783104592,24266929227488,0
0,cam0_24266784226541.jpg,24266784226541,24266930526101,0
4,cam4_24266785100867.jpg,24266785100867,24266931203408,0
2,cam2_24266799771258.jpg,24266799771258,24266945068124,0
0,cam0_24266800893207.jpg,24266800893207,24266946263659,0
4,cam4_24266801767533.jpg,24266801767533,24266947078768,0
2,cam2_24266816437924.jpg,24266816437924,24266965142931,0
0,cam0_24266817559873.jpg,24266817559873,24266966297120,0
4,cam4_24266818434199.jpg,24266818434199,24266967231955,0
2,cam2_24266833104590.jpg,24266833104590,24266981026956,0
0,cam0_24266834226539.jpg,24266834226539,24266982161561,0
4,cam4_24266835100865.jpg,24266835100865,24266983092932,0
2,cam2_24266849771256.jpg,24266849771256,24266996836092,0
0,cam0_24266850893205.jpg,24266850893205,24266997951623,0
4,cam4_24266851767531.jpg,24266851767531,24266998852567,0
2,cam2_24266866437922.jpg,24266866437922,24267012730385,0
0,cam0_24266867559871.jpg,24266867559871,24267013874661,0
4,cam4_24266868434197.jpg,24266868434197,24267014699627,0
2,cam2_24266883104588.jpg,24266883104588,24267028729069,0
0,cam0_24266884226537.jpg,24266884226537,24267029893153,0
4,cam4_24266885100863.jpg,24266885100863,24267030673211,0
2,cam2_24266899771254.jpg,24266899771254,24267044991976,0
0,cam0_24266900893203.jpg,24266900893203,24267046171277,0
4,cam4_24266901767529.jpg,24266901767529,24267047041979,0
2,cam2_24266916437920.jpg,24266916437920,24267065122022,0
0,cam0_24266917559869.jpg,24266917559869,24267066251445,0
4,cam4_24266918434195.jpg,24266918434195,24267067143404,0
2,cam2_24266933104586.jpg,24266933104586,24267081024165,0
0,cam0_24266934226535.jpg,24266934226535,24267082175929,0
4,cam4_24266935100861.jpg,24266935100861,24267083052616,0
2,cam2_24266949771252.jpg,24266949771252,24267096967742,0
0,cam0_24266950893201.jpg,24266950893201,24267098127868,0
4,cam4_24266951767527.jpg,24266951767527,24267098983764,0
2,cam2_24266966437918.jpg,24266966437918,24267112964651,0
0,cam0_24266967559867.jpg,24266967559867,24267114230391,0
4,cam4_24266968434193.jpg,24266968434193,24267115110273,0
2,cam2_24266983104584.jpg,24266983104584,24267129100746,0
0,cam0_24266984226533.jpg,24266984226533,24267130199676,0
4,cam4_24266985100859.jpg,24266985100859,24267131050217,0
2,cam2_24266999771250.jpg,24266999771250,24267144996366,0
0,cam0_24267000893199.jpg,24267000893199,24267146128702,0
4,cam4_24267001767525.jpg,24267001767525,24267146971495,0
2,cam2_24267016437916.jpg,24267016437916,24267165043037,0
0,cam0_24267017559865.jpg,24267017559865,24267166104142,0
4,cam4_24267018434191.jpg,24267018434191,24267166999272,0
2,cam2_24267033104582.jpg,24267033104582,24267180926715,0
0,cam0_24267034226531.jpg,24267034226531,24267182093611,0
4,cam4_24267035100857.jpg,24267035100857,24267183038498,0
2,cam2_24267049771248.jpg,24267049771248,24267196977642,0
0,cam0_24267050893197.jpg,24267050893197,24267198132591,0
4,cam4_24267051767523.jpg,24267051767523,24267199052839,0
2,cam2_24267066437914.jpg,24267066437914,24267212953105,0
0,cam0_24267067559863.jpg,24267067559863,24267214126554,0
4,cam4_24267068434189.jpg,24267068434189,24267215072096,0
2,cam2_24267083104580.jpg,24267083104580,24267229018261,0
0,cam0_24267084226529.jpg,24267084226529,24267230099055,0
4,cam4_24267085100855.jpg,24267085100855,24267230989192,0
2,cam2_24267099771246.jpg,24267099771246,24267244900215,0
0,cam0_24267100893195.jpg,24267100893195,24267246093313,0
4,cam4_24267101767521.jpg,24267101767521,24267247080081,0
2,cam2_24267116437912.jpg,24267116437912,24267265024993,0
0,cam0_24267117559861.jpg,24267117559861,24267266141186,0
4,cam4_24267118434187.jpg,24267118434187,24267267062199,0
2,cam2_24267133104578.jpg,24267133104578,24267280927775,0
0,cam0_24267134226527.jpg,24267134226527,24267282144250,0
4,cam4_24267135100853.jpg,24267135100853,24267282979583,0
2,cam2_24267149771244.jpg,24267149771244,24267296939444,0
0,cam0_24267150893193.jpg,24267150893193,24267298114787,0
4,cam4_24267151767519.jpg,24267151767519,24267298940971,0
2,cam2_24267166437910.jpg,24267166437910,24267312924158,0
0,cam0_24267167559859.jpg,24267167559859,24267314114277,0
4,cam4_24267168434185.jpg,24267168434185,24267314954444,0
2,cam2_24267183104576.jpg,24267183104576,24267329016082,0
0,cam0_24267184226525.jpg,24267184226525,24267330128518,0
4,cam4_24267185100851.jpg,24267185100851,24267330974494,0
2,cam2_24267199771242.jpg,24267199771242,24267345009788,0
0,cam0_24267200893191.jpg,24267200893191,24267346172880,0
4,cam4_24267201767517.jpg,24267201767517,24267346993943,0
2,cam2_24267216437908.jpg,24267216437908,24267364994414,0
0,cam0_24267217559857.jpg,24267217559857,24267366162595,0
4,cam4_24267218434183.jpg,24267218434183,24267366988990,0
2,cam2_24267233104574.jpg,24267233104574,24267380951287,0
0,cam0_24267234226523.jpg,24267234226523,24267382064826,0
4,cam4_24267235100849.jpg,24267235100849,24267382970702,0
2,cam2_24267249771240.jpg,24267249771240,24267396946172,0
0,cam0_24267250893189.jpg,24267250893189,24267398184008,0
4,cam4_24267251767515.jpg,24267251767515,24267398967108,0
2,cam2_24267266437906.jpg,24267266437906,24267412970206,0
0,cam0_24267267559855.jpg,24267267559855,24267414132337,0
4,cam4_24267268434181.jpg,24267268434181,24267414956260,0
2,cam2_24267283104572.jpg,24267283104572,24267428988650,0
0,cam0_24267284226521.jpg,24267284226521,24267430106316,0
4,cam4_24267285100847.jpg,24267285100847,24267430914088,0
2,cam2_24267299771238.jpg,24267299771238,24267444962925,0
0,cam0_24267300893187.jpg,24267300893187,24267446110739,0
4,cam4_24267301767513.jpg,24267301767513,24267446946923,0
2,cam2_24267316437904.jpg,24267316437904,24267464998619,0
0,cam0_24267317559853.jpg,24267317559853,24267466164001,0
4,cam4_24267318434179.jpg,24267318434179,24267467056495,0
2,cam2_24267333104570.jpg,24267333104570,24267480995184,0
0,cam0_24267334226519.jpg,24267334226519,24267482094091,0
4,cam4_24267335100845.jpg,24267335100845,24267482990199,0
2,cam2_24267349771236.jpg,24267349771236,24267496962206,0
0,cam0_24267350893185.jpg,24267350893185,24267498095211,0
4,cam4_24267351767511.jpg,24267351767511,24267498828717,0
2,cam2_24267366437902.jpg,24267366437902,24267512977095,0
0,cam0_24267367559851.jpg,24267367559851,24267514150440,0
4,cam4_24267368434177.jpg,24267368434177,24267514988091,0
2,cam2_24267383104568.jpg,24267383104568,24267529033766,0
0,cam0_24267384226517.jpg,24267384226517,24267530148627,0
4,cam4_24267385100843.jpg,24267385100843,24267531016549,0
2,cam2_24267399771234.jpg,24267399771234,24267544975147,0
0,cam0_24267400893183.jpg,24267400893183,24267546130297,0
4,cam4_24267401767509.jpg,24267401767509,24267546966681,0
2,cam2_24267416437900.jpg,24267416437900,24267564946143,0
0,cam0_24267417559849.jpg,24267417559849,24267566093580,0
4,cam4_24267418434175.jpg,24267418434175,24267567016129,0
2,cam2_24267433104566.jpg,24267433104566,24267580979897,0
0,cam0_24267434226515.jpg,24267434226515,24267582119163,0
4,cam4_24267435100841.jpg,24267435100841,24267583058737,0
2,cam2_24267449771232.jpg,24267449771232,24267596959447,0
0,cam0_24267450893181.jpg,24267450893181,24267598185533,0
4,cam4_24267451767507.jpg,24267451767507,24267599075691,0
2,cam2_24267466437898.jpg,24267466437898,24267612982736,0
0,cam0_24267467559847.jpg,24267467559847,24267614118404,0
4,cam4_24267468434173.jpg,24267468434173,24267615006975,0
2,cam2_24267483104564.jpg,24267483104564,24267628984684,0
0,cam0_24267484226513.jpg,24267484226513,24267630113664,0
4,cam4_24267485100839.jpg,24267485100839,24267630930115,0
2,cam2_24267499771230.jpg,24267499771230,24267644955167,0
0,cam0_24267500893179.jpg,24267500893179,24267646084627,0
4,cam4_24267501767505.jpg,24267501767505,24267646947347,0
2,cam2_24267516437896.jpg,24267516437896,24267665069102,0
0,cam0_24267517559845.jpg,24267517559845,24267666138543,0
4,cam4_24267518434171.jpg,24267518434171,24267667041191,0
2,cam2_24267533104562.jpg,24267533104562,24267680975748,0
0,cam0_24267534226511.jpg,24267534226511,24267682295021,0
4,cam4_24267535100837.jpg,24267535100837,24267683095333,0
2,cam2_24267549771228.jpg,24267549771228,24267697011362,0
0,cam0_24267550893177.jpg,24267550893177,24267698205379,0
4,cam4_24267551767503.jpg,24267551767503,24267699015248,0
2,cam2_24267566437894.jpg,24267566437894,24267712966034,0
0,cam0_24267567559843.jpg,24267567559843,24267714215128,0
4,cam4_24267568434169.jpg,24267568434169,24267714984573,0
2,cam2_24267583104560.jpg,24267583104560,24267729239044,0
0,cam0_24267584226509.jpg,24267584226509,24267730217414,0
4,cam4_24267585100835.jpg,24267585100835,24267731222328,0
2,cam2_24267599771226.jpg,24267599771226,24267744929960,0
0,cam0_24267600893175.jpg,24267600893175,24267745913554,0
4,cam4_24267601767501.jpg,24267601767501,24267746773345,0
2,cam2_24267616437892.jpg,24267616437892,24267764753318,0
0,cam0_24267617559841.jpg,24267617559841,24267765834286,0
4,cam4_24267618434167.jpg,24267618434167,24267766687603,0
2,cam2_24267633104558.jpg,24267633104558,24267780689278,0
0,cam0_24267634226507.jpg,24267634226507,24267781807348,0
4,cam4_24267635100833.jpg,24267635100833,24267782688120,0
2,cam2_24267649771224.jpg,24267649771224,24267796759934,0
0,cam0_24267650893173.jpg,24267650893173,24267797871118,0
4,cam4_24267651767499.jpg,24267651767499,24267798764559,0
2,cam2_24267666437890.jpg,24267666437890,24267812788996,0
0,cam0_24267667559839.jpg,24267667559839,24267813853877,0
4,cam4_24267668434165.jpg,24267668434165,24267814744082,0
2,cam2_24267683104556.jpg,24267683104556,24267828733672,0
0,cam0_24267684226505.jpg,24267684226505,24267829838518,0
4,cam4_24267685100831.jpg,24267685100831,24267830684905,0
2,cam2_24267699771222.jpg,24267699771222,24267844783781,0
0,cam0_24267700893171.jpg,24267700893171,24267849929709,0
4,cam4_24267701767497.jpg,24267701767497,24267850785385,0
2,cam2_24267716437888.jpg,24267716437888,24267865161938,0
0,cam0_24267717559837.jpg,24267717559837,24267866412807,0
4,cam4_24267718434163.jpg,24267718434163,24267867143762,0
2,cam2_24267733104554.jpg,24267733104554,24267881081483,0
0,cam0_24267734226503.jpg,24267734226503,24267882338115,0
4,cam4_24267735100829.jpg,24267735100829,24267883108323,0
2,cam2_24267749771220.jpg,24267749771220,24267897047479,0
0,cam0_24267750893169.jpg,24267750893169,24267898300810,0
4,cam4_24267751767495.jpg,24267751767495,24267899073123,0
2,cam2_24267766437886.jpg,24267766437886,24267913141064,0
0,cam0_24267767559835.jpg,24267767559835,24267914304666,0
4,cam4_24267768434161.jpg,24267768434161,24267915214939,0
2,cam2_24267783104552.jpg,24267783104552,24267929127339,0
0,cam0_24267784226501.jpg,24267784226501,24267930419130,0
4,cam4_24267785100827.jpg,24267785100827,24267931190505,0
2,cam2_24267799771218.jpg,24267799771218,24267949099793,0
0,cam0_24267800893167.jpg,24267800893167,24267950342464,0
4,cam4_24267801767493.jpg,24267801767493,24267951174808,0
2,cam2_24267816437884.jpg,24267816437884,24267965064761,0
0,cam0_24267817559833.jpg,24267817559833,24267966279092,0
4,cam4_24267818434159.jpg,24267818434159,24267967023451,0
2,cam2_24267833104550.jpg,24267833104550,24267980968510,0
0,cam0_24267834226499.jpg,24267834226499,24267982197051,0
4,cam4_24267835100825.jpg,24267835100825,24267983008476,0
2,cam2_24267849771216.jpg,24267849771216,24267997179783,0
0,cam0_24267850893165.jpg,24267850893165,24267998358478,0
4,cam4_24267851767491.jpg,24267851767491,24267998948054,0
2,cam2_24267866437882.jpg,24267866437882,24268012781139,0
0,cam0_24267867559831.jpg,24267867559831,24268013917800,0
4,cam4_24267868434157.jpg,24267868434157,24268014737616,0
2,cam2_24267883104548.jpg,24267883104548,24268028806904,0
0,cam0_24267884226497.jpg,24267884226497,24268029915895,0
4,cam4_24267885100823.jpg,24267885100823,24268030826198,0
2,cam2_24267899771214.jpg,24267899771214,24268048798325,0
0,cam0_24267900893163.jpg,24267900893163,24268049835760,0
4,cam4_24267901767489.jpg,24267901767489,24268050756391,0
2,cam2_24267916437880.jpg,24267916437880,24268065110182,0
0,cam0_24267917559829.jpg,24267917559829,24268066326339,0
4,cam4_24267918434155.jpg,24267918434155,24268067306403,0
2,cam2_24267933104546.jpg,24267933104546,24268081100124,0
0,cam0_24267934226495.jpg,24267934226495,24268082243562,0
4,cam4_24267935100821.jpg,24267935100821,24268083069756,0
2,cam2_24267949771212.jpg,24267949771212,24268097058747,0
0,cam0_24267950893161.jpg,24267950893161,24268098227172,0
4,cam4_24267951767487.jpg,24267951767487,24268099051492,0
2,cam2_24267966437878.jpg,24267966437878,24268113010685,0
0,cam0_24267967559827.jpg,24267967559827,24268114263841,0
4,cam4_24267968434153.jpg,24267968434153,24268115111719,0
2,cam2_24267983104544.jpg,24267983104544,24268129042009,0
0,cam0_24267984226493.jpg,24267984226493,24268130285706,0
4,cam4_24267985100819.jpg,24267985100819,24268131105339,0
2,cam2_24267999771210.jpg,24267999771210,24268149036783,0
0,cam0_24268000893159.jpg,24268000893159,24268150230528,0
4,cam4_24268001767485.jpg,24268001767485,24268151174961,0
2,cam2_24268016437876.jpg,24268016437876,24268165038903,0
0,cam0_24268017559825.jpg,24268017559825,24268166193247,0
4,cam4_24268018434151.jpg,24268018434151,24268167050253,0
2,cam2_24268033104542.jpg,24268033104542,24268181120504,0
0,cam0_24268034226491.jpg,24268034226491,24268182381034,0
4,cam4_24268035100817.jpg,24268035100817,24268183137035,0
2,cam2_24268049771208.jpg,24268049771208,24268197061825,0
0,cam0_24268050893157.jpg,24268050893157,24268198334899,0
4,cam4_24268051767483.jpg,24268051767483,24268199097898,0
2,cam2_24268066437874.jpg,24268066437874,24268213088881,0
0,cam0_24268067559823.jpg,24268067559823,24268214191576,0
4,cam4_24268068434149.jpg,24268068434149,24268215040894,0
2,cam2_24268083104540.jpg,24268083104540,24268229035920,0
0,cam0_24268084226489.jpg,24268084226489,24268230305674,0
4,cam4_24268085100815.jpg,24268085100815,24268231125274,0
2,cam2_24268099771206.jpg,24268099771206,24268249029943,0
0,cam0_24268100893155.jpg,24268100893155,24268250182317,0
4,cam4_24268101767481.jpg,24268101767481,24268251011741,0
2,cam2_24268116437872.jpg,24268116437872,24268265033804,0
0,cam0_24268117559821.jpg,24268117559821,24268266276702,0
4,cam4_24268118434147.jpg,24268118434147,24268267099466,0
2,cam2_24268133104538.jpg,24268133104538,24268281019294,0
0,cam0_24268134226487.jpg,24268134226487,24268282210209,0
4,cam4_24268135100813.jpg,24268135100813,24268283048361,0
2,cam2_24268149771204.jpg,24268149771204,24268297038770,0
0,cam0_24268150893153.jpg,24268150893153,24268298215061,0
4,cam4_24268151767479.jpg,24268151767479,24268299081225,0
2,cam2_24268166437870.jpg,24268166437870,24268312994123,0
0,cam0_24268167559819.jpg,24268167559819,24268314300499,0
4,cam4_24268168434145.jpg,24268168434145,24268314968491,0
2,cam2_24268183104536.jpg,24268183104536,24268329099770,0
0,cam0_24268184226485.jpg,24268184226485,24268330216426,0
4,cam4_24268185100811.jpg,24268185100811,24268331069540,0
2,cam2_24268199771202.jpg,24268199771202,24268349080183,0
0,cam0_24268200893151.jpg,24268200893151,24268350238094,0
4,cam4_24268201767477.jpg,24268201767477,24268351046119,0
2,cam2_24268216437868.jpg,24268216437868,24268365043468,0
0,cam0_24268217559817.jpg,24268217559817,24268366225255,0
4,cam4_24268218434143.jpg,24268218434143,24268367055499,0
2,cam2_24268233104534.jpg,24268233104534,24268380999220,0
0,cam0_24268234226483.jpg,24268234226483,24268382161972,0
4,cam4_24268235100809.jpg,24268235100809,24268382971661,0
2,cam2_24268249771200.jpg,24268249771200,24268397027307,0
0,cam0_24268250893149.jpg,24268250893149,24268398290874,0
4,cam4_24268251767475.jpg,24268251767475,24268399186768,0
2,cam2_24268266437866.jpg,24268266437866,24268413000189,0
0,cam0_24268267559815.jpg,24268267559815,24268414247664,0
4,cam4_24268268434141.jpg,24268268434141,24268415254118,0
2,cam2_24268283104532.jpg,24268283104532,24268429008782,0
0,cam0_24268284226481.jpg,24268284226481,24268430196651,0
4,cam4_24268285100807.jpg,24268285100807,24268431236922,0
2,cam2_24268299771198.jpg,24268299771198,24268449008944,0
0,cam0_24268300893147.jpg,24268300893147,24268450175019,0
4,cam4_24268301767473.jpg,24268301767473,24268451193086,0
2,cam2_24268316437864.jpg,24268316437864,24268465022615,0
0,cam0_24268317559813.jpg,24268317559813,24268466326798,0
4,cam4_24268318434139.jpg,24268318434139,24268467199259,0
2,cam2_24268333104530.jpg,24268333104530,24268480999418,0
0,cam0_24268334226479.jpg,24268334226479,24268482310287,0
4,cam4_24268335100805.jpg,24268335100805,24268483117596,0
2,cam2_24268349771196.jpg,24268349771196,24268497076809,0
0,cam0_24268350893145.jpg,24268350893145,24268498207258,0
4,cam4_24268351767471.jpg,24268351767471,24268499120137,0
2,cam2_24268366437862.jpg,24268366437862,24268512854581,0
0,cam0_24268367559811.jpg,24268367559811,24268514066194,0
4,cam4_24268368434137.jpg,24268368434137,24268514895155,0
2,cam2_24268383104528.jpg,24268383104528,24268529054780,0
0,cam0_24268384226477.jpg,24268384226477,24268530237235,0
4,cam4_24268385100803.jpg,24268385100803,24268531224332,0
2,cam2_24268399771194.jpg,24268399771194,24268549042190,0
0,cam0_24268400893143.jpg,24268400893143,24268550380216,0
4,cam4_24268401767469.jpg,24268401767469,24268551268587,0
2,cam2_24268416437860.jpg,24268416437860,24268565026032,0
0,cam0_24268417559809.jpg,24268417559809,24268566250798,0
4,cam4_24268418434135.jpg,24268418434135,24268567052678,0
2,cam2_24268433104526.jpg,24268433104526,24268581084250,0
0,cam0_24268434226475.jpg,24268434226475,24268582181763,0
4,cam4_24268435100801.jpg,24268435100801,24268583053421,0
2,cam2_24268449771192.jpg,24268449771192,24268597082862,0
0,cam0_24268450893141.jpg,24268450893141,24268598240255,0
4,cam4_24268451767467.jpg,24268451767467,24268599103162,0
2,cam2_24268466437858.jpg,24268466437858,24268613060937,0
0,cam0_24268467559807.jpg,24268467559807,24268614199638,0
4,cam4_24268468434133.jpg,24268468434133,24268615045463,0
2,cam2_24268483104524.jpg,24268483104524,24268629135467,0
0,cam0_24268484226473.jpg,24268484226473,24268630185212,0
4,cam4_24268485100799.jpg,24268485100799,24268631069554,0
2,cam2_24268499771190.jpg,24268499771190,24268649415776,0
0,cam0_24268500893139.jpg,24268500893139,24268650280029,0
4,cam4_24268501767465.jpg,24268501767465,24268651076748,0
2,cam2_24268516437856.jpg,24268516437856,24268665228652,0
0,cam0_24268517559805.jpg,24268517559805,24268666283291,0
4,cam4_24268518434131.jpg,24268518434131,24268667381671,0
2,cam2_24268533104522.jpg,24268533104522,24268681213563,0
0,cam0_24268534226471.jpg,24268534226471,24268682243418,0
4,cam4_24268535100797.jpg,24268535100797,24268683200100,0
2,cam2_24268549771188.jpg,24268549771188,24268697063190,0
0,cam0_24268550893137.jpg,24268550893137,24268698203579,0
4,cam4_24268551767463.jpg,24268551767463,24268699035606,0
2,cam2_24268566437854.jpg,24268566437854,24268713028234,0
0,cam0_24268567559803.jpg,24268567559803,24268714153329,0
4,cam4_24268568434129.jpg,24268568434129,24268714985016,0
2,cam2_24268583104520.jpg,24268583104520,24268729042137,0
0,cam0_24268584226469.jpg,24268584226469,24268730225529,0
4,cam4_24268585100795.jpg,24268585100795,24268731094490,0
2,cam2_24268599771186.jpg,24268599771186,24268748989920,0
0,cam0_24268600893135.jpg,24268600893135,24268750094883,0
4,cam4_24268601767461.jpg,24268601767461,24268750876026,0
2,cam2_24268616437852.jpg,24268616437852,24268765172570,0
0,cam0_24268617559801.jpg,24268617559801,24268766285264,0
4,cam4_24268618434127.jpg,24268618434127,24268767091897,0
2,cam2_24268633104518.jpg,24268633104518,24268780885086,0
0,cam0_24268634226467.jpg,24268634226467,24268782036394,0
4,cam4_24268635100793.jpg,24268635100793,24268782813618,0
2,cam2_24268649771184.jpg,24268649771184,24268796971273,0
0,cam0_24268650893133.jpg,24268650893133,24268798027790,0
4,cam4_24268651767459.jpg,24268651767459,24268798830800,0
2,cam2_24268666437850.jpg,24268666437850,24268812865201,0
0,cam0_24268667559799.jpg,24268667559799,24268813892581,0
4,cam4_24268668434125.jpg,24268668434125,24268814732198,0
2,cam2_24268683104516.jpg,24268683104516,24268828785244,0
0,cam0_24268684226465.jpg,24268684226465,24268830053865,0
4,cam4_24268685100791.jpg,24268685100791,24268830770520,0
2,cam2_24268699771182.jpg,24268699771182,24268848877778,0
0,cam0_24268700893131.jpg,24268700893131,24268849939835,0
4,cam4_24268701767457.jpg,24268701767457,24268850769122,0
2,cam2_24268716437848.jpg,24268716437848,24268864836649,0
0,cam0_24268717559797.jpg,24268717559797,24268865963899,0
4,cam4_24268718434123.jpg,24268718434123,24268866812753,0
2,cam2_24268733104514.jpg,24268733104514,24268881170027,0
0,cam0_24268734226463.jpg,24268734226463,24268882234020,0
4,cam4_24268735100789.jpg,24268735100789,24268883215617,0
2,cam2_24268749771180.jpg,24268749771180,24268897113511,0
0,cam0_24268750893129.jpg,24268750893129,24268898202179,0
4,cam4_24268751767455.jpg,24268751767455,24268899130796,0
2,cam2_24268766437846.jpg,24268766437846,24268913055498,0
0,cam0_24268767559795.jpg,24268767559795,24268914291517,0
4,cam4_24268768434121.jpg,24268768434121,24268915134368,0
2,cam2_24268783104512.jpg,24268783104512,24268929248912,0
0,cam0_24268784226461.jpg,24268784226461,24268930564126,0
4,cam4_24268785100787.jpg,24268785100787,24268931396519,0
2,cam2_24268799771178.jpg,24268799771178,24268949388789,0
0,cam0_24268800893127.jpg,24268800893127,24268950544969,0
4,cam4_24268801767453.jpg,24268801767453,24268951484132,0
2,cam2_24268816437844.jpg,24268816437844,24268965186353,0
0,cam0_24268817559793.jpg,24268817559793,24268966346076,0
4,cam4_24268818434119.jpg,24268818434119,24268967328062,0
2,cam2_24268833104510.jpg,24268833104510,24268981244618,0
0,cam0_24268834226459.jpg,24268834226459,24268982418691,0
4,cam4_24268835100785.jpg,24268835100785,24268983388583,0
2,cam2_24268849771176.jpg,24268849771176,24268997328946,0
0,cam0_24268850893125.jpg,24268850893125,24268998612347,0
4,cam4_24268851767451.jpg,24268851767451,24268999560389,0
2,cam2_24268866437842.jpg,24268866437842,24269013081354,0
0,cam0_24268867559791.jpg,24268867559791,24269013893856,0
4,cam4_24268868434117.jpg,24268868434117,24269014808061,0
2,cam2_24268883104508.jpg,24268883104508,24269029240517,0
4,cam4_24268885100783.jpg,24268885100783,24269031087682,0
0,cam0_24268884226457.jpg,24268884226457,24269034487716,0
2,cam2_24268899771174.jpg,24268899771174,24269049232938,0
0,cam0_24268900893123.jpg,24268900893123,24269050401630,0
4,cam4_24268901767449.jpg,24268901767449,24269051330055,0
2,cam2_24268916437840.jpg,24268916437840,24269065180478,0
0,cam0_24268917559789.jpg,24268917559789,24269066475843,0
4,cam4_24268918434115.jpg,24268918434115,24269067520186,0
2,cam2_24268933104506.jpg,24268933104506,24269081215784,0
0,cam0_24268934226455.jpg,24268934226455,24269082378099,0
4,cam4_24268935100781.jpg,24268935100781,24269083393717,0
2,cam2_24268949771172.jpg,24268949771172,24269097253433,0
0,cam0_24268950893121.jpg,24268950893121,24269098372963,0
4,cam4_24268951767447.jpg,24268951767447,24269099348296,0
2,cam2_24268966437838.jpg,24268966437838,24269113145240,0
0,cam0_24268967559787.jpg,24268967559787,24269114377378,0
4,cam4_24268968434113.jpg,24268968434113,24269115186402,0
2,cam2_24268983104504.jpg,24268983104504,24269129255689,0
0,cam0_24268984226453.jpg,24268984226453,24269134447619,0
4,cam4_24268985100779.jpg,24268985100779,24269135255868,0
2,cam2_24268999771170.jpg,24268999771170,24269149153281,0
0,cam0_24269000893119.jpg,24269000893119,24269150306842,0
4,cam4_24269001767445.jpg,24269001767445,24269151085406,0
2,cam2_24269016437836.jpg,24269016437836,24269165082480,0
0,cam0_24269017559785.jpg,24269017559785,24269166324841,0
4,cam4_24269018434111.jpg,24269018434111,24269167158336,0
2,cam2_24269033104502.jpg,24269033104502,24269181152455,0
0,cam0_24269034226451.jpg,24269034226451,24269182292944,0
4,cam4_24269035100777.jpg,24269035100777,24269183233787,0
2,cam2_24269049771168.jpg,24269049771168,24269197323399,0
0,cam0_24269050893117.jpg,24269050893117,24269198292797,0
4,cam4_24269051767443.jpg,24269051767443,24269199281107,0
2,cam2_24269066437834.jpg,24269066437834,24269213186916,0
0,cam0_24269067559783.jpg,24269067559783,24269214257367,0
4,cam4_24269068434109.jpg,24269068434109,24269215136182,0
2,cam2_24269083104500.jpg,24269083104500,24269233086172,0
0,cam0_24269084226449.jpg,24269084226449,24269234276326,0
4,cam4_24269085100775.jpg,24269085100775,24269235180207,0
2,cam2_24269099771166.jpg,24269099771166,24269249098689,0
0,cam0_24269100893115.jpg,24269100893115,24269250287023,0
4,cam4_24269101767441.jpg,24269101767441,24269251190148,0
2,cam2_24269116437832.jpg,24269116437832,24269265125538,0
0,cam0_24269117559781.jpg,24269117559781,24269266362232,0
4,cam4_24269118434107.jpg,24269118434107,24269267206782,0
2,cam2_24269133104498.jpg,24269133104498,24269281115744,0
0,cam0_24269134226447.jpg,24269134226447,24269282252447,0
4,cam4_24269135100773.jpg,24269135100773,24269283146484,0
2,cam2_24269149771164.jpg,24269149771164,24269297072190,0
0,cam0_24269150893113.jpg,24269150893113,24269298224403,0
4,cam4_24269151767439.jpg,24269151767439,24269299126271,0
2,cam2_24269166437830.jpg,24269166437830,24269313060030,0
0,cam0_24269167559779.jpg,24269167559779,24269314276619,0
4,cam4_24269168434105.jpg,24269168434105,24269315082996,0
2,cam2_24269183104496.jpg,24269183104496,24269333165429,0
0,cam0_24269184226445.jpg,24269184226445,24269334341844,0
4,cam4_24269185100771.jpg,24269185100771,24269335171387,0
2,cam2_24269199771162.jpg,24269199771162,24269349228842,0
0,cam0_24269200893111.jpg,24269200893111,24269350629073,0
4,cam4_24269201767437.jpg,24269201767437,24269351370163,0
2,cam2_24269216437828.jpg,24269216437828,24269364949537,0
0,cam0_24269217559777.jpg,24269217559777,24269366192278,0
4,cam4_24269218434103.jpg,24269218434103,24269367052622,0
2,cam2_24269233104494.jpg,24269233104494,24269381057369,0
0,cam0_24269234226443.jpg,24269234226443,24269382305417,0
4,cam4_24269235100769.jpg,24269235100769,24269383145166,0
2,cam2_24269249771160.jpg,24269249771160,24269397159919,0
0,cam0_24269250893109.jpg,24269250893109,24269398390508,0
4,cam4_24269251767435.jpg,24269251767435,24269399212115,0
2,cam2_24269266437826.jpg,24269266437826,24269413090645,0
0,cam0_24269267559775.jpg,24269267559775,24269414361745,0
4,cam4_24269268434101.jpg,24269268434101,24269415276865,0
2,cam2_24269283104492.jpg,24269283104492,24269433145352,0
0,cam0_24269284226441.jpg,24269284226441,24269434278462,0
4,cam4_24269285100767.jpg,24269285100767,24269435111847,0
2,cam2_24269299771158.jpg,24269299771158,24269449080094,0
0,cam0_24269300893107.jpg,24269300893107,24269450290199,0
4,cam4_24269301767433.jpg,24269301767433,24269451074721,0
2,cam2_24269316437824.jpg,24269316437824,24269465138042,0
0,cam0_24269317559773.jpg,24269317559773,24269466384221,0
4,cam4_24269318434099.jpg,24269318434099,24269467198018,0
2,cam2_24269333104490.jpg,24269333104490,24269481127996,0
0,cam0_24269334226439.jpg,24269334226439,24269482303074,0
4,cam4_24269335100765.jpg,24269335100765,24269483144152,0
2,cam2_24269349771156.jpg,24269349771156,24269497119870,0
0,cam0_24269350893105.jpg,24269350893105,24269498237831,0
4,cam4_24269351767431.jpg,24269351767431,24269499043405,0
2,cam2_24269366437822.jpg,24269366437822,24269513116967,0
0,cam0_24269367559771.jpg,24269367559771,24269514227119,0
4,cam4_24269368434097.jpg,24269368434097,24269515075361,0
2,cam2_24269383104488.jpg,24269383104488,24269533232154,0
0,cam0_24269384226437.jpg,24269384226437,24269534480143,0
4,cam4_24269385100763.jpg,24269385100763,24269535193694,0
2,cam2_24269399771154.jpg,24269399771154,24269549091607,0
0,cam0_24269400893103.jpg,24269400893103,24269550341982,0
4,cam4_24269401767429.jpg,24269401767429,24269551145403,0
2,cam2_24269416437820.jpg,24269416437820,24269565077185,0
0,cam0_24269417559769.jpg,24269417559769,24269566390818,0
4,cam4_24269418434095.jpg,24269418434095,24269567225119,0
2,cam2_24269433104486.jpg,24269433104486,24269581143231,0
0,cam0_24269434226435.jpg,24269434226435,24269582325027,0
4,cam4_24269435100761.jpg,24269435100761,24269583110208,0
2,cam2_24269449771152.jpg,24269449771152,24269597183643,0
0,cam0_24269450893101.jpg,24269450893101,24269598365760,0
4,cam4_24269451767427.jpg,24269451767427,24269599196515,0
2,cam2_24269466437818.jpg,24269466437818,24269613139551,0
0,cam0_24269467559767.jpg,24269467559767,24269614317862,0
4,cam4_24269468434093.jpg,24269468434093,24269615150227,0
2,cam2_24269483104484.jpg,24269483104484,24269633170389,0
0,cam0_24269484226433.jpg,24269484226433,24269634288616,0
4,cam4_24269485100759.jpg,24269485100759,24269635172031,0
2,cam2_24269499771150.jpg,24269499771150,24269649129151,0
0,cam0_24269500893099.jpg,24269500893099,24269650305920,0
4,cam4_24269501767425.jpg,24269501767425,24269651155479,0
2,cam2_24269516437816.jpg,24269516437816,24269665147905,0
0,cam0_24269517559765.jpg,24269517559765,24269666358251,0
4,cam4_24269518434091.jpg,24269518434091,24269667216681,0
2,cam2_24269533104482.jpg,24269533104482,24269681167202,0
0,cam0_24269534226431.jpg,24269534226431,24269682799330,0
4,cam4_24269535100757.jpg,24269535100757,24269683417210,0
2,cam2_24269549771148.jpg,24269549771148,24269697137414,0
0,cam0_24269550893097.jpg,24269550893097,24269698384748,0
4,cam4_24269551767423.jpg,24269551767423,24269699170644,0
2,cam2_24269566437814.jpg,24269566437814,24269713154651,0
0,cam0_24269567559763.jpg,24269567559763,24269714318507,0
4,cam4_24269568434089.jpg,24269568434089,24269715130615,0
2,cam2_24269583104480.jpg,24269583104480,24269733292858,0
0,cam0_24269584226429.jpg,24269584226429,24269734299828,0
4,cam4_24269585100755.jpg,24269585100755,24269735208395,0
2,cam2_24269599771146.jpg,24269599771146,24269748922584,0
0,cam0_24269600893095.jpg,24269600893095,24269750243281,0
4,cam4_24269601767421.jpg,24269601767421,24269750962520,0
2,cam2_24269616437812.jpg,24269616437812,24269764894625,0
0,cam0_24269617559761.jpg,24269617559761,24269766030187,0
4,cam4_24269618434087.jpg,24269618434087,24269766854271,0
2,cam2_24269633104478.jpg,24269633104478,24269780858325,0
0,cam0_24269634226427.jpg,24269634226427,24269781972163,0
4,cam4_24269635100753.jpg,24269635100753,24269782816675,0
2,cam2_24269649771144.jpg,24269649771144,24269796861012,0
0,cam0_24269650893093.jpg,24269650893093,24269798008646,0
4,cam4_24269651767419.jpg,24269651767419,24269798844111,0
2,cam2_24269666437810.jpg,24269666437810,24269812917043,0
0,cam0_24269667559759.jpg,24269667559759,24269813967153,0
4,cam4_24269668434085.jpg,24269668434085,24269814808847,0
2,cam2_24269683104476.jpg,24269683104476,24269832905102,0
0,cam0_24269684226425.jpg,24269684226425,24269833982557,0
4,cam4_24269685100751.jpg,24269685100751,24269834815999,0
2,cam2_24269699771142.jpg,24269699771142,24269848918465,0
0,cam0_24269700893091.jpg,24269700893091,24269850118334,0
4,cam4_24269701767417.jpg,24269701767417,24269850976364,0
2,cam2_24269716437808.jpg,24269716437808,24269865329036,0
0,cam0_24269717559757.jpg,24269717559757,24269866505762,0
4,cam4_24269718434083.jpg,24269718434083,24269867300768,0
2,cam2_24269733104474.jpg,24269733104474,24269881245376,0
0,cam0_24269734226423.jpg,24269734226423,24269882462400,0
4,cam4_24269735100749.jpg,24269735100749,24269883277624,0
2,cam2_24269749771140.jpg,24269749771140,24269897159728,0
0,cam0_24269750893089.jpg,24269750893089,24269898413199,0
4,cam4_24269751767415.jpg,24269751767415,24269899252573,0
2,cam2_24269766437806.jpg,24269766437806,24269913257514,0
0,cam0_24269767559755.jpg,24269767559755,24269914347496,0
4,cam4_24269768434081.jpg,24269768434081,24269915105457,0
2,cam2_24269783104472.jpg,24269783104472,24269933261459,0
0,cam0_24269784226421.jpg,24269784226421,24269934641804,0
4,cam4_24269785100747.jpg,24269785100747,24269935415982,0
2,cam2_24269799771138.jpg,24269799771138,24269949179772,0
0,cam0_24269800893087.jpg,24269800893087,24269950595198,0
4,cam4_24269801767413.jpg,24269801767413,24269951267491,0
2,cam2_24269816437804.jpg,24269816437804,24269965243030,0
0,cam0_24269817559753.jpg,24269817559753,24269966419317,0
4,cam4_24269818434079.jpg,24269818434079,24269967220311,0
2,cam2_24269833104470.jpg,24269833104470,24269981200960,0
0,cam0_24269834226419.jpg,24269834226419,24269982375553,0
4,cam4_24269835100745.jpg,24269835100745,24269983109252,0
2,cam2_24269849771136.jpg,24269849771136,24269997267892,0
0,cam0_24269850893085.jpg,24269850893085,24269998566058,0
4,cam4_24269851767411.jpg,24269851767411,24269999259225,0
2,cam2_24269866437802.jpg,24269866437802,24270013025881,0
0,cam0_24269867559751.jpg,24269867559751,24270014246618,0
4,cam4_24269868434077.jpg,24269868434077,24270014993120,0
2,cam2_24269883104468.jpg,24269883104468,24270033210334,0
0,cam0_24269884226417.jpg,24269884226417,24270034434316,0
4,cam4_24269885100743.jpg,24269885100743,24270035251009,0
2,cam2_24269899771134.jpg,24269899771134,24270049156812,0
0,cam0_24269900893083.jpg,24269900893083,24270050416147,0
4,cam4_24269901767409.jpg,24269901767409,24270051258773,0
2,cam2_24269916437800.jpg,24269916437800,24270065260039,0
0,cam0_24269917559749.jpg,24269917559749,24270066501523,0
4,cam4_24269918434075.jpg,24269918434075,24270067361385,0
2,cam2_24269933104466.jpg,24269933104466,24270081273593,0
0,cam0_24269934226415.jpg,24269934226415,24270082500927,0
4,cam4_24269935100741.jpg,24269935100741,24270083230073,0
2,cam2_24269949771132.jpg,24269949771132,24270097306934,0
0,cam0_24269950893081.jpg,24269950893081,24270098410450,0
4,cam4_24269951767407.jpg,24269951767407,24270099224556,0
2,cam2_24269966437798.jpg,24269966437798,24270113198048,0
0,cam0_24269967559747.jpg,24269967559747,24270114408571,0
4,cam4_24269968434073.jpg,24269968434073,24270115208099,0
2,cam2_24269983104464.jpg,24269983104464,24270133276678,0
0,cam0_24269984226413.jpg,24269984226413,24270134547710,0
4,cam4_24269985100739.jpg,24269985100739,24270135258030,0
2,cam2_24269999771130.jpg,24269999771130,24270149162777,0
0,cam0_24270000893079.jpg,24270000893079,24270150498908,0
4,cam4_24270001767405.jpg,24270001767405,24270151209436,0
2,cam2_24270016437796.jpg,24270016437796,24270165137062,0
0,cam0_24270017559745.jpg,24270017559745,24270166599300,0
4,cam4_24270018434071.jpg,24270018434071,24270167238877,0
2,cam2_24270033104462.jpg,24270033104462,24270181315910,0
0,cam0_24270034226411.jpg,24270034226411,24270182436652,0
4,cam4_24270035100737.jpg,24270035100737,24270183161702,0
2,cam2_24270049771128.jpg,24270049771128,24270197746886,0
0,cam0_24270050893077.jpg,24270050893077,24270198670769,0
4,cam4_24270051767403.jpg,24270051767403,24270199383494,0
2,cam2_24270066437794.jpg,24270066437794,24270213503113,0
0,cam0_24270067559743.jpg,24270067559743,24270214547266,0
4,cam4_24270068434069.jpg,24270068434069,24270215179947,0
2,cam2_24270083104460.jpg,24270083104460,24270233380404,0
0,cam0_24270084226409.jpg,24270084226409,24270234341126,0
4,cam4_24270085100735.jpg,24270085100735,24270235152274,0
2,cam2_24270099771126.jpg,24270099771126,24270249241505,0
0,cam0_24270100893075.jpg,24270100893075,24270250397512,0
4,cam4_24270101767401.jpg,24270101767401,24270251148418,0
2,cam2_24270116437792.jpg,24270116437792,24270265360886,0
0,cam0_24270117559741.jpg,24270117559741,24270266354270,0
4,cam4_24270118434067.jpg,24270118434067,24270267231359,0
2,cam2_24270133104458.jpg,24270133104458,24270281212638,0
0,cam0_24270134226407.jpg,24270134226407,24270282344107,0
4,cam4_24270135100733.jpg,24270135100733,24270283200793,0
2,cam2_24270149771124.jpg,24270149771124,24270297227619,0
0,cam0_24270150893073.jpg,24270150893073,24270298314303,0
4,cam4_24270151767399.jpg,24270151767399,24270299138448,0
2,cam2_24270166437790.jpg,24270166437790,24270313169982,0
0,cam0_24270167559739.jpg,24270167559739,24270318320032,0
4,cam4_24270168434065.jpg,24270168434065,24270319112850,0
2,cam2_24270183104456.jpg,24270183104456,24270333248508,0
0,cam0_24270184226405.jpg,24270184226405,24270334416098,0
4,cam4_24270185100731.jpg,24270185100731,24270335203111,0
2,cam2_24270199771122.jpg,24270199771122,24270349163887,0
0,cam0_24270200893071.jpg,24270200893071,24270350325910,0
4,cam4_24270201767397.jpg,24270201767397,24270351185421,0
2,cam2_24270216437788.jpg,24270216437788,24270365182913,0
0,cam0_24270217559737.jpg,24270217559737,24270366332190,0
4,cam4_24270218434063.jpg,24270218434063,24270367182056,0
2,cam2_24270233104454.jpg,24270233104454,24270381187495,0
0,cam0_24270234226403.jpg,24270234226403,24270382304097,0
4,cam4_24270235100729.jpg,24270235100729,24270383191238,0
2,cam2_24270249771120.jpg,24270249771120,24270397208556,0
0,cam0_24270250893069.jpg,24270250893069,24270398350868,0
4,cam4_24270251767395.jpg,24270251767395,24270399275399,0
2,cam2_24270266437786.jpg,24270266437786,24270417180759,0
0,cam0_24270267559735.jpg,24270267559735,24270418333014,0
4,cam4_24270268434061.jpg,24270268434061,24270419182616,0
2,cam2_24270283104452.jpg,24270283104452,24270433197114,0
0,cam0_24270284226401.jpg,24270284226401,24270434328022,0
4,cam4_24270285100727.jpg,24270285100727,24270435187787,0
2,cam2_24270299771118.jpg,24270299771118,24270449179796,0
0,cam0_24270300893067.jpg,24270300893067,24270450319937,0
4,cam4_24270301767393.jpg,24270301767393,24270451156932,0
2,cam2_24270316437784.jpg,24270316437784,24270465191448,0
0,cam0_24270317559733.jpg,24270317559733,24270466355091,0
4,cam4_24270318434059.jpg,24270318434059,24270467253449,0
2,cam2_24270333104450.jpg,24270333104450,24270481181627,0
0,cam0_24270334226399.jpg,24270334226399,24270482338599,0
4,cam4_24270335100725.jpg,24270335100725,24270483219371,0
2,cam2_24270349771116.jpg,24270349771116,24270497200647,0
0,cam0_24270350893065.jpg,24270350893065,24270498313893,0
4,cam4_24270351767391.jpg,24270351767391,24270499136806,0
2,cam2_24270366437782.jpg,24270366437782,24270517317288,0
0,cam0_24270367559731.jpg,24270367559731,24270518364482,0
4,cam4_24270368434057.jpg,24270368434057,24270519134146,0
2,cam2_24270383104448.jpg,24270383104448,24270533254473,0
0,cam0_24270384226397.jpg,24270384226397,24270534414996,0
4,cam4_24270385100723.jpg,24270385100723,24270535279635,0
2,cam2_24270399771114.jpg,24270399771114,24270549190899,0
0,cam0_24270400893063.jpg,24270400893063,24270550399933,0
4,cam4_24270401767389.jpg,24270401767389,24270551207066,0
2,cam2_24270416437780.jpg,24270416437780,24270565167207,0
0,cam0_24270417559729.jpg,24270417559729,24270566344018,0
4,cam4_24270418434055.jpg,24270418434055,24270567163441,0
2,cam2_24270433104446.jpg,24270433104446,24270581287630,0
0,cam0_24270434226395.jpg,24270434226395,24270582307930,0
4,cam4_24270435100721.jpg,24270435100721,24270583204851,0
2,cam2_24270449771112.jpg,24270449771112,24270597257680,0
0,cam0_24270450893061.jpg,24270450893061,24270598426566,0
4,cam4_24270451767387.jpg,24270451767387,24270599240524,0
2,cam2_24270466437778.jpg,24270466437778,24270617218217,0
0,cam0_24270467559727.jpg,24270467559727,24270618366573,0
4,cam4_24270468434053.jpg,24270468434053,24270619185750,0
2,cam2_24270483104444.jpg,24270483104444,24270633179801,0
0,cam0_24270484226393.jpg,24270484226393,24270634315550,0
4,cam4_24270485100719.jpg,24270485100719,24270635166279,0
2,cam2_24270499771110.jpg,24270499771110,24270649165937,0
0,cam0_24270500893059.jpg,24270500893059,24270650354468,0
4,cam4_24270501767385.jpg,24270501767385,24270651209392,0
2,cam2_24270516437776.jpg,24270516437776,24270665188219,0
0,cam0_24270517559725.jpg,24270517559725,24270666383942,0
4,cam4_24270518434051.jpg,24270518434051,24270667272053,0
2,cam2_24270533104442.jpg,24270533104442,24270681193675,0
0,cam0_24270534226391.jpg,24270534226391,24270682376903,0
4,cam4_24270535100717.jpg,24270535100717,24270683172529,0
2,cam2_24270549771108.jpg,24270549771108,24270697601861,0
0,cam0_24270550893057.jpg,24270550893057,24270698463351,0
4,cam4_24270551767383.jpg,24270551767383,24270699204125,0
2,cam2_24270566437774.jpg,24270566437774,24270717430881,0
0,cam0_24270567559723.jpg,24270567559723,24270718374462,0
4,cam4_24270568434049.jpg,24270568434049,24270719155917,0
2,cam2_24270583104440.jpg,24270583104440,24270733349189,0
0,cam0_24270584226389.jpg,24270584226389,24270734563119,0
4,cam4_24270585100715.jpg,24270585100715,24270735226856,0
2,cam2_24270599771106.jpg,24270599771106,24270748939196,0
0,cam0_24270600893055.jpg,24270600893055,24270750160197,0
4,cam4_24270601767381.jpg,24270601767381,24270750930066,0
2,cam2_24270616437772.jpg,24270616437772,24270764872566,0
0,cam0_24270617559721.jpg,24270617559721,24270766060681,0
4,cam4_24270618434047.jpg,24270618434047,24270766934633,0
2,cam2_24270633104438.jpg,24270633104438,24270780924880,0
0,cam0_24270634226387.jpg,24270634226387,24270782086931,0
4,cam4_24270635100713.jpg,24270635100713,24270782854168,0
2,cam2_24270649771104.jpg,24270649771104,24270796952637,0
0,cam0_24270650893053.jpg,24270650893053,24270798073725,0
4,cam4_24270651767379.jpg,24270651767379,24270798921740,0
2,cam2_24270666437770.jpg,24270666437770,24270816974779,0
0,cam0_24270667559719.jpg,24270667559719,24270818117280,0
4,cam4_24270668434045.jpg,24270668434045,24270818913009,0
2,cam2_24270683104436.jpg,24270683104436,24270832940954,0
0,cam0_24270684226385.jpg,24270684226385,24270834025075,0
4,cam4_24270685100711.jpg,24270685100711,24270834883583,0
2,cam2_24270699771102.jpg,24270699771102,24270849136305,0
0,cam0_24270700893051.jpg,24270700893051,24270850328379,0
4,cam4_24270701767377.jpg,24270701767377,24270851133422,0
2,cam2_24270716437768.jpg,24270716437768,24270865271458,0
0,cam0_24270717559717.jpg,24270717559717,24270866538687,0
4,cam4_24270718434043.jpg,24270718434043,24270867513991,0
2,cam2_24270733104434.jpg,24270733104434,24270881223467,0
0,cam0_24270734226383.jpg,24270734226383,24270882433692,0
4,cam4_24270735100709.jpg,24270735100709,24270883336889,0
2,cam2_24270749771100.jpg,24270749771100,24270897278278,0
0,cam0_24270750893049.jpg,24270750893049,24270898407944,0
4,cam4_24270751767375.jpg,24270751767375,24270899259718,0
2,cam2_24270766437766.jpg,24270766437766,24270917182115,0
0,cam0_24270767559715.jpg,24270767559715,24270918376019,0
4,cam4_24270768434041.jpg,24270768434041,24270919172799,0
2,cam2_24270783104432.jpg,24270783104432,24270933175674,0
0,cam0_24270784226381.jpg,24270784226381,24270934383773,0
4,cam4_24270785100707.jpg,24270785100707,24270935133480,0
2,cam2_24270799771098.jpg,24270799771098,24270949338611,0
0,cam0_24270800893047.jpg,24270800893047,24270950590207,0
4,cam4_24270801767373.jpg,24270801767373,24270951349363,0
2,cam2_24270816437764.jpg,24270816437764,24270965367637,0
0,cam0_24270817559713.jpg,24270817559713,24270966570207,0
4,cam4_24270818434039.jpg,24270818434039,24270967331732,0
2,cam2_24270833104430.jpg,24270833104430,24270981311641,0
0,cam0_24270834226379.jpg,24270834226379,24270982561951,0
4,cam4_24270835100705.jpg,24270835100705,24270983313427,0
2,cam2_24270849771096.jpg,24270849771096,24270997363005,0
0,cam0_24270850893045.jpg,24270850893045,24270998549803,0
4,cam4_24270851767371.jpg,24270851767371,24270999460287,0
2,cam2_24270866437762.jpg,24270866437762,24271017190353,0
0,cam0_24270867559711.jpg,24270867559711,24271018401896,0
4,cam4_24270868434037.jpg,24270868434037,24271019297996,0
2,cam2_24270883104428.jpg,24270883104428,24271033249898,0
0,cam0_24270884226377.jpg,24270884226377,24271034417568,0
4,cam4_24270885100703.jpg,24270885100703,24271035284047,0
2,cam2_24270899771094.jpg,24270899771094,24271049227741,0
0,cam0_24270900893043.jpg,24270900893043,24271050441437,0
4,cam4_24270901767369.jpg,24270901767369,24271051209460,0
2,cam2_24270916437760.jpg,24270916437760,24271065257501,0
0,cam0_24270917559709.jpg,24270917559709,24271066515978,0
4,cam4_24270918434035.jpg,24270918434035,24271067545797,0
2,cam2_24270933104426.jpg,24270933104426,24271081308027,0
0,cam0_24270934226375.jpg,24270934226375,24271082634886,0
4,cam4_24270935100701.jpg,24270935100701,24271083471887,0
2,cam2_24270949771092.jpg,24270949771092,24271097363507,0
0,cam0_24270950893041.jpg,24270950893041,24271098588138,0
4,cam4_24270951767367.jpg,24270951767367,24271099404959,0
2,cam2_24270966437758.jpg,24270966437758,24271117321563,0
0,cam0_24270967559707.jpg,24270967559707,24271118687487,0
4,cam4_24270968434033.jpg,24270968434033,24271119586637,0
2,cam2_24270983104424.jpg,24270983104424,24271133344414,0
0,cam0_24270984226373.jpg,24270984226373,24271134735708,0
4,cam4_24270985100699.jpg,24270985100699,24271135613277,0
2,cam2_24270999771090.jpg,24270999771090,24271149350146,0
0,cam0_24271000893039.jpg,24271000893039,24271150604430,0
4,cam4_24271001767365.jpg,24271001767365,24271151525742,0
2,cam2_24271016437756.jpg,24271016437756,24271165259263,0
0,cam0_24271017559705.jpg,24271017559705,24271166556315,0
4,cam4_24271018434031.jpg,24271018434031,24271167403894,0
2,cam2_24271033104422.jpg,24271033104422,24271181260860,0
0,cam0_24271034226371.jpg,24271034226371,24271182598472,0
4,cam4_24271035100697.jpg,24271035100697,24271183409120,0
2,cam2_24271049771088.jpg,24271049771088,24271197313750,0
0,cam0_24271050893037.jpg,24271050893037,24271198574231,0
4,cam4_24271051767363.jpg,24271051767363,24271199407930,0
2,cam2_24271066437754.jpg,24271066437754,24271217288423,0
0,cam0_24271067559703.jpg,24271067559703,24271218542769,0
4,cam4_24271068434029.jpg,24271068434029,24271219437763,0
2,cam2_24271083104420.jpg,24271083104420,24271233221426,0
0,cam0_24271084226369.jpg,24271084226369,24271234596098,0
4,cam4_24271085100695.jpg,24271085100695,24271235458589,0
2,cam2_24271099771086.jpg,24271099771086,24271248997659,0
0,cam0_24271100893035.jpg,24271100893035,24271250254823,0
4,cam4_24271101767361.jpg,24271101767361,24271251165504,0
2,cam2_24271116437752.jpg,24271116437752,24271265274585,0
0,cam0_24271117559701.jpg,24271117559701,24271266544345,0
4,cam4_24271118434027.jpg,24271118434027,24271267401878,0
2,cam2_24271133104418.jpg,24271133104418,24271281291219,0
0,cam0_24271134226367.jpg,24271134226367,24271282463989,0
4,cam4_24271135100693.jpg,24271135100693,24271283235101,0
2,cam2_24271149771084.jpg,24271149771084,24271297294007,0
0,cam0_24271150893033.jpg,24271150893033,24271298402677,0
4,cam4_24271151767359.jpg,24271151767359,24271299226274,0
2,cam2_24271166437750.jpg,24271166437750,24271317272318,0
0,cam0_24271167559699.jpg,24271167559699,24271318517197,0
4,cam4_24271168434025.jpg,24271168434025,24271319262856,0
2,cam2_24271183104416.jpg,24271183104416,24271333276443,0
0,cam0_24271184226365.jpg,24271184226365,24271334601839,0
4,cam4_24271185100691.jpg,24271185100691,24271335343340,0
2,cam2_24271199771082.jpg,24271199771082,24271349282055,0
0,cam0_24271200893031.jpg,24271200893031,24271350527975,0
4,cam4_24271201767357.jpg,24271201767357,24271351319557,0
2,cam2_24271216437748.jpg,24271216437748,24271365302680,0
0,cam0_24271217559697.jpg,24271217559697,24271366466149,0
4,cam4_24271218434023.jpg,24271218434023,24271367243453,0
2,cam2_24271233104414.jpg,24271233104414,24271381269646,0
0,cam0_24271234226363.jpg,24271234226363,24271382418261,0
4,cam4_24271235100689.jpg,24271235100689,24271383214497,0
2,cam2_24271249771080.jpg,24271249771080,24271397281566,0
0,cam0_24271250893029.jpg,24271250893029,24271398527311,0
4,cam4_24271251767355.jpg,24271251767355,24271399351330,0
2,cam2_24271266437746.jpg,24271266437746,24271417309198,0
0,cam0_24271267559695.jpg,24271267559695,24271418511492,0
4,cam4_24271268434021.jpg,24271268434021,24271419324399,0
2,cam2_24271283104412.jpg,24271283104412,24271433256428,0
0,cam0_24271284226361.jpg,24271284226361,24271434412626,0
4,cam4_24271285100687.jpg,24271285100687,24271435254819,0
2,cam2_24271299771078.jpg,24271299771078,24271449225100,0
0,cam0_24271300893027.jpg,24271300893027,24271450495633,0
4,cam4_24271301767353.jpg,24271301767353,24271451269636,0
2,cam2_24271316437744.jpg,24271316437744,24271465275491,0
0,cam0_24271317559693.jpg,24271317559693,24271466526066,0
4,cam4_24271318434019.jpg,24271318434019,24271467293417,0
2,cam2_24271333104410.jpg,24271333104410,24271481291785,0
0,cam0_24271334226359.jpg,24271334226359,24271482537015,0
4,cam4_24271335100685.jpg,24271335100685,24271483327085,0
2,cam2_24271349771076.jpg,24271349771076,24271497295167,0
4,cam4_24271351767351.jpg,24271351767351,24271499343132,0
0,cam0_24271350893025.jpg,24271350893025,24271502522776,0
2,cam2_24271366437742.jpg,24271366437742,24271517314925,0
0,cam0_24271367559691.jpg,24271367559691,24271518446060,0
4,cam4_24271368434017.jpg,24271368434017,24271519265940,0
2,cam2_24271383104408.jpg,24271383104408,24271533377045,0
0,cam0_24271384226357.jpg,24271384226357,24271534518933,0
4,cam4_24271385100683.jpg,24271385100683,24271535342966,0
2,cam2_24271399771074.jpg,24271399771074,24271549267226,0
0,cam0_24271400893023.jpg,24271400893023,24271550530496,0
4,cam4_24271401767349.jpg,24271401767349,24271551288362,0
2,cam2_24271416437740.jpg,24271416437740,24271565295570,0
0,cam0_24271417559689.jpg,24271417559689,24271566405479,0
4,cam4_24271418434015.jpg,24271418434015,24271567300553,0
2,cam2_24271433104406.jpg,24271433104406,24271581293537,0
0,cam0_24271434226355.jpg,24271434226355,24271582482918,0
4,cam4_24271435100681.jpg,24271435100681,24271583251650,0
2,cam2_24271449771072.jpg,24271449771072,24271597298178,0
0,cam0_24271450893021.jpg,24271450893021,24271602543109,0
4,cam4_24271451767347.jpg,24271451767347,24271603375337,0
2,cam2_24271466437738.jpg,24271466437738,24271617336631,0
0,cam0_24271467559687.jpg,24271467559687,24271618538990,0
4,cam4_24271468434013.jpg,24271468434013,24271619309314,0
2,cam2_24271483104404.jpg,24271483104404,24271633268346,0
0,cam0_24271484226353.jpg,24271484226353,24271634518551,0
4,cam4_24271485100679.jpg,24271485100679,24271635244489,0
2,cam2_24271499771070.jpg,24271499771070,24271649295074,0
0,cam0_24271500893019.jpg,24271500893019,24271650394968,0
4,cam4_24271501767345.jpg,24271501767345,24271651338426,0
2,cam2_24271516437736.jpg,24271516437736,24271665409600,0
0,cam0_24271517559685.jpg,24271517559685,24271666530987,0
4,cam4_24271518434011.jpg,24271518434011,24271667347815,0
2,cam2_24271533104402.jpg,24271533104402,24271681397050,0
0,cam0_24271534226351.jpg,24271534226351,24271682628425,0
4,cam4_24271535100677.jpg,24271535100677,24271683453964,0
2,cam2_24271549771068.jpg,24271549771068,24271701620727,0
0,cam0_24271550893017.jpg,24271550893017,24271702503836,0
4,cam4_24271551767343.jpg,24271551767343,24271703688179,0
2,cam2_24271566437734.jpg,24271566437734,24271717621157,0
0,cam0_24271567559683.jpg,24271567559683,24271718737524,0
4,cam4_24271568434009.jpg,24271568434009,24271719500930,0
2,cam2_24271583104400.jpg,24271583104400,24271733443353,0
0,cam0_24271584226349.jpg,24271584226349,24271734977709,0
4,cam4_24271585100675.jpg,24271585100675,24271735620619,0
2,cam2_24271599771066.jpg,24271599771066,24271748988253,0
0,cam0_24271600893015.jpg,24271600893015,24271750436720,0
4,cam4_24271601767341.jpg,24271601767341,24271751256342,0
2,cam2_24271616437732.jpg,24271616437732,24271765348496,0
0,cam0_24271617559681.jpg,24271617559681,24271766591076,0
4,cam4_24271618434007.jpg,24271618434007,24271767435537,0
2,cam2_24271633104398.jpg,24271633104398,24271781005580,0
0,cam0_24271634226347.jpg,24271634226347,24271782144339,0
4,cam4_24271635100673.jpg,24271635100673,24271782948618,0
2,cam2_24271649771064.jpg,24271649771064,24271801079722,0
0,cam0_24271650893013.jpg,24271650893013,24271802189198,0
4,cam4_24271651767339.jpg,24271651767339,24271803023531,0
2,cam2_24271666437730.jpg,24271666437730,24271817066355,0
0,cam0_24271667559679.jpg,24271667559679,24271818189882,0
4,cam4_24271668434005.jpg,24271668434005,24271819012865,0
2,cam2_24271683104396.jpg,24271683104396,24271833016274,0
0,cam0_24271684226345.jpg,24271684226345,24271834138139,0
4,cam4_24271685100671.jpg,24271685100671,24271834986853,0
2,cam2_24271699771062.jpg,24271699771062,24271849037452,0
0,cam0_24271700893011.jpg,24271700893011,24271850114139,0
4,cam4_24271701767337.jpg,24271701767337,24271850996493,0
2,cam2_24271716437728.jpg,24271716437728,24271865322199,0
0,cam0_24271717559677.jpg,24271717559677,24271866399874,0
4,cam4_24271718434003.jpg,24271718434003,24271867268607,0
2,cam2_24271733104394.jpg,24271733104394,24271881462017,0
0,cam0_24271734226343.jpg,24271734226343,24271882685109,0
4,cam4_24271735100669.jpg,24271735100669,24271883431792,0
2,cam2_24271749771060.jpg,24271749771060,24271901362340,0
0,cam0_24271750893009.jpg,24271750893009,24271902652049,0
4,cam4_24271751767335.jpg,24271751767335,24271903308176,0
2,cam2_24271766437726.jpg,24271766437726,24271917324427,0
0,cam0_24271767559675.jpg,24271767559675,24271918629502,0
4,cam4_24271768434001.jpg,24271768434001,24271919293323,0
2,cam2_24271783104392.jpg,24271783104392,24271933354787,0
0,cam0_24271784226341.jpg,24271784226341,24271934724429,0
4,cam4_24271785100667.jpg,24271785100667,24271935491686,0
2,cam2_24271799771058.jpg,24271799771058,24271949315832,0
0,cam0_24271800893007.jpg,24271800893007,24271950610424,0
4,cam4_24271801767333.jpg,24271801767333,24271951333017,0
2,cam2_24271816437724.jpg,24271816437724,24271965458059,0
0,cam0_24271817559673.jpg,24271817559673,24271966623167,0
4,cam4_24271818433999.jpg,24271818433999,24271967288919,0
2,cam2_24271833104390.jpg,24271833104390,24271981402666,0
0,cam0_24271834226339.jpg,24271834226339,24271982594227,0
4,cam4_24271835100665.jpg,24271835100665,24271983489378,0
2,cam2_24271849771056.jpg,24271849771056,24272001445273,0
0,cam0_24271850893005.jpg,24271850893005,24272002544777,0
4,cam4_24271851767331.jpg,24271851767331,24272003292571,0
2,cam2_24271866437722.jpg,24271866437722,24272017570088,0
0,cam0_24271867559671.jpg,24271867559671,24272018620022,0
4,cam4_24271868433997.jpg,24271868433997,24272019427157,0
2,cam2_24271883104388.jpg,24271883104388,24272033621164,0
0,cam0_24271884226337.jpg,24271884226337,24272034696086,0
4,cam4_24271885100663.jpg,24271885100663,24272035485498,0
2,cam2_24271899771054.jpg,24271899771054,24272049396989,0
0,cam0_24271900893003.jpg,24271900893003,24272050551140,0
4,cam4_24271901767329.jpg,24271901767329,24272051347372,0
2,cam2_24271916437720.jpg,24271916437720,24272065373375,0
0,cam0_24271917559669.jpg,24271917559669,24272066597624,0
4,cam4_24271918433995.jpg,24271918433995,24272067448439,0
2,cam2_24271933104386.jpg,24271933104386,24272081383913,0
0,cam0_24271934226335.jpg,24271934226335,24272082631084,0
4,cam4_24271935100661.jpg,24271935100661,24272083409530,0
2,cam2_24271949771052.jpg,24271949771052,24272101366590,0
0,cam0_24271950893001.jpg,24271950893001,24272102530326,0
4,cam4_24271951767327.jpg,24271951767327,24272103312619,0
2,cam2_24271966437718.jpg,24271966437718,24272117318739,0
0,cam0_24271967559667.jpg,24271967559667,24272118529067,0
4,cam4_24271968433993.jpg,24271968433993,24272119291972,0
2,cam2_24271983104384.jpg,24271983104384,24272133369822,0
0,cam0_24271984226333.jpg,24271984226333,24272134654524,0
4,cam4_24271985100659.jpg,24271985100659,24272135474836,0
2,cam2_24271999771050.jpg,24271999771050,24272149240637,0
0,cam0_24272000892999.jpg,24272000892999,24272150365280,0
4,cam4_24272001767325.jpg,24272001767325,24272151298159,0
2,cam2_24272016437716.jpg,24272016437716,24272165068583,0
0,cam0_24272017559665.jpg,24272017559665,24272166185400,0
4,cam4_24272018433991.jpg,24272018433991,24272167063498,0
2,cam2_24272033104382.jpg,24272033104382,24272181052882,0
0,cam0_24272034226331.jpg,24272034226331,24272182190750,0
4,cam4_24272035100657.jpg,24272035100657,24272183138102,0
2,cam2_24272049771048.jpg,24272049771048,24272201200888,0
0,cam0_24272050892997.jpg,24272050892997,24272202381605,0
4,cam4_24272051767323.jpg,24272051767323,24272203308884,0
2,cam2_24272066437714.jpg,24272066437714,24272217032307,0
0,cam0_24272067559663.jpg,24272067559663,24272218175749,0
4,cam4_24272068433989.jpg,24272068433989,24272219013096,0
2,cam2_24272083104380.jpg,24272083104380,24272233347282,0
0,cam0_24272084226329.jpg,24272084226329,24272234396178,0
4,cam4_24272085100655.jpg,24272085100655,24272235318822,0
2,cam2_24272099771046.jpg,24272099771046,24272249485174,0
0,cam0_24272100892995.jpg,24272100892995,24272250573598,0
4,cam4_24272101767321.jpg,24272101767321,24272251448776,0
2,cam2_24272116437712.jpg,24272116437712,24272265481173,0
0,cam0_24272117559661.jpg,24272117559661,24272266570519,0
4,cam4_24272118433987.jpg,24272118433987,24272267409075,0
2,cam2_24272133104378.jpg,24272133104378,24272281350933,0
0,cam0_24272134226327.jpg,24272134226327,24272282542055,0
4,cam4_24272135100653.jpg,24272135100653,24272283293480,0
2,cam2_24272149771044.jpg,24272149771044,24272301382556,0
0,cam0_24272150892993.jpg,24272150892993,24272302519464,0
4,cam4_24272151767319.jpg,24272151767319,24272303330112,0
2,cam2_24272166437710.jpg,24272166437710,24272317277148,0
0,cam0_24272167559659.jpg,24272167559659,24272318471746,0
4,cam4_24272168433985.jpg,24272168433985,24272319281279,0
2,cam2_24272183104376.jpg,24272183104376,24272333314568,0
0,cam0_24272184226325.jpg,24272184226325,24272334627505,0
4,cam4_24272185100651.jpg,24272185100651,24272335444611,0
2,cam2_24272199771042.jpg,24272199771042,24272349310212,0
0,cam0_24272200892991.jpg,24272200892991,24272350598468,0
4,cam4_24272201767317.jpg,24272201767317,24272351367010,0
2,cam2_24272216437708.jpg,24272216437708,24272365290567,0
0,cam0_24272217559657.jpg,24272217559657,24272366748164,0
4,cam4_24272218433983.jpg,24272218433983,24272367364140,0
2,cam2_24272233104374.jpg,24272233104374,24272381245652,0
0,cam0_24272234226323.jpg,24272234226323,24272382620555,0
4,cam4_24272235100649.jpg,24272235100649,24272383283235,0
2,cam2_24272249771040.jpg,24272249771040,24272401366176,0
0,cam0_24272250892989.jpg,24272250892989,24272402545344,0
4,cam4_24272251767315.jpg,24272251767315,24272403313960,0
2,cam2_24272266437706.jpg,24272266437706,24272417292981,0
0,cam0_24272267559655.jpg,24272267559655,24272418550772,0
4,cam4_24272268433981.jpg,24272268433981,24272419323653,0
2,cam2_24272283104372.jpg,24272283104372,24272433313331,0
0,cam0_24272284226321.jpg,24272284226321,24272434506647,0
4,cam4_24272285100647.jpg,24272285100647,24272435261002,0
2,cam2_24272299771038.jpg,24272299771038,24272449262666,0
0,cam0_24272300892987.jpg,24272300892987,24272450456517,0
4,cam4_24272301767313.jpg,24272301767313,24272451429768,0
2,cam2_24272316437704.jpg,24272316437704,24272465360726,0
0,cam0_24272317559653.jpg,24272317559653,24272466579906,0
4,cam4_24272318433979.jpg,24272318433979,24272467390142,0
2,cam2_24272333104370.jpg,24272333104370,24272481325710,0
0,cam0_24272334226319.jpg,24272334226319,24272482559594,0
4,cam4_24272335100645.jpg,24272335100645,24272483346399,0
2,cam2_24272349771036.jpg,24272349771036,24272501415111,0
0,cam0_24272350892985.jpg,24272350892985,24272502610285,0
4,cam4_24272351767311.jpg,24272351767311,24272503358906,0
2,cam2_24272366437702.jpg,24272366437702,24272517253910,0
0,cam0_24272367559651.jpg,24272367559651,24272518522862,0
4,cam4_24272368433977.jpg,24272368433977,24272519280270,0
2,cam2_24272383104368.jpg,24272383104368,24272533337369,0
0,cam0_24272384226317.jpg,24272384226317,24272534579512,0
4,cam4_24272385100643.jpg,24272385100643,24272535389748,0
2,cam2_24272399771034.jpg,24272399771034,24272549553915,0
0,cam0_24272400892983.jpg,24272400892983,24272550536355,0
4,cam4_24272401767309.jpg,24272401767309,24272551350020,0
2,cam2_24272416437700.jpg,24272416437700,24272565322735,0
0,cam0_24272417559649.jpg,24272417559649,24272566483404,0
4,cam4_24272418433975.jpg,24272418433975,24272567281964,0
2,cam2_24272433104366.jpg,24272433104366,24272581299056,0
0,cam0_24272434226315.jpg,24272434226315,24272582578010,0
4,cam4_24272435100641.jpg,24272435100641,24272583360535,0
2,cam2_24272449771032.jpg,24272449771032,24272601368725,0
0,cam0_24272450892981.jpg,24272450892981,24272602504109,0
4,cam4_24272451767307.jpg,24272451767307,24272603399735,0
2,cam2_24272466437698.jpg,24272466437698,24272617343327,0
0,cam0_24272467559647.jpg,24272467559647,24272618503568,0
4,cam4_24272468433973.jpg,24272468433973,24272619378759,0
2,cam2_24272483104364.jpg,24272483104364,24272633293486,0
0,cam0_24272484226313.jpg,24272484226313,24272634492498,0
4,cam4_24272485100639.jpg,24272485100639,24272635297539,0
2,cam2_24272499771030.jpg,24272499771030,24272649284015,0
0,cam0_24272500892979.jpg,24272500892979,24272650411908,0
4,cam4_24272501767305.jpg,24272501767305,24272651293895,0
2,cam2_24272516437696.jpg,24272516437696,24272665350783,0
0,cam0_24272517559645.jpg,24272517559645,24272666511678,0
4,cam4_24272518433971.jpg,24272518433971,24272667347618,0
2,cam2_24272533104362.jpg,24272533104362,24272681361962,0
0,cam0_24272534226311.jpg,24272534226311,24272682577234,0
4,cam4_24272535100637.jpg,24272535100637,24272683401369,0
2,cam2_24272549771028.jpg,24272549771028,24272701293681,0
0,cam0_24272550892977.jpg,24272550892977,24272702514682,0
4,cam4_24272551767303.jpg,24272551767303,24272703333142,0
2,cam2_24272566437694.jpg,24272566437694,24272717283422,0
0,cam0_24272567559643.jpg,24272567559643,24272718510904,0
4,cam4_24272568433969.jpg,24272568433969,24272719467773,0
2,cam2_24272583104360.jpg,24272583104360,24272733414810,0
0,cam0_24272584226309.jpg,24272584226309,24272734610886,0
4,cam4_24272585100635.jpg,24272585100635,24272735426633,0
2,cam2_24272599771026.jpg,24272599771026,24272749126465,0
0,cam0_24272600892975.jpg,24272600892975,24272750230734,0
4,cam4_24272601767301.jpg,24272601767301,24272751081022,0
2,cam2_24272616437692.jpg,24272616437692,24272765059235,0
0,cam0_24272617559641.jpg,24272617559641,24272766236071,0
4,cam4_24272618433967.jpg,24272618433967,24272767055771,0
2,cam2_24272633104358.jpg,24272633104358,24272781055399,0
4,cam4_24272635100633.jpg,24272635100633,24272783079082,0
0,cam0_24272634226307.jpg,24272634226307,24272786163649,0
2,cam2_24272649771024.jpg,24272649771024,24272801142495,0
0,cam0_24272650892973.jpg,24272650892973,24272802260212,0
4,cam4_24272651767299.jpg,24272651767299,24272803147790,0
2,cam2_24272666437690.jpg,24272666437690,24272817092089,0
0,cam0_24272667559639.jpg,24272667559639,24272818239236,0
4,cam4_24272668433965.jpg,24272668433965,24272819120020,0
2,cam2_24272683104356.jpg,24272683104356,24272833025444,0
0,cam0_24272684226305.jpg,24272684226305,24272834210094,0
4,cam4_24272685100631.jpg,24272685100631,24272835088536,0
2,cam2_24272699771022.jpg,24272699771022,24272849172109,0
0,cam0_24272700892971.jpg,24272700892971,24272850279755,0
4,cam4_24272701767297.jpg,24272701767297,24272851188863,0
2,cam2_24272716437688.jpg,24272716437688,24272865516538,0
0,cam0_24272717559637.jpg,24272717559637,24272866668718,0
4,cam4_24272718433963.jpg,24272718433963,24272867454078,0
2,cam2_24272733104354.jpg,24272733104354,24272885494850,0
0,cam0_24272734226303.jpg,24272734226303,24272886580218,0
4,cam4_24272735100629.jpg,24272735100629,24272887404795,0
2,cam2_24272749771020.jpg,24272749771020,24272901400202,0
0,cam0_24272750892969.jpg,24272750892969,24272902653467,0
4,cam4_24272751767295.jpg,24272751767295,24272903490118,0
2,cam2_24272766437686.jpg,24272766437686,24272917304221,0
0,cam0_24272767559635.jpg,24272767559635,24272918555236,0
4,cam4_24272768433961.jpg,24272768433961,24272919514431,0
2,cam2_24272783104352.jpg,24272783104352,24272933370767,0
0,cam0_24272784226301.jpg,24272784226301,24272934583928,0
4,cam4_24272785100627.jpg,24272785100627,24272935572056,0
2,cam2_24272799771018.jpg,24272799771018,24272949333610,0
0,cam0_24272800892967.jpg,24272800892967,24272950599295,0
4,cam4_24272801767293.jpg,24272801767293,24272951486555,0
2,cam2_24272816437684.jpg,24272816437684,24272965388352,0
0,cam0_24272817559633.jpg,24272817559633,24272966570586,0
4,cam4_24272818433959.jpg,24272818433959,24272967344260,0
2,cam2_24272833104350.jpg,24272833104350,24272985348638,0
0,cam0_24272834226299.jpg,24272834226299,24272986477525,0
4,cam4_24272835100625.jpg,24272835100625,24272987478229,0
2,cam2_24272849771016.jpg,24272849771016,24273001403073,0
0,cam0_24272850892965.jpg,24272850892965,24273002562243,0
4,cam4_24272851767291.jpg,24272851767291,24273003494707,0
2,cam2_24272866437682.jpg,24272866437682,24273017363095,0
0,cam0_24272867559631.jpg,24272867559631,24273018655576,0
4,cam4_24272868433957.jpg,24272868433957,24273019514678,0
2,cam2_24272883104348.jpg,24272883104348,24273033230340,0
0,cam0_24272884226297.jpg,24272884226297,24273034511704,0
4,cam4_24272885100623.jpg,24272885100623,24273035436366,0
2,cam2_24272899771014.jpg,24272899771014,24273049327250,0
0,cam0_24272900892963.jpg,24272900892963,24273050557574,0
4,cam4_24272901767289.jpg,24272901767289,24273051392881,0
2,cam2_24272916437680.jpg,24272916437680,24273065369073,0
0,cam0_24272917559629.jpg,24272917559629,24273066587161,0
4,cam4_24272918433955.jpg,24272918433955,24273067409934,0
2,cam2_24272933104346.jpg,24272933104346,24273085380699,0
0,cam0_24272934226295.jpg,24272934226295,24273086609439,0
4,cam4_24272935100621.jpg,24272935100621,24273087428401,0
2,cam2_24272949771012.jpg,24272949771012,24273101341555,0
0,cam0_24272950892961.jpg,24272950892961,24273102548559,0
4,cam4_24272951767287.jpg,24272951767287,24273103349998,0
2,cam2_24272966437678.jpg,24272966437678,24273117365578,0
0,cam0_24272967559627.jpg,24272967559627,24273118551858,0
4,cam4_24272968433953.jpg,24272968433953,24273119591509,0
2,cam2_24272983104344.jpg,24272983104344,24273133408402,0
0,cam0_24272984226293.jpg,24272984226293,24273134684536,0
4,cam4_24272985100619.jpg,24272985100619,24273135820084,0
2,cam2_24272999771010.jpg,24272999771010,24273149663197,0
0,cam0_24273000892959.jpg,24273000892959,24273150692994,0
4,cam4_24273001767285.jpg,24273001767285,24273151922372,0
2,cam2_24273016437676.jpg,24273016437676,24273165498201,0
0,cam0_24273017559625.jpg,24273017559625,24273166632254,0
4,cam4_24273018433951.jpg,24273018433951,24273167729830,0
2,cam2_24273033104342.jpg,24273033104342,24273185437031,0
0,cam0_24273034226291.jpg,24273034226291,24273186578423,0
4,cam4_24273035100617.jpg,24273035100617,24273187484358,0
2,cam2_24273049771008.jpg,24273049771008,24273201425260,0
0,cam0_24273050892957.jpg,24273050892957,24273202638051,0
4,cam4_24273051767283.jpg,24273051767283,24273203566966,0
2,cam2_24273066437674.jpg,24273066437674,24273217357872,0
0,cam0_24273067559623.jpg,24273067559623,24273218621967,0
4,cam4_24273068433949.jpg,24273068433949,24273219591581,0
2,cam2_24273083104340.jpg,24273083104340,24273233412254,0
0,cam0_24273084226289.jpg,24273084226289,24273234660999,0
4,cam4_24273085100615.jpg,24273085100615,24273235463040,0
2,cam2_24273099771006.jpg,24273099771006,24273249073843,0
0,cam0_24273100892955.jpg,24273100892955,24273250238121,0
4,cam4_24273101767281.jpg,24273101767281,24273251153201,0
2,cam2_24273116437672.jpg,24273116437672,24273265430807,0
0,cam0_24273117559621.jpg,24273117559621,24273266617837,0
4,cam4_24273118433947.jpg,24273118433947,24273267375526,0
2,cam2_24273133104338.jpg,24273133104338,24273285256954,0
0,cam0_24273134226287.jpg,24273134226287,24273286261770,0
4,cam4_24273135100613.jpg,24273135100613,24273287194436,0
2,cam2_24273149771004.jpg,24273149771004,24273301141832,0
0,cam0_24273150892953.jpg,24273150892953,24273302190696,0
4,cam4_24273151767279.jpg,24273151767279,24273303139688,0
2,cam2_24273166437670.jpg,24273166437670,24273317077759,0
0,cam0_24273167559619.jpg,24273167559619,24273318276900,0
4,cam4_24273168433945.jpg,24273168433945,24273319110819,0
2,cam2_24273183104336.jpg,24273183104336,24273333182220,0
0,cam0_24273184226285.jpg,24273184226285,24273334269102,0
4,cam4_24273185100611.jpg,24273185100611,24273335168643,0
2,cam2_24273199771002.jpg,24273199771002,24273349125993,0
0,cam0_24273200892951.jpg,24273200892951,24273350216343,0
4,cam4_24273201767277.jpg,24273201767277,24273351065122,0
2,cam2_24273216437668.jpg,24273216437668,24273365170797,0
0,cam0_24273217559617.jpg,24273217559617,24273366300893,0
4,cam4_24273218433943.jpg,24273218433943,24273367134394,0
2,cam2_24273233104334.jpg,24273233104334,24273385382177,0
0,cam0_24273234226283.jpg,24273234226283,24273386548877,0
4,cam4_24273235100609.jpg,24273235100609,24273387445457,0
2,cam2_24273249771000.jpg,24273249771000,24273401468945,0
0,cam0_24273250892949.jpg,24273250892949,24273402625586,0
4,cam4_24273251767275.jpg,24273251767275,24273403476568,0
2,cam2_24273266437666.jpg,24273266437666,24273417423873,0
0,cam0_24273267559615.jpg,24273267559615,24273418592195,0
4,cam4_24273268433941.jpg,24273268433941,24273419413404,0
2,cam2_24273283104332.jpg,24273283104332,24273433439376,0
0,cam0_24273284226281.jpg,24273284226281,24273434602964,0
4,cam4_24273285100607.jpg,24273285100607,24273435371796,0
2,cam2_24273299770998.jpg,24273299770998,24273449483611,0
0,cam0_24273300892947.jpg,24273300892947,24273450687399,0
4,cam4_24273301767273.jpg,24273301767273,24273451454611,0
2,cam2_24273316437664.jpg,24273316437664,24273465610149,0
0,cam0_24273317559613.jpg,24273317559613,24273466657254,0
4,cam4_24273318433939.jpg,24273318433939,24273467557886,0
2,cam2_24273333104330.jpg,24273333104330,24273485689621,0
0,cam0_24273334226279.jpg,24273334226279,24273486730068,0
4,cam4_24273335100605.jpg,24273335100605,24273487725413,0
2,cam2_24273349770996.jpg,24273349770996,24273501502021,0
0,cam0_24273350892945.jpg,24273350892945,24273502869219,0
4,cam4_24273351767271.jpg,24273351767271,24273503568995,0
2,cam2_24273366437662.jpg,24273366437662,24273517249500,0
0,cam0_24273367559611.jpg,24273367559611,24273518484199,0
4,cam4_24273368433937.jpg,24273368433937,24273519227438,0
2,cam2_24273383104328.jpg,24273383104328,24273533579118,0
0,cam0_24273384226277.jpg,24273384226277,24273534677661,0
4,cam4_24273385100603.jpg,24273385100603,24273535464628,0
2,cam2_24273399770994.jpg,24273399770994,24273549370790,0
0,cam0_24273400892943.jpg,24273400892943,24273550582721,0
4,cam4_24273401767269.jpg,24273401767269,24273551401882,0
2,cam2_24273416437660.jpg,24273416437660,24273565488007,0
0,cam0_24273417559609.jpg,24273417559609,24273566624465,0
4,cam4_24273418433935.jpg,24273418433935,24273567405938,0
2,cam2_24273433104326.jpg,24273433104326,24273585455398,0
0,cam0_24273434226275.jpg,24273434226275,24273586614224,0
4,cam4_24273435100601.jpg,24273435100601,24273587426596,0
2,cam2_24273449770992.jpg,24273449770992,24273601565031,0
0,cam0_24273450892941.jpg,24273450892941,24273602756189,0
4,cam4_24273451767267.jpg,24273451767267,24273603625939,0
2,cam2_24273466437658.jpg,24273466437658,24273617471122,0
0,cam0_24273467559607.jpg,24273467559607,24273618669755,0
4,cam4_24273468433933.jpg,24273468433933,24273619459443,0
2,cam2_24273483104324.jpg,24273483104324,24273633485367,0
0,cam0_24273484226273.jpg,24273484226273,24273634710453,0
4,cam4_24273485100599.jpg,24273485100599,24273635470776,0
2,cam2_24273499770990.jpg,24273499770990,24273649408952,0
0,cam0_24273500892939.jpg,24273500892939,24273650598390,0
4,cam4_24273501767265.jpg,24273501767265,24273651374068,0
2,cam2_24273516437656.jpg,24273516437656,24273665464880,0
0,cam0_24273517559605.jpg,24273517559605,24273666666093,0
4,cam4_24273518433931.jpg,24273518433931,24273667466253,0
2,cam2_24273533104322.jpg,24273533104322,24273685446120,0
0,cam0_24273534226271.jpg,24273534226271,24273686611179,0
4,cam4_24273535100597.jpg,24273535100597,24273687413006,0
2,cam2_24273549770988.jpg,24273549770988,24273701375781,0
0,cam0_24273550892937.jpg,24273550892937,24273702576588,0
4,cam4_24273551767263.jpg,24273551767263,24273703745739,0
2,cam2_24273566437654.jpg,24273566437654,24273717412048,0
0,cam0_24273567559603.jpg,24273567559603,24273718579133,0
4,cam4_24273568433929.jpg,24273568433929,24273719542045,0
2,cam2_24273583104320.jpg,24273583104320,24273733427679,0
0,cam0_24273584226269.jpg,24273584226269,24273734713634,0
4,cam4_24273585100595.jpg,24273585100595,24273735690380,0
2,cam2_24273599770986.jpg,24273599770986,24273749539493,0
0,cam0_24273600892935.jpg,24273600892935,24273750589497,0
4,cam4_24273601767261.jpg,24273601767261,24273751507615,0
2,cam2_24273616437652.jpg,24273616437652,24273765516788,0
0,cam0_24273617559601.jpg,24273617559601,24273766608483,0
4,cam4_24273618433927.jpg,24273618433927,24273767575292,0
2,cam2_24273633104318.jpg,24273633104318,24273785257099,0
0,cam0_24273634226267.jpg,24273634226267,24273786391237,0
4,cam4_24273635100593.jpg,24273635100593,24273787248025,0
2,cam2_24273649770984.jpg,24273649770984,24273801345448,0
0,cam0_24273650892933.jpg,24273650892933,24273802484155,0
4,cam4_24273651767259.jpg,24273651767259,24273803265238,0
2,cam2_24273666437650.jpg,24273666437650,24273817329823,0
0,cam0_24273667559599.jpg,24273667559599,24273818463154,0
4,cam4_24273668433925.jpg,24273668433925,24273819259422,0
2,cam2_24273683104316.jpg,24273683104316,24273833250254,0
0,cam0_24273684226265.jpg,24273684226265,24273834377689,0
4,cam4_24273685100591.jpg,24273685100591,24273835249108,0
2,cam2_24273699770982.jpg,24273699770982,24273849596710,0
0,cam0_24273700892931.jpg,24273700892931,24273850830439,0
4,cam4_24273701767257.jpg,24273701767257,24273851706083,0
2,cam2_24273716437648.jpg,24273716437648,24273865761467,0
0,cam0_24273717559597.jpg,24273717559597,24273866929565,0
4,cam4_24273718433923.jpg,24273718433923,24273867945141,0
2,cam2_24273733104314.jpg,24273733104314,24273885616008,0
0,cam0_24273734226263.jpg,24273734226263,24273886822440,0
4,cam4_24273735100589.jpg,24273735100589,24273887729722,0
2,cam2_24273749770980.jpg,24273749770980,24273901487395,0
0,cam0_24273750892929.jpg,24273750892929,24273902707068,0
4,cam4_24273751767255.jpg,24273751767255,24273903623453,0
2,cam2_24273766437646.jpg,24273766437646,24273917404935,0
0,cam0_24273767559595.jpg,24273767559595,24273918598528,0
4,cam4_24273768433921.jpg,24273768433921,24273919561845,0
2,cam2_24273783104312.jpg,24273783104312,24273933428166,0
0,cam0_24273784226261.jpg,24273784226261,24273934600266,0
4,cam4_24273785100587.jpg,24273785100587,24273935776621,0
2,cam2_24273799770978.jpg,24273799770978,24273949430839,0
0,cam0_24273800892927.jpg,24273800892927,24273950671400,0
4,cam4_24273801767253.jpg,24273801767253,24273951642916,0
2,cam2_24273816437644.jpg,24273816437644,24273965464174,0
0,cam0_24273817559593.jpg,24273817559593,24273966629162,0
4,cam4_24273818433919.jpg,24273818433919,24273967555283,0
2,cam2_24273833104310.jpg,24273833104310,24273985390381,0
0,cam0_24273834226259.jpg,24273834226259,24273986631986,0
4,cam4_24273835100585.jpg,24273835100585,24273987491034,0
2,cam2_24273849770976.jpg,24273849770976,24274001464737,0
0,cam0_24273850892925.jpg,24273850892925,24274002757877,0
4,cam4_24273851767251.jpg,24273851767251,24274003631309,0
2,cam2_24273866437642.jpg,24273866437642,24274017472501,0
0,cam0_24273867559591.jpg,24273867559591,24274018571314,0
4,cam4_24273868433917.jpg,24273868433917,24274019325500,0
2,cam2_24273883104308.jpg,24273883104308,24274033468051,0
0,cam0_24273884226257.jpg,24273884226257,24274034719958,0
4,cam4_24273885100583.jpg,24273885100583,24274035534180,0
2,cam2_24273899770974.jpg,24273899770974,24274049479046,0
0,cam0_24273900892923.jpg,24273900892923,24274050598794,0
4,cam4_24273901767249.jpg,24273901767249,24274051447462,0
2,cam2_24273916437640.jpg,24273916437640,24274065513367,0
0,cam0_24273917559589.jpg,24273917559589,24274070638880,0
4,cam4_24273918433915.jpg,24273918433915,24274071724235,0
2,cam2_24273933104306.jpg,24273933104306,24274085557954,0
0,cam0_24273934226255.jpg,24273934226255,24274086656186,0
4,cam4_24273935100581.jpg,24273935100581,24274087493110,0
2,cam2_24273949770972.jpg,24273949770972,24274101452163,0
0,cam0_24273950892921.jpg,24273950892921,24274102613526,0
4,cam4_24273951767247.jpg,24273951767247,24274103421113,0
2,cam2_24273966437638.jpg,24273966437638,24274117394221,0
0,cam0_24273967559587.jpg,24273967559587,24274118610358,0
4,cam4_24273968433913.jpg,24273968433913,24274119433331,0
2,cam2_24273983104304.jpg,24273983104304,24274133436520,0
0,cam0_24273984226253.jpg,24273984226253,24274134668312,0
4,cam4_24273985100579.jpg,24273985100579,24274135485547,0
2,cam2_24273999770970.jpg,24273999770970,24274149449266,0
0,cam0_24274000892919.jpg,24274000892919,24274150657397,0
4,cam4_24274001767245.jpg,24274001767245,24274151409073,0
2,cam2_24274016437636.jpg,24274016437636,24274169423582,0
0,cam0_24274017559585.jpg,24274017559585,24274170572004,0
4,cam4_24274018433911.jpg,24274018433911,24274171547899,0
2,cam2_24274033104302.jpg,24274033104302,24274185622579,0
0,cam0_24274034226251.jpg,24274034226251,24274186544346,0
4,cam4_24274035100577.jpg,24274035100577,24274187413067,0
2,cam2_24274049770968.jpg,24274049770968,24274201495940,0
0,cam0_24274050892917.jpg,24274050892917,24274202673737,0
4,cam4_24274051767243.jpg,24274051767243,24274203470782,0
2,cam2_24274066437634.jpg,24274066437634,24274217337451,0
0,cam0_24274067559583.jpg,24274067559583,24274218584322,0
4,cam4_24274068433909.jpg,24274068433909,24274219597589,0
2,cam2_24274083104300.jpg,24274083104300,24274233492408,0
0,cam0_24274084226249.jpg,24274084226249,24274234326853,0
4,cam4_24274085100575.jpg,24274085100575,24274235145106,0
2,cam2_24274099770966.jpg,24274099770966,24274249456511,0
0,cam0_24274100892915.jpg,24274100892915,24274250639252,0
4,cam4_24274101767241.jpg,24274101767241,24274251421794,0
2,cam2_24274116437632.jpg,24274116437632,24274269632470,0
0,cam0_24274117559581.jpg,24274117559581,24274270696802,0
4,cam4_24274118433907.jpg,24274118433907,24274271596698,0
2,cam2_24274133104298.jpg,24274133104298,24274285280477,0
0,cam0_24274134226247.jpg,24274134226247,24274286363411,0
4,cam4_24274135100573.jpg,24274135100573,24274287264805,0
2,cam2_24274149770964.jpg,24274149770964,24274301219988,0
0,cam0_24274150892913.jpg,24274150892913,24274302295539,0
4,cam4_24274151767239.jpg,24274151767239,24274303175722,0
2,cam2_24274166437630.jpg,24274166437630,24274317156852,0
0,cam0_24274167559579.jpg,24274167559579,24274318252277,0
4,cam4_24274168433905.jpg,24274168433905,24274319195803,0
2,cam2_24274183104296.jpg,24274183104296,24274333236617,0
0,cam0_24274184226245.jpg,24274184226245,24274334336150,0
4,cam4_24274185100571.jpg,24274185100571,24274335128227,0
2,cam2_24274199770962.jpg,24274199770962,24274349299657,0
0,cam0_24274200892911.jpg,24274200892911,24274350335049,0
4,cam4_24274201767237.jpg,24274201767237,24274351196342,0
2,cam2_24274216437628.jpg,24274216437628,24274369241029,0
0,cam0_24274217559577.jpg,24274217559577,24274370357318,0
4,cam4_24274218433903.jpg,24274218433903,24274371275610,0
2,cam2_24274233104294.jpg,24274233104294,24274385431806,0
0,cam0_24274234226243.jpg,24274234226243,24274386591972,0
4,cam4_24274235100569.jpg,24274235100569,24274387511449,0
2,cam2_24274249770960.jpg,24274249770960,24274401523288,0
0,cam0_24274250892909.jpg,24274250892909,24274402729944,0
4,cam4_24274251767235.jpg,24274251767235,24274403709372,0
2,cam2_24274266437626.jpg,24274266437626,24274417554420,0
0,cam0_24274267559575.jpg,24274267559575,24274418614755,0
4,cam4_24274268433901.jpg,24274268433901,24274419567476,0
2,cam2_24274283104292.jpg,24274283104292,24274433391587,0
0,cam0_24274284226241.jpg,24274284226241,24274434402867,0
4,cam4_24274285100567.jpg,24274285100567,24274435179329,0
2,cam2_24274299770958.jpg,24274299770958,24274449313839,0
0,cam0_24274300892907.jpg,24274300892907,24274450475891,0
4,cam4_24274301767233.jpg,24274301767233,24274451180846,0
2,cam2_24274316437624.jpg,24274316437624,24274469395613,0
0,cam0_24274317559573.jpg,24274317559573,24274470468731,0
4,cam4_24274318433899.jpg,24274318433899,24274471291614,0
2,cam2_24274333104290.jpg,24274333104290,24274485258196,0
0,cam0_24274334226239.jpg,24274334226239,24274486439851,0
4,cam4_24274335100565.jpg,24274335100565,24274487214332,0
2,cam2_24274349770956.jpg,24274349770956,24274501614896,0
0,cam0_24274350892905.jpg,24274350892905,24274502796207,0
4,cam4_24274351767231.jpg,24274351767231,24274503606640,0
2,cam2_24274366437622.jpg,24274366437622,24274517434283,0
0,cam0_24274367559571.jpg,24274367559571,24274518641099,0
4,cam4_24274368433897.jpg,24274368433897,24274519385360,0
2,cam2_24274383104288.jpg,24274383104288,24274533679288,0
0,cam0_24274384226237.jpg,24274384226237,24274534819820,0
4,cam4_24274385100563.jpg,24274385100563,24274535721629,0
2,cam2_24274399770954.jpg,24274399770954,24274549706375,0
0,cam0_24274400892903.jpg,24274400892903,24274550825776,0
4,cam4_24274401767229.jpg,24274401767229,24274551801553,0
2,cam2_24274416437620.jpg,24274416437620,24274569651612,0
0,cam0_24274417559569.jpg,24274417559569,24274570822784,0
4,cam4_24274418433895.jpg,24274418433895,24274571623549,0
2,cam2_24274433104286.jpg,24274433104286,24274585671349,0
0,cam0_24274434226235.jpg,24274434226235,24274587077908,0
4,cam4_24274435100561.jpg,24274435100561,24274587730029,0
2,cam2_24274449770952.jpg,24274449770952,24274601651976,0
0,cam0_24274450892901.jpg,24274450892901,24274603017137,0
4,cam4_24274451767227.jpg,24274451767227,24274603722617,0
2,cam2_24274466437618.jpg,24274466437618,24274617507184,0
0,cam0_24274467559567.jpg,24274467559567,24274618817099,0
4,cam4_24274468433893.jpg,24274468433893,24274619543487,0
2,cam2_24274483104284.jpg,24274483104284,24274633558489,0
0,cam0_24274484226233.jpg,24274484226233,24274634893470,0
4,cam4_24274485100559.jpg,24274485100559,24274635550520,0
2,cam2_24274499770950.jpg,24274499770950,24274649539999,0
0,cam0_24274500892899.jpg,24274500892899,24274650950264,0
4,cam4_24274501767225.jpg,24274501767225,24274651588772,0
2,cam2_24274516437616.jpg,24274516437616,24274669536168,0
0,cam0_24274517559565.jpg,24274517559565,24274671018913,0
4,cam4_24274518433891.jpg,24274518433891,24274671691952,0
2,cam2_24274533104282.jpg,24274533104282,24274685489550,0
0,cam0_24274534226231.jpg,24274534226231,24274686873068,0
4,cam4_24274535100557.jpg,24274535100557,24274687578028,0
2,cam2_24274549770948.jpg,24274549770948,24274701487933,0
0,cam0_24274550892897.jpg,24274550892897,24274702812252,0
4,cam4_24274551767223.jpg,24274551767223,24274703562910,0
2,cam2_24274566437614.jpg,24274566437614,24274717449345,0
0,cam0_24274567559563.jpg,24274567559563,24274718796702,0
4,cam4_24274568433889.jpg,24274568433889,24274719492985,0
2,cam2_24274583104280.jpg,24274583104280,24274733787801,0
0,cam0_24274584226229.jpg,24274584226229,24274734917650,0
4,cam4_24274585100555.jpg,24274585100555,24274735702527,0
2,cam2_24274599770946.jpg,24274599770946,24274749722302,0
0,cam0_24274600892895.jpg,24274600892895,24274750912863,0
4,cam4_24274601767221.jpg,24274601767221,24274751646655,0
2,cam2_24274616437612.jpg,24274616437612,24274769695593,0
0,cam0_24274617559561.jpg,24274617559561,24274770782609,0
4,cam4_24274618433887.jpg,24274618433887,24274771668515,0
2,cam2_24274633104278.jpg,24274633104278,24274785505406,0
0,cam0_24274634226227.jpg,24274634226227,24274786852455,0
4,cam4_24274635100553.jpg,24274635100553,24274787511630,0
2,cam2_24274649770944.jpg,24274649770944,24274801693476,0
0,cam0_24274650892893.jpg,24274650892893,24274802925533,0
4,cam4_24274651767219.jpg,24274651767219,24274803737839,0
2,cam2_24274666437610.jpg,24274666437610,24274817505661,0
0,cam0_24274667559559.jpg,24274667559559,24274818772825,0
4,cam4_24274668433885.jpg,24274668433885,24274819564012,0
2,cam2_24274683104276.jpg,24274683104276,24274833489544,0
0,cam0_24274684226225.jpg,24274684226225,24274834645323,0
4,cam4_24274685100551.jpg,24274685100551,24274835443652,0
2,cam2_24274699770942.jpg,24274699770942,24274849509818,0
0,cam0_24274700892891.jpg,24274700892891,24274850639132,0
4,cam4_24274701767217.jpg,24274701767217,24274851409267,0
2,cam2_24274716437608.jpg,24274716437608,24274869492430,0
0,cam0_24274717559557.jpg,24274717559557,24274870723764,0
4,cam4_24274718433883.jpg,24274718433883,24274871551752,0
2,cam2_24274733104274.jpg,24274733104274,24274885500108,0
0,cam0_24274734226223.jpg,24274734226223,24274886687290,0
4,cam4_24274735100549.jpg,24274735100549,24274887468298,0
2,cam2_24274749770940.jpg,24274749770940,24274901522262,0
0,cam0_24274750892889.jpg,24274750892889,24274902620977,0
4,cam4_24274751767215.jpg,24274751767215,24274903490074,0
2,cam2_24274766437606.jpg,24274766437606,24274917483006,0
0,cam0_24274767559555.jpg,24274767559555,24274918648269,0
4,cam4_24274768433881.jpg,24274768433881,24274919487135,0
2,cam2_24274783104272.jpg,24274783104272,24274933628377,0
0,cam0_24274784226221.jpg,24274784226221,24274934856730,0
4,cam4_24274785100547.jpg,24274785100547,24274935597769,0
2,cam2_24274799770938.jpg,24274799770938,24274949537990,0
0,cam0_24274800892887.jpg,24274800892887,24274950709940,0
4,cam4_24274801767213.jpg,24274801767213,24274951470086,0
2,cam2_24274816437604.jpg,24274816437604,24274969517231,0
0,cam0_24274817559553.jpg,24274817559553,24274970671864,0
4,cam4_24274818433879.jpg,24274818433879,24274971703570,0
2,cam2_24274833104270.jpg,24274833104270,24274985477049,0
0,cam0_24274834226219.jpg,24274834226219,24274986677542,0
4,cam4_24274835100545.jpg,24274835100545,24274987718821,0
2,cam2_24274849770936.jpg,24274849770936,24275001579420,0
0,cam0_24274850892885.jpg,24274850892885,24275002743991,0
4,cam4_24274851767211.jpg,24274851767211,24275003772393,0
2,cam2_24274866437602.jpg,24274866437602,24275017551150,0
0,cam0_24274867559551.jpg,24274867559551,24275018730422,0
4,cam4_24274868433877.jpg,24274868433877,24275019800323,0
2,cam2_24274883104268.jpg,24274883104268,24275033467713,0
0,cam0_24274884226217.jpg,24274884226217,24275034658413,0
4,cam4_24274885100543.jpg,24274885100543,24275035686771,0
2,cam2_24274899770934.jpg,24274899770934,24275049480019,0
0,cam0_24274900892883.jpg,24274900892883,24275050636018,0
4,cam4_24274901767209.jpg,24274901767209,24275051641345,0
2,cam2_24274916437600.jpg,24274916437600,24275069642234,0
0,cam0_24274917559549.jpg,24274917559549,24275070936772,0
4,cam4_24274918433875.jpg,24274918433875,24275071743037,0
2,cam2_24274933104266.jpg,24274933104266,24275085513263,0
0,cam0_24274934226215.jpg,24274934226215,24275086864296,0
4,cam4_24274935100541.jpg,24274935100541,24275087632122,0
2,cam2_24274949770932.jpg,24274949770932,24275101498591,0
0,cam0_24274950892881.jpg,24274950892881,24275102807231,0
4,cam4_24274951767207.jpg,24274951767207,24275103629791,0
2,cam2_24274966437598.jpg,24274966437598,24275117439001,0
0,cam0_24274967559547.jpg,24274967559547,24275118735295,0
4,cam4_24274968433873.jpg,24274968433873,24275119542490,0
2,cam2_24274983104264.jpg,24274983104264,24275133498075,0
0,cam0_24274984226213.jpg,24274984226213,24275134808961,0
4,cam4_24274985100539.jpg,24274985100539,24275135562321,0
2,cam2_24274999770930.jpg,24274999770930,24275149204027,0
0,cam0_24275000892879.jpg,24275000892879,24275150418180,0
4,cam4_24275001767205.jpg,24275001767205,24275151233737,0
2,cam2_24275016437596.jpg,24275016437596,24275169613310,0
0,cam0_24275017559545.jpg,24275017559545,24275170982547,0
4,cam4_24275018433871.jpg,24275018433871,24275171786840,0
2,cam2_24275033104262.jpg,24275033104262,24275185756658,0
0,cam0_24275034226211.jpg,24275034226211,24275186903643,0
4,cam4_24275035100537.jpg,24275035100537,24275187665925,0
2,cam2_24275049770928.jpg,24275049770928,24275201739083,0
0,cam0_24275050892877.jpg,24275050892877,24275203020569,0
4,cam4_24275051767203.jpg,24275051767203,24275203983926,0
2,cam2_24275066437594.jpg,24275066437594,24275217671187,0
0,cam0_24275067559543.jpg,24275067559543,24275218936303,0
4,cam4_24275068433869.jpg,24275068433869,24275219753069,0
2,cam2_24275083104260.jpg,24275083104260,24275233558967,0
0,cam0_24275084226209.jpg,24275084226209,24275234821475,0
4,cam4_24275085100535.jpg,24275085100535,24275235551321,0
2,cam2_24275099770926.jpg,24275099770926,24275249217213,0
4,cam4_24275101767201.jpg,24275101767201,24275251288912,0
0,cam0_24275100892875.jpg,24275100892875,24275254513289,0
2,cam2_24275116437592.jpg,24275116437592,24275269913040,0
0,cam0_24275117559541.jpg,24275117559541,24275271013597,0
4,cam4_24275118433867.jpg,24275118433867,24275271794488,0
2,cam2_24275133104258.jpg,24275133104258,24275285318138,0
0,cam0_24275134226207.jpg,24275134226207,24275286375369,0
4,cam4_24275135100533.jpg,24275135100533,24275287243519,0
2,cam2_24275149770924.jpg,24275149770924,24275301335844,0
0,cam0_24275150892873.jpg,24275150892873,24275302351083,0
4,cam4_24275151767199.jpg,24275151767199,24275303213776,0
2,cam2_24275166437590.jpg,24275166437590,24275317226557,0
0,cam0_24275167559539.jpg,24275167559539,24275318367693,0
4,cam4_24275168433865.jpg,24275168433865,24275319212430,0
2,cam2_24275183104256.jpg,24275183104256,24275333319591,0
0,cam0_24275184226205.jpg,24275184226205,24275334423292,0
4,cam4_24275185100531.jpg,24275185100531,24275335243747,0
2,cam2_24275199770922.jpg,24275199770922,24275353263633,0
0,cam0_24275200892871.jpg,24275200892871,24275354425157,0
4,cam4_24275201767197.jpg,24275201767197,24275355246038,0
2,cam2_24275216437588.jpg,24275216437588,24275369442148,0
0,cam0_24275217559537.jpg,24275217559537,24275370633462,0
4,cam4_24275218433863.jpg,24275218433863,24275371404468,0
2,cam2_24275233104254.jpg,24275233104254,24275385597574,0
0,cam0_24275234226203.jpg,24275234226203,24275386830118,0
4,cam4_24275235100529.jpg,24275235100529,24275387518839,0
2,cam2_24275249770920.jpg,24275249770920,24275401643708,0
0,cam0_24275250892869.jpg,24275250892869,24275402990177,0
4,cam4_24275251767195.jpg,24275251767195,24275403723181,0
2,cam2_24275266437586.jpg,24275266437586,24275417509525,0
0,cam0_24275267559535.jpg,24275267559535,24275418872087,0
4,cam4_24275268433861.jpg,24275268433861,24275419605956,0
2,cam2_24275283104252.jpg,24275283104252,24275433506923,0
0,cam0_24275284226201.jpg,24275284226201,24275434871471,0
4,cam4_24275285100527.jpg,24275285100527,24275435534606,0
2,cam2_24275299770918.jpg,24275299770918,24275453547971,0
0,cam0_24275300892867.jpg,24275300892867,24275454823233,0
4,cam4_24275301767193.jpg,24275301767193,24275455284618,0
2,cam2_24275316437584.jpg,24275316437584,24275469841561,0
0,cam0_24275317559533.jpg,24275317559533,24275470904534,0
4,cam4_24275318433859.jpg,24275318433859,24275471864669,0
2,cam2_24275333104250.jpg,24275333104250,24275485556842,0
0,cam0_24275334226199.jpg,24275334226199,24275486835296,0
4,cam4_24275335100525.jpg,24275335100525,24275487699065,0
2,cam2_24275349770916.jpg,24275349770916,24275501588846,0
0,cam0_24275350892865.jpg,24275350892865,24275502775325,0
4,cam4_24275351767191.jpg,24275351767191,24275503636210,0
2,cam2_24275366437582.jpg,24275366437582,24275517546647,0
0,cam0_24275367559531.jpg,24275367559531,24275518671153,0
4,cam4_24275368433857.jpg,24275368433857,24275519582710,0
2,cam2_24275383104248.jpg,24275383104248,24275533446922,0
0,cam0_24275384226197.jpg,24275384226197,24275534644747,0
4,cam4_24275385100523.jpg,24275385100523,24275535550550,0
2,cam2_24275399770914.jpg,24275399770914,24275553568068,0
0,cam0_24275400892863.jpg,24275400892863,24275554855899,0
4,cam4_24275401767189.jpg,24275401767189,24275555615458,0
2,cam2_24275416437580.jpg,24275416437580,24275569532989,0
0,cam0_24275417559529.jpg,24275417559529,24275570813580,0
4,cam4_24275418433855.jpg,24275418433855,24275571569223,0
2,cam2_24275433104246.jpg,24275433104246,24275585506282,0
0,cam0_24275434226195.jpg,24275434226195,24275586822124,0
4,cam4_24275435100521.jpg,24275435100521,24275587664600,0
2,cam2_24275449770912.jpg,24275449770912,24275601643502,0
0,cam0_24275450892861.jpg,24275450892861,24275602851507,0
4,cam4_24275451767187.jpg,24275451767187,24275603625434,0
2,cam2_24275466437578.jpg,24275466437578,24275617588958,0
0,cam0_24275467559527.jpg,24275467559527,24275618921052,0
4,cam4_24275468433853.jpg,24275468433853,24275619613304,0
2,cam2_24275483104244.jpg,24275483104244,24275633549774,0
0,cam0_24275484226193.jpg,24275484226193,24275634862521,0
4,cam4_24275485100519.jpg,24275485100519,24275635532481,0
2,cam2_24275499770910.jpg,24275499770910,24275653534990,0
0,cam0_24275500892859.jpg,24275500892859,24275654758695,0
4,cam4_24275501767185.jpg,24275501767185,24275655586600,0
2,cam2_24275516437576.jpg,24275516437576,24275669545416,0
0,cam0_24275517559525.jpg,24275517559525,24275670878911,0
4,cam4_24275518433851.jpg,24275518433851,24275671698667,0
2,cam2_24275533104242.jpg,24275533104242,24275685568713,0
0,cam0_24275534226191.jpg,24275534226191,24275686859957,0
4,cam4_24275535100517.jpg,24275535100517,24275687596854,0
2,cam2_24275549770908.jpg,24275549770908,24275701517272,0
0,cam0_24275550892857.jpg,24275550892857,24275702796906,0
4,cam4_24275551767183.jpg,24275551767183,24275703524326,0
2,cam2_24275566437574.jpg,24275566437574,24275717674651,0
0,cam0_24275567559523.jpg,24275567559523,24275719019939,0
4,cam4_24275568433849.jpg,24275568433849,24275719624889,0
2,cam2_24275583104240.jpg,24275583104240,24275733547113,0
0,cam0_24275584226189.jpg,24275584226189,24275734944375,0
4,cam4_24275585100515.jpg,24275585100515,24275735671260,0
2,cam2_24275599770906.jpg,24275599770906,24275753523948,0
0,cam0_24275600892855.jpg,24275600892855,24275754719582,0
4,cam4_24275601767181.jpg,24275601767181,24275755565957,0
2,cam2_24275616437572.jpg,24275616437572,24275769500674,0
0,cam0_24275617559521.jpg,24275617559521,24275770599826,0
4,cam4_24275618433847.jpg,24275618433847,24275771434972,0
2,cam2_24275633104238.jpg,24275633104238,24275785397958,0
0,cam0_24275634226187.jpg,24275634226187,24275786618699,0
4,cam4_24275635100513.jpg,24275635100513,24275787345162,0
2,cam2_24275649770904.jpg,24275649770904,24275801300767,0
0,cam0_24275650892853.jpg,24275650892853,24275802586245,0
4,cam4_24275651767179.jpg,24275651767179,24275803307648,0
2,cam2_24275666437570.jpg,24275666437570,24275817296779,0
0,cam0_24275667559519.jpg,24275667559519,24275818602572,0
4,cam4_24275668433845.jpg,24275668433845,24275819276924,0
2,cam2_24275683104236.jpg,24275683104236,24275833326157,0
0,cam0_24275684226185.jpg,24275684226185,24275834521308,0
4,cam4_24275685100511.jpg,24275685100511,24275835317275,0
2,cam2_24275699770902.jpg,24275699770902,24275853321348,0
0,cam0_24275700892851.jpg,24275700892851,24275854403716,0
4,cam4_24275701767177.jpg,24275701767177,24275855283963,0
2,cam2_24275716437568.jpg,24275716437568,24275869506588,0
0,cam0_24275717559517.jpg,24275717559517,24275870744032,0
4,cam4_24275718433843.jpg,24275718433843,24275871606202,0
2,cam2_24275733104234.jpg,24275733104234,24275885644106,0
0,cam0_24275734226183.jpg,24275734226183,24275886831767,0
4,cam4_24275735100509.jpg,24275735100509,24275887705499,0
2,cam2_24275749770900.jpg,24275749770900,24275901552513,0
0,cam0_24275750892849.jpg,24275750892849,24275902822434,0
4,cam4_24275751767175.jpg,24275751767175,24275903610366,0
2,cam2_24275766437566.jpg,24275766437566,24275917567744,0
0,cam0_24275767559515.jpg,24275767559515,24275918812845,0
4,cam4_24275768433841.jpg,24275768433841,24275919653837,0
2,cam2_24275783104232.jpg,24275783104232,24275933641560,0
0,cam0_24275784226181.jpg,24275784226181,24275934914910,0
4,cam4_24275785100507.jpg,24275785100507,24275935779421,0
2,cam2_24275799770898.jpg,24275799770898,24275953665729,0
0,cam0_24275800892847.jpg,24275800892847,24275954872912,0
4,cam4_24275801767173.jpg,24275801767173,24275955652061,0
2,cam2_24275816437564.jpg,24275816437564,24275969573200,0
0,cam0_24275817559513.jpg,24275817559513,24275970948152,0
4,cam4_24275818433839.jpg,24275818433839,24275971677428,0
2,cam2_24275833104230.jpg,24275833104230,24275985526498,0
0,cam0_24275834226179.jpg,24275834226179,24275986826648,0
4,cam4_24275835100505.jpg,24275835100505,24275987592370,0
2,cam2_24275849770896.jpg,24275849770896,24276001842228,0
0,cam0_24275850892845.jpg,24275850892845,24276002900643,0
4,cam4_24275851767171.jpg,24275851767171,24276003896027,0
2,cam2_24275866437562.jpg,24275866437562,24276017463342,0
0,cam0_24275867559511.jpg,24275867559511,24276018453098,0
4,cam4_24275868433837.jpg,24275868433837,24276019365837,0
2,cam2_24275883104228.jpg,24275883104228,24276033714782,0
0,cam0_24275884226177.jpg,24275884226177,24276034746140,0
4,cam4_24275885100503.jpg,24275885100503,24276035635804,0
2,cam2_24275899770894.jpg,24275899770894,24276053724061,0
0,cam0_24275900892843.jpg,24275900892843,24276054796392,0
4,cam4_24275901767169.jpg,24275901767169,24276055693035,0
2,cam2_24275916437560.jpg,24275916437560,24276069693896,0
0,cam0_24275917559509.jpg,24275917559509,24276070878702,0
4,cam4_24275918433835.jpg,24275918433835,24276071804279,0
2,cam2_24275933104226.jpg,24275933104226,24276085677209,0
0,cam0_24275934226175.jpg,24275934226175,24276086818510,0
4,cam4_24275935100501.jpg,24275935100501,24276087737776,0
2,cam2_24275949770892.jpg,24275949770892,24276101750109,0
0,cam0_24275950892841.jpg,24275950892841,24276102889211,0
4,cam4_24275951767167.jpg,24275951767167,24276103786691,0
2,cam2_24275966437558.jpg,24275966437558,24276117677952,0
0,cam0_24275967559507.jpg,24275967559507,24276118758886,0
4,cam4_24275968433833.jpg,24275968433833,24276119659370,0
2,cam2_24275983104224.jpg,24275983104224,24276133758760,0
0,cam0_24275984226173.jpg,24275984226173,24276134842514,0
4,cam4_24275985100499.jpg,24275985100499,24276135715892,0
2,cam2_24275999770890.jpg,24275999770890,24276153757842,0
0,cam0_24276000892839.jpg,24276000892839,24276154869647,0
4,cam4_24276001767165.jpg,24276001767165,24276155744905,0
2,cam2_24276016437556.jpg,24276016437556,24276169706274,0
0,cam0_24276017559505.jpg,24276017559505,24276170728401,0
4,cam4_24276018433831.jpg,24276018433831,24276171711549,0
2,cam2_24276033104222.jpg,24276033104222,24276185614977,0
0,cam0_24276034226171.jpg,24276034226171,24276186759207,0
4,cam4_24276035100497.jpg,24276035100497,24276187682700,0
2,cam2_24276049770888.jpg,24276049770888,24276201804696,0
0,cam0_24276050892837.jpg,24276050892837,24276202860669,0
4,cam4_24276051767163.jpg,24276051767163,24276203763771,0
2,cam2_24276066437554.jpg,24276066437554,24276217844215,0
0,cam0_24276067559503.jpg,24276067559503,24276218807346,0
4,cam4_24276068433829.jpg,24276068433829,24276219702847,0
2,cam2_24276083104220.jpg,24276083104220,24276233761092,0
0,cam0_24276084226169.jpg,24276084226169,24276234824914,0
4,cam4_24276085100495.jpg,24276085100495,24276235693943,0
2,cam2_24276099770886.jpg,24276099770886,24276253355022,0
0,cam0_24276100892835.jpg,24276100892835,24276254644249,0
4,cam4_24276101767161.jpg,24276101767161,24276255748000,0
2,cam2_24276116437552.jpg,24276116437552,24276269878853,0
0,cam0_24276117559501.jpg,24276117559501,24276270886710,0
4,cam4_24276118433827.jpg,24276118433827,24276271790639,0
2,cam2_24276133104218.jpg,24276133104218,24276285620623,0
0,cam0_24276134226167.jpg,24276134226167,24276286780783,0
4,cam4_24276135100493.jpg,24276135100493,24276287677434,0
2,cam2_24276149770884.jpg,24276149770884,24276301701113,0
0,cam0_24276150892833.jpg,24276150892833,24276302852333,0
4,cam4_24276151767159.jpg,24276151767159,24276303768428,0
2,cam2_24276166437550.jpg,24276166437550,24276317650419,0
0,cam0_24276167559499.jpg,24276167559499,24276318747275,0
4,cam4_24276168433825.jpg,24276168433825,24276319612422,0
2,cam2_24276183104216.jpg,24276183104216,24276333726969,0
0,cam0_24276184226165.jpg,24276184226165,24276334866362,0
4,cam4_24276185100491.jpg,24276185100491,24276335720219,0
2,cam2_24276199770882.jpg,24276199770882,24276353690726,0
0,cam0_24276200892831.jpg,24276200892831,24276354897151,0
4,cam4_24276201767157.jpg,24276201767157,24276355703602,0
2,cam2_24276216437548.jpg,24276216437548,24276369699052,0
0,cam0_24276217559497.jpg,24276217559497,24276370831649,0
4,cam4_24276218433823.jpg,24276218433823,24276371586632,0
2,cam2_24276233104214.jpg,24276233104214,24276385568560,0
0,cam0_24276234226163.jpg,24276234226163,24276386795289,0
4,cam4_24276235100489.jpg,24276235100489,24276387639452,0
2,cam2_24276249770880.jpg,24276249770880,24276401670425,0
0,cam0_24276250892829.jpg,24276250892829,24276403014609,0
4,cam4_24276251767155.jpg,24276251767155,24276403785606,0
2,cam2_24276266437546.jpg,24276266437546,24276417708404,0
0,cam0_24276267559495.jpg,24276267559495,24276418899542,0
4,cam4_24276268433821.jpg,24276268433821,24276419700019,0
2,cam2_24276283104212.jpg,24276283104212,24276433656027,0
0,cam0_24276284226161.jpg,24276284226161,24276434814066,0
4,cam4_24276285100487.jpg,24276285100487,24276435640083,0
2,cam2_24276299770878.jpg,24276299770878,24276453606203,0
0,cam0_24276300892827.jpg,24276300892827,24276454804962,0
4,cam4_24276301767153.jpg,24276301767153,24276455612731,0
2,cam2_24276316437544.jpg,24276316437544,24276469626783,0
0,cam0_24276317559493.jpg,24276317559493,24276470969272,0
4,cam4_24276318433819.jpg,24276318433819,24276471742146,0
2,cam2_24276333104210.jpg,24276333104210,24276485622132,0
0,cam0_24276334226159.jpg,24276334226159,24276486928512,0
4,cam4_24276335100485.jpg,24276335100485,24276487668650,0
2,cam2_24276349770876.jpg,24276349770876,24276501630181,0
0,cam0_24276350892825.jpg,24276350892825,24276502960870,0
4,cam4_24276351767151.jpg,24276351767151,24276503665165,0
2,cam2_24276366437542.jpg,24276366437542,24276517456638,0
0,cam0_24276367559491.jpg,24276367559491,24276518618521,0
4,cam4_24276368433817.jpg,24276368433817,24276519366602,0
2,cam2_24276383104208.jpg,24276383104208,24276533676797,0
0,cam0_24276384226157.jpg,24276384226157,24276539226159,0
4,cam4_24276385100483.jpg,24276385100483,24276539851749,0
2,cam2_24276399770874.jpg,24276399770874,24276553736081,0
0,cam0_24276400892823.jpg,24276400892823,24276554915747,0
4,cam4_24276401767149.jpg,24276401767149,24276555783025,0
2,cam2_24276416437540.jpg,24276416437540,24276569768847,0
0,cam0_24276417559489.jpg,24276417559489,24276570866884,0
4,cam4_24276418433815.jpg,24276418433815,24276571672675,0
2,cam2_24276433104206.jpg,24276433104206,24276585675110,0
0,cam0_24276434226155.jpg,24276434226155,24276586844062,0
4,cam4_24276435100481.jpg,24276435100481,24276587653679,0
2,cam2_24276449770872.jpg,24276449770872,24276601757300,0
0,cam0_24276450892821.jpg,24276450892821,24276602847702,0
4,cam4_24276451767147.jpg,24276451767147,24276603738702,0
2,cam2_24276466437538.jpg,24276466437538,24276617726759,0
0,cam0_24276467559487.jpg,24276467559487,24276618844518,0
4,cam4_24276468433813.jpg,24276468433813,24276619670077,0
2,cam2_24276483104204.jpg,24276483104204,24276637824840,0
0,cam0_24276484226153.jpg,24276484226153,24276638741201,0
4,cam4_24276485100479.jpg,24276485100479,24276639563472,0
2,cam2_24276499770870.jpg,24276499770870,24276653699853,0
0,cam0_24276500892819.jpg,24276500892819,24276654813245,0
4,cam4_24276501767145.jpg,24276501767145,24276655639096,0
2,cam2_24276516437536.jpg,24276516437536,24276669774270,0
0,cam0_24276517559485.jpg,24276517559485,24276670860937,0
4,cam4_24276518433811.jpg,24276518433811,24276671695499,0
2,cam2_24276533104202.jpg,24276533104202,24276685686452,0
0,cam0_24276534226151.jpg,24276534226151,24276686813114,0
4,cam4_24276535100477.jpg,24276535100477,24276687683491,0
2,cam2_24276549770868.jpg,24276549770868,24276701641727,0
0,cam0_24276550892817.jpg,24276550892817,24276702783131,0
4,cam4_24276551767143.jpg,24276551767143,24276703775358,0
2,cam2_24276566437534.jpg,24276566437534,24276717729469,0
0,cam0_24276567559483.jpg,24276567559483,24276718853311,0
4,cam4_24276568433809.jpg,24276568433809,24276719715351,0
2,cam2_24276583104200.jpg,24276583104200,24276737804665,0
0,cam0_24276584226149.jpg,24276584226149,24276738906263,0
4,cam4_24276585100475.jpg,24276585100475,24276739871298,0
2,cam2_24276599770866.jpg,24276599770866,24276753664155,0
0,cam0_24276600892815.jpg,24276600892815,24276754699260,0
4,cam4_24276601767141.jpg,24276601767141,24276755654998,0
2,cam2_24276616437532.jpg,24276616437532,24276769525655,0
0,cam0_24276617559481.jpg,24276617559481,24276770636054,0
4,cam4_24276618433807.jpg,24276618433807,24276771545459,0
2,cam2_24276633104198.jpg,24276633104198,24276785352764,0
0,cam0_24276634226147.jpg,24276634226147,24276786439202,0
4,cam4_24276635100473.jpg,24276635100473,24276787324175,0
2,cam2_24276649770864.jpg,24276649770864,24276801452670,0
0,cam0_24276650892813.jpg,24276650892813,24276802533328,0
4,cam4_24276651767139.jpg,24276651767139,24276803429392,0
2,cam2_24276666437530.jpg,24276666437530,24276817411448,0
0,cam0_24276667559479.jpg,24276667559479,24276818510009,0
4,cam4_24276668433805.jpg,24276668433805,24276819347168,0
2,cam2_24276683104196.jpg,24276683104196,24276837414912,0
0,cam0_24276684226145.jpg,24276684226145,24276838478465,0
4,cam4_24276685100471.jpg,24276685100471,24276839355729,0
2,cam2_24276699770862.jpg,24276699770862,24276853347053,0
0,cam0_24276700892811.jpg,24276700892811,24276854456369,0
4,cam4_24276701767137.jpg,24276701767137,24276855412370,0
2,cam2_24276716437528.jpg,24276716437528,24276869676162,0
0,cam0_24276717559477.jpg,24276717559477,24276870882266,0
4,cam4_24276718433803.jpg,24276718433803,24276871791971,0
2,cam2_24276733104194.jpg,24276733104194,24276885744926,0
0,cam0_24276734226143.jpg,24276734226143,24276886832916,0
4,cam4_24276735100469.jpg,24276735100469,24276887678255,0
2,cam2_24276749770860.jpg,24276749770860,24276901764057,0
0,cam0_24276750892809.jpg,24276750892809,24276902826376,0
4,cam4_24276751767135.jpg,24276751767135,24276903652517,0
2,cam2_24276766437526.jpg,24276766437526,24276917743210,0
0,cam0_24276767559475.jpg,24276767559475,24276918807592,0
4,cam4_24276768433801.jpg,24276768433801,24276919789860,0
2,cam2_24276783104192.jpg,24276783104192,24276937840233,0
0,cam0_24276784226141.jpg,24276784226141,24276938936850,0
4,cam4_24276785100467.jpg,24276785100467,24276939949106,0
2,cam2_24276799770858.jpg,24276799770858,24276953748089,0
0,cam0_24276800892807.jpg,24276800892807,24276954897679,0
4,cam4_24276801767133.jpg,24276801767133,24276955935427,0
2,cam2_24276816437524.jpg,24276816437524,24276969813883,0
0,cam0_24276817559473.jpg,24276817559473,24276970903214,0
4,cam4_24276818433799.jpg,24276818433799,24276971787556,0
2,cam2_24276833104190.jpg,24276833104190,24276985549932,0
0,cam0_24276834226139.jpg,24276834226139,24276986719686,0
4,cam4_24276835100465.jpg,24276835100465,24276987420575,0
2,cam2_24276849770856.jpg,24276849770856,24277001725569,0
0,cam0_24276850892805.jpg,24276850892805,24277003263433,0
4,cam4_24276851767131.jpg,24276851767131,24277003790907,0
2,cam2_24276866437522.jpg,24276866437522,24277017408518,0
0,cam0_24276867559471.jpg,24276867559471,24277018586079,0
4,cam4_24276868433797.jpg,24276868433797,24277019441567,0
2,cam2_24276883104188.jpg,24276883104188,24277037774246,0
0,cam0_24276884226137.jpg,24276884226137,24277038846319,0
4,cam4_24276885100463.jpg,24276885100463,24277039652826,0
2,cam2_24276899770854.jpg,24276899770854,24277053758749,0
0,cam0_24276900892803.jpg,24276900892803,24277054812377,0
4,cam4_24276901767129.jpg,24276901767129,24277055673527,0
2,cam2_24276916437520.jpg,24276916437520,24277069848416,0
0,cam0_24276917559469.jpg,24276917559469,24277070933246,0
4,cam4_24276918433795.jpg,24276918433795,24277071743916,0
2,cam2_24276933104186.jpg,24276933104186,24277085418169,0
0,cam0_24276934226135.jpg,24276934226135,24277086470281,0
4,cam4_24276935100461.jpg,24276935100461,24277087516955,0
2,cam2_24276949770852.jpg,24276949770852,24277101546688,0
0,cam0_24276950892801.jpg,24276950892801,24277102668049,0
4,cam4_24276951767127.jpg,24276951767127,24277103560287,0
2,cam2_24276966437518.jpg,24276966437518,24277117867545,0
0,cam0_24276967559467.jpg,24276967559467,24277118958356,0
4,cam4_24276968433793.jpg,24276968433793,24277119798965,0
2,cam2_24276983104184.jpg,24276983104184,24277137482401,0
0,cam0_24276984226133.jpg,24276984226133,24277138635898,0
4,cam4_24276985100459.jpg,24276985100459,24277139539960,0
2,cam2_24276999770850.jpg,24276999770850,24277153401416,0
0,cam0_24277000892799.jpg,24277000892799,24277154614294,0
4,cam4_24277001767125.jpg,24277001767125,24277155403096,0
2,cam2_24277016437516.jpg,24277016437516,24277169452609,0
0,cam0_24277017559465.jpg,24277017559465,24277170502311,0
4,cam4_24277018433791.jpg,24277018433791,24277171405128,0
2,cam2_24277033104182.jpg,24277033104182,24277185707257,0
0,cam0_24277034226131.jpg,24277034226131,24277187014179,0
4,cam4_24277035100457.jpg,24277035100457,24277187802930,0
2,cam2_24277049770848.jpg,24277049770848,24277201852252,0
0,cam0_24277050892797.jpg,24277050892797,24277203150160,0
4,cam4_24277051767123.jpg,24277051767123,24277204104310,0
2,cam2_24277066437514.jpg,24277066437514,24277217769479,0
0,cam0_24277067559463.jpg,24277067559463,24277219055933,0
4,cam4_24277068433789.jpg,24277068433789,24277219812838,0
2,cam2_24277083104180.jpg,24277083104180,24277237681742,0
0,cam0_24277084226129.jpg,24277084226129,24277238914438,0
4,cam4_24277085100455.jpg,24277085100455,24277239695144,0
2,cam2_24277099770846.jpg,24277099770846,24277253645665,0
0,cam0_24277100892795.jpg,24277100892795,24277254872278,0
4,cam4_24277101767121.jpg,24277101767121,24277255904674,0
2,cam2_24277116437512.jpg,24277116437512,24277269494302,0
0,cam0_24277117559461.jpg,24277117559461,24277270537727,0
4,cam4_24277118433787.jpg,24277118433787,24277271512913,0
2,cam2_24277133104178.jpg,24277133104178,24277285390817,0
0,cam0_24277134226127.jpg,24277134226127,24277286485402,0
4,cam4_24277135100453.jpg,24277135100453,24277287469032,0
2,cam2_24277149770844.jpg,24277149770844,24277301371759,0
0,cam0_24277150892793.jpg,24277150892793,24277302481763,0
4,cam4_24277151767119.jpg,24277151767119,24277303391214,0
2,cam2_24277166437510.jpg,24277166437510,24277317416067,0
0,cam0_24277167559459.jpg,24277167559459,24277318527752,0
4,cam4_24277168433785.jpg,24277168433785,24277319394099,0
2,cam2_24277183104176.jpg,24277183104176,24277337497858,0
0,cam0_24277184226125.jpg,24277184226125,24277338562127,0
4,cam4_24277185100451.jpg,24277185100451,24277339506939,0
2,cam2_24277199770842.jpg,24277199770842,24277353464033,0
0,cam0_24277200892791.jpg,24277200892791,24277354506742,0
4,cam4_24277201767117.jpg,24277201767117,24277355488497,0
2,cam2_24277216437508.jpg,24277216437508,24277369357435,0
0,cam0_24277217559457.jpg,24277217559457,24277370495636,0
4,cam4_24277218433783.jpg,24277218433783,24277371429058,0
2,cam2_24277233104174.jpg,24277233104174,24277385412279,0
0,cam0_24277234226123.jpg,24277234226123,24277386551496,0
4,cam4_24277235100449.jpg,24277235100449,24277387465817,0
2,cam2_24277249770840.jpg,24277249770840,24277401851561,0
0,cam0_24277250892789.jpg,24277250892789,24277402927498,0
4,cam4_24277251767115.jpg,24277251767115,24277403834573,0
2,cam2_24277266437506.jpg,24277266437506,24277417719174,0
0,cam0_24277267559455.jpg,24277267559455,24277418801607,0
4,cam4_24277268433781.jpg,24277268433781,24277419690478,0
2,cam2_24277283104172.jpg,24277283104172,24277437840694,0
0,cam0_24277284226121.jpg,24277284226121,24277438849991,0
4,cam4_24277285100447.jpg,24277285100447,24277439801207,0
2,cam2_24277299770838.jpg,24277299770838,24277453651113,0
0,cam0_24277300892787.jpg,24277300892787,24277454799280,0
4,cam4_24277301767113.jpg,24277301767113,24277455645693,0
2,cam2_24277316437504.jpg,24277316437504,24277469838239,0
0,cam0_24277317559453.jpg,24277317559453,24277470904188,0
4,cam4_24277318433779.jpg,24277318433779,24277471737180,0
2,cam2_24277333104170.jpg,24277333104170,24277485721314,0
0,cam0_24277334226119.jpg,24277334226119,24277486911942,0
4,cam4_24277335100445.jpg,24277335100445,24277487748295,0
2,cam2_24277349770836.jpg,24277349770836,24277501746056,0
0,cam0_24277350892785.jpg,24277350892785,24277502818962,0
4,cam4_24277351767111.jpg,24277351767111,24277503628592,0
2,cam2_24277366437502.jpg,24277366437502,24277517703151,0
0,cam0_24277367559451.jpg,24277367559451,24277518471745,0
4,cam4_24277368433777.jpg,24277368433777,24277519401328,0
2,cam2_24277383104168.jpg,24277383104168,24277537745969,0
0,cam0_24277384226117.jpg,24277384226117,24277538897753,0
4,cam4_24277385100443.jpg,24277385100443,24277539763986,0
2,cam2_24277399770834.jpg,24277399770834,24277553656966,0
0,cam0_24277400892783.jpg,24277400892783,24277554862138,0
4,cam4_24277401767109.jpg,24277401767109,24277555738947,0
2,cam2_24277416437500.jpg,24277416437500,24277569731239,0
0,cam0_24277417559449.jpg,24277417559449,24277570813688,0
4,cam4_24277418433775.jpg,24277418433775,24277571734188,0
2,cam2_24277433104166.jpg,24277433104166,24277585626901,0
0,cam0_24277434226115.jpg,24277434226115,24277586833502,0
4,cam4_24277435100441.jpg,24277435100441,24277587904874,0
