monotonic_ns,ur_position,controller_ts,q0,q1,q2,q3,q4,q5,qd0,qd1,qd2,qd3,qd4,qd5,torque0,torque1,torque2,torque3,torque4,torque5
790535437854489,left,260702.306000,1.365089,-2.930212,-0.139362,-3.473760,-1.573161,2.712320,0.000000,0.000000,-0.000000,0.000000,-0.000000,0.000000,-1.275712,4.414480,1.141217,-0.149215,-0.042804,-0.041635
790535438806578,left,260702.306000,1.365089,-2.930212,-0.139362,-3.473760,-1.573161,2.712320,0.000000,0.000000,-0.000000,0.000000,-0.000000,0.000000,-1.275712,4.414480,1.141217,-0.149215,-0.042804,-0.041635
790535446899999,left,260702.314000,1.365089,-2.930247,-0.139327,-3.473772,-1.573161,2.712320,0.000000,0.000000,-0.000000,0.000000,-0.000000,0.000000,-1.295369,4.432042,1.095165,-0.138914,-0.038936,-0.036880
790535454870641,left,260702.322000,1.365077,-2.930224,-0.139338,-3.473772,-1.573150,2.712285,0.000000,0.000000,-0.000000,0.000000,-0.000000,0.000000,-1.295236,4.412824,1.143794,-0.142502,-0.045285,-0.036136
790535462875348,left,260702.330000,1.365113,-2.930236,-0.139338,-3.473748,-1.573173,2.712285,0.000000,0.000000,-0.000000,0.000000,-0.000000,0.000000,-1.278951,4.432322,1.121101,-0.143975,-0.048154,-0.040098
790535470856026,left,260702.338000,1.365065,-2.930187,-0.139350,-3.473797,-1.573150,2.712285,0.000000,0.000000,-0.000000,0.000000,-0.000000,0.000000,-1.313707,4.398373,1.127761,-0.140181,-0.048579,-0.039665
790535478875611,left,260702.346000,1.365041,-2.930187,-0.139350,-3.473736,-1.573138,2.712285,0.000000,0.000000,-0.000000,0.000000,-0.000000,0.000000,-1.282768,4.439574,1.137877,-0.132680,-0.046275,-0.036046
790535486873347,left,260702.354000,1.365065,-2.930236,-0.139338,-3.473784,-1.573150,2.712261,0.000000,0.000000,-0.000000,0.000000,-0.000000,0.000000,-1.286939,4.410867,1.143439,-0.143875,-0.042290,-0.038252
790535494958162,left,260702.362000,1.365077,-2.930224,-0.139350,-3.473760,-1.573150,2.712296,0.000000,0.000000,-0.000000,0.000000,-0.000000,0.000000,-1.260385,4.392940,1.129062,-0.145351,-0.039895,-0.035558
790535502887531,left,260702.370000,1.365089,-2.930224,-0.139374,-3.473736,-1.573101,2.712320,0.000000,0.000000,-0.000000,0.000000,-0.000000,0.000000,-1.265103,4.403629,1.118833,-0.157432,-0.043003,-0.042547
790535510959384,left,260702.378000,1.365065,-2.930200,-0.139327,-3.473760,-1.573150,2.712285,0.000000,0.000000,-0.000000,0.000000,-0.000000,0.000000,-1.271651,4.439507,1.129664,-0.155509,-0.025417,-0.036995
790535518957765,left,260702.386000,1.365065,-2.930187,-0.139350,-3.473760,-1.573161,2.712285,0.000000,0.000000,-0.000000,0.000000,-0.000000,0.000000,-1.254982,4.418595,1.140148,-0.139762,-0.051434,-0.042487
790535526950494,left,260702.394000,1.365053,-2.930247,-0.139338,-3.473736,-1.573138,2.712285,0.000000,0.000000,-0.000000,0.000000,-0.000000,0.000000,-1.307830,4.391943,1.148390,-0.137066,-0.034194,-0.035363
790535534951514,left,260702.402000,1.365041,-2.930224,-0.139338,-3.473772,-1.573161,2.712261,0.000000,0.000000,-0.000000,0.000000,-0.000000,0.000000,-1.283532,4.387326,1.127134,-0.148531,-0.034391,-0.042338
790535542968797,left,260702.410000,1.365077,-2.930236,-0.139315,-3.473784,-1.573150,2.712273,0.000000,0.000000,-0.000000,0.000000,-0.000000,0.000000,-1.266968,4.378850,1.136621,-0.139284,-0.044250,-0.039137
790535550881118,left,260702.418000,1.365089,-2.930212,-0.139362,-3.473772,-1.573150,2.712296,0.000000,0.000000,-0.000000,0.000000,-0.000000,0.000000,-1.288456,4.386105,1.136727,-0.151448,-0.034881,-0.036193
790535558966115,left,260702.426000,1.365089,-2.930224,-0.139374,-3.473748,-1.573198,2.712296,0.000000,0.000000,-0.000000,0.000000,-0.000000,0.000000,-1.290314,4.424631,1.125903,-0.151971,-0.048523,-0.044246
790535566899765,left,260702.434000,1.365089,-2.930236,-0.139338,-3.473772,-1.573125,2.712296,0.000000,0.000000,-0.000000,0.000000,-0.000000,0.000000,-1.281767,4.400789,1.122185,-0.150951,-0.047093,-0.049880
790535574849882,left,260702.442000,1.365053,-2.930212,-0.139338,-3.473784,-1.573150,2.712249,0.000000,0.000000,-0.000000,0.000000,-0.000000,0.000000,-1.290211,4.411184,1.098431,-0.153155,-0.042002,-0.046544
790535582851172,left,260702.450000,1.365065,-2.930224,-0.139338,-3.473797,-1.573125,2.712285,0.000000,0.000000,-0.000000,0.000000,-0.000000,0.000000,-1.269468,4.361105,1.136217,-0.142002,-0.027982,-0.045826
790535590857383,left,260702.458000,1.365089,-2.930200,-0.139350,-3.473772,-1.573173,2.712285,0.000000,0.000000,-0.000000,0.000000,-0.000000,0.000000,-1.276658,4.396536,1.113206,-0.149700,-0.051175,-0.049286
790535598848433,left,260702.466000,1.365089,-2.930212,-0.139374,-3.473760,-1.573150,2.712285,0.000000,0.000000,-0.000000,0.000000,-0.000000,0.000000,-1.286262,4.415066,1.081683,-0.152997,-0.049134,-0.049729
790535606861462,left,260702.474000,1.365065,-2.930247,-0.139350,-3.473784,-1.573125,2.712296,0.000000,0.000000,-0.000000,0.000000,-0.000000,0.000000,-1.283226,4.366200,1.096502,-0.145439,-0.037814,-0.040633
790535614847680,left,260702.482000,1.365065,-2.930224,-0.139338,-3.473760,-1.573173,2.712285,0.000000,0.000000,-0.000000,0.000000,-0.000000,0.000000,-1.280018,4.421435,1.114553,-0.133646,-0.044667,-0.046619
790535622859245,left,260702.490000,1.365077,-2.930247,-0.139362,-3.473748,-1.573125,2.712320,0.000000,0.000000,-0.000000,0.000000,-0.000000,0.000000,-1.323531,4.426464,1.102804,-0.145218,-0.028516,-0.032064
790535630846348,left,260702.498000,1.365113,-2.930212,-0.139350,-3.473760,-1.573138,2.712296,0.000000,0.000000,-0.000000,0.000000,-0.000000,0.000000,-1.292928,4.415512,1.145727,-0.144923,-0.042499,-0.045490
790535638847156,left,260702.506000,1.365065,-2.930212,-0.139315,-3.473748,-1.573150,2.712285,0.000000,0.000000,-0.000000,0.000000,-0.000000,0.000000,-1.294518,4.414474,1.071568,-0.144856,-0.031084,-0.042468
790535646856629,left,260702.514000,1.365065,-2.930224,-0.139350,-3.473772,-1.573150,2.712249,0.000000,0.000000,-0.000000,0.000000,-0.000000,0.000000,-1.296257,4.438099,1.103423,-0.145388,-0.032513,-0.030214
790535654846186,left,260702.522000,1.365089,-2.930212,-0.139350,-3.473772,-1.573150,2.712273,0.000000,0.000000,-0.000000,0.000000,-0.000000,0.000000,-1.316507,4.414386,1.127535,-0.150043,-0.041790,-0.040076
790535662883336,left,260702.530000,1.365077,-2.930212,-0.139327,-3.473784,-1.573173,2.712320,0.000000,0.000000,-0.000000,0.000000,-0.000000,0.000000,-1.300073,4.392244,1.085935,-0.153319,-0.042893,-0.036371
790535670852204,left,260702.538000,1.365065,-2.930224,-0.139362,-3.473760,-1.573173,2.712296,0.000000,0.000000,-0.000000,0.000000,-0.000000,0.000000,-1.309758,4.420348,1.110597,-0.154177,-0.037983,-0.051186
790535678850861,left,260702.546000,1.365053,-2.930187,-0.139338,-3.473760,-1.573150,2.712273,0.000000,0.000000,-0.000000,0.000000,-0.000000,0.000000,-1.273018,4.404336,1.131051,-0.164142,-0.039546,-0.048970
790535686834676,left,260702.554000,1.365089,-2.930187,-0.139362,-3.473748,-1.573150,2.712296,0.000000,0.000000,-0.000000,0.000000,-0.000000,0.000000,-1.279552,4.383265,1.124460,-0.160565,-0.039543,-0.038787
790535694845162,left,260702.562000,1.365077,-2.930224,-0.139327,-3.473760,-1.573185,2.712308,0.000000,0.000000,-0.000000,0.000000,-0.000000,0.000000,-1.326940,4.378525,1.104752,-0.156463,-0.027407,-0.047027
790535702850307,left,260702.570000,1.365089,-2.930236,-0.139374,-3.473772,-1.573173,2.712296,0.000000,0.000000,-0.000000,0.000000,-0.000000,0.000000,-1.323147,4.400582,1.150474,-0.155502,-0.033139,-0.045305
790535710853053,left,260702.578000,1.365053,-2.930224,-0.139374,-3.473748,-1.573150,2.712296,0.000000,0.000000,-0.000000,0.000000,-0.000000,0.000000,-1.289687,4.361804,1.151630,-0.149900,-0.034240,-0.041959
790535718849197,left,260702.586000,1.365077,-2.930200,-0.139362,-3.473748,-1.573161,2.712273,0.000000,0.000000,-0.000000,0.000000,-0.000000,0.000000,-1.264690,4.379261,1.157580,-0.163304,-0.023333,-0.038775
790535726838037,left,260702.594000,1.365041,-2.930247,-0.139350,-3.473760,-1.573150,2.712273,0.000000,0.000000,-0.000000,0.000000,-0.000000,0.000000,-1.285833,4.420758,1.175546,-0.152873,-0.014023,-0.046551
790535734859390,left,260702.602000,1.365077,-2.930224,-0.139315,-3.473784,-1.573138,2.712273,0.000000,0.000000,-0.000000,0.000000,-0.000000,0.000000,-1.297131,4.403192,1.128758,-0.150505,-0.030352,-0.038091
790535742858246,left,260702.610000,1.365089,-2.930187,-0.139350,-3.473748,-1.573173,2.712261,0.000000,0.000000,-0.000000,0.000000,-0.000000,0.000000,-1.345757,4.417179,1.128431,-0.162078,-0.025609,-0.039202
790535750881678,left,260702.618000,1.365077,-2.930247,-0.139362,-3.473736,-1.573161,2.712273,0.000000,0.000000,-0.000000,0.000000,-0.000000,0.000000,-1.266762,4.409394,1.146494,-0.158291,-0.026344,-0.042353
790535758909277,left,260702.626000,1.365077,-2.930212,-0.139374,-3.473748,-1.573161,2.712273,0.000000,0.000000,-0.000000,0.000000,-0.000000,0.000000,-1.244075,4.394363,1.137478,-0.148382,-0.028667,-0.053819
790535766854840,left,260702.634000,1.365041,-2.930224,-0.139350,-3.473760,-1.573125,2.712273,0.000000,0.000000,-0.000000,0.000000,-0.000000,0.000000,-1.314875,4.378373,1.144457,-0.152937,-0.024653,-0.039322
790535774867846,left,260702.642000,1.365089,-2.930200,-0.139374,-3.473748,-1.573125,2.712320,0.000000,0.000000,-0.000000,0.000000,-0.000000,0.000000,-1.307825,4.399161,1.141274,-0.154171,-0.022680,-0.050931
790535782861494,left,260702.650000,1.365053,-2.930200,-0.139374,-3.473772,-1.573125,2.712320,0.000000,0.000000,-0.000000,0.000000,-0.000000,0.000000,-1.245106,4.429791,1.134869,-0.154247,-0.020228,-0.035715
790535790941341,left,260702.658000,1.365053,-2.930212,-0.139398,-3.473748,-1.573161,2.712285,0.000000,0.000000,-0.000000,0.000000,-0.000000,0.000000,-1.279964,4.444797,1.108169,-0.143691,-0.020032,-0.055420
790535798872376,left,260702.666000,1.365089,-2.930224,-0.139374,-3.473760,-1.573150,2.712273,0.000000,0.000000,-0.000000,0.000000,-0.000000,0.000000,-1.284636,4.410091,1.148563,-0.167018,-0.019968,-0.032228
790535806864013,left,260702.674000,1.365101,-2.930212,-0.139350,-3.473772,-1.573150,2.712296,0.000000,0.000000,-0.000000,0.000000,-0.000000,0.000000,-1.304805,4.411050,1.151975,-0.144937,-0.031674,-0.050455
790535814861150,left,260702.682000,1.365053,-2.930236,-0.139327,-3.473748,-1.573161,2.712308,0.000000,0.000000,-0.000000,0.000000,-0.000000,0.000000,-1.340835,4.495970,1.154807,-0.148929,-0.013978,-0.040212
790535822853959,left,260702.690000,1.365077,-2.930224,-0.139374,-3.473772,-1.573161,2.712236,0.000000,0.000000,-0.000000,0.000000,-0.000000,0.000000,-1.286001,4.370689,1.109726,-0.148625,-0.022293,-0.047838
790535830866439,left,260702.698000,1.365101,-2.930187,-0.139350,-3.473772,-1.573138,2.712296,0.000000,0.000000,-0.000000,0.000000,-0.000000,0.000000,-1.301023,4.403344,1.074673,-0.140050,-0.031014,-0.045098
790535838860070,left,260702.706000,1.365077,-2.930224,-0.139338,-3.473760,-1.573173,2.712296,0.000000,0.000000,-0.000000,0.000000,-0.000000,0.000000,-1.272992,4.426010,1.123599,-0.141344,-0.034279,-0.043381
790535846867370,left,260702.714000,1.365077,-2.930212,-0.139350,-3.473772,-1.573173,2.712308,0.000000,0.000000,-0.000000,0.000000,-0.000000,0.000000,-1.301040,4.391770,1.136076,-0.150625,-0.013807,-0.038927
790535854852321,left,260702.722000,1.365077,-2.930224,-0.139338,-3.473724,-1.573138,2.712296,0.000000,0.000000,-0.000000,0.000000,-0.000000,0.000000,-1.256801,4.427704,1.100140,-0.159268,-0.032219,-0.041610
790535862848745,left,260702.730000,1.365077,-2.930224,-0.139350,-3.473736,-1.573138,2.712296,0.000000,0.000000,-0.000000,0.000000,-0.000000,0.000000,-1.331692,4.416743,1.139340,-0.167097,-0.033173,-0.037311
790535870856661,left,260702.738000,1.365077,-2.930212,-0.139362,-3.473748,-1.573161,2.712285,0.000000,0.000000,-0.000000,0.000000,-0.000000,0.000000,-1.285857,4.404281,1.162819,-0.161482,-0.031140,-0.043998
790535878852383,left,260702.746000,1.365077,-2.930224,-0.139374,-3.473784,-1.573125,2.712296,0.000000,0.000000,-0.000000,0.000000,-0.000000,0.000000,-1.284717,4.392583,1.170800,-0.159431,-0.019019,-0.042865
790535886918495,left,260702.754000,1.365077,-2.930200,-0.139338,-3.473760,-1.573161,2.712296,0.000000,0.000000,-0.000000,0.000000,-0.000000,0.000000,-1.263316,4.415222,1.160521,-0.161300,-0.022123,-0.041025
790535894868999,left,260702.762000,1.365089,-2.930224,-0.139315,-3.473748,-1.573150,2.712296,0.000000,0.000000,-0.000000,0.000000,-0.000000,0.000000,-1.293896,4.404271,1.160684,-0.167330,-0.037072,-0.034590
790535902985253,left,260702.770000,1.365077,-2.930212,-0.139374,-3.473784,-1.573125,2.712285,0.000000,0.000000,-0.000000,0.000000,-0.000000,0.000000,-1.304518,4.422908,1.150046,-0.138369,-0.028877,-0.034354
790535910987590,left,260702.778000,1.365089,-2.930224,-0.139362,-3.473748,-1.573138,2.712236,0.000000,0.000000,-0.000000,0.000000,-0.000000,0.000000,-1.260079,4.398659,1.161611,-0.161984,-0.042646,-0.043209
790535918895201,left,260702.786000,1.365053,-2.930212,-0.139362,-3.473760,-1.573125,2.712320,0.000000,0.000000,-0.000000,0.000000,-0.000000,0.000000,-1.262820,4.395792,1.107850,-0.156025,-0.019321,-0.035355
790535926974665,left,260702.794000,1.365077,-2.930187,-0.139362,-3.473748,-1.573150,2.712261,0.000000,0.000000,-0.000000,0.000000,-0.000000,0.000000,-1.298309,4.405252,1.187475,-0.163036,-0.041077,-0.054723
790535934879785,left,260702.802000,1.365053,-2.930224,-0.139327,-3.473760,-1.573161,2.712285,0.000000,0.000000,-0.000000,0.000000,-0.000000,0.000000,-1.283968,4.407976,1.136536,-0.161671,-0.023445,-0.043111
790535942854076,left,260702.810000,1.365065,-2.930200,-0.139350,-3.473760,-1.573185,2.712273,0.000000,0.000000,-0.000000,0.000000,-0.000000,0.000000,-1.304500,4.394424,1.144241,-0.157578,-0.020448,-0.022679
790535950844793,left,260702.818000,1.365041,-2.930187,-0.139338,-3.473712,-1.573125,2.712261,0.000000,0.000000,-0.000000,0.000000,-0.000000,0.000000,-1.288775,4.395000,1.131094,-0.167285,-0.020628,-0.036954
790535958847365,left,260702.826000,1.365089,-2.930236,-0.139338,-3.473748,-1.573198,2.712296,0.000000,0.000000,-0.000000,0.000000,-0.000000,0.000000,-1.268091,4.349385,1.101555,-0.167224,-0.033754,-0.039189
790535966858925,left,260702.834000,1.365077,-2.930224,-0.139315,-3.473748,-1.573138,2.712273,0.000000,0.000000,-0.000000,0.000000,-0.000000,0.000000,-1.281467,4.415329,1.144128,-0.166087,-0.020109,-0.033202
790535974866325,left,260702.842000,1.365089,-2.930259,-0.139362,-3.473784,-1.573150,2.712285,0.000000,0.000000,-0.000000,0.000000,-0.000000,0.000000,-1.227393,4.420749,1.140269,-0.157821,-0.017121,-0.040348
790535982870725,left,260702.850000,1.365089,-2.930236,-0.139338,-3.473784,-1.573161,2.712333,0.000000,0.000000,-0.000000,0.000000,-0.000000,0.000000,-1.290758,4.434746,1.146500,-0.164692,-0.042062,-0.038850
790535990856139,left,260702.858000,1.365053,-2.930247,-0.139374,-3.473772,-1.573161,2.712285,0.000000,0.000000,-0.000000,0.000000,-0.000000,0.000000,-1.310920,4.417890,1.103105,-0.164728,-0.026506,-0.029533
790535998858997,left,260702.866000,1.365089,-2.930224,-0.139327,-3.473760,-1.573138,2.712273,0.000000,0.000000,-0.000000,0.000000,-0.000000,0.000000,-1.304607,4.404044,1.146855,-0.160153,-0.026291,-0.043379
790536006867931,left,260702.874000,1.365065,-2.930236,-0.139338,-3.473760,-1.573150,2.712273,0.000000,0.000000,-0.000000,0.000000,-0.000000,0.000000,-1.348814,4.398272,1.139890,-0.169300,-0.029226,-0.047554
790536014859311,left,260702.882000,1.365077,-2.930175,-0.139386,-3.473736,-1.573173,2.712285,0.000000,0.000000,-0.000000,0.000000,-0.000000,0.000000,-1.292651,4.398846,1.121090,-0.171654,-0.031210,-0.035233
790536022852159,left,260702.890000,1.365089,-2.930236,-0.139350,-3.473748,-1.573161,2.712320,0.000000,0.000000,-0.000000,0.000000,-0.000000,0.000000,-1.293767,4.454853,1.109218,-0.162833,-0.026689,-0.042318
790536030853561,left,260702.898000,1.365065,-2.930247,-0.139386,-3.473736,-1.573138,2.712273,0.000000,0.000000,-0.000000,0.000000,-0.000000,0.000000,-1.283323,4.404478,1.126665,-0.165951,-0.022927,-0.035920
790536038856998,left,260702.906000,1.365053,-2.930212,-0.139327,-3.473748,-1.573101,2.712320,0.000000,0.000000,-0.000000,0.000000,-0.000000,0.000000,-1.300158,4.428839,1.131029,-0.155719,-0.020536,-0.040260
790536046857511,left,260702.914000,1.365089,-2.930187,-0.139362,-3.473748,-1.573161,2.712308,0.000000,0.000000,-0.000000,0.000000,-0.000000,0.000000,-1.278928,4.404882,1.093064,-0.161123,-0.028140,-0.039057
790536054851152,left,260702.922000,1.365065,-2.930175,-0.139374,-3.473760,-1.573138,2.712285,0.000000,0.000000,-0.000000,0.000000,-0.000000,0.000000,-1.311223,4.415353,1.163004,-0.166060,-0.031699,-0.036203
790536062852742,left,260702.930000,1.365077,-2.930212,-0.139362,-3.473772,-1.573150,2.712308,0.000000,0.000000,-0.000000,0.000000,-0.000000,0.000000,-1.311998,4.404713,1.118840,-0.171177,-0.024651,-0.029164
790536070851515,left,260702.938000,1.365101,-2.930200,-0.139362,-3.473736,-1.573161,2.712296,0.000000,0.000000,-0.000000,0.000000,-0.000000,0.000000,-1.272855,4.369403,1.121744,-0.160572,-0.025118,-0.034629
790536078854465,left,260702.946000,1.365053,-2.930224,-0.139350,-3.473760,-1.573138,2.712285,0.000000,0.000000,-0.000000,0.000000,-0.000000,0.000000,-1.303490,4.417658,1.136815,-0.179394,-0.023091,-0.040393
790536086961900,left,260702.954000,1.365077,-2.930212,-0.139338,-3.473748,-1.573125,2.712296,0.000000,0.000000,-0.000000,0.000000,-0.000000,0.000000,-1.301040,4.397431,1.141872,-0.175684,-0.029344,-0.038932
790536094982444,left,260702.962000,1.365089,-2.930212,-0.139350,-3.473760,-1.573150,2.712296,0.000000,0.000000,-0.000000,0.000000,-0.000000,0.000000,-1.297328,4.421859,1.077530,-0.175441,-0.027637,-0.028651
790536103024112,left,260702.970000,1.365065,-2.930224,-0.139350,-3.473797,-1.573138,2.712285,0.000000,0.000000,-0.000000,0.000000,-0.000000,0.000000,-1.293005,4.405774,1.169171,-0.171553,-0.030544,-0.037037
790536110977602,left,260702.978000,1.365077,-2.930224,-0.139327,-3.473748,-1.573173,2.712273,0.000000,0.000000,-0.000000,0.000000,-0.000000,0.000000,-1.287794,4.441924,1.123652,-0.169558,-0.030123,-0.031035
790536118987756,left,260702.986000,1.365101,-2.930212,-0.139374,-3.473748,-1.573173,2.712308,0.000000,0.000000,-0.000000,0.000000,-0.000000,0.000000,-1.279237,4.415089,1.162642,-0.167390,-0.038086,-0.032477
790536126947722,left,260702.994000,1.365053,-2.930187,-0.139374,-3.473748,-1.573161,2.712308,0.000000,0.000000,-0.000000,0.000000,-0.000000,0.000000,-1.306795,4.342458,1.139811,-0.165940,-0.022426,-0.032578
790536134985467,left,260703.002000,1.365089,-2.930224,-0.139350,-3.473736,-1.573150,2.712308,0.000000,0.000000,-0.000000,0.000000,-0.000000,0.000000,-1.283041,4.372985,1.152405,-0.165637,-0.030141,-0.042470
790536142973772,left,260703.010000,1.365041,-2.930224,-0.139374,-3.473772,-1.573173,2.712296,0.000000,0.000000,-0.000000,0.000000,-0.000000,0.000000,-1.316491,4.418781,1.137162,-0.152352,-0.024004,-0.032344
790536150992933,left,260703.018000,1.365077,-2.930212,-0.139398,-3.473748,-1.573173,2.712273,0.000000,0.000000,-0.000000,0.000000,-0.000000,0.000000,-1.323860,4.394228,1.160828,-0.164490,-0.027338,-0.024390
790536159021899,left,260703.026000,1.365077,-2.930200,-0.139374,-3.473772,-1.573125,2.712285,0.000000,0.000000,-0.000000,0.000000,-0.000000,0.000000,-1.271228,4.412838,1.137145,-0.178782,-0.026792,-0.044145
790536167026950,left,260703.034000,1.365089,-2.930212,-0.139362,-3.473748,-1.573138,2.712308,0.000000,0.000000,-0.000000,0.000000,-0.000000,0.000000,-1.291038,4.424737,1.141041,-0.171070,-0.026704,-0.039259
790536174971700,left,260703.042000,1.365077,-2.930236,-0.139362,-3.473772,-1.573173,2.712308,0.000000,0.000000,-0.000000,0.000000,-0.000000,0.000000,-1.290522,4.423303,1.119277,-0.171040,-0.031030,-0.031348
790536182974772,left,260703.050000,1.365065,-2.930224,-0.139327,-3.473736,-1.573161,2.712273,0.000000,0.000000,-0.000000,0.000000,-0.000000,0.000000,-1.290099,4.413781,1.129777,-0.161156,-0.018995,-0.031657
790536190972334,left,260703.058000,1.365053,-2.930212,-0.139338,-3.473724,-1.573138,2.712296,0.000000,0.000000,-0.000000,0.000000,-0.000000,0.000000,-1.300857,4.406529,1.107878,-0.160641,-0.031648,-0.028275
790536198950592,left,260703.066000,1.365089,-2.930236,-0.139362,-3.473797,-1.573150,2.712285,0.000000,0.000000,-0.000000,0.000000,-0.000000,0.000000,-1.261339,4.404414,1.130642,-0.155386,-0.029523,-0.025889
790536206916568,left,260703.074000,1.365089,-2.930187,-0.139362,-3.473736,-1.573173,2.712320,0.000000,0.000000,-0.000000,0.000000,-0.000000,0.000000,-1.267263,4.378303,1.139862,-0.153716,-0.043343,-0.030291
790536214847080,left,260703.082000,1.365053,-2.930200,-0.139362,-3.473784,-1.573125,2.712296,0.000000,0.000000,-0.000000,0.000000,-0.000000,0.000000,-1.311274,4.437993,1.097729,-0.174484,-0.030155,-0.031260
790536222846200,left,260703.090000,1.365053,-2.930200,-0.139362,-3.473772,-1.573138,2.712273,0.000000,0.000000,-0.000000,0.000000,-0.000000,0.000000,-1.294725,4.376519,1.115422,-0.169361,-0.026760,-0.039218
790536230860401,left,260703.098000,1.365065,-2.930200,-0.139350,-3.473784,-1.573125,2.712261,0.000000,0.000000,-0.000000,0.000000,-0.000000,0.000000,-1.285416,4.377541,1.167790,-0.163919,-0.039182,-0.037111
790536238881150,left,260703.106000,1.365101,-2.930212,-0.139315,-3.473760,-1.573138,2.712308,0.000000,0.000000,-0.000000,0.000000,-0.000000,0.000000,-1.298830,4.409088,1.157359,-0.176083,-0.035128,-0.026726
790536246861932,left,260703.114000,1.365077,-2.930200,-0.139350,-3.473748,-1.573125,2.712308,0.000000,0.000000,-0.000000,0.000000,-0.000000,0.000000,-1.303451,4.419505,1.145485,-0.183941,-0.030755,-0.025613
790536254855802,left,260703.122000,1.365077,-2.930200,-0.139338,-3.473748,-1.573138,2.712236,0.000000,0.000000,-0.000000,0.000000,-0.000000,0.000000,-1.275712,4.408669,1.114053,-0.179069,-0.024086,-0.039373
790536262844049,left,260703.130000,1.365053,-2.930212,-0.139327,-3.473736,-1.573150,2.712285,0.000000,0.000000,-0.000000,0.000000,-0.000000,0.000000,-1.285179,4.421250,1.135720,-0.167023,-0.016815,-0.044829
790536270867784,left,260703.138000,1.365041,-2.930187,-0.139362,-3.473772,-1.573150,2.712273,0.000000,0.000000,-0.000000,0.000000,-0.000000,0.000000,-1.288878,4.406486,1.162569,-0.179189,-0.037729,-0.019197
790536278865946,left,260703.146000,1.365053,-2.930212,-0.139327,-3.473724,-1.573161,2.712320,0.000000,0.000000,-0.000000,0.000000,-0.000000,0.000000,-1.329140,4.420280,1.162261,-0.174973,-0.033125,-0.030846
790536286846142,left,260703.154000,1.365029,-2.930224,-0.139374,-3.473784,-1.573150,2.712308,0.000000,0.000000,-0.000000,0.000000,-0.000000,0.000000,-1.303228,4.405665,1.112302,-0.176039,-0.026395,-0.020196
790536294844887,left,260703.162000,1.365053,-2.930200,-0.139374,-3.473772,-1.573161,2.712285,0.000000,0.000000,-0.000000,0.000000,-0.000000,0.000000,-1.276153,4.395554,1.152047,-0.167583,-0.025832,-0.015189
790536302846220,left,260703.170000,1.365077,-2.930212,-0.139338,-3.473736,-1.573125,2.712273,0.000000,0.000000,-0.000000,0.000000,-0.000000,0.000000,-1.307320,4.409643,1.145237,-0.168332,-0.020014,-0.030293
790536310846772,left,260703.178000,1.365029,-2.930200,-0.139362,-3.473784,-1.573185,2.712261,0.000000,0.000000,-0.000000,0.000000,-0.000000,0.000000,-1.309027,4.396770,1.129474,-0.180013,-0.027568,-0.022741
790536318860640,left,260703.186000,1.365089,-2.930212,-0.139338,-3.473760,-1.573198,2.712273,0.000000,0.000000,-0.000000,0.000000,-0.000000,0.000000,-1.326293,4.394981,1.139058,-0.160289,-0.027076,-0.019802
790536326843070,left,260703.194000,1.365077,-2.930224,-0.139374,-3.473736,-1.573125,2.712296,0.000000,0.000000,-0.000000,0.000000,-0.000000,0.000000,-1.325874,4.390359,1.137697,-0.170913,-0.025660,-0.010456
790536334845039,left,260703.202000,1.365077,-2.930224,-0.139350,-3.473736,-1.573150,2.712285,0.000000,0.000000,-0.000000,0.000000,-0.000000,0.000000,-1.300021,4.431295,1.094464,-0.184524,-0.022454,-0.012694
790536342845024,left,260703.210000,1.365053,-2.930224,-0.139362,-3.473772,-1.573150,2.712308,0.000000,0.000000,-0.000000,0.000000,-0.000000,0.000000,-1.298421,4.413329,1.186272,-0.182622,-0.021272,-0.017156
790536350865782,left,260703.218000,1.365089,-2.930187,-0.139362,-3.473748,-1.573138,2.712273,0.000000,0.000000,-0.000000,0.000000,-0.000000,0.000000,-1.318249,4.419256,1.145802,-0.169914,-0.028981,-0.032602
790536358850804,left,260703.226000,1.365041,-2.930212,-0.139338,-3.473748,-1.573161,2.712308,0.000000,0.000000,-0.000000,0.000000,-0.000000,0.000000,-1.268768,4.356625,1.107361,-0.165858,-0.031992,-0.015530
790536366847876,left,260703.234000,1.365077,-2.930212,-0.139350,-3.473736,-1.573138,2.712273,0.000000,0.000000,-0.000000,0.000000,-0.000000,0.000000,-1.268352,4.430377,1.170698,-0.174223,-0.028305,-0.010825
790536374860327,left,260703.242000,1.365065,-2.930187,-0.139362,-3.473748,-1.573161,2.712285,0.000000,0.000000,-0.000000,0.000000,-0.000000,0.000000,-1.284511,4.393558,1.170508,-0.170877,-0.029653,-0.018232
790536382860966,left,260703.250000,1.365065,-2.930224,-0.139350,-3.473748,-1.573161,2.712296,0.000000,0.000000,-0.000000,0.000000,-0.000000,0.000000,-1.272400,4.394893,1.140744,-0.167630,-0.029902,-0.015224
790536390861733,left,260703.258000,1.365053,-2.930224,-0.139350,-3.473736,-1.573173,2.712273,0.000000,0.000000,-0.000000,0.000000,-0.000000,0.000000,-1.287179,4.399538,1.158943,-0.173675,-0.032882,-0.018293
790536398855671,left,260703.266000,1.365053,-2.930236,-0.139386,-3.473760,-1.573125,2.712236,0.000000,0.000000,-0.000000,0.000000,-0.000000,0.000000,-1.297227,4.395035,1.148810,-0.176069,-0.032207,-0.028914
790536406850804,left,260703.274000,1.365077,-2.930200,-0.139327,-3.473760,-1.573150,2.712273,0.000000,0.000000,-0.000000,0.000000,-0.000000,0.000000,-1.296221,4.407780,1.123974,-0.184596,-0.030506,-0.027283
790536414846274,left,260703.282000,1.365065,-2.930224,-0.139350,-3.473760,-1.573173,2.712320,0.000000,0.000000,-0.000000,0.000000,-0.000000,0.000000,-1.327168,4.424776,1.133120,-0.191562,-0.025884,-0.009527
790536422847039,left,260703.290000,1.365077,-2.930200,-0.139350,-3.473748,-1.573125,2.712261,0.000000,0.000000,-0.000000,0.000000,-0.000000,0.000000,-1.287649,4.421227,1.115344,-0.181941,-0.027395,-0.008185
790536430846737,left,260703.298000,1.365089,-2.930236,-0.139315,-3.473760,-1.573138,2.712320,0.000000,0.000000,-0.000000,0.000000,-0.000000,0.000000,-1.301847,4.385919,1.145930,-0.180526,-0.027115,-0.011833
790536438850201,left,260703.306000,1.365065,-2.930224,-0.139374,-3.473772,-1.573125,2.712261,0.000000,0.000000,-0.000000,0.000000,-0.000000,0.000000,-1.322629,4.426395,1.148451,-0.176791,-0.033687,-0.013460
790536446845657,left,260703.314000,1.365065,-2.930212,-0.139362,-3.473772,-1.573125,2.712261,0.000000,0.000000,-0.000000,0.000000,-0.000000,0.000000,-1.289544,4.388061,1.116365,-0.183841,-0.041656,-0.015966
790536454856591,left,260703.322000,1.365089,-2.930200,-0.139374,-3.473748,-1.573125,2.712296,0.000000,0.000000,-0.000000,0.000000,-0.000000,0.000000,-1.318206,4.390102,1.121229,-0.162343,-0.034636,-0.022265
790536462854363,left,260703.330000,1.365065,-2.930200,-0.139374,-3.473760,-1.573161,2.712273,0.000000,0.000000,-0.000000,0.000000,-0.000000,0.000000,-1.311479,4.441441,1.125356,-0.171929,-0.033944,-0.016368
790536470955636,left,260703.338000,1.365065,-2.930224,-0.139327,-3.473772,-1.573125,2.712261,0.000000,0.000000,-0.000000,0.000000,-0.000000,0.000000,-1.273876,4.403399,1.123205,-0.177404,-0.036910,-0.008794
790536478847506,left,260703.346000,1.365053,-2.930224,-0.139362,-3.473736,-1.573150,2.712249,0.000000,0.000000,-0.000000,0.000000,-0.000000,0.000000,-1.289283,4.385458,1.143269,-0.184587,-0.036317,-0.022823
790536486929534,left,260703.354000,1.365077,-2.930247,-0.139362,-3.473748,-1.573150,2.712273,0.000000,0.000000,-0.000000,0.000000,-0.000000,0.000000,-1.245950,4.402753,1.124466,-0.183225,-0.028355,-0.020358
790536495016531,left,260703.362000,1.365077,-2.930247,-0.139350,-3.473772,-1.573161,2.712308,0.000000,0.000000,-0.000000,0.000000,-0.000000,0.000000,-1.276878,4.426748,1.159027,-0.177402,-0.037325,-0.016886
790536502884846,left,260703.370000,1.365053,-2.930224,-0.139362,-3.473736,-1.573150,2.712273,0.000000,0.000000,-0.000000,0.000000,-0.000000,0.000000,-1.287399,4.382585,1.176788,-0.175076,-0.024130,-0.007709
790536510888751,left,260703.378000,1.365041,-2.930224,-0.139350,-3.473784,-1.573185,2.712308,0.000000,0.000000,-0.000000,0.000000,-0.000000,0.000000,-1.283790,4.414301,1.101326,-0.193444,-0.031948,-0.013077
790536518884391,left,260703.386000,1.365101,-2.930212,-0.139338,-3.473760,-1.573138,2.712285,0.000000,0.000000,-0.000000,0.000000,-0.000000,0.000000,-1.269461,4.381524,1.146810,-0.172737,-0.037463,-0.029363
790536526867605,left,260703.394000,1.365065,-2.930187,-0.139350,-3.473748,-1.573173,2.712273,0.000000,0.000000,-0.000000,0.000000,-0.000000,0.000000,-1.268510,4.424170,1.184098,-0.184870,-0.045357,-0.011733
790536534859276,left,260703.402000,1.365065,-2.930200,-0.139338,-3.473748,-1.573185,2.712285,0.000000,0.000000,-0.000000,0.000000,-0.000000,0.000000,-1.297145,4.399142,1.147299,-0.184394,-0.037621,-0.014250
790536542847064,left,260703.410000,1.365053,-2.930212,-0.139350,-3.473784,-1.573161,2.712273,0.000000,0.000000,-0.000000,0.000000,-0.000000,0.000000,-1.265920,4.431702,1.145159,-0.177015,-0.042603,-0.026952
790536550847895,left,260703.418000,1.365089,-2.930247,-0.139338,-3.473797,-1.573150,2.712308,0.000000,0.000000,-0.000000,0.000000,-0.000000,0.000000,-1.270668,4.408862,1.116964,-0.180749,-0.030014,-0.015087
790536558839736,left,260703.426000,1.365077,-2.930212,-0.139350,-3.473760,-1.573173,2.712249,0.000000,0.000000,-0.000000,0.000000,-0.000000,0.000000,-1.305213,4.397128,1.148245,-0.178125,-0.037401,-0.013595
790536566841864,left,260703.434000,1.365065,-2.930224,-0.139338,-3.473784,-1.573125,2.712273,0.000000,0.000000,-0.000000,0.000000,-0.000000,0.000000,-1.317450,4.421509,1.089884,-0.177760,-0.036408,-0.018243
790536574845850,left,260703.442000,1.365053,-2.930247,-0.139327,-3.473772,-1.573125,2.712308,0.000000,0.000000,-0.000000,0.000000,-0.000000,0.000000,-1.339856,4.408769,1.148501,-0.178605,-0.034585,-0.008481
790536582852582,left,260703.450000,1.365065,-2.930236,-0.139374,-3.473760,-1.573113,2.712296,0.000000,0.000000,-0.000000,0.000000,-0.000000,0.000000,-1.314906,4.395022,1.136630,-0.181818,-0.054731,-0.026409
790536590861423,left,260703.458000,1.365053,-2.930224,-0.139350,-3.473760,-1.573161,2.712296,0.000000,0.000000,-0.000000,0.000000,-0.000000,0.000000,-1.241152,4.417990,1.148548,-0.181646,-0.038630,-0.021943
790536598841744,left,260703.466000,1.365077,-2.930212,-0.139362,-3.473772,-1.573150,2.712285,0.000000,0.000000,-0.000000,0.000000,-0.000000,0.000000,-1.285052,4.413901,1.156506,-0.180397,-0.045813,-0.022561
790536606847512,left,260703.474000,1.365077,-2.930236,-0.139327,-3.473772,-1.573138,2.712296,0.000000,0.000000,-0.000000,0.000000,-0.000000,0.000000,-1.300818,4.414280,1.135783,-0.179823,-0.047983,-0.021787
790536614842769,left,260703.482000,1.365065,-2.930187,-0.139338,-3.473760,-1.573125,2.712273,0.000000,0.000000,-0.000000,0.000000,-0.000000,0.000000,-1.258109,4.393876,1.161456,-0.169150,-0.042017,-0.002898
790536622841276,left,260703.490000,1.365089,-2.930212,-0.139350,-3.473797,-1.573138,2.712296,0.000000,0.000000,-0.000000,0.000000,-0.000000,0.000000,-1.295561,4.421159,1.140536,-0.177482,-0.035980,-0.010730
790536630842637,left,260703.498000,1.365029,-2.930247,-0.139350,-3.473760,-1.573138,2.712285,0.000000,0.000000,-0.000000,0.000000,-0.000000,0.000000,-1.316926,4.445376,1.168053,-0.184190,-0.038130,-0.026255
790536638844674,left,260703.506000,1.365065,-2.930187,-0.139362,-3.473760,-1.573161,2.712285,0.000000,0.000000,-0.000000,0.000000,-0.000000,0.000000,-1.320338,4.390179,1.185665,-0.177495,-0.045161,-0.027312
790536646844320,left,260703.514000,1.365065,-2.930200,-0.139362,-3.473748,-1.573138,2.712285,0.000000,0.000000,-0.000000,0.000000,-0.000000,0.000000,-1.299996,4.384063,1.117800,-0.175624,-0.031661,-0.010124
790536654844768,left,260703.522000,1.365053,-2.930236,-0.139374,-3.473772,-1.573173,2.712296,0.000000,0.000000,-0.000000,0.000000,-0.000000,0.000000,-1.290418,4.391178,1.132163,-0.169239,-0.036009,-0.016948
790536662862496,left,260703.530000,1.365065,-2.930224,-0.139362,-3.473748,-1.573150,2.712308,0.000000,0.000000,-0.000000,0.000000,-0.000000,0.000000,-1.272298,4.380736,1.175852,-0.168674,-0.025004,-0.018223
790536670978143,left,260703.538000,1.365065,-2.930212,-0.139350,-3.473760,-1.573173,2.712296,0.000000,0.000000,-0.000000,0.000000,-0.000000,0.000000,-1.311941,4.400359,1.166449,-0.184409,-0.044602,-0.019904
790536678836909,left,260703.546000,1.365053,-2.930212,-0.139374,-3.473760,-1.573125,2.712296,0.000000,0.000000,-0.000000,0.000000,-0.000000,0.000000,-1.311650,4.422161,1.099458,-0.172094,-0.040846,-0.021157
790536686843535,left,260703.554000,1.365089,-2.930236,-0.139374,-3.473748,-1.573150,2.712273,0.000000,0.000000,-0.000000,0.000000,-0.000000,0.000000,-1.265890,4.435362,1.167879,-0.180444,-0.039700,-0.017538
790536694835989,left,260703.562000,1.365065,-2.930212,-0.139362,-3.473736,-1.573185,2.712285,0.000000,0.000000,-0.000000,0.000000,-0.000000,0.000000,-1.248013,4.406329,1.168168,-0.179649,-0.029542,-0.013434
790536702848149,left,260703.570000,1.365077,-2.930212,-0.139350,-3.473748,-1.573198,2.712296,0.000000,0.000000,-0.000000,0.000000,-0.000000,0.000000,-1.268560,4.400988,1.116416,-0.183295,-0.047615,-0.017604
790536710837643,left,260703.578000,1.365077,-2.930224,-0.139374,-3.473772,-1.573173,2.712308,0.000000,0.000000,-0.000000,0.000000,-0.000000,0.000000,-1.318653,4.383279,1.141127,-0.190026,-0.025210,-0.021195
790536718841047,left,260703.586000,1.365029,-2.930187,-0.139350,-3.473784,-1.573161,2.712296,0.000000,0.000000,-0.000000,0.000000,-0.000000,0.000000,-1.279564,4.426486,1.139689,-0.179226,-0.028857,-0.022490
790536726840918,left,260703.594000,1.365065,-2.930200,-0.139362,-3.473797,-1.573138,2.712273,0.000000,0.000000,-0.000000,0.000000,-0.000000,0.000000,-1.287649,4.459686,1.150155,-0.180037,-0.029863,-0.011916
790536734844309,left,260703.602000,1.365041,-2.930212,-0.139362,-3.473736,-1.573138,2.712320,0.000000,0.000000,-0.000000,0.000000,-0.000000,0.000000,-1.292672,4.387743,1.164890,-0.174078,-0.032531,-0.009394
790536742849996,left,260703.610000,1.365053,-2.930224,-0.139338,-3.473760,-1.573161,2.712273,0.000000,0.000000,-0.000000,0.000000,-0.000000,0.000000,-1.292382,4.435244,1.123268,-0.182999,-0.042024,0.002590
790536750847420,left,260703.618000,1.365065,-2.930212,-0.139315,-3.473760,-1.573125,2.712285,0.000000,0.000000,-0.000000,0.000000,-0.000000,0.000000,-1.278170,4.394619,1.160017,-0.184694,-0.044587,-0.002835
790536758856350,left,260703.626000,1.365065,-2.930200,-0.139327,-3.473760,-1.573173,2.712273,0.000000,0.000000,-0.000000,0.000000,-0.000000,0.000000,-1.284009,4.368076,1.161769,-0.182552,-0.035929,-0.008402
790536766861519,left,260703.634000,1.365077,-2.930224,-0.139386,-3.473797,-1.573125,2.712273,0.000000,0.000000,-0.000000,0.000000,-0.000000,0.000000,-1.327572,4.399524,1.180597,-0.190279,-0.019794,-0.016642
790536774885174,left,260703.642000,1.365053,-2.930224,-0.139362,-3.473772,-1.573161,2.712296,0.000000,0.000000,-0.000000,0.000000,-0.000000,0.000000,-1.279372,4.427181,1.106798,-0.190868,-0.034742,-0.008070
790536782861592,left,260703.650000,1.365101,-2.930236,-0.139362,-3.473748,-1.573198,2.712308,0.000000,0.000000,-0.000000,0.000000,-0.000000,0.000000,-1.269179,4.428000,1.160448,-0.186904,-0.033529,-0.036410
790536790848050,left,260703.658000,1.365101,-2.930236,-0.139338,-3.473784,-1.573150,2.712261,0.000000,0.000000,-0.000000,0.000000,-0.000000,0.000000,-1.323208,4.439424,1.112082,-0.186026,-0.027132,-0.011244
790536798847054,left,260703.666000,1.365077,-2.930247,-0.139362,-3.473736,-1.573138,2.712261,0.000000,0.000000,-0.000000,0.000000,-0.000000,0.000000,-1.306583,4.395417,1.124708,-0.184193,-0.032481,-0.017622
790536806863292,left,260703.674000,1.365065,-2.930212,-0.139374,-3.473748,-1.573150,2.712308,0.000000,0.000000,-0.000000,0.000000,-0.000000,0.000000,-1.229151,4.360729,1.143316,-0.185508,-0.041822,-0.002581
790536814855172,left,260703.682000,1.365065,-2.930187,-0.139362,-3.473760,-1.573125,2.712285,0.000000,0.000000,-0.000000,0.000000,-0.000000,0.000000,-1.227421,4.399306,1.155022,-0.189515,-0.030265,-0.017334
790536822844490,left,260703.690000,1.365053,-2.930212,-0.139362,-3.473748,-1.573161,2.712285,0.000000,0.000000,-0.000000,0.000000,-0.000000,0.000000,-1.294738,4.372771,1.165976,-0.181773,-0.043643,-0.004217
790536830851387,left,260703.698000,1.365077,-2.930224,-0.139350,-3.473736,-1.573138,2.712273,0.000000,0.000000,-0.000000,0.000000,-0.000000,0.000000,-1.262727,4.411726,1.161343,-0.177903,-0.025530,-0.017984
790536838860396,left,260703.706000,1.365065,-2.930236,-0.139350,-3.473760,-1.573150,2.712273,0.000000,0.000000,-0.000000,0.000000,-0.000000,0.000000,-1.268961,4.385357,1.154939,-0.185714,-0.025278,-0.005140
790536846849273,left,260703.714000,1.365065,-2.930212,-0.139338,-3.473784,-1.573185,2.712273,0.000000,0.000000,-0.000000,0.000000,-0.000000,0.000000,-1.258340,4.395244,1.179650,-0.191224,-0.039051,-0.010650
790536854847530,left,260703.722000,1.365077,-2.930212,-0.139327,-3.473760,-1.573161,2.712285,0.000000,0.000000,-0.000000,0.000000,-0.000000,0.000000,-1.260915,4.372434,1.134730,-0.186707,-0.034946,-0.011680
790536862846106,left,260703.730000,1.365089,-2.930212,-0.139350,-3.473760,-1.573113,2.712273,0.000000,0.000000,-0.000000,0.000000,-0.000000,0.000000,-1.300194,4.401087,1.139983,-0.193525,-0.042860,-0.009914
790536870846993,left,260703.738000,1.365065,-2.930187,-0.139338,-3.473784,-1.573138,2.712296,0.000000,0.000000,-0.000000,0.000000,-0.000000,0.000000,-1.282551,4.390904,1.153926,-0.190486,-0.032375,-0.012368
790536878848038,left,260703.746000,1.365089,-2.930187,-0.139362,-3.473772,-1.573198,2.712249,0.000000,0.000000,-0.000000,0.000000,-0.000000,0.000000,-1.258061,4.413390,1.104663,-0.184378,-0.041608,-0.004733
790536886849087,left,260703.754000,1.365077,-2.930187,-0.139350,-3.473736,-1.573138,2.712296,0.000000,0.000000,-0.000000,0.000000,-0.000000,0.000000,-1.262119,4.403370,1.140288,-0.186764,-0.040629,-0.005329
790536894845618,left,260703.762000,1.365089,-2.930212,-0.139362,-3.473772,-1.573150,2.712296,0.000000,0.000000,-0.000000,0.000000,-0.000000,0.000000,-1.314113,4.389518,1.157452,-0.181274,-0.043613,-0.009198
790536902846100,left,260703.770000,1.365041,-2.930224,-0.139386,-3.473760,-1.573138,2.712320,0.000000,0.000000,-0.000000,0.000000,-0.000000,0.000000,-1.268589,4.388867,1.150911,-0.179776,-0.035689,-0.011462
790536910851374,left,260703.778000,1.365089,-2.930187,-0.139350,-3.473748,-1.573125,2.712273,0.000000,0.000000,-0.000000,0.000000,-0.000000,0.000000,-1.295952,4.395389,1.144894,-0.192361,-0.034694,-0.010434
790536918848361,left,260703.786000,1.365077,-2.930224,-0.139386,-3.473760,-1.573150,2.712273,0.000000,0.000000,-0.000000,0.000000,-0.000000,0.000000,-1.321608,4.371467,1.195319,-0.190088,-0.039389,-0.010869
790536926847239,left,260703.794000,1.365053,-2.930224,-0.139327,-3.473797,-1.573125,2.712261,0.000000,0.000000,-0.000000,0.000000,-0.000000,0.000000,-1.296145,4.419618,1.166366,-0.196945,-0.026591,-0.012480
790536934847620,left,260703.802000,1.365065,-2.930224,-0.139338,-3.473784,-1.573173,2.712273,0.000000,0.000000,-0.000000,0.000000,-0.000000,0.000000,-1.281115,4.413658,1.121835,-0.187401,-0.044157,-0.016712
790536942846073,left,260703.810000,1.365065,-2.930224,-0.139362,-3.473748,-1.573173,2.712296,0.000000,0.000000,-0.000000,0.000000,-0.000000,0.000000,-1.288813,4.386995,1.146234,-0.191354,-0.037232,-0.009083
790536950857370,left,260703.818000,1.365077,-2.930212,-0.139362,-3.473760,-1.573150,2.712320,0.000000,0.000000,-0.000000,0.000000,-0.000000,0.000000,-1.277696,4.425079,1.168449,-0.192464,-0.052518,-0.013706
790536958856359,left,260703.826000,1.365065,-2.930247,-0.139338,-3.473748,-1.573173,2.712285,0.000000,0.000000,-0.000000,0.000000,-0.000000,0.000000,-1.263420,4.393743,1.143328,-0.182892,-0.027610,-0.011984
790536966970645,left,260703.834000,1.365089,-2.930212,-0.139362,-3.473736,-1.573101,2.712285,0.000000,0.000000,-0.000000,0.000000,-0.000000,0.000000,-1.251188,4.443797,1.147797,-0.195221,-0.034582,-0.009104
790536974942457,left,260703.842000,1.365089,-2.930212,-0.139350,-3.473772,-1.573198,2.712296,0.000000,0.000000,-0.000000,0.000000,-0.000000,0.000000,-1.301069,4.409381,1.146053,-0.194351,-0.042194,-0.031691
790536982989321,left,260703.850000,1.365053,-2.930212,-0.139338,-3.473736,-1.573150,2.712320,0.000000,0.000000,-0.000000,0.000000,-0.000000,0.000000,-1.333426,4.388900,1.140219,-0.191474,-0.025277,-0.015617
790536990977892,left,260703.858000,1.365053,-2.930200,-0.139338,-3.473772,-1.573173,2.712296,0.000000,0.000000,-0.000000,0.000000,-0.000000,0.000000,-1.292258,4.382882,1.148657,-0.181174,-0.042869,-0.013717
790536998988557,left,260703.866000,1.365077,-2.930247,-0.139338,-3.473748,-1.573138,2.712261,0.000000,0.000000,-0.000000,-0.000000,-0.000000,0.000000,-1.275160,4.412629,1.138719,-0.184583,-0.023712,-0.021915
790537006952205,left,260703.874000,1.365053,-2.930236,-0.139350,-3.473736,-1.573173,2.712296,0.000000,0.000000,-0.000000,-0.000000,-0.000000,0.000000,-1.303944,4.394077,1.171329,-0.191581,-0.029762,-0.002741
790537014998583,left,260703.882000,1.365077,-2.930187,-0.139338,-3.473760,-1.573161,2.712357,0.000000,0.000000,-0.000000,-0.000000,-0.000000,0.000000,-1.283922,4.440433,1.146698,-0.185107,-0.032079,-0.012969
790537022978675,left,260703.890000,1.365077,-2.930224,-0.139350,-3.473760,-1.573125,2.712261,0.000000,0.000000,-0.000000,0.000063,-0.000000,0.000000,-1.302361,4.359300,1.163842,-0.182426,-0.029043,-0.009745
790537030979724,left,260703.898000,1.365065,-2.930200,-0.139386,-3.473748,-1.573138,2.712296,0.000000,0.000000,-0.000000,0.000056,-0.000000,0.000000,-1.282746,4.401480,1.168967,-0.180454,-0.020787,-0.012037
790537038983111,left,260703.906000,1.365077,-2.930187,-0.139338,-3.473748,-1.573113,2.712261,0.000000,0.000000,-0.000000,0.000045,-0.000000,0.000000,-1.261455,4.407488,1.153297,-0.189530,-0.044943,-0.008499
790537046973760,left,260703.914000,1.365041,-2.930200,-0.139350,-3.473760,-1.573161,2.712296,0.000000,0.000000,-0.000000,0.000037,-0.000000,0.000000,-1.212663,4.372330,1.181353,-0.183816,-0.035363,-0.012730
790537054898703,left,260703.922000,1.365077,-2.930224,-0.139362,-3.473808,-1.573161,2.712308,0.000000,0.000000,-0.000000,0.000032,-0.000000,0.000000,-1.280607,4.401755,1.194159,-0.179952,-0.022136,-0.007083
790537062854254,left,260703.930000,1.365065,-2.930212,-0.139362,-3.473760,-1.573138,2.712285,0.000000,0.000000,-0.000000,0.000028,-0.000000,0.000000,-1.250332,4.397662,1.136461,-0.185360,-0.033024,-0.011970
790537071014245,left,260703.938000,1.365053,-2.930224,-0.139362,-3.473760,-1.573173,2.712296,0.000000,0.000000,-0.000000,0.000025,-0.000000,0.000000,-1.261736,4.446900,1.172224,-0.190230,-0.028065,-0.013372
790537078887154,left,260703.946000,1.365077,-2.930236,-0.139338,-3.473748,-1.573173,2.712296,0.000000,0.000000,-0.000000,0.000022,-0.000000,0.000000,-1.328057,4.367783,1.103599,-0.190546,-0.036386,-0.017982
790537086895915,left,260703.954000,1.365053,-2.930224,-0.139362,-3.473748,-1.573138,2.712308,0.000000,0.000000,-0.000000,0.000020,-0.000000,0.000000,-1.283310,4.423050,1.163015,-0.184312,-0.039506,-0.019988
790537094853285,left,260703.962000,1.365077,-2.930212,-0.139374,-3.473748,-1.573173,2.712308,0.000000,0.000000,-0.000000,0.000019,-0.000000,0.000000,-1.276901,4.442126,1.157129,-0.190524,-0.033424,-0.016282
790537102844350,left,260703.970000,1.365053,-2.930236,-0.139386,-3.473772,-1.573150,2.712285,0.000000,0.000000,-0.000000,0.000017,-0.000000,0.000000,-1.253740,4.388420,1.122941,-0.193906,-0.038642,-0.013275
790537110854357,left,260703.978000,1.365077,-2.930236,-0.139350,-3.473748,-1.573138,2.712273,0.000000,0.000000,-0.000000,0.000016,-0.000000,0.000000,-1.298255,4.432631,1.112666,-0.183467,-0.033792,-0.017860
790537118847257,left,260703.986000,1.365077,-2.930212,-0.139374,-3.473748,-1.573161,2.712249,0.000000,0.000000,-0.000000,0.000015,-0.000000,0.000000,-1.301266,4.422429,1.160143,-0.181184,-0.054231,-0.019579
790537126888694,left,260703.994000,1.365077,-2.930224,-0.139362,-3.473772,-1.573138,2.712261,0.000000,0.000000,-0.000000,0.000014,-0.000000,0.000000,-1.263273,4.388824,1.144649,-0.180372,-0.034943,-0.027071
790537134849793,left,260704.002000,1.365077,-2.930224,-0.139338,-3.473797,-1.573173,2.712249,0.000000,0.000000,-0.000000,0.000013,-0.000000,0.000000,-1.254654,4.418404,1.125649,-0.189742,-0.054495,-0.016064
790537142858750,left,260704.010000,1.365053,-2.930224,-0.139327,-3.473748,-1.573173,2.712273,0.000000,0.000000,-0.000000,0.000012,-0.000000,0.000000,-1.234267,4.401896,1.150427,-0.176003,-0.027293,-0.016979
790537150847580,left,260704.018000,1.365053,-2.930212,-0.139338,-3.473772,-1.573125,2.712308,0.000000,0.000000,-0.000000,0.000012,-0.000000,0.000000,-1.203000,4.410676,1.148289,-0.192588,-0.040913,-0.016979
790537158844334,left,260704.026000,1.365077,-2.930212,-0.139374,-3.473760,-1.573138,2.712285,0.000000,0.000000,-0.000000,0.000011,-0.000000,0.000000,-1.254334,4.393258,1.145093,-0.180196,-0.021795,-0.009499
790537166857880,left,260704.034000,1.365041,-2.930224,-0.139374,-3.473760,-1.573138,2.712273,0.000000,0.000000,-0.000000,0.000011,-0.000000,0.000000,-1.255228,4.390528,1.143122,-0.175631,-0.026291,-0.010040
790537174857626,left,260704.042000,1.365053,-2.930200,-0.139374,-3.473772,-1.573125,2.712261,0.000000,0.000000,-0.000000,0.000010,-0.000000,0.000000,-1.302297,4.408274,1.190168,-0.181934,-0.042289,-0.009794
790537182875036,left,260704.050000,1.365077,-2.930212,-0.139374,-3.473784,-1.573150,2.712249,0.000000,0.000000,-0.000000,0.000000,-0.000000,0.000000,-1.276066,4.371426,1.167297,-0.172764,-0.041949,-0.012338
790537190985895,left,260704.058000,1.365089,-2.930224,-0.139374,-3.473772,-1.573173,2.712308,0.000000,0.000000,-0.000000,0.000000,-0.000000,0.000000,-1.301106,4.405997,1.114294,-0.166887,-0.028836,-0.015638
790537198989319,left,260704.066000,1.365065,-2.930212,-0.139362,-3.473748,-1.573161,2.712296,0.000000,0.000000,-0.000000,0.000000,-0.000000,0.000000,-1.274389,4.396320,1.172496,-0.184189,-0.038142,-0.002073
790537206979274,left,260704.074000,1.365065,-2.930200,-0.139350,-3.473760,-1.573125,2.712261,0.000000,0.000000,-0.000000,0.000000,-0.000000,0.000000,-1.281714,4.362651,1.159939,-0.182845,-0.034828,-0.000302
790537214975529,left,260704.082000,1.365065,-2.930212,-0.139338,-3.473736,-1.573150,2.712261,0.000000,0.000000,-0.000000,0.000000,-0.000000,0.000000,-1.309370,4.378904,1.161410,-0.185046,-0.037042,-0.014409
790537222851610,left,260704.090000,1.365053,-2.930200,-0.139374,-3.473700,-1.573101,2.712285,0.000000,0.000000,-0.000000,0.000000,-0.000000,0.000000,-1.261832,4.400752,1.145663,-0.181996,-0.044084,-0.007419
790537230854807,left,260704.098000,1.365065,-2.930236,-0.139350,-3.473748,-1.573173,2.712273,0.000000,0.000000,-0.000000,0.000000,-0.000000,0.000000,-1.261004,4.414006,1.161223,-0.184885,-0.034949,-0.019478
790537238850212,left,260704.106000,1.365053,-2.930247,-0.139374,-3.473760,-1.573150,2.712285,0.000000,0.000000,-0.000000,0.000000,-0.000000,0.000000,-1.263446,4.417343,1.120947,-0.173127,-0.032268,-0.013370
790537246845679,left,260704.114000,1.365065,-2.930224,-0.139362,-3.473748,-1.573150,2.712320,0.000000,0.000000,-0.000000,0.000000,-0.000000,0.000000,-1.267974,4.418095,1.145116,-0.187398,-0.044177,-0.007289
790537254876379,left,260704.122000,1.365077,-2.930212,-0.139374,-3.473797,-1.573138,2.712261,0.000000,0.000000,-0.000000,0.000000,-0.000000,0.000000,-1.268692,4.371246,1.099099,-0.177067,-0.044122,-0.014630
790537262868474,left,260704.130000,1.365053,-2.930200,-0.139362,-3.473748,-1.573113,2.712285,0.000000,0.000000,-0.000000,0.000000,-0.000000,0.000000,-1.291900,4.410454,1.179247,-0.175549,-0.041894,-0.008636
790537271520788,left,260704.138000,1.365041,-2.930200,-0.139350,-3.473797,-1.573161,2.712273,0.000000,0.000000,-0.000000,0.000000,-0.000000,0.000000,-1.279761,4.421183,1.121295,-0.195000,-0.047693,-0.012463
790537278880381,left,260704.146000,1.365077,-2.930200,-0.139362,-3.473772,-1.573185,2.712273,0.000000,0.000000,-0.000000,0.000000,-0.000000,0.000000,-1.275140,4.408046,1.161766,-0.180550,-0.045020,-0.006958
790537286867676,left,260704.154000,1.365065,-2.930224,-0.139362,-3.473760,-1.573185,2.712296,0.000000,0.000000,-0.000000,0.000000,-0.000000,0.000000,-1.230391,4.393088,1.146076,-0.164060,-0.039161,-0.021564
790537294864745,left,260704.162000,1.365089,-2.930212,-0.139374,-3.473748,-1.573138,2.712296,0.000000,0.000000,-0.000000,0.000000,-0.000000,0.000000,-1.250370,4.414138,1.167514,-0.190786,-0.044181,-0.010373
790537302862655,left,260704.170000,1.365041,-2.930212,-0.139338,-3.473748,-1.573161,2.712308,0.000000,0.000000,-0.000000,0.000000,-0.000000,0.000000,-1.262781,4.431910,1.146737,-0.185199,-0.036641,-0.006689
790537310861438,left,260704.178000,1.365053,-2.930212,-0.139350,-3.473760,-1.573150,2.712285,0.000000,0.000000,-0.000000,0.000000,-0.000000,0.000000,-1.281331,4.440055,1.148469,-0.181891,-0.023881,0.003126
790537318866834,left,260704.186000,1.365089,-2.930236,-0.139327,-3.473748,-1.573113,2.712296,0.000000,0.000000,-0.000000,0.000000,-0.000000,0.000000,-1.262637,4.412535,1.132748,-0.181827,-0.025089,-0.022149
790537326881432,left,260704.194000,1.365077,-2.930187,-0.139327,-3.473724,-1.573125,2.712273,0.000000,0.000000,-0.000000,0.000000,-0.000000,0.000000,-1.262530,4.440271,1.149595,-0.178542,-0.033331,-0.012879
790537334860060,left,260704.202000,1.365065,-2.930187,-0.139374,-3.473772,-1.573138,2.712308,0.000000,0.000000,-0.000000,0.000000,-0.000000,0.000000,-1.255236,4.402099,1.165284,-0.172767,-0.044373,-0.015651
790537342858797,left,260704.210000,1.365077,-2.930236,-0.139338,-3.473748,-1.573138,2.712320,0.000000,0.000000,-0.000000,0.000000,-0.000000,0.000000,-1.288457,4.396557,1.157537,-0.176270,-0.028024,-0.016248
790537350865262,left,260704.218000,1.365053,-2.930164,-0.139374,-3.473784,-1.573161,2.712273,0.000000,0.000000,-0.000000,0.000000,-0.000000,0.000000,-1.273615,4.372284,1.148751,-0.158458,-0.035682,-0.020578
790537358869838,left,260704.226000,1.365041,-2.930175,-0.139350,-3.473772,-1.573125,2.712285,0.000000,0.000000,-0.000000,0.000000,-0.000000,0.000000,-1.270940,4.405490,1.178964,-0.182455,-0.049260,-0.005377
790537366871123,left,260704.234000,1.365077,-2.930236,-0.139338,-3.473736,-1.573150,2.712320,0.000000,0.000000,-0.000000,0.000000,-0.000000,0.000000,-1.272594,4.419537,1.144941,-0.171454,-0.038640,-0.018330
790537374901900,left,260704.242000,1.365089,-2.930224,-0.139338,-3.473797,-1.573198,2.712296,0.000000,0.000000,-0.000000,0.000000,-0.000000,0.000000,-1.244639,4.412019,1.150746,-0.179672,-0.041349,-0.012170
790537382909817,left,260704.250000,1.365041,-2.930212,-0.139350,-3.473748,-1.573185,2.712273,0.000000,0.000000,-0.000000,0.000000,-0.000000,0.000000,-1.287658,4.378816,1.160437,-0.178563,-0.042913,-0.008460
790537390940548,left,260704.258000,1.365053,-2.930212,-0.139362,-3.473760,-1.573125,2.712320,0.000000,0.000000,-0.000000,0.000000,-0.000000,0.000000,-1.269049,4.385305,1.152056,-0.181173,-0.041484,-0.011799
790537398944841,left,260704.266000,1.365053,-2.930187,-0.139338,-3.473760,-1.573150,2.712285,0.000000,0.000000,-0.000000,0.000000,-0.000000,0.000000,-1.286001,4.427875,1.135114,-0.182481,-0.049664,-0.012900
790537406970206,left,260704.274000,1.365053,-2.930200,-0.139362,-3.473748,-1.573125,2.712285,0.000000,0.000000,-0.000000,0.000000,-0.000000,0.000000,-1.247248,4.423039,1.156032,-0.163142,-0.040617,-0.027755
790537414972744,left,260704.282000,1.365101,-2.930175,-0.139374,-3.473760,-1.573185,2.712296,0.000000,0.000000,-0.000000,0.000000,-0.000000,0.000000,-1.263144,4.407087,1.154226,-0.178585,-0.039238,-0.009603
790537422973781,left,260704.290000,1.365065,-2.930200,-0.139362,-3.473760,-1.573125,2.712296,0.000000,0.000000,-0.000000,0.000000,-0.000000,0.000000,-1.302068,4.394616,1.173232,-0.172783,-0.039585,-0.021792
790537431027960,left,260704.298000,1.365065,-2.930200,-0.139338,-3.473736,-1.573101,2.712273,0.000000,0.000000,-0.000000,0.000000,-0.000000,0.000000,-1.244971,4.381477,1.120019,-0.173065,-0.040379,-0.009760
790537438984865,left,260704.306000,1.365041,-2.930212,-0.139374,-3.473748,-1.573150,2.712261,0.000000,0.000000,-0.000000,0.000000,-0.000000,0.000000,-1.243041,4.425646,1.162977,-0.179967,-0.040770,-0.010698
790537446984396,left,260704.314000,1.365077,-2.930224,-0.139374,-3.473736,-1.573138,2.712296,0.000000,0.000000,-0.000000,0.000000,-0.000000,0.000000,-1.264458,4.415192,1.112833,-0.169538,-0.035016,-0.019157
790537454980304,left,260704.322000,1.365041,-2.930212,-0.139327,-3.473760,-1.573138,2.712296,0.000000,0.000000,-0.000000,0.000000,-0.000000,0.000000,-1.255387,4.388423,1.188265,-0.182497,-0.042207,-0.009077
790537462980615,left,260704.330000,1.365041,-2.930236,-0.139362,-3.473784,-1.573138,2.712273,0.000000,0.000000,-0.000000,0.000000,-0.000000,0.000000,-1.277552,4.406062,1.132854,-0.169723,-0.017153,-0.006933
790537470980866,left,260704.338000,1.365053,-2.930212,-0.139327,-3.473760,-1.573089,2.712249,0.000000,0.000000,-0.000000,0.000000,-0.000000,0.000000,-1.270708,4.443703,1.146093,-0.179026,-0.041400,-0.002665
790537478974502,left,260704.346000,1.365077,-2.930200,-0.139386,-3.473748,-1.573161,2.712273,0.000000,0.000000,-0.000000,0.000000,-0.000000,0.000000,-1.271691,4.420725,1.145911,-0.184592,-0.030184,-0.007382
790537486972046,left,260704.354000,1.365089,-2.930200,-0.139350,-3.473760,-1.573125,2.712261,0.000000,0.000000,-0.000000,0.000000,-0.000000,0.000000,-1.270588,4.410712,1.126656,-0.166544,-0.027427,-0.008704
790537494983217,left,260704.362000,1.365077,-2.930187,-0.139362,-3.473772,-1.573150,2.712273,0.000000,0.000000,-0.000000,0.000000,-0.000000,0.000000,-1.282563,4.456671,1.151749,-0.189612,-0.032745,-0.018796
790537502986360,left,260704.370000,1.365077,-2.930212,-0.139350,-3.473748,-1.573138,2.712296,0.000000,0.000000,-0.000000,0.000000,-0.000000,0.000000,-1.281476,4.399591,1.190446,-0.173240,-0.030443,-0.019560
790537510986850,left,260704.378000,1.365089,-2.930187,-0.139338,-3.473772,-1.573113,2.712273,0.000000,0.000000,-0.000000,0.000000,-0.000000,0.000000,-1.282393,4.402698,1.131244,-0.176493,-0.028345,-0.019652
790537518957505,left,260704.386000,1.365053,-2.930212,-0.139374,-3.473748,-1.573185,2.712320,0.000000,0.000000,-0.000000,0.000000,-0.000000,0.000000,-1.293236,4.387328,1.203061,-0.174660,-0.036580,-0.006388
790537526961130,left,260704.394000,1.365101,-2.930224,-0.139374,-3.473748,-1.573150,2.712273,0.000000,0.000000,-0.000000,0.000000,-0.000000,0.000000,-1.276656,4.350883,1.179496,-0.182346,-0.034073,-0.009496
790537534981280,left,260704.402000,1.365089,-2.930175,-0.139338,-3.473797,-1.573161,2.712285,0.000000,0.000000,-0.000000,0.000000,-0.000000,0.000000,-1.255029,4.388325,1.158918,-0.178584,-0.022199,-0.022121
790537542958129,left,260704.410000,1.365065,-2.930175,-0.139350,-3.473772,-1.573138,2.712285,0.000000,0.000000,-0.000000,0.000000,-0.000000,0.000000,-1.245988,4.403881,1.157841,-0.175481,-0.031203,-0.018985
790537550965577,left,260704.418000,1.365089,-2.930247,-0.139338,-3.473748,-1.573125,2.712308,0.000000,0.000000,-0.000000,0.000000,-0.000000,0.000000,-1.226727,4.405506,1.197797,-0.175376,-0.037225,-0.027046
790537558870004,left,260704.426000,1.365077,-2.930224,-0.139362,-3.473772,-1.573185,2.712285,0.000000,0.000000,-0.000000,0.000000,-0.000000,0.000000,-1.278586,4.373401,1.157503,-0.182287,-0.033338,-0.013055
790537566975721,left,260704.434000,1.365077,-2.930224,-0.139338,-3.473772,-1.573150,2.712261,0.000000,0.000000,-0.000000,0.000000,-0.000000,0.000000,-1.261676,4.423397,1.153921,-0.169390,-0.018777,-0.003386
790537574982357,left,260704.442000,1.365041,-2.930212,-0.139362,-3.473784,-1.573161,2.712308,0.000000,0.000000,-0.000000,0.000000,-0.000000,0.000000,-1.264822,4.372324,1.196718,-0.171894,-0.026695,-0.016692
790537582964595,left,260704.450000,1.365077,-2.930236,-0.139315,-3.473748,-1.573150,2.712333,0.000000,0.000000,-0.000000,0.000000,-0.000000,0.000000,-1.270237,4.427815,1.151418,-0.172856,-0.040669,-0.013040
790537590976356,left,260704.458000,1.365053,-2.930200,-0.139386,-3.473748,-1.573125,2.712273,0.000000,0.000000,-0.000000,0.000000,-0.000000,0.000000,-1.247592,4.405863,1.155570,-0.167089,-0.031079,-0.012798
790537598952446,left,260704.466000,1.365053,-2.930212,-0.139386,-3.473748,-1.573150,2.712261,0.000000,0.000000,-0.000000,0.000000,-0.000000,0.000000,-1.269218,4.415728,1.149050,-0.180079,-0.037299,-0.016011
790537606885762,left,260704.474000,1.365077,-2.930224,-0.139338,-3.473772,-1.573138,2.712261,0.000000,0.000000,-0.000000,0.000000,-0.000000,0.000000,-1.282498,4.394071,1.163925,-0.173698,-0.032195,-0.020717
790537614905397,left,260704.482000,1.365089,-2.930224,-0.139350,-3.473772,-1.573138,2.712296,0.000000,0.000000,-0.000000,0.000000,-0.000000,0.000000,-1.254588,4.428277,1.146369,-0.174157,-0.026183,-0.017603
790537622874568,left,260704.490000,1.365029,-2.930212,-0.139350,-3.473760,-1.573150,2.712273,0.000000,0.000000,-0.000000,0.000000,-0.000000,0.000000,-1.255424,4.391805,1.144665,-0.171871,-0.024718,-0.014738
790537630846273,left,260704.498000,1.365053,-2.930212,-0.139350,-3.473736,-1.573161,2.712308,0.000000,0.000000,-0.000000,0.000000,-0.000000,0.000000,-1.286634,4.417896,1.128211,-0.177426,-0.028108,-0.006439
790537638848046,left,260704.506000,1.365077,-2.930224,-0.139350,-3.473797,-1.573138,2.712296,0.000000,0.000000,-0.000000,0.000000,-0.000000,0.000000,-1.254727,4.434309,1.162400,-0.174745,-0.036617,-0.017807
790537646859409,left,260704.514000,1.365077,-2.930212,-0.139362,-3.473748,-1.573150,2.712273,0.000000,0.000000,-0.000000,0.000000,-0.000000,0.000000,-1.247745,4.366300,1.128385,-0.171011,-0.027330,-0.021356
790537654854768,left,260704.522000,1.365089,-2.930236,-0.139338,-3.473748,-1.573125,2.712261,0.000000,0.000000,-0.000000,0.000000,-0.000000,0.000000,-1.306888,4.425579,1.152912,-0.171229,-0.036958,-0.011129
790537662856214,left,260704.530000,1.365101,-2.930236,-0.139338,-3.473760,-1.573198,2.712261,0.000000,0.000000,-0.000000,0.000000,-0.000000,0.000000,-1.240076,4.398692,1.141028,-0.176885,-0.038350,-0.007306
790537670887065,left,260704.538000,1.365053,-2.930224,-0.139362,-3.473748,-1.573138,2.712261,0.000000,0.000000,-0.000000,0.000000,-0.000000,0.000000,-1.212588,4.391508,1.179026,-0.162657,-0.020004,-0.007989
790537678869795,left,260704.546000,1.365101,-2.930175,-0.139350,-3.473748,-1.573125,2.712308,0.000000,0.000000,-0.000000,0.000000,-0.000000,0.000000,-1.195676,4.374161,1.160853,-0.173259,-0.032404,-0.011687
790537686856020,left,260704.554000,1.365113,-2.930224,-0.139374,-3.473760,-1.573150,2.712308,0.000000,0.000000,-0.000000,0.000000,-0.000000,0.000000,-1.252962,4.412913,1.132805,-0.178968,-0.030317,0.005053
790537694975925,left,260704.562000,1.365089,-2.930224,-0.139350,-3.473748,-1.573125,2.712261,0.000000,0.000000,-0.000000,0.000000,-0.000000,0.000000,-1.250838,4.373886,1.168532,-0.170751,-0.030361,-0.005634
790537702952458,left,260704.570000,1.365101,-2.930224,-0.139374,-3.473784,-1.573173,2.712273,0.000000,0.000000,-0.000000,0.000000,-0.000000,0.000000,-1.258903,4.379146,1.175443,-0.175697,-0.035050,-0.013257
790537711016246,left,260704.578000,1.365089,-2.930236,-0.139362,-3.473760,-1.573150,2.712296,0.000000,0.000000,-0.000000,0.000000,-0.000000,0.000000,-1.234331,4.382831,1.184576,-0.167411,-0.041168,-0.010616
790537719017917,left,260704.586000,1.365053,-2.930212,-0.139350,-3.473760,-1.573125,2.712285,0.000000,0.000000,-0.000000,0.000000,-0.000000,0.000000,-1.242114,4.379566,1.150279,-0.161484,-0.024834,-0.012492
790537726987035,left,260704.594000,1.365053,-2.930224,-0.139374,-3.473760,-1.573138,2.712273,0.000000,0.000000,-0.000000,0.000000,-0.000000,0.000000,-1.245903,4.363418,1.154379,-0.166323,-0.027482,0.002200
790537734997891,left,260704.602000,1.365077,-2.930224,-0.139374,-3.473772,-1.573125,2.712296,0.000000,0.000000,-0.000000,0.000000,-0.000000,0.000000,-1.250208,4.443205,1.179738,-0.164377,-0.030068,-0.008108
790537742989071,left,260704.610000,1.365089,-2.930187,-0.139362,-3.473748,-1.573185,2.712273,0.000000,0.000000,-0.000000,0.000000,-0.000000,0.000000,-1.241944,4.397302,1.128568,-0.173759,-0.024379,-0.013508
790537750967193,left,260704.618000,1.365077,-2.930212,-0.139338,-3.473784,-1.573161,2.712285,0.000000,0.000000,-0.000000,0.000000,-0.000000,0.000000,-1.295173,4.424327,1.156793,-0.171176,-0.025112,-0.018978
790537758946092,left,260704.626000,1.365077,-2.930212,-0.139398,-3.473748,-1.573161,2.712285,0.000000,0.000000,-0.000000,0.000000,-0.000000,0.000000,-1.243217,4.396125,1.145495,-0.180926,-0.032629,-0.003416
790537766874592,left,260704.634000,1.365089,-2.930200,-0.139362,-3.473772,-1.573150,2.712308,0.000000,0.000000,-0.000000,0.000000,-0.000000,0.000000,-1.256699,4.395061,1.137160,-0.172092,-0.029903,-0.010654
790537774860060,left,260704.642000,1.365077,-2.930247,-0.139374,-3.473760,-1.573161,2.712273,0.000000,0.000000,-0.000000,0.000000,-0.000000,0.000000,-1.254909,4.414622,1.183265,-0.156772,-0.021891,-0.012336
790537782843471,left,260704.650000,1.365089,-2.930224,-0.139362,-3.473760,-1.573198,2.712308,0.000000,0.000000,-0.000000,0.000000,-0.000000,0.000000,-1.246756,4.392995,1.152746,-0.173728,-0.036789,-0.006966
790537790843873,left,260704.658000,1.365053,-2.930212,-0.139338,-3.473748,-1.573173,2.712285,0.000000,0.000000,-0.000000,0.000000,-0.000000,0.000000,-1.246920,4.385834,1.165692,-0.180182,-0.034891,-0.010469
790537798844732,left,260704.666000,1.365065,-2.930224,-0.139350,-3.473748,-1.573138,2.712273,0.000000,0.000000,-0.000000,0.000000,-0.000000,0.000000,-1.248058,4.413447,1.194488,-0.174932,-0.029672,-0.006707
790537806855887,left,260704.674000,1.365089,-2.930236,-0.139338,-3.473784,-1.573125,2.712285,0.000000,0.000000,-0.000000,0.000000,-0.000000,0.000000,-1.248567,4.407021,1.164979,-0.180096,-0.027535,-0.008567
790537814850388,left,260704.682000,1.365053,-2.930224,-0.139350,-3.473772,-1.573161,2.712273,0.000000,0.000000,-0.000000,0.000000,-0.000000,0.000000,-1.202464,4.386309,1.175214,-0.175747,-0.023001,-0.002066
790537822842124,left,260704.690000,1.365065,-2.930224,-0.139362,-3.473772,-1.573125,2.712320,0.000000,0.000000,-0.000000,0.000000,-0.000000,0.000000,-1.234799,4.416779,1.149076,-0.176818,-0.032247,-0.017670
790537830855232,left,260704.698000,1.365077,-2.930236,-0.139350,-3.473748,-1.573185,2.712273,0.000000,0.000000,-0.000000,0.000000,-0.000000,0.000000,-1.243055,4.376863,1.151391,-0.168196,-0.021470,-0.006347
790537838861333,left,260704.706000,1.365053,-2.930212,-0.139350,-3.473760,-1.573173,2.712320,0.000000,0.000000,-0.000000,0.000000,-0.000000,0.000000,-1.255298,4.414093,1.159031,-0.164941,-0.020748,-0.015535
790537846852948,left,260704.714000,1.365089,-2.930224,-0.139338,-3.473784,-1.573125,2.712296,0.000000,0.000000,-0.000000,0.000000,-0.000000,0.000000,-1.246742,4.385304,1.205192,-0.164723,-0.030164,-0.008050
790537854842845,left,260704.722000,1.365101,-2.930212,-0.139386,-3.473736,-1.573125,2.712273,0.000000,0.000000,-0.000000,0.000000,-0.000000,0.000000,-1.272035,4.410066,1.155763,-0.176132,-0.011418,-0.006817
790537862842761,left,260704.730000,1.365065,-2.930224,-0.139374,-3.473772,-1.573150,2.712285,0.000000,0.000000,-0.000000,0.000000,-0.000000,0.000000,-1.273814,4.362129,1.126520,-0.174421,-0.031377,-0.010786
790537870842369,left,260704.738000,1.365077,-2.930236,-0.139374,-3.473736,-1.573173,2.712261,0.000000,0.000000,-0.000000,0.000000,-0.000000,0.000000,-1.227783,4.433623,1.136676,-0.172229,-0.029704,-0.019593
790537878858235,left,260704.746000,1.365089,-2.930224,-0.139374,-3.473748,-1.573101,2.712296,0.000000,0.000000,-0.000000,0.000000,-0.000000,0.000000,-1.251648,4.413154,1.176766,-0.176071,-0.016826,-0.025892
790537886842111,left,260704.754000,1.365077,-2.930247,-0.139374,-3.473772,-1.573173,2.712285,0.000000,0.000000,-0.000000,0.000000,-0.000000,0.000000,-1.235095,4.380087,1.135724,-0.173755,-0.017974,-0.014557
790537894857871,left,260704.762000,1.365053,-2.930224,-0.139350,-3.473748,-1.573125,2.712285,0.000000,0.000000,-0.000000,0.000000,-0.000000,0.000000,-1.270252,4.403572,1.152732,-0.166907,-0.034033,-0.012628
790537902858598,left,260704.770000,1.365077,-2.930200,-0.139338,-3.473748,-1.573138,2.712261,0.000000,0.000000,-0.000000,0.000000,-0.000000,0.000000,-1.226970,4.388155,1.150715,-0.163825,-0.031946,-0.018155
790537910858646,left,260704.778000,1.365077,-2.930236,-0.139350,-3.473784,-1.573138,2.712261,0.000000,0.000000,-0.000000,0.000000,-0.000000,0.000000,-1.261636,4.415953,1.163139,-0.179240,-0.038870,-0.016054
790537918848994,left,260704.786000,1.365065,-2.930224,-0.139374,-3.473760,-1.573161,2.712308,0.000000,0.000000,-0.000000,0.000000,-0.000000,0.000000,-1.229895,4.393114,1.167309,-0.173799,-0.035194,-0.010488
790537926846075,left,260704.794000,1.365089,-2.930200,-0.139338,-3.473784,-1.573138,2.712285,0.000000,0.000000,-0.000000,0.000000,-0.000000,0.000000,-1.251683,4.387106,1.173969,-0.157585,-0.027674,-0.014385
790537934856295,left,260704.802000,1.365101,-2.930236,-0.139362,-3.473748,-1.573161,2.712308,0.000000,0.000000,-0.000000,0.000000,-0.000000,0.000000,-1.208573,4.416618,1.149001,-0.168985,-0.029330,-0.005545
790537942873032,left,260704.810000,1.365077,-2.930259,-0.139362,-3.473736,-1.573125,2.712320,0.000000,0.000000,-0.000000,0.000000,-0.000000,0.000000,-1.249064,4.411181,1.112067,-0.165632,-0.037199,-0.025747
790537950845791,left,260704.818000,1.365113,-2.930224,-0.139362,-3.473736,-1.573138,2.712273,0.000000,0.000000,-0.000000,0.000000,-0.000000,0.000000,-1.252422,4.390029,1.164538,-0.157846,-0.023678,-0.012531
790537958940196,left,260704.826000,1.365077,-2.930212,-0.139350,-3.473748,-1.573173,2.712285,0.000000,0.000000,-0.000000,0.000000,-0.000000,0.000000,-1.250626,4.402009,1.159478,-0.173812,-0.022002,-0.030024
790537966976662,left,260704.834000,1.365053,-2.930224,-0.139327,-3.473772,-1.573185,2.712273,0.000000,0.000000,-0.000000,0.000000,-0.000000,0.000000,-1.243289,4.413340,1.185988,-0.160218,-0.038319,-0.021091
790537975016299,left,260704.842000,1.365065,-2.930212,-0.139338,-3.473760,-1.573113,2.712236,0.000000,0.000000,-0.000000,0.000000,-0.000000,0.000000,-1.237617,4.413061,1.181007,-0.174772,-0.030793,-0.006559
790537982974573,left,260704.850000,1.365053,-2.930200,-0.139374,-3.473748,-1.573161,2.712273,0.000000,0.000000,-0.000000,0.000000,-0.000000,0.000000,-1.267172,4.407425,1.193113,-0.161125,-0.042060,-0.027384
790537990974629,left,260704.858000,1.365077,-2.930247,-0.139362,-3.473760,-1.573150,2.712273,0.000000,0.000000,-0.000000,0.000000,-0.000000,0.000000,-1.229493,4.365627,1.168838,-0.150074,-0.044963,-0.017802
790537998950332,left,260704.866000,1.365065,-2.930224,-0.139350,-3.473784,-1.573161,2.712296,0.000000,0.000000,-0.000000,0.000000,-0.000000,0.000000,-1.257891,4.444424,1.169733,-0.162001,-0.037226,-0.017835
790538006981965,left,260704.874000,1.365077,-2.930200,-0.139350,-3.473784,-1.573138,2.712296,0.000000,0.000000,-0.000000,0.000000,-0.000000,0.000000,-1.269829,4.397503,1.178892,-0.163053,-0.041275,-0.013995
790538014889534,left,260704.882000,1.365101,-2.930224,-0.139410,-3.473772,-1.573138,2.712261,0.000000,0.000000,-0.000000,0.000000,-0.000000,0.000000,-1.266633,4.441320,1.135417,-0.148623,-0.023218,-0.017849
790538022977811,left,260704.890000,1.365077,-2.930212,-0.139350,-3.473760,-1.573125,2.712320,0.000000,0.000000,-0.000000,0.000000,-0.000000,0.000000,-1.302491,4.401545,1.152115,-0.162680,-0.029552,-0.017170
790538030887947,left,260704.898000,1.365077,-2.930224,-0.139362,-3.473760,-1.573161,2.712285,0.000000,0.000000,-0.000000,0.000000,-0.000000,0.000000,-1.230696,4.403078,1.149863,-0.163500,-0.020924,-0.013825
790538038891069,left,260704.906000,1.365101,-2.930224,-0.139350,-3.473736,-1.573150,2.712273,0.000000,0.000000,-0.000000,0.000000,-0.000000,0.000000,-1.227270,4.415367,1.135424,-0.159985,-0.038267,-0.018245
790538046997495,left,260704.914000,1.365065,-2.930212,-0.139362,-3.473772,-1.573125,2.712320,0.000000,0.000000,-0.000000,0.000000,-0.000000,0.000000,-1.286795,4.412342,1.167405,-0.158167,-0.033685,-0.020657
790538054964186,left,260704.922000,1.365077,-2.930200,-0.139350,-3.473808,-1.573125,2.712249,0.000000,0.000000,-0.000000,0.000000,-0.000000,0.000000,-1.275192,4.436023,1.164998,-0.162552,-0.031344,-0.006181
790538062969903,left,260704.930000,1.365065,-2.930212,-0.139362,-3.473760,-1.573138,2.712308,0.000000,0.000000,-0.000000,0.000000,-0.000000,0.000000,-1.284736,4.393203,1.159469,-0.159709,-0.036897,-0.022798
790538070976941,left,260704.938000,1.365077,-2.930200,-0.139374,-3.473784,-1.573138,2.712273,0.000000,0.000000,-0.000000,0.000000,-0.000000,0.000000,-1.263609,4.422023,1.103356,-0.172917,-0.024157,-0.023522
790538078951591,left,260704.946000,1.365077,-2.930247,-0.139374,-3.473760,-1.573161,2.712296,0.000000,0.000000,-0.000000,0.000000,-0.000000,0.000000,-1.289002,4.384861,1.192391,-0.157529,-0.028100,-0.022308
790538086957175,left,260704.954000,1.365065,-2.930247,-0.139374,-3.473760,-1.573138,2.712273,0.000000,0.000000,-0.000000,0.000000,-0.000000,0.000000,-1.256685,4.414335,1.133586,-0.176680,-0.031925,-0.020912
790538094909141,left,260704.962000,1.365041,-2.930247,-0.139338,-3.473748,-1.573150,2.712296,0.000000,0.000000,-0.000000,0.000000,-0.000000,0.000000,-1.253926,4.407210,1.182454,-0.172192,-0.035335,-0.018858
790538102968558,left,260704.970000,1.365077,-2.930224,-0.139362,-3.473760,-1.573113,2.712308,0.000000,0.000000,-0.000000,0.000000,-0.000000,0.000000,-1.237310,4.394258,1.178607,-0.161871,-0.054795,-0.021678
790538110958060,left,260704.978000,1.365089,-2.930236,-0.139350,-3.473760,-1.573138,2.712273,0.000000,0.000000,-0.000000,0.000000,-0.000000,0.000000,-1.228096,4.396363,1.161668,-0.154710,-0.025212,-0.025438
790538118967326,left,260704.986000,1.365053,-2.930247,-0.139374,-3.473760,-1.573138,2.712308,0.000000,0.000000,-0.000000,0.000000,-0.000000,0.000000,-1.232898,4.399979,1.166686,-0.159543,-0.042662,-0.028430
790538126980123,left,260704.994000,1.365053,-2.930187,-0.139350,-3.473784,-1.573125,2.712273,0.000000,0.000000,-0.000000,0.000000,-0.000000,0.000000,-1.236993,4.423741,1.149682,-0.163871,-0.041987,-0.012583
790538134966129,left,260705.002000,1.365077,-2.930212,-0.139338,-3.473784,-1.573125,2.712261,0.000000,0.000000,-0.000000,0.000000,-0.000000,0.000000,-1.251497,4.391689,1.141747,-0.176845,-0.031817,-0.020523
790538142963804,left,260705.010000,1.365089,-2.930200,-0.139350,-3.473772,-1.573161,2.712273,0.000000,0.000000,-0.000000,0.000000,-0.000000,0.000000,-1.235260,4.404169,1.130033,-0.174289,-0.032720,-0.025032
790538150993687,left,260705.018000,1.365089,-2.930224,-0.139374,-3.473736,-1.573150,2.712320,0.000000,0.000000,-0.000000,0.000000,-0.000000,0.000000,-1.217134,4.370178,1.198663,-0.167261,-0.037371,-0.015912
790538158970811,left,260705.026000,1.365053,-2.930212,-0.139374,-3.473784,-1.573173,2.712285,0.000000,0.000000,-0.000000,0.000000,-0.000000,0.000000,-1.225915,4.395666,1.167254,-0.167209,-0.043976,-0.023944
790538166978202,left,260705.034000,1.365065,-2.930212,-0.139386,-3.473772,-1.573138,2.712285,0.000000,0.000000,-0.000000,0.000000,-0.000000,0.000000,-1.199106,4.394299,1.155416,-0.159917,-0.033466,-0.020098
790538174954847,left,260705.042000,1.365077,-2.930187,-0.139362,-3.473760,-1.573150,2.712273,0.000000,0.000000,-0.000000,0.000000,-0.000000,0.000000,-1.179519,4.398915,1.173336,-0.164831,-0.028826,-0.021221
790538182945944,left,260705.050000,1.365089,-2.930224,-0.139362,-3.473748,-1.573138,2.712296,-0.000001,0.000000,-0.000000,0.000000,-0.000000,0.000000,-1.182520,4.379914,1.191736,-0.153857,-0.025344,-0.020644
790538190878666,left,260705.058000,1.365053,-2.930175,-0.139327,-3.473797,-1.573150,2.712261,-0.000000,0.000000,-0.000000,0.000000,-0.000000,0.000000,-1.246836,4.407529,1.152801,-0.159152,-0.029333,-0.018274
790538198904005,left,260705.066000,1.365089,-2.930224,-0.139338,-3.473772,-1.573113,2.712308,-0.000000,0.000000,-0.000000,0.000000,-0.000000,0.000000,-1.196491,4.364021,1.168793,-0.168128,-0.041335,-0.010765
790538206877726,left,260705.074000,1.365065,-2.930212,-0.139386,-3.473748,-1.573125,2.712296,-0.000000,0.000000,-0.000000,0.000000,-0.000000,0.000000,-1.278720,4.413334,1.196369,-0.166803,-0.032042,-0.023953
790538214847605,left,260705.082000,1.365053,-2.930236,-0.139374,-3.473784,-1.573138,2.712273,-0.000000,0.000000,-0.000000,0.000000,-0.000000,0.000000,-1.193974,4.389511,1.174037,-0.154999,-0.035956,-0.016551
790538222847372,left,260705.090000,1.365053,-2.930247,-0.139350,-3.473736,-1.573125,2.712296,-0.000000,0.000000,-0.000000,0.000000,-0.000000,0.000000,-1.199695,4.463964,1.175366,-0.150734,-0.033186,-0.016058
790538230857853,left,260705.098000,1.365089,-2.930236,-0.139374,-3.473772,-1.573125,2.712285,0.000000,0.000000,-0.000000,0.000000,-0.000000,0.000000,-1.178140,4.399903,1.130322,-0.152390,-0.043972,-0.022445
790538238850654,left,260705.106000,1.365029,-2.930212,-0.139338,-3.473772,-1.573161,2.712296,0.000000,0.000000,-0.000000,0.000000,-0.000000,0.000000,-1.181993,4.401004,1.151514,-0.160153,-0.044792,-0.015967
790538246853085,left,260705.114000,1.365077,-2.930212,-0.139327,-3.473784,-1.573125,2.712320,0.000000,0.000000,-0.000000,0.000000,-0.000000,0.000000,-1.188112,4.379999,1.158571,-0.148138,-0.036407,-0.016582
790538254858781,left,260705.122000,1.365077,-2.930224,-0.139362,-3.473748,-1.573138,2.712273,0.000000,0.000000,-0.000000,0.000000,-0.000000,0.000000,-1.200990,4.393584,1.137599,-0.162462,-0.028260,-0.013666
790538262846531,left,260705.130000,1.365053,-2.930224,-0.139362,-3.473760,-1.573161,2.712249,0.000000,0.000000,-0.000000,0.000000,-0.000000,0.000000,-1.208936,4.425086,1.157800,-0.154095,-0.034035,-0.011775
790538270877576,left,260705.138000,1.365077,-2.930247,-0.139362,-3.473760,-1.573125,2.712285,0.000000,0.000000,-0.000000,0.000000,-0.000000,0.000000,-1.260740,4.372377,1.164923,-0.164148,-0.029468,-0.018518
790538278871994,left,260705.146000,1.365077,-2.930224,-0.139362,-3.473784,-1.573173,2.712296,0.000000,0.000000,-0.000000,0.000000,-0.000000,0.000000,-1.210452,4.413993,1.200898,-0.152535,-0.026793,-0.012706
790538286848340,left,260705.154000,1.365089,-2.930212,-0.139374,-3.473760,-1.573138,2.712296,0.000000,0.000000,-0.000000,0.000000,-0.000000,0.000000,-1.198810,4.427862,1.124040,-0.161598,-0.044514,-0.016491
790538294859303,left,260705.162000,1.365077,-2.930212,-0.139338,-3.473772,-1.573173,2.712285,0.000000,0.000000,-0.000000,0.000000,-0.000000,0.000000,-1.230101,4.406680,1.132802,-0.160266,-0.029331,-0.008305
790538302856463,left,260705.170000,1.365065,-2.930200,-0.139338,-3.473760,-1.573138,2.712296,0.000000,0.000000,-0.000000,0.000000,-0.000000,0.000000,-1.222155,4.396378,1.150515,-0.153972,-0.021836,0.000398
790538310894572,left,260705.178000,1.365077,-2.930247,-0.139350,-3.473772,-1.573173,2.712285,0.000000,0.000000,-0.000000,0.000000,-0.000000,0.000000,-1.224100,4.401665,1.171797,-0.167505,-0.048037,-0.018629
790538318869669,left,260705.186000,1.365077,-2.930224,-0.139338,-3.473760,-1.573138,2.712273,0.000000,0.000000,-0.000000,0.000000,-0.000000,0.000000,-1.180786,4.425319,1.162240,-0.170920,-0.038797,-0.014204
790538326856870,left,260705.194000,1.365077,-2.930224,-0.139338,-3.473760,-1.573173,2.712273,0.000000,0.000000,-0.000000,0.000000,-0.000000,0.000000,-1.228371,4.401437,1.147842,-0.168102,-0.039183,-0.009596
790538335023268,left,260705.202000,1.365077,-2.930212,-0.139338,-3.473760,-1.573161,2.712308,0.000000,0.000000,-0.000000,0.000000,-0.000000,0.000000,-1.186583,4.380257,1.130273,-0.166265,-0.026875,-0.015577
790538342872891,left,260705.210000,1.365053,-2.930224,-0.139338,-3.473760,-1.573125,2.712285,0.000000,0.000000,-0.000000,0.000000,-0.000000,0.000000,-1.222644,4.433890,1.184871,-0.152635,-0.020978,-0.016577
790538350847552,left,260705.218000,1.365053,-2.930212,-0.139362,-3.473748,-1.573185,2.712273,0.000000,0.000000,-0.000000,0.000000,-0.000000,0.000000,-1.225293,4.371090,1.166903,-0.160772,-0.023840,-0.010368
790538358842441,left,260705.226000,1.365053,-2.930200,-0.139350,-3.473760,-1.573125,2.712249,0.000000,0.000000,-0.000000,0.000000,-0.000000,0.000000,-1.237860,4.377275,1.142015,-0.149887,-0.035681,-0.017043
790538366844212,left,260705.234000,1.365077,-2.930247,-0.139362,-3.473748,-1.573113,2.712296,0.000000,0.000000,-0.000000,0.000000,-0.000000,0.000000,-1.198365,4.378132,1.206070,-0.148977,-0.029399,-0.025844
790538374855310,left,260705.242000,1.365077,-2.930224,-0.139350,-3.473736,-1.573161,2.712296,0.000000,0.000000,-0.000000,0.000000,-0.000000,0.000000,-1.243077,4.409485,1.164265,-0.156655,-0.041266,-0.033246
790538382842855,left,260705.250000,1.365065,-2.930236,-0.139362,-3.473748,-1.573161,2.712320,0.000000,0.000000,-0.000000,0.000000,-0.000000,0.000000,-1.201099,4.411430,1.124173,-0.167110,-0.029060,-0.018467
790538390842255,left,260705.258000,1.365029,-2.930212,-0.139386,-3.473760,-1.573138,2.712273,0.000000,0.000000,-0.000000,0.000000,-0.000000,0.000000,-1.216157,4.385136,1.197324,-0.157067,-0.025632,-0.004605
790538398841337,left,260705.266000,1.365053,-2.930200,-0.139350,-3.473772,-1.573150,2.712308,0.000000,0.000000,-0.000000,0.000000,-0.000000,0.000000,-1.234015,4.369451,1.147476,-0.157076,-0.032445,-0.019700
790538406851400,left,260705.274000,1.365065,-2.930224,-0.139338,-3.473772,-1.573150,2.712333,0.000000,0.000000,-0.000000,0.000000,-0.000000,0.000000,-1.243925,4.394600,1.131688,-0.161763,-0.022415,-0.019408
790538414876123,left,260705.282000,1.365053,-2.930187,-0.139327,-3.473724,-1.573161,2.712308,0.000000,0.000000,-0.000000,0.000000,-0.000000,0.000000,-1.231735,4.419706,1.159766,-0.150199,-0.033910,-0.015543
790538422850287,left,260705.290000,1.365053,-2.930212,-0.139374,-3.473760,-1.573138,2.712273,0.000000,0.000000,-0.000000,0.000000,-0.000000,0.000000,-1.200180,4.383678,1.146965,-0.172510,-0.039529,-0.023169
790538430845836,left,260705.298000,1.365053,-2.930200,-0.139350,-3.473760,-1.573150,2.712320,0.000000,0.000000,-0.000000,0.000000,-0.000000,0.000000,-1.219827,4.412323,1.131503,-0.151070,-0.041266,-0.017514
790538438857882,left,260705.306000,1.365089,-2.930200,-0.139350,-3.473784,-1.573138,2.712273,0.000000,0.000000,-0.000000,0.000000,-0.000000,0.000000,-1.199841,4.421664,1.156279,-0.149415,-0.038000,-0.016544
790538446863459,left,260705.314000,1.365077,-2.930200,-0.139327,-3.473760,-1.573185,2.712285,0.000000,0.000000,-0.000000,0.000000,-0.000000,0.000000,-1.200969,4.375408,1.178563,-0.154014,-0.038598,-0.024205
790538454854830,left,260705.322000,1.365089,-2.930236,-0.139338,-3.473760,-1.573173,2.712320,0.000000,0.000000,-0.000000,0.000000,-0.000000,0.000000,-1.209336,4.404196,1.180502,-0.156431,-0.043101,-0.015719
790538462847164,left,260705.330000,1.365089,-2.930236,-0.139350,-3.473784,-1.573150,2.712261,0.000000,0.000000,-0.000000,0.000000,-0.000000,0.000000,-1.201722,4.421932,1.185805,-0.152987,-0.044769,-0.017123
790538470847724,left,260705.338000,1.365089,-2.930259,-0.139362,-3.473736,-1.573150,2.712273,0.000000,0.000000,-0.000000,0.000000,-0.000000,0.000000,-1.183631,4.397956,1.150486,-0.155231,-0.041695,-0.019248
790538478854135,left,260705.346000,1.365077,-2.930224,-0.139362,-3.473772,-1.573173,2.712273,0.000000,0.000000,-0.000000,0.000000,-0.000000,0.000000,-1.214632,4.435125,1.163868,-0.142069,-0.037110,-0.013537
790538486857512,left,260705.354000,1.365041,-2.930224,-0.139374,-3.473772,-1.573161,2.712285,0.000000,0.000000,-0.000000,0.000000,-0.000000,0.000000,-1.232478,4.406075,1.173699,-0.153508,-0.038422,-0.019228
790538494855173,left,260705.362000,1.365089,-2.930212,-0.139362,-3.473760,-1.573138,2.712308,0.000000,0.000000,-0.000000,0.000000,-0.000000,0.000000,-1.210845,4.429091,1.116522,-0.144597,-0.035605,-0.011478
790538502981194,left,260705.370000,1.365077,-2.930200,-0.139338,-3.473760,-1.573150,2.712261,0.000000,0.000000,-0.000000,0.000000,-0.000000,0.000000,-1.219539,4.369625,1.186127,-0.158692,-0.035885,-0.032967
790538510894213,left,260705.378000,1.365077,-2.930200,-0.139338,-3.473760,-1.573150,2.712273,0.000000,0.000000,-0.000000,0.000000,-0.000000,0.000000,-1.229341,4.398620,1.131956,-0.156550,-0.042448,-0.014502
790538518965051,left,260705.386000,1.365065,-2.930224,-0.139315,-3.473748,-1.573101,2.712273,0.000000,0.000000,-0.000000,0.000000,-0.000000,0.000000,-1.176005,4.405980,1.136977,-0.144395,-0.041861,-0.016884
790538526987390,left,260705.394000,1.365077,-2.930187,-0.139362,-3.473760,-1.573150,2.712273,0.000000,0.000000,-0.000000,0.000000,-0.000000,0.000000,-1.193123,4.420648,1.174908,-0.153904,-0.038245,-0.006553
790538534968824,left,260705.402000,1.365077,-2.930236,-0.139350,-3.473772,-1.573125,2.712333,0.000000,0.000000,-0.000000,0.000000,-0.000000,0.000000,-1.218227,4.390459,1.136549,-0.141416,-0.046931,-0.014299
790538542873940,left,260705.410000,1.365101,-2.930212,-0.139350,-3.473748,-1.573138,2.712296,0.000000,0.000000,-0.000000,0.000000,-0.000000,0.000000,-1.212285,4.427721,1.195038,-0.166963,-0.046493,-0.016504
790538550975792,left,260705.418000,1.365101,-2.930187,-0.139362,-3.473772,-1.573113,2.712285,0.000000,0.000000,-0.000000,0.000000,-0.000000,0.000000,-1.234812,4.405242,1.165264,-0.150276,-0.041475,-0.023646
790538558976538,left,260705.426000,1.365065,-2.930236,-0.139338,-3.473772,-1.573150,2.712296,0.000000,0.000000,-0.000000,0.000000,-0.000000,0.000000,-1.227081,4.430997,1.164375,-0.157055,-0.048524,-0.016700
790538566983990,left,260705.434000,1.365077,-2.930200,-0.139338,-3.473772,-1.573125,2.712296,0.000000,0.000000,-0.000000,0.000000,-0.000000,0.000000,-1.236924,4.392384,1.149065,-0.154572,-0.045429,-0.008793
790538574983769,left,260705.442000,1.365065,-2.930212,-0.139350,-3.473736,-1.573138,2.712285,0.000000,0.000000,-0.000000,0.000000,-0.000000,0.000000,-1.194703,4.417938,1.165834,-0.143728,-0.046338,-0.009220
790538582895490,left,260705.450000,1.365077,-2.930212,-0.139350,-3.473748,-1.573185,2.712285,0.000000,0.000000,-0.000000,0.000000,-0.000000,0.000000,-1.196375,4.401908,1.137604,-0.150104,-0.041668,-0.018746
790538590853990,left,260705.458000,1.365065,-2.930212,-0.139327,-3.473772,-1.573161,2.712320,0.000000,0.000000,-0.000000,0.000000,-0.000000,0.000000,-1.193262,4.376459,1.162588,-0.156390,-0.037490,-0.012254
790538598861075,left,260705.466000,1.365053,-2.930236,-0.139350,-3.473736,-1.573173,2.712308,0.000000,0.000000,-0.000000,0.000000,-0.000000,0.000000,-1.214514,4.404745,1.169730,-0.158698,-0.035753,-0.013419
790538606863968,left,260705.474000,1.365053,-2.930224,-0.139386,-3.473784,-1.573161,2.712296,0.000000,0.000000,-0.000000,0.000000,-0.000000,0.000000,-1.193481,4.345329,1.184608,-0.158960,-0.025606,-0.019736
790538614862490,left,260705.482000,1.365053,-2.930200,-0.139374,-3.473748,-1.573125,2.712273,0.000000,0.000000,-0.000000,0.000000,-0.000000,0.000000,-1.196692,4.419296,1.185906,-0.156389,-0.033663,-0.007855
790538622864274,left,260705.490000,1.365089,-2.930224,-0.139374,-3.473724,-1.573173,2.712273,0.000000,0.000000,-0.000000,0.000000,-0.000000,0.000000,-1.168052,4.419212,1.142841,-0.154184,-0.028876,-0.012182
790538630857450,left,260705.498000,1.365101,-2.930236,-0.139350,-3.473760,-1.573101,2.712285,0.000000,0.000000,-0.000000,0.000000,-0.000000,0.000000,-1.173527,4.446227,1.153111,-0.164806,-0.027830,-0.012778
790538638850843,left,260705.506000,1.365041,-2.930212,-0.139350,-3.473748,-1.573150,2.712273,0.000000,0.000000,-0.000000,0.000000,-0.000000,0.000000,-1.247282,4.385966,1.189020,-0.161061,-0.025612,-0.003993
790538646846995,left,260705.514000,1.365065,-2.930200,-0.139338,-3.473772,-1.573173,2.712273,0.000000,0.000000,-0.000000,0.000000,-0.000000,0.000000,-1.175227,4.429443,1.162489,-0.150882,-0.038887,-0.004665
790538654855273,left,260705.522000,1.365089,-2.930212,-0.139362,-3.473760,-1.573185,2.712320,0.000000,0.000000,-0.000000,0.000000,-0.000000,0.000000,-1.182254,4.373456,1.175652,-0.145122,-0.036596,-0.004292
790538662845845,left,260705.530000,1.365089,-2.930200,-0.139315,-3.473748,-1.573125,2.712285,0.000000,0.000000,-0.000000,0.000000,-0.000000,0.000000,-1.176262,4.400681,1.139733,-0.151849,-0.034764,-0.012399
790538670845548,left,260705.538000,1.365053,-2.930187,-0.139362,-3.473772,-1.573161,2.712273,0.000000,0.000000,-0.000000,0.000000,-0.000000,0.000000,-1.208110,4.399602,1.193289,-0.156009,-0.026958,-0.005474
790538678848550,left,260705.546000,1.365089,-2.930212,-0.139362,-3.473772,-1.573161,2.712333,0.000000,0.000000,-0.000000,0.000000,-0.000000,0.000000,-1.179711,4.386589,1.130293,-0.157286,-0.031481,-0.013561
790538686846305,left,260705.554000,1.365065,-2.930224,-0.139362,-3.473772,-1.573125,2.712249,0.000000,0.000000,-0.000000,0.000000,-0.000000,0.000000,-1.200683,4.408573,1.172038,-0.149866,-0.022277,-0.019688
790538694845093,left,260705.562000,1.365101,-2.930224,-0.139362,-3.473760,-1.573125,2.712273,0.000000,0.000000,-0.000000,0.000000,-0.000000,0.000000,-1.181864,4.388397,1.168007,-0.149985,-0.019808,-0.007624
790538702846674,left,260705.570000,1.365065,-2.930224,-0.139327,-3.473724,-1.573173,2.712261,0.000000,0.000000,-0.000000,0.000000,-0.000000,0.000000,-1.192669,4.403330,1.159646,-0.154953,-0.054101,-0.009123
790538710854344,left,260705.578000,1.365053,-2.930212,-0.139362,-3.473736,-1.573138,2.712308,0.000000,0.000000,-0.000000,0.000000,-0.000000,0.000000,-1.151614,4.362455,1.156677,-0.158204,-0.051330,-0.007067
790538718952807,left,260705.586000,1.365089,-2.930236,-0.139338,-3.473748,-1.573138,2.712273,0.000000,0.000000,-0.000000,0.000000,-0.000000,0.000000,-1.159250,4.423150,1.210129,-0.165696,-0.049780,-0.004295
790538727015524,left,260705.594000,1.365077,-2.930224,-0.139338,-3.473748,-1.573161,2.712273,0.000000,0.000000,-0.000000,0.000000,-0.000000,0.000000,-1.187533,4.417974,1.178608,-0.153982,-0.027352,-0.008057
790538734987874,left,260705.602000,1.365053,-2.930212,-0.139338,-3.473760,-1.573150,2.712308,0.000000,0.000000,-0.000000,0.000000,-0.000000,0.000000,-1.166324,4.416125,1.132026,-0.157423,-0.018675,-0.005668
790538742881820,left,260705.610000,1.365065,-2.930212,-0.139362,-3.473760,-1.573125,2.712296,0.000000,0.000000,-0.000000,0.000000,-0.000000,0.000000,-1.156987,4.391546,1.198187,-0.168191,-0.030096,-0.011199
790538750947279,left,260705.618000,1.365077,-2.930224,-0.139350,-3.473760,-1.573138,2.712308,0.000000,0.000000,-0.000000,0.000000,-0.000000,0.000000,-1.144990,4.426919,1.175644,-0.159150,-0.038064,0.000077
790538758974086,left,260705.626000,1.365101,-2.930212,-0.139362,-3.473784,-1.573161,2.712273,0.000000,0.000000,-0.000000,0.000000,-0.000000,0.000000,-1.174551,4.363307,1.174781,-0.172441,-0.040923,-0.005280
790538766972629,left,260705.634000,1.365065,-2.930212,-0.139374,-3.473736,-1.573138,2.712273,0.000000,0.000000,-0.000000,0.000000,-0.000000,0.000000,-1.175386,4.420684,1.132703,-0.166301,-0.030650,-0.011177
790538774900363,left,260705.642000,1.365077,-2.930236,-0.139362,-3.473760,-1.573198,2.712261,0.000000,0.000000,-0.000000,0.000000,-0.000000,0.000000,-1.213322,4.470322,1.163892,-0.155654,-0.030917,-0.015109
790538782869303,left,260705.650000,1.365077,-2.930224,-0.139374,-3.473760,-1.573173,2.712308,0.000000,0.000000,-0.000000,0.000000,-0.000000,0.000000,-1.206083,4.439474,1.192159,-0.154732,-0.032111,-0.010117
790538790847213,left,260705.658000,1.365053,-2.930212,-0.139338,-3.473760,-1.573150,2.712261,0.000000,0.000000,-0.000000,0.000000,-0.000000,0.000000,-1.200765,4.383458,1.172395,-0.164669,-0.028858,-0.000236
790538798857420,left,260705.666000,1.365089,-2.930212,-0.139362,-3.473760,-1.573150,2.712273,0.000000,0.000000,-0.000000,0.000000,-0.000000,0.000000,-1.194038,4.364196,1.200086,-0.165258,-0.034376,-0.006228
790538806850425,left,260705.674000,1.365089,-2.930200,-0.139362,-3.473772,-1.573138,2.712296,0.000000,0.000000,-0.000000,0.000000,-0.000000,0.000000,-1.158482,4.406222,1.155905,-0.149483,-0.029401,-0.009835
790538814856214,left,260705.682000,1.365053,-2.930224,-0.139374,-3.473748,-1.573138,2.712285,0.000000,0.000000,-0.000000,0.000000,-0.000000,0.000000,-1.220645,4.417099,1.156158,-0.167891,-0.022936,-0.017875
790538822853163,left,260705.690000,1.365089,-2.930212,-0.139362,-3.473724,-1.573138,2.712285,0.000000,0.000000,-0.000000,0.000000,-0.000000,0.000000,-1.191079,4.432575,1.173554,-0.150814,-0.036712,-0.010792
790538830859632,left,260705.698000,1.365077,-2.930236,-0.139338,-3.473760,-1.573173,2.712320,0.000000,0.000000,-0.000000,0.000000,-0.000000,0.000000,-1.190944,4.420110,1.156858,-0.156457,-0.037736,-0.023616
790538838863407,left,260705.706000,1.365053,-2.930212,-0.139350,-3.473772,-1.573138,2.712285,0.000000,0.000000,-0.000000,0.000000,-0.000000,0.000000,-1.182183,4.342107,1.150967,-0.156501,-0.024483,-0.014755
790538846846206,left,260705.714000,1.365065,-2.930200,-0.139362,-3.473748,-1.573161,2.712249,0.000000,0.000000,-0.000000,0.000000,-0.000000,0.000000,-1.217268,4.390096,1.153427,-0.161772,-0.018838,-0.008486
790538854855172,left,260705.722000,1.365089,-2.930200,-0.139338,-3.473736,-1.573185,2.712296,0.000000,0.000000,-0.000000,0.000000,-0.000000,0.000000,-1.207002,4.363760,1.162892,-0.164472,-0.024553,-0.006633
790538862857170,left,260705.730000,1.365053,-2.930224,-0.139315,-3.473772,-1.573173,2.712296,0.000000,0.000000,-0.000000,0.000000,-0.000000,0.000000,-1.166751,4.415795,1.155447,-0.152009,-0.024885,-0.003995
790538870847896,left,260705.738000,1.365053,-2.930200,-0.139362,-3.473760,-1.573138,2.712249,0.000000,0.000000,-0.000000,0.000000,-0.000000,0.000000,-1.154141,4.407880,1.201611,-0.167163,-0.023069,-0.003180
790538878860126,left,260705.746000,1.365077,-2.930200,-0.139398,-3.473748,-1.573125,2.712273,0.000000,0.000000,-0.000000,0.000000,-0.000000,0.000000,-1.165737,4.426321,1.130810,-0.161503,-0.014214,0.000857
790538886851969,left,260705.754000,1.365101,-2.930236,-0.139350,-3.473736,-1.573150,2.712273,0.000000,0.000000,-0.000000,0.000000,-0.000000,0.000000,-1.189310,4.396721,1.140018,-0.166099,-0.041115,-0.002172
790538894848088,left,260705.762000,1.365041,-2.930212,-0.139386,-3.473748,-1.573138,2.712285,0.000000,0.000000,-0.000000,0.000000,-0.000000,0.000000,-1.177263,4.419636,1.163367,-0.166174,-0.032662,-0.005497
790538902848909,left,260705.770000,1.365077,-2.930212,-0.139362,-3.473724,-1.573161,2.712273,0.000000,0.000000,-0.000000,0.000000,-0.000000,0.000000,-1.155478,4.368877,1.181797,-0.166032,-0.031218,-0.002850
790538910848257,left,260705.778000,1.365041,-2.930200,-0.139362,-3.473748,-1.573173,2.712273,0.000000,0.000000,-0.000000,0.000000,-0.000000,0.000000,-1.178427,4.382709,1.138759,-0.180940,-0.024405,-0.004004
790538918848049,left,260705.786000,1.365077,-2.930200,-0.139338,-3.473772,-1.573161,2.712273,0.000000,0.000000,-0.000000,0.000000,-0.000000,0.000000,-1.192574,4.410259,1.153816,-0.157856,-0.026254,0.010784
790538926857125,left,260705.794000,1.365077,-2.930200,-0.139374,-3.473748,-1.573138,2.712296,0.000000,0.000000,-0.000000,0.000000,-0.000000,0.000000,-1.156152,4.409460,1.132309,-0.165630,-0.023060,-0.006492
790538934864419,left,260705.802000,1.365065,-2.930187,-0.139327,-3.473797,-1.573173,2.712308,0.000000,0.000000,-0.000000,0.000000,-0.000000,0.000000,-1.166012,4.415119,1.191490,-0.174027,-0.029761,-0.000386
790538942859437,left,260705.810000,1.365065,-2.930200,-0.139350,-3.473772,-1.573161,2.712273,0.000000,0.000000,-0.000000,0.000000,-0.000000,0.000000,-1.170818,4.407439,1.147263,-0.168355,-0.030413,0.000483
790538950853825,left,260705.818000,1.365065,-2.930187,-0.139338,-3.473772,-1.573161,2.712285,0.000000,0.000000,-0.000000,0.000000,-0.000000,0.000000,-1.144600,4.402064,1.169595,-0.171105,-0.014777,-0.009812
790538958858917,left,260705.826000,1.365065,-2.930200,-0.139338,-3.473772,-1.573173,2.712285,0.000000,0.000000,-0.000000,0.000000,-0.000000,0.000000,-1.137353,4.383750,1.165576,-0.168137,-0.031399,-0.003300
790538966855998,left,260705.834000,1.365041,-2.930175,-0.139338,-3.473724,-1.573161,2.712273,0.000000,0.000000,-0.000000,0.000000,-0.000000,0.000000,-1.193614,4.383565,1.169772,-0.163400,-0.020672,0.006364
790538974848136,left,260705.842000,1.365089,-2.930212,-0.139362,-3.473748,-1.573150,2.712308,0.000000,0.000000,-0.000000,0.000000,-0.000000,0.000000,-1.181289,4.410719,1.199888,-0.162596,-0.035200,-0.007267
790538982847913,left,260705.850000,1.365101,-2.930187,-0.139338,-3.473724,-1.573113,2.712273,0.000000,0.000000,-0.000000,0.000000,-0.000000,0.000000,-1.187040,4.430326,1.169212,-0.163817,-0.024213,0.003034
790538990847345,left,260705.858000,1.365077,-2.930212,-0.139327,-3.473736,-1.573161,2.712296,0.000000,0.000000,-0.000000,0.000000,-0.000000,0.000000,-1.199917,4.385491,1.122234,-0.173526,-0.019170,-0.002223
790538998847007,left,260705.866000,1.365065,-2.930236,-0.139362,-3.473760,-1.573125,2.712273,0.000000,0.000000,-0.000000,0.000000,-0.000000,0.000000,-1.199855,4.396110,1.122817,-0.177143,-0.023177,-0.005038
790539006858396,left,260705.874000,1.365077,-2.930224,-0.139374,-3.473748,-1.573138,2.712273,0.000000,0.000000,-0.000000,0.000000,-0.000000,0.000000,-1.203626,4.414016,1.125446,-0.174210,-0.024032,-0.012416
790539014853810,left,260705.882000,1.365089,-2.930212,-0.139374,-3.473784,-1.573185,2.712261,0.000000,0.000000,-0.000000,0.000000,-0.000000,0.000000,-1.232092,4.436318,1.150841,-0.162546,-0.016137,0.004196
790539022847568,left,260705.890000,1.365065,-2.930224,-0.139374,-3.473772,-1.573125,2.712285,0.000000,0.000000,-0.000000,0.000000,-0.000000,0.000000,-1.200935,4.417316,1.167629,-0.166628,-0.017880,-0.001143
790539030872093,left,260705.898000,1.365029,-2.930200,-0.139362,-3.473772,-1.573150,2.712308,0.000000,0.000000,-0.000000,0.000000,-0.000000,0.000000,-1.181919,4.406192,1.120728,-0.160530,-0.031864,0.004606
790539038855663,left,260705.906000,1.365053,-2.930224,-0.139327,-3.473748,-1.573161,2.712308,0.000000,0.000000,-0.000000,0.000000,-0.000000,0.000000,-1.160092,4.389579,1.141535,-0.167394,-0.029893,0.001457
790539046851433,left,260705.914000,1.365041,-2.930236,-0.139374,-3.473772,-1.573150,2.712273,0.000000,0.000000,-0.000000,0.000000,-0.000000,0.000000,-1.192532,4.439242,1.161100,-0.173700,-0.026611,-0.002921
790539054853179,left,260705.922000,1.365053,-2.930224,-0.139398,-3.473736,-1.573150,2.712273,0.000000,0.000000,-0.000000,0.000000,-0.000000,0.000000,-1.167301,4.380935,1.116521,-0.166429,-0.020774,-0.014672
790539062850198,left,260705.930000,1.365041,-2.930212,-0.139338,-3.473748,-1.573150,2.712296,0.000000,0.000000,-0.000000,0.000000,-0.000000,0.000000,-1.211923,4.445338,1.159212,-0.183570,-0.024371,-0.003256
790539070845848,left,260705.938000,1.365041,-2.930200,-0.139362,-3.473784,-1.573101,2.712296,0.000000,0.000000,-0.000000,0.000000,-0.000000,0.000000,-1.211505,4.412601,1.200532,-0.183484,-0.035555,0.003194
790539078844520,left,260705.946000,1.365053,-2.930224,-0.139338,-3.473772,-1.573150,2.712308,0.000000,0.000000,-0.000000,0.000000,-0.000000,0.000000,-1.166975,4.390548,1.179091,-0.170347,-0.026261,0.000741
790539086850689,left,260705.954000,1.365053,-2.930247,-0.139338,-3.473797,-1.573173,2.712261,0.000000,0.000000,-0.000000,0.000000,-0.000000,0.000000,-1.204899,4.370486,1.132839,-0.182880,-0.025393,0.001237
790539094844173,left,260705.962000,1.365077,-2.930187,-0.139362,-3.473772,-1.573150,2.712285,0.000000,0.000000,-0.000000,0.000000,-0.000000,0.000000,-1.200594,4.389072,1.134762,-0.182447,-0.038326,-0.007364
790539102843384,left,260705.970000,1.365089,-2.930212,-0.139362,-3.473748,-1.573113,2.712285,0.000000,0.000000,-0.000000,0.000000,-0.000000,0.000000,-1.184510,4.439656,1.142814,-0.172799,-0.035774,-0.001688
790539110847869,left,260705.978000,1.365053,-2.930200,-0.139350,-3.473748,-1.573138,2.712285,0.000000,0.000000,-0.000000,0.000000,-0.000000,0.000000,-1.149785,4.424336,1.138183,-0.165305,-0.026876,-0.005392
790539118844039,left,260705.986000,1.365065,-2.930200,-0.139315,-3.473736,-1.573161,2.712296,0.000000,0.000000,-0.000000,0.000000,-0.000000,0.000000,-1.140607,4.417451,1.169219,-0.168100,-0.031696,-0.009826
790539126843763,left,260705.994000,1.365065,-2.930175,-0.139350,-3.473748,-1.573138,2.712296,0.000000,0.000000,-0.000000,0.000000,-0.000000,0.000000,-1.170714,4.386405,1.139510,-0.172173,-0.026908,0.002326
790539134843199,left,260706.002000,1.365041,-2.930224,-0.139327,-3.473748,-1.573125,2.712296,0.000000,0.000000,-0.000000,0.000000,-0.000000,0.000000,-1.163618,4.408647,1.179208,-0.170225,-0.026301,-0.019064
790539142868385,left,260706.010000,1.365053,-2.930212,-0.139338,-3.473772,-1.573138,2.712320,0.000000,0.000000,-0.000000,0.000000,-0.000000,0.000000,-1.165045,4.393774,1.180632,-0.170483,-0.027445,-0.006273
790539150855530,left,260706.018000,1.365077,-2.930224,-0.139350,-3.473748,-1.573173,2.712296,0.000000,0.000000,-0.000000,0.000000,-0.000000,0.000000,-1.151365,4.381993,1.141233,-0.170311,-0.035113,-0.016391
790539158854613,left,260706.026000,1.365077,-2.930236,-0.139350,-3.473772,-1.573161,2.712273,0.000000,0.000000,-0.000000,0.000000,-0.000000,0.000000,-1.171628,4.385238,1.134045,-0.173267,-0.022902,0.008610
790539166871613,left,260706.034000,1.365065,-2.930200,-0.139338,-3.473760,-1.573173,2.712308,0.000000,0.000000,-0.000000,0.000000,-0.000000,0.000000,-1.157055,4.390319,1.192140,-0.183025,-0.023645,0.004762
790539174846799,left,260706.042000,1.365065,-2.930187,-0.139338,-3.473760,-1.573161,2.712285,0.000000,0.000000,-0.000000,0.000000,-0.000000,0.000000,-1.152715,4.424736,1.177757,-0.162333,-0.040852,-0.000949
790539182858791,left,260706.050000,1.365065,-2.930212,-0.139350,-3.473748,-1.573138,2.712296,0.000000,0.000000,-0.000000,0.000000,-0.000000,0.000000,-1.173895,4.424085,1.159404,-0.175723,-0.024750,-0.011754
790539190844516,left,260706.058000,1.365053,-2.930212,-0.139338,-3.473748,-1.573125,2.712273,0.000000,0.000000,-0.000000,0.000000,-0.000000,0.000000,-1.181525,4.414427,1.151660,-0.180304,-0.027865,-0.004477
790539198855591,left,260706.066000,1.365065,-2.930224,-0.139362,-3.473772,-1.573150,2.712273,0.000000,0.000000,-0.000000,0.000000,-0.000000,0.000000,-1.173670,4.424701,1.162568,-0.180133,-0.041875,-0.009708
790539206856990,left,260706.074000,1.365029,-2.930247,-0.139327,-3.473772,-1.573161,2.712296,0.000000,0.000000,-0.000000,0.000000,-0.000000,0.000000,-1.138983,4.406002,1.142299,-0.169716,-0.029823,-0.011114
790539214853460,left,260706.082000,1.365053,-2.930236,-0.139362,-3.473760,-1.573173,2.712296,0.000000,0.000000,-0.000000,0.000000,-0.000000,0.000000,-1.152176,4.392608,1.169314,-0.180371,-0.023413,0.000905
790539222864837,left,260706.090000,1.365077,-2.930224,-0.139362,-3.473736,-1.573125,2.712296,0.000000,0.000000,-0.000000,0.000000,-0.000000,0.000000,-1.148811,4.392736,1.144940,-0.188259,-0.028901,-0.008568
790539230844903,left,260706.098000,1.365053,-2.930200,-0.139338,-3.473760,-1.573138,2.712308,0.000000,0.000000,-0.000000,0.000000,-0.000000,0.000000,-1.205309,4.411264,1.181830,-0.181788,-0.035912,-0.014203
790539238858466,left,260706.106000,1.365077,-2.930187,-0.139327,-3.473748,-1.573138,2.712308,0.000000,0.000000,-0.000000,0.000000,-0.000000,0.000000,-1.158909,4.358298,1.176246,-0.184719,-0.038654,-0.005586
790539246838562,left,260706.114000,1.365065,-2.930200,-0.139386,-3.473760,-1.573150,2.712296,0.000000,0.000000,-0.000000,0.000000,-0.000000,0.000000,-1.137162,4.416709,1.139895,-0.180793,-0.019277,-0.008319
790539254874627,left,260706.122000,1.365089,-2.930212,-0.139327,-3.473724,-1.573161,2.712261,0.000000,0.000000,-0.000000,0.000000,-0.000000,0.000000,-1.166248,4.367783,1.141148,-0.186390,-0.026050,-0.007298
790539262862497,left,260706.130000,1.365053,-2.930212,-0.139362,-3.473736,-1.573150,2.712320,0.000000,0.000000,-0.000000,0.000000,-0.000000,0.000000,-1.164975,4.419834,1.179763,-0.186750,-0.031514,-0.006173
790539270859763,left,260706.138000,1.365077,-2.930236,-0.139350,-3.473772,-1.573138,2.712285,0.000000,0.000000,-0.000000,0.000000,-0.000000,0.000000,-1.132353,4.417731,1.160575,-0.174964,-0.031986,-0.004994
790539278887588,left,260706.146000,1.365041,-2.930224,-0.139374,-3.473748,-1.573161,2.712261,0.000000,0.000000,-0.000000,0.000000,-0.000000,0.000000,-1.166884,4.399599,1.127549,-0.173347,-0.029818,-0.002922
790539286859696,left,260706.154000,1.365065,-2.930200,-0.139338,-3.473784,-1.573161,2.712261,0.000000,0.000000,-0.000000,0.000000,-0.000000,0.000000,-1.098902,4.448986,1.130102,-0.189631,-0.024748,-0.021391
790539294862993,left,260706.162000,1.365089,-2.930212,-0.139374,-3.473797,-1.573150,2.712261,0.000000,0.000000,-0.000000,0.000000,-0.000000,0.000000,-1.098359,4.396770,1.166227,-0.184013,-0.018415,-0.004908
790539302849726,left,260706.170000,1.365065,-2.930212,-0.139362,-3.473784,-1.573138,2.712308,0.000000,0.000000,-0.000000,0.000000,-0.000000,0.000000,-1.110171,4.398938,1.174446,-0.199626,-0.035625,-0.017473
790539310854528,left,260706.178000,1.365077,-2.930247,-0.139338,-3.473736,-1.573150,2.712285,0.000000,0.000000,-0.000000,0.000000,-0.000000,0.000000,-1.103658,4.406689,1.169198,-0.180285,-0.043680,-0.026282
790539318877075,left,260706.186000,1.365065,-2.930259,-0.139374,-3.473772,-1.573138,2.712320,0.000000,0.000000,-0.000000,0.000000,-0.000000,0.000000,-1.106040,4.428142,1.181573,-0.185089,-0.019176,0.003655
790539326856068,left,260706.194000,1.365089,-2.930224,-0.139350,-3.473748,-1.573138,2.712273,0.000000,0.000000,-0.000000,0.000000,-0.000000,0.000000,-1.095242,4.403647,1.245957,-0.197918,-0.031327,-0.007128
790539334850065,left,260706.202000,1.365077,-2.930212,-0.139374,-3.473784,-1.573150,2.712273,0.000000,0.000000,-0.000000,0.000000,-0.000000,0.000000,-1.131325,4.402127,1.183995,-0.186142,-0.030885,0.001789
790539342864651,left,260706.210000,1.365077,-2.930212,-0.139350,-3.473748,-1.573150,2.712296,0.000000,0.000000,-0.000000,0.000000,-0.000000,0.000000,-1.105108,4.408432,1.153799,-0.183284,-0.032436,-0.016490
790539350859076,left,260706.218000,1.365125,-2.930175,-0.139338,-3.473748,-1.573150,2.712308,0.000000,0.000000,-0.000000,0.000000,-0.000000,0.000000,-1.105688,4.386730,1.147310,-0.194613,-0.027475,-0.001772
790539358857203,left,260706.226000,1.365077,-2.930247,-0.139362,-3.473760,-1.573150,2.712285,0.000000,0.000000,-0.000000,0.000000,-0.000000,0.000000,-1.123779,4.379084,1.173806,-0.186624,-0.017668,-0.004051
790539366878311,left,260706.234000,1.365089,-2.930224,-0.139362,-3.473760,-1.573161,2.712320,0.000000,0.000000,-0.000000,0.000000,-0.000000,0.000000,-1.100355,4.438841,1.171216,-0.191188,-0.040591,0.000108
790539374855518,left,260706.242000,1.365065,-2.930247,-0.139350,-3.473772,-1.573138,2.712296,0.000000,0.000000,-0.000000,0.000000,-0.000000,0.000000,-1.113324,4.390812,1.171888,-0.191495,-0.019068,-0.006731
790539382865942,left,260706.250000,1.365089,-2.930187,-0.139350,-3.473760,-1.573125,2.712296,0.000000,0.000000,-0.000000,0.000000,-0.000000,0.000000,-1.135879,4.410152,1.193612,-0.177926,-0.030038,-0.022762
790539390851740,left,260706.258000,1.365101,-2.930212,-0.139374,-3.473760,-1.573138,2.712296,0.000000,0.000000,-0.000000,0.000000,-0.000000,0.000000,-1.157087,4.370000,1.208982,-0.194490,-0.025748,-0.012152
790539398851071,left,260706.266000,1.365053,-2.930224,-0.139350,-3.473772,-1.573125,2.712308,0.000000,0.000000,-0.000000,0.000000,-0.000000,0.000000,-1.160984,4.382251,1.199487,-0.187681,-0.035941,-0.017642
790539406861458,left,260706.274000,1.365065,-2.930187,-0.139338,-3.473772,-1.573150,2.712273,0.000000,0.000000,-0.000000,0.000000,-0.000000,0.000000,-1.182158,4.418248,1.171094,-0.193025,-0.014440,-0.015885
790539414864480,left,260706.282000,1.365065,-2.930187,-0.139350,-3.473772,-1.573101,2.712273,0.000000,0.000000,-0.000000,0.000000,-0.000000,0.000000,-1.173761,4.398612,1.141413,-0.192066,-0.025630,-0.008138
790539422854600,left,260706.290000,1.365065,-2.930224,-0.139362,-3.473748,-1.573161,2.712285,0.000000,0.000000,-0.000000,0.000000,-0.000000,0.000000,-1.135339,4.389745,1.141892,-0.187757,-0.036150,-0.008605
790539430845896,left,260706.298000,1.365065,-2.930224,-0.139350,-3.473772,-1.573138,2.712308,0.000000,0.000000,-0.000000,0.000000,-0.000000,0.000000,-1.155062,4.370139,1.150303,-0.181800,-0.021181,-0.004849
790539438846947,left,260706.306000,1.365053,-2.930236,-0.139374,-3.473736,-1.573150,2.712285,0.000000,0.000000,-0.000000,0.000000,-0.000000,0.000000,-1.100601,4.426758,1.167042,-0.197997,-0.032748,-0.008622
790539446845209,left,260706.314000,1.365089,-2.930212,-0.139386,-3.473736,-1.573138,2.712273,0.000000,0.000000,-0.000000,0.000000,-0.000000,0.000000,-1.134752,4.408638,1.157671,-0.194140,-0.028363,-0.013381
790539454847983,left,260706.322000,1.365077,-2.930224,-0.139362,-3.473748,-1.573101,2.712320,0.000000,0.000000,-0.000000,0.000000,-0.000000,0.000000,-1.151650,4.419867,1.172493,-0.189950,-0.018370,-0.017378
790539462845702,left,260706.330000,1.365077,-2.930212,-0.139350,-3.473760,-1.573161,2.712285,0.000000,0.000000,-0.000000,0.000000,-0.000000,0.000000,-1.178180,4.400534,1.211984,-0.195803,-0.037479,-0.018279
790539470850158,left,260706.338000,1.365077,-2.930224,-0.139362,-3.473760,-1.573125,2.712273,0.000000,0.000000,-0.000000,0.000000,-0.000000,0.000000,-1.149070,4.455523,1.153449,-0.202420,-0.041755,-0.001655
790539478852215,left,260706.346000,1.365065,-2.930212,-0.139350,-3.473760,-1.573113,2.712285,0.000000,0.000000,-0.000000,0.000000,-0.000000,0.000000,-1.122264,4.392961,1.153682,-0.186428,-0.032944,-0.010587
790539486860225,left,260706.354000,1.365065,-2.930259,-0.139374,-3.473748,-1.573138,2.712308,0.000000,0.000000,-0.000000,0.000000,-0.000000,0.000000,-1.133699,4.386881,1.140243,-0.185477,-0.030977,-0.026837
790539494866282,left,260706.362000,1.365065,-2.930224,-0.139315,-3.473724,-1.573150,2.712308,0.000000,0.000000,-0.000000,0.000000,-0.000000,0.000000,-1.127491,4.417395,1.159270,-0.195805,-0.022994,-0.019538
790539502856341,left,260706.370000,1.365041,-2.930224,-0.139362,-3.473797,-1.573150,2.712249,0.000000,0.000000,-0.000000,0.000000,-0.000000,0.000000,-1.147671,4.406775,1.167437,-0.200349,-0.040487,-0.028061
790539510853221,left,260706.378000,1.365077,-2.930200,-0.139338,-3.473736,-1.573161,2.712273,0.000000,0.000000,-0.000000,0.000000,-0.000000,0.000000,-1.130691,4.369420,1.148664,-0.203456,-0.025602,-0.031041
790539518985212,left,260706.386000,1.365089,-2.930224,-0.139374,-3.473797,-1.573150,2.712308,0.000000,0.000000,-0.000000,0.000000,-0.000000,0.000000,-1.146031,4.403067,1.173532,-0.201062,-0.028110,-0.018481
790539526878222,left,260706.394000,1.365041,-2.930247,-0.139338,-3.473772,-1.573150,2.712308,0.000000,0.000000,-0.000000,0.000000,-0.000000,0.000000,-1.153703,4.380549,1.145873,-0.193008,-0.027235,-0.017639
790539534843995,left,260706.402000,1.365077,-2.930224,-0.139374,-3.473748,-1.573150,2.712249,0.000000,0.000000,-0.000000,0.000000,-0.000000,0.000000,-1.151503,4.384917,1.187952,-0.202963,-0.020851,-0.012633
790539542856029,left,260706.410000,1.365089,-2.930224,-0.139350,-3.473772,-1.573138,2.712285,0.000000,0.000000,-0.000000,0.000000,-0.000000,0.000000,-1.153908,4.369916,1.145266,-0.196024,-0.032893,-0.014052
790539550843751,left,260706.418000,1.365053,-2.930259,-0.139350,-3.473748,-1.573150,2.712285,0.000000,0.000000,-0.000000,0.000000,-0.000000,0.000000,-1.169405,4.366021,1.192613,-0.205094,-0.033642,-0.006972
790539558842077,left,260706.426000,1.365053,-2.930236,-0.139338,-3.473772,-1.573101,2.712320,0.000000,0.000000,-0.000000,0.000000,-0.000000,0.000000,-1.171103,4.432112,1.166728,-0.196159,-0.022351,-0.013314
790539566855185,left,260706.434000,1.365077,-2.930224,-0.139374,-3.473772,-1.573198,2.712296,0.000000,0.000000,-0.000000,0.000000,-0.000000,0.000000,-1.176994,4.421203,1.168648,-0.199754,-0.017750,-0.012383
790539574853218,left,260706.442000,1.365041,-2.930236,-0.139327,-3.473748,-1.573125,2.712273,0.000000,0.000000,-0.000000,0.000000,-0.000000,0.000000,-1.157406,4.380171,1.199869,-0.192429,-0.023985,-0.018521
790539582850246,left,260706.450000,1.365077,-2.930200,-0.139338,-3.473760,-1.573138,2.712249,0.000000,0.000000,-0.000000,0.000000,-0.000000,0.000000,-1.158116,4.429103,1.137723,-0.206554,-0.034363,-0.026982
790539590841228,left,260706.458000,1.365065,-2.930224,-0.139362,-3.473797,-1.573161,2.712296,0.000000,0.000000,-0.000000,0.000000,-0.000000,0.000000,-1.112159,4.411289,1.171012,-0.197799,-0.015822,-0.019881
790539598844893,left,260706.466000,1.365065,-2.930259,-0.139386,-3.473760,-1.573173,2.712296,0.000000,0.000000,-0.000000,0.000000,-0.000000,0.000000,-1.122734,4.424036,1.173766,-0.209553,-0.027451,-0.019379
790539606884722,left,260706.474000,1.365077,-2.930224,-0.139338,-3.473748,-1.573150,2.712261,0.000000,0.000000,-0.000000,0.000000,-0.000000,0.000000,-1.110805,4.444464,1.154346,-0.201944,-0.024827,-0.016723
790539614849982,left,260706.482000,1.365065,-2.930212,-0.139362,-3.473760,-1.573161,2.712285,0.000000,0.000000,-0.000000,0.000000,-0.000000,0.000000,-1.122920,4.397388,1.152012,-0.209295,-0.022861,-0.021926
790539622847987,left,260706.490000,1.365077,-2.930187,-0.139362,-3.473748,-1.573161,2.712296,0.000000,0.000000,-0.000000,0.000000,-0.000000,0.000000,-1.166771,4.384342,1.185744,-0.207675,-0.018712,-0.022168
790539630846290,left,260706.498000,1.365053,-2.930200,-0.139362,-3.473748,-1.573113,2.712285,0.000000,0.000000,-0.000000,0.000000,-0.000000,0.000000,-1.153945,4.401248,1.183382,-0.210135,-0.017595,-0.025917
790539638842693,left,260706.506000,1.365089,-2.930200,-0.139350,-3.473784,-1.573185,2.712296,0.000000,0.000000,-0.000000,0.000000,-0.000000,0.000000,-1.127108,4.391220,1.186793,-0.210729,-0.020223,-0.017656
790539646854914,left,260706.514000,1.365089,-2.930224,-0.139362,-3.473772,-1.573150,2.712261,0.000000,0.000000,-0.000000,0.000000,-0.000000,0.000000,-1.096538,4.431380,1.179757,-0.198298,-0.022996,-0.016178
790539654926839,left,260706.522000,1.365077,-2.930200,-0.139374,-3.473736,-1.573150,2.712320,0.000000,0.000000,-0.000000,0.000000,-0.000000,0.000000,-1.149117,4.366763,1.186674,-0.198724,-0.025051,-0.009559
790539662977523,left,260706.530000,1.365053,-2.930212,-0.139327,-3.473736,-1.573173,2.712273,0.000000,0.000000,-0.000000,0.000000,-0.000000,0.000000,-1.143413,4.438243,1.217922,-0.199569,-0.029222,-0.012399
790539670973845,left,260706.538000,1.365065,-2.930187,-0.139350,-3.473760,-1.573138,2.712320,0.000000,0.000000,-0.000000,0.000000,-0.000000,0.000000,-1.141831,4.412031,1.174023,-0.205061,-0.016473,-0.019381
790539678975830,left,260706.546000,1.365089,-2.930224,-0.139327,-3.473736,-1.573150,2.712273,0.000000,0.000000,-0.000000,0.000000,-0.000000,0.000000,-1.163829,4.378613,1.206009,-0.208691,-0.029386,-0.034121
790539686959344,left,260706.554000,1.365053,-2.930224,-0.139362,-3.473760,-1.573150,2.712320,0.000000,0.000000,-0.000000,0.000000,-0.000000,0.000000,-1.124704,4.404455,1.161909,-0.211608,-0.022676,-0.015943
790539694993308,left,260706.562000,1.365089,-2.930236,-0.139327,-3.473748,-1.573138,2.712296,0.000000,0.000000,-0.000000,0.000000,-0.000000,0.000000,-1.157260,4.410476,1.157785,-0.198815,-0.014197,-0.032182
790539702974149,left,260706.570000,1.365077,-2.930212,-0.139362,-3.473784,-1.573125,2.712285,0.000000,0.000000,-0.000000,0.000000,-0.000000,0.000000,-1.112396,4.442997,1.159679,-0.205123,-0.020036,-0.019918
790539710897245,left,260706.578000,1.365077,-2.930212,-0.139386,-3.473760,-1.573185,2.712285,0.000000,0.000000,-0.000000,0.000000,-0.000000,0.000000,-1.166620,4.407860,1.167289,-0.205836,-0.013456,-0.021741
790539718866929,left,260706.586000,1.365053,-2.930224,-0.139350,-3.473748,-1.573138,2.712285,0.000000,0.000000,-0.000000,0.000000,-0.000000,0.000000,-1.143853,4.398451,1.182994,-0.219221,-0.019318,-0.023481
790539726857464,left,260706.594000,1.365089,-2.930236,-0.139350,-3.473784,-1.573161,2.712249,0.000000,0.000000,-0.000000,0.000000,-0.000000,0.000000,-1.175291,4.446424,1.189229,-0.197615,-0.019801,-0.017638
790539734857249,left,260706.602000,1.365053,-2.930200,-0.139338,-3.473784,-1.573125,2.712273,0.000000,0.000000,-0.000000,0.000000,-0.000000,0.000000,-1.102248,4.426143,1.148731,-0.209496,-0.016678,-0.029121
790539742956464,left,260706.610000,1.365053,-2.930247,-0.139338,-3.473748,-1.573125,2.712285,0.000000,0.000000,-0.000000,0.000000,-0.000000,0.000000,-1.141639,4.440830,1.196632,-0.206228,-0.021673,-0.025286
790539750982087,left,260706.618000,1.365101,-2.930224,-0.139338,-3.473760,-1.573173,2.712285,0.000000,0.000000,-0.000000,0.000000,-0.000000,0.000000,-1.117095,4.434055,1.109124,-0.217708,-0.026431,-0.020513
790539758974027,left,260706.626000,1.365089,-2.930247,-0.139362,-3.473772,-1.573150,2.712320,0.000000,0.000000,-0.000000,0.000000,-0.000000,0.000000,-1.121807,4.376444,1.171193,-0.208002,-0.023655,-0.023897
790539766971067,left,260706.634000,1.365089,-2.930212,-0.139362,-3.473748,-1.573161,2.712285,0.000000,0.000000,-0.000000,0.000000,-0.000000,0.000000,-1.174611,4.410970,1.154665,-0.205605,-0.013342,-0.031969
790539774949815,left,260706.642000,1.365089,-2.930212,-0.139338,-3.473748,-1.573138,2.712296,0.000000,0.000000,-0.000000,0.000000,-0.000000,0.000000,-1.174156,4.364747,1.113051,-0.215817,-0.028640,-0.029580
790539782952167,left,260706.650000,1.365089,-2.930212,-0.139338,-3.473772,-1.573173,2.712296,0.000000,0.000000,-0.000000,0.000000,-0.000000,0.000000,-1.163064,4.428525,1.174494,-0.205843,-0.029911,-0.029707
790539790986380,left,260706.658000,1.365089,-2.930247,-0.139386,-3.473772,-1.573125,2.712285,0.000000,0.000000,-0.000000,0.000000,-0.000000,0.000000,-1.138520,4.391979,1.160555,-0.215342,-0.019414,-0.030792
790539798973673,left,260706.666000,1.365077,-2.930212,-0.139327,-3.473784,-1.573150,2.712285,0.000000,0.000000,-0.000000,0.000000,-0.000000,0.000000,-1.123538,4.442507,1.208266,-0.209955,-0.018155,-0.035390
790539806959483,left,260706.674000,1.365053,-2.930212,-0.139350,-3.473772,-1.573138,2.712285,0.000000,0.000000,-0.000000,0.000000,-0.000000,0.000000,-1.116205,4.438091,1.152219,-0.206055,-0.021534,-0.038767
790539814883729,left,260706.682000,1.365053,-2.930212,-0.139362,-3.473772,-1.573150,2.712308,0.000000,0.000000,-0.000000,0.000000,-0.000000,0.000000,-1.171837,4.393847,1.212779,-0.195069,-0.020425,-0.034427
790539822866530,left,260706.690000,1.365077,-2.930212,-0.139327,-3.473772,-1.573150,2.712273,0.000000,0.000000,-0.000000,0.000000,-0.000000,0.000000,-1.131506,4.376913,1.148958,-0.203159,-0.023543,-0.033690
790539830854059,left,260706.698000,1.365077,-2.930200,-0.139362,-3.473797,-1.573185,2.712296,0.000000,0.000000,-0.000000,0.000000,-0.000000,0.000000,-1.124681,4.417628,1.192778,-0.196456,-0.035428,-0.019091
790539838961342,left,260706.706000,1.365089,-2.930224,-0.139362,-3.473736,-1.573150,2.712296,0.000000,0.000000,-0.000000,0.000000,-0.000000,0.000000,-1.151653,4.381195,1.185941,-0.201565,-0.009686,-0.036028
790539846869032,left,260706.714000,1.365089,-2.930200,-0.139338,-3.473772,-1.573150,2.712285,0.000000,0.000000,-0.000000,0.000000,-0.000000,0.000000,-1.117334,4.431240,1.172603,-0.205993,-0.019918,-0.028589
790539854846820,left,260706.722000,1.365077,-2.930200,-0.139362,-3.473797,-1.573150,2.712273,0.000000,0.000000,-0.000000,0.000000,0.000000,0.000000,-1.154591,4.392153,1.194027,-0.202076,-0.028777,-0.022896
790539862851564,left,260706.730000,1.365077,-2.930187,-0.139386,-3.473736,-1.573150,2.712308,0.000000,0.000000,-0.000000,0.000000,0.000000,0.000000,-1.171763,4.425318,1.162203,-0.203347,-0.012330,-0.035999
790539870843313,left,260706.738000,1.365089,-2.930224,-0.139350,-3.473797,-1.573150,2.712308,0.000000,0.000000,-0.000000,0.000000,0.000000,0.000000,-1.173388,4.409690,1.193443,-0.205336,-0.027591,-0.028434
790539878855520,left,260706.746000,1.365113,-2.930212,-0.139362,-3.473748,-1.573150,2.712285,0.000000,0.000000,-0.000000,0.000000,0.000000,0.000000,-1.171608,4.428519,1.199817,-0.192682,-0.016633,-0.021235
790539886843369,left,260706.754000,1.365065,-2.930187,-0.139350,-3.473760,-1.573150,2.712285,0.000000,0.000000,-0.000000,0.000000,0.000000,0.000000,-1.166236,4.394587,1.180584,-0.200447,-0.018045,-0.024490
790539894841907,left,260706.762000,1.365065,-2.930224,-0.139350,-3.473748,-1.573125,2.712320,0.000000,0.000000,-0.000000,0.000000,0.000000,0.000000,-1.165051,4.410959,1.167585,-0.213190,-0.018624,-0.036550
790539902844536,left,260706.770000,1.365077,-2.930224,-0.139338,-3.473772,-1.573185,2.712320,0.000000,0.000000,-0.000000,0.000000,0.000000,0.000000,-1.124751,4.448825,1.200750,-0.201300,-0.015341,-0.021722
790539910877873,left,260706.778000,1.365077,-2.930187,-0.139350,-3.473760,-1.573150,2.712249,0.000000,0.000000,-0.000000,0.000000,0.000000,0.000000,-1.141161,4.418862,1.181167,-0.199878,-0.014850,-0.027996
790539918911693,left,260706.786000,1.365077,-2.930212,-0.139362,-3.473760,-1.573173,2.712320,0.000000,0.000000,-0.000000,0.000000,0.000000,0.000000,-1.128648,4.393774,1.121260,-0.195514,-0.008874,-0.021064
790539926894815,left,260706.794000,1.365077,-2.930212,-0.139350,-3.473760,-1.573125,2.712273,0.000000,0.000000,-0.000000,0.000000,0.000000,0.000000,-1.111318,4.384423,1.199993,-0.198389,-0.023317,-0.021798
790539934852494,left,260706.802000,1.365065,-2.930212,-0.139327,-3.473772,-1.573185,2.712285,0.000000,0.000000,-0.000000,0.000000,0.000000,0.000000,-1.151801,4.427840,1.203211,-0.198615,-0.015976,-0.033781
790539942894696,left,260706.810000,1.365077,-2.930212,-0.139362,-3.473784,-1.573185,2.712273,0.000000,0.000000,-0.000000,0.000000,0.000000,0.000000,-1.136473,4.392684,1.128413,-0.200122,-0.015936,-0.027724
790539950976080,left,260706.818000,1.365029,-2.930200,-0.139350,-3.473748,-1.573125,2.712261,0.000000,0.000000,-0.000000,0.000000,0.000000,0.000000,-1.119065,4.408529,1.164965,-0.193037,-0.026879,-0.029001
790539958982929,left,260706.826000,1.365077,-2.930200,-0.139374,-3.473784,-1.573138,2.712261,0.000000,0.000000,-0.000000,0.000000,0.000000,0.000000,-1.154946,4.402126,1.128530,-0.197599,-0.024533,-0.027118
790539966955707,left,260706.834000,1.365065,-2.930212,-0.139362,-3.473760,-1.573138,2.712308,0.000000,0.000000,-0.000000,0.000000,0.000000,0.000000,-1.156598,4.377184,1.208045,-0.197297,-0.033543,-0.026422
790539974876144,left,260706.842000,1.365053,-2.930200,-0.139350,-3.473736,-1.573125,2.712261,0.000000,0.000000,-0.000000,0.000000,0.000000,0.000000,-1.150122,4.429155,1.188871,-0.198937,-0.023660,-0.031228
790539982861370,left,260706.850000,1.365053,-2.930187,-0.139350,-3.473784,-1.573125,2.712296,0.000000,0.000000,-0.000000,0.000000,0.000000,0.000000,-1.135480,4.395496,1.138461,-0.186235,-0.025344,-0.029499
790539990846609,left,260706.858000,1.365089,-2.930212,-0.139362,-3.473736,-1.573161,2.712296,0.000000,0.000000,-0.000000,0.000000,0.000000,0.000000,-1.143882,4.425869,1.171470,-0.207100,-0.013493,-0.025313
790539998846911,left,260706.866000,1.365077,-2.930187,-0.139303,-3.473760,-1.573150,2.712273,0.000000,0.000000,-0.000000,0.000000,0.000000,0.000000,-1.139937,4.410731,1.205980,-0.194291,-0.011880,-0.025728
790540006853443,left,260706.874000,1.365041,-2.930212,-0.139362,-3.473772,-1.573185,2.712273,0.000000,0.000000,-0.000000,0.000000,0.000000,0.000000,-1.095774,4.370207,1.151252,-0.189793,-0.035876,-0.021407
790540014856517,left,260706.882000,1.365065,-2.930212,-0.139362,-3.473772,-1.573125,2.712308,0.000000,0.000000,-0.000000,0.000000,0.000000,0.000000,-1.111962,4.402138,1.144625,-0.189616,-0.022092,-0.020044
790540022855379,left,260706.890000,1.365065,-2.930212,-0.139350,-3.473772,-1.573138,2.712285,0.000000,0.000000,-0.000000,0.000000,0.000000,0.000000,-1.104072,4.415723,1.158216,-0.189320,-0.005378,-0.017594
790540030883297,left,260706.898000,1.365077,-2.930212,-0.139362,-3.473736,-1.573150,2.712261,0.000000,0.000000,-0.000000,0.000000,0.000000,0.000000,-1.152069,4.409632,1.198094,-0.189732,-0.017234,-0.014151
790540038848256,left,260706.906000,1.365089,-2.930224,-0.139362,-3.473760,-1.573125,2.712285,0.000000,0.000000,-0.000000,0.000000,0.000000,0.000000,-1.116255,4.416184,1.173989,-0.182601,-0.007857,-0.018934
790540046824079,left,260706.914000,1.365041,-2.930224,-0.139362,-3.473808,-1.573138,2.712261,0.000000,0.000000,-0.000000,0.000000,0.000000,0.000000,-1.137808,4.587745,1.151874,-0.190694,-0.019021,-0.029081
790540054852764,left,260706.922000,1.365077,-2.930224,-0.139350,-3.473772,-1.573161,2.712249,0.000000,0.000000,-0.000000,0.000000,0.000000,0.000000,-1.125829,4.598132,1.169340,-0.184960,-0.013136,-0.015610
790540062850667,left,260706.930000,1.365077,-2.930224,-0.139350,-3.473772,-1.573138,2.712308,0.000000,0.000000,-0.000000,0.000000,0.000000,0.000000,-1.114035,4.554329,1.139665,-0.194785,-0.026591,-0.015577
790540070859818,left,260706.938000,1.365077,-2.930212,-0.139327,-3.473748,-1.573138,2.712261,0.000000,0.000000,-0.000000,0.000000,0.000000,0.000000,-1.126269,4.550836,1.156583,-0.196237,-0.004191,-0.005558
790540078854430,left,260706.946000,1.365065,-2.930212,-0.139350,-3.473784,-1.573173,2.712285,0.000000,0.000000,-0.000000,0.000000,0.000000,0.000000,-1.136813,4.576396,1.165236,-0.178709,-0.026845,0.016933
790540086849442,left,260706.954000,1.365053,-2.930212,-0.139350,-3.473760,-1.573150,2.712261,0.000000,0.000000,-0.000000,0.000000,0.000000,0.000000,-1.097052,4.611331,1.154297,-0.189106,-0.007779,0.025575
790540094850313,left,260706.962000,1.365089,-2.930200,-0.139362,-3.473772,-1.573173,2.712333,0.000000,0.000000,-0.000000,0.000000,0.000000,0.002197,-1.116046,4.538174,1.151103,-0.191042,-0.014417,0.044317
790540102847887,left,260706.970000,1.365089,-2.930212,-0.139362,-3.473772,-1.573125,2.712346,0.000000,0.000000,-0.000000,0.000000,0.000000,0.003411,-1.125490,4.527190,1.142066,-0.190650,-0.025241,0.073222
790540110858598,left,260706.978000,1.365065,-2.930224,-0.139374,-3.473748,-1.573161,2.712383,0.000000,0.000000,-0.000000,0.000000,0.000000,0.007218,-1.071073,4.561994,1.193499,-0.193613,-0.032396,0.042847
790540118862665,left,260706.986000,1.365065,-2.930212,-0.139374,-3.473760,-1.573173,2.712444,0.000000,0.000000,-0.000000,0.000000,0.000000,0.008878,-1.106632,4.515712,1.124802,-0.182785,-0.032917,0.070198
790540126856501,left,260706.994000,1.365077,-2.930200,-0.139327,-3.473784,-1.573198,2.712492,0.000000,0.000000,-0.000000,0.000000,0.000000,0.011292,-1.120719,4.608123,1.153808,-0.196305,-0.020444,0.096000
790540134869654,left,260707.002000,1.365077,-2.930212,-0.139362,-3.473772,-1.573125,2.712589,0.000000,0.000000,-0.000000,0.000000,0.000000,0.014202,-1.083054,4.570069,1.144447,-0.192858,-0.019924,0.090686
790540142861537,left,260707.010000,1.365077,-2.930224,-0.139350,-3.473760,-1.573138,2.712686,0.000000,0.000095,-0.000000,0.000000,0.000000,0.015604,-1.113699,4.521099,1.145923,-0.188115,-0.015249,0.121888
790540150845440,left,260707.018000,1.365077,-2.930224,-0.139327,-3.473748,-1.573113,2.712842,0.000000,0.000071,-0.000000,0.000000,0.000000,0.018890,-1.115924,4.546269,1.142181,-0.190769,-0.025735,0.135765
790540158856457,left,260707.026000,1.365077,-2.930200,-0.139338,-3.473760,-1.573138,2.712976,0.000000,0.000066,-0.000000,0.000000,0.000000,0.023709,-1.075261,4.563121,1.132891,-0.175245,-0.019701,0.145449
790540166854236,left,260707.034000,1.365065,-2.930212,-0.139338,-3.473748,-1.573138,2.713194,0.000000,0.000061,-0.000000,0.000000,0.000000,0.030206,-1.053704,4.553401,1.154931,-0.198775,-0.024743,0.159824
790540174861161,left,260707.042000,1.365077,-2.930200,-0.139338,-3.473712,-1.573125,2.713460,0.000000,0.000057,-0.000000,0.000000,0.000000,0.037256,-1.062893,4.556727,1.131081,-0.186353,-0.014958,0.174177
790540182863988,left,260707.050000,1.365077,-2.930200,-0.139327,-3.473748,-1.573138,2.713785,0.000000,0.000054,-0.000000,0.000000,0.000000,0.042797,-1.076757,4.530125,1.141197,-0.190879,-0.020991,0.201799
790540190855367,left,260707.058000,1.365089,-2.930212,-0.139350,-3.473748,-1.573138,2.714136,0.000000,0.000036,-0.000000,0.000000,0.000000,0.050976,-1.057216,4.564971,1.111499,-0.200307,-0.028358,0.213085
790540198857860,left,260707.066000,1.365077,-2.930236,-0.139350,-3.473736,-1.573198,2.714594,0.000000,0.000031,-0.000000,0.000000,0.000000,0.059791,-1.070692,4.546995,1.168115,-0.179298,-0.012070,0.217029
790540206870369,left,260707.074000,1.365065,-2.930175,-0.139338,-3.473760,-1.573138,2.715136,0.000000,0.000027,-0.000000,0.000000,0.000000,0.067978,-1.136964,4.564453,1.162116,-0.194697,-0.017596,0.193610
790540214860653,left,260707.082000,1.365089,-2.930224,-0.139350,-3.473760,-1.573150,2.715701,0.000000,0.000024,-0.000000,0.000000,0.000000,0.072979,-1.111500,4.572479,1.105917,-0.187555,-0.027225,0.232801
790540222847117,left,260707.090000,1.365089,-2.930200,-0.139327,-3.473736,-1.573150,2.716326,0.000000,0.000022,-0.000000,0.000000,0.000000,0.081014,-1.107562,4.519382,1.157680,-0.174301,-0.020342,0.198742
790540230864307,left,260707.098000,1.365089,-2.930175,-0.139338,-3.473760,-1.573161,2.716987,0.000000,0.000020,-0.000000,0.000000,0.000000,0.087349,-1.138475,4.600457,1.176063,-0.183626,-0.028363,0.215559
790540238854112,left,260707.106000,1.365053,-2.930212,-0.139362,-3.473772,-1.573173,2.717684,0.000000,0.000018,-0.000000,0.000000,0.000000,0.094106,-1.115165,4.532845,1.151391,-0.192313,-0.025589,0.217852
790540246853956,left,260707.114000,1.365053,-2.930212,-0.139350,-3.473760,-1.573161,2.718501,0.000000,0.000017,-0.000000,0.000000,0.000000,0.099606,-1.097225,4.489734,1.178345,-0.192905,-0.031762,0.215466
790540254845238,left,260707.122000,1.365089,-2.930187,-0.139362,-3.473772,-1.573138,2.719305,0.000000,0.000016,-0.000000,0.000000,0.000000,0.105268,-1.128094,4.543186,1.159431,-0.179669,-0.023630,0.216001
790540262847402,left,260707.130000,1.365077,-2.930224,-0.139338,-3.473748,-1.573150,2.720169,0.000000,0.000015,-0.000000,0.000000,0.000000,0.109975,-1.094139,4.510089,1.136744,-0.188098,-0.020876,0.228455
790540270848309,left,260707.138000,1.365065,-2.930187,-0.139350,-3.473760,-1.573138,2.721118,0.000000,0.000000,-0.000000,0.000000,0.000000,0.118547,-1.093981,4.565234,1.187434,-0.187846,-0.014174,0.216576
790540278853663,left,260707.146000,1.365065,-2.930212,-0.139315,-3.473748,-1.573125,2.722090,0.000000,0.000000,-0.000000,0.000000,0.000000,0.124352,-1.093935,4.578695,1.119388,-0.171241,-0.018863,0.224707
790540286890650,left,260707.154000,1.365077,-2.930200,-0.139362,-3.473748,-1.573138,2.723098,0.000000,0.000000,-0.000000,0.000000,0.000000,0.129113,-1.140315,4.596407,1.178647,-0.196630,-0.015395,0.251029
790540294877480,left,260707.162000,1.365053,-2.930212,-0.139338,-3.473748,-1.573138,2.724190,0.000000,0.000000,-0.000000,0.000000,0.000000,0.136976,-1.134831,4.482215,1.154380,-0.179893,-0.010062,0.234551
790540302844825,left,260707.170000,1.365089,-2.930175,-0.139362,-3.473797,-1.573150,2.725342,0.000000,0.000000,-0.000000,0.000000,0.000000,0.142735,-1.100220,4.512196,1.176292,-0.186518,-0.016422,0.271936
790540310863864,left,260707.178000,1.365065,-2.930187,-0.139374,-3.473748,-1.573185,2.726555,0.000000,0.000000,-0.000000,0.000000,0.000000,0.150710,-1.135147,4.528043,1.172161,-0.175005,-0.028151,0.242527
790540318860284,left,260707.186000,1.365077,-2.930224,-0.139374,-3.473760,-1.573138,2.727802,0.000000,0.000000,-0.000000,0.000000,0.000000,0.155016,-1.110139,4.537910,1.144926,-0.184703,-0.026480,0.252289
790540326854459,left,260707.194000,1.365089,-2.930175,-0.139327,-3.473748,-1.573150,2.729097,0.000000,0.000000,-0.000000,0.000000,0.000000,0.161214,-1.157644,4.564608,1.149795,-0.183752,-0.008615,0.252801
790540334869108,left,260707.202000,1.365089,-2.930224,-0.139374,-3.473736,-1.573173,2.730476,0.000000,0.000000,-0.000000,0.000000,0.000000,0.166808,-1.120090,4.544754,1.178603,-0.188459,-0.018968,0.237577
790540342870950,left,260707.210000,1.365077,-2.930200,-0.139362,-3.473760,-1.573150,2.731844,0.000000,0.000000,-0.000000,0.000000,0.000000,0.172950,-1.155826,4.574433,1.165946,-0.187717,-0.023483,0.277075
790540350896830,left,260707.218000,1.365065,-2.930175,-0.139350,-3.473772,-1.573138,2.733223,0.000000,0.000000,-0.000000,0.000000,0.000000,0.179513,-1.148859,4.564089,1.136830,-0.193847,-0.023373,0.262107
790540358896402,left,260707.226000,1.365101,-2.930200,-0.139362,-3.473748,-1.573185,2.734710,0.000000,0.000000,-0.000000,0.000000,0.000000,0.185676,-1.122409,4.534860,1.136954,-0.192560,-0.020963,0.299367
790540366865395,left,260707.234000,1.365065,-2.930224,-0.139338,-3.473772,-1.573173,2.736222,0.000000,0.000000,-0.000000,0.000000,0.000000,0.193708,-1.156602,4.567278,1.163844,-0.179192,-0.020125,0.285786
790540374865102,left,260707.242000,1.365053,-2.930200,-0.139338,-3.473748,-1.573173,2.737828,0.000000,0.000000,-0.000000,0.000000,0.000000,0.199638,-1.087479,4.519646,1.154797,-0.168067,-0.011042,0.312429
790540382969902,left,260707.250000,1.365077,-2.930187,-0.139327,-3.473760,-1.573173,2.739413,0.000000,0.000000,-0.000000,0.000000,0.000000,0.208053,-1.144980,4.505048,1.184416,-0.175505,-0.016498,0.320099
790540390969033,left,260707.258000,1.365041,-2.930187,-0.139350,-3.473760,-1.573138,2.741105,0.000000,0.000000,-0.000000,0.000000,0.000000,0.216155,-1.146743,4.525424,1.136201,-0.184377,-0.033848,0.278392
790540398973262,left,260707.266000,1.365089,-2.930212,-0.139327,-3.473736,-1.573150,2.742831,0.000000,0.000000,-0.000000,0.000000,0.000000,0.223913,-1.144117,4.552618,1.158414,-0.168722,-0.024289,0.281443
790540407052603,left,260707.274000,1.365089,-2.930200,-0.139338,-3.473772,-1.573150,2.744665,0.000000,0.000000,-0.000000,0.000000,0.000000,0.229782,-1.145119,4.520616,1.195942,-0.177598,-0.018928,0.269178
790540414956661,left,260707.282000,1.365089,-2.930187,-0.139327,-3.473772,-1.573173,2.746500,0.000000,0.000000,-0.000000,0.000000,0.000000,0.236124,-1.127766,4.495774,1.157305,-0.178999,-0.022135,0.277555
790540423019434,left,260707.290000,1.365053,-2.930175,-0.139362,-3.473760,-1.573138,2.748393,0.000000,0.000000,-0.000000,0.000000,0.000000,0.239427,-1.151195,4.552872,1.182584,-0.179933,-0.027987,0.283024
790540430976979,left,260707.298000,1.365077,-2.930224,-0.139338,-3.473748,-1.573161,2.750336,0.000000,0.000000,-0.000000,0.000000,0.000000,0.247784,-1.164637,4.491118,1.142569,-0.187847,-0.033040,0.283310
790540438842729,left,260707.306000,1.365065,-2.930200,-0.139374,-3.473760,-1.573173,2.752380,0.000000,0.000000,-0.000000,0.000000,0.000000,0.253081,-1.128571,4.527726,1.136722,-0.167150,-0.031717,0.294073
790540446860734,left,260707.314000,1.365101,-2.930212,-0.139374,-3.473760,-1.573150,2.754383,0.000000,0.000000,-0.000000,0.000000,0.000000,0.258857,-1.157711,4.503893,1.185673,-0.186649,-0.030590,0.296940
790540454851234,left,260707.322000,1.365077,-2.930187,-0.139362,-3.473760,-1.573138,2.756520,0.000000,0.000000,-0.000000,0.000000,0.000000,0.264222,-1.181442,4.601701,1.133520,-0.171730,-0.031773,0.305430
790540462849882,left,260707.330000,1.365053,-2.930187,-0.139315,-3.473736,-1.573125,2.758751,0.000000,0.000000,-0.000000,0.000000,0.000000,0.272188,-1.100951,4.472343,1.129698,-0.179290,-0.032949,0.287576
790540470854671,left,260707.338000,1.365065,-2.930224,-0.139350,-3.473724,-1.573150,2.760968,0.000000,0.000000,-0.000000,0.000000,0.000000,0.277081,-1.127805,4.518222,1.179963,-0.186312,-0.019495,0.297845
790540478880901,left,260707.346000,1.365065,-2.930212,-0.139362,-3.473784,-1.573185,2.763256,0.000000,0.000000,-0.000000,0.000000,0.000000,0.280472,-1.117538,4.535388,1.123364,-0.165183,-0.029658,0.307383
790540486867182,left,260707.354000,1.365041,-2.930200,-0.139327,-3.473736,-1.573138,2.765557,0.000000,0.000000,-0.000000,0.000000,0.000000,0.287586,-1.131953,4.486901,1.136213,-0.177662,-0.022098,0.290622
790540494856615,left,260707.362000,1.365065,-2.930187,-0.139338,-3.473784,-1.573113,2.767919,0.000000,0.000000,-0.000000,0.000000,0.000000,0.294518,-1.111697,4.521027,1.138120,-0.173050,-0.025019,0.323491
790540502846369,left,260707.370000,1.365077,-2.930187,-0.139374,-3.473760,-1.573150,2.770282,0.000000,0.000000,-0.000000,0.000000,0.000000,0.301302,-1.153780,4.508536,1.154017,-0.188303,-0.015772,0.324310
790540510855712,left,260707.378000,1.365077,-2.930212,-0.139362,-3.473760,-1.573138,2.772631,0.000000,0.000000,-0.000000,0.000000,0.000000,0.309980,-1.187810,4.527390,1.145320,-0.165424,-0.025036,0.328616
790540518845539,left,260707.386000,1.365053,-2.930212,-0.139374,-3.473760,-1.573161,2.775149,0.000000,0.000000,-0.000000,0.000000,0.000000,0.318396,-1.126979,4.520380,1.172585,-0.175364,-0.032240,0.328471
790540526843622,left,260707.394000,1.365077,-2.930212,-0.139350,-3.473748,-1.573173,2.777725,0.000000,0.000000,-0.000000,0.000000,0.000000,0.324589,-1.151800,4.512106,1.150946,-0.175283,-0.028716,0.299875
790540534856244,left,260707.402000,1.365077,-2.930175,-0.139374,-3.473748,-1.573138,2.780290,0.000000,0.000000,-0.000000,0.000000,0.000000,0.329770,-1.162182,4.501151,1.133317,-0.178656,-0.017919,0.309662
790540542856123,left,260707.410000,1.365077,-2.930247,-0.139386,-3.473772,-1.573125,2.782987,0.000000,0.000000,-0.000000,0.000000,0.000000,0.337961,-1.159484,4.512369,1.129780,-0.173320,-0.032919,0.286779
790540550853577,left,260707.418000,1.365077,-2.930200,-0.139398,-3.473797,-1.573113,2.785707,0.000000,0.000000,-0.000000,0.000000,0.000000,0.343612,-1.143279,4.493812,1.177006,-0.180450,-0.030121,0.311708
790540558849546,left,260707.426000,1.365077,-2.930224,-0.139327,-3.473724,-1.573138,2.788512,0.000000,0.000000,-0.000000,0.000000,0.000000,0.350101,-1.159868,4.521059,1.142665,-0.173428,-0.037179,0.346135
790540566857442,left,260707.434000,1.365077,-2.930236,-0.139338,-3.473784,-1.573161,2.791387,0.000000,0.000000,-0.000000,0.000000,0.000000,0.356179,-1.128629,4.503298,1.176640,-0.174943,-0.028634,0.302581
790540574859040,left,260707.442000,1.365053,-2.930224,-0.139350,-3.473760,-1.573173,2.794310,0.000000,0.000000,-0.000000,0.000000,0.000000,0.358992,-1.131236,4.512647,1.177917,-0.178880,-0.036411,0.340973
790540582857310,left,260707.450000,1.365101,-2.930224,-0.139338,-3.473760,-1.573185,2.797222,0.000000,0.000000,-0.000000,0.000000,0.000000,0.365053,-1.130677,4.474502,1.149567,-0.167268,-0.027340,0.327429
790540590856049,left,260707.458000,1.365065,-2.930200,-0.139362,-3.473748,-1.573125,2.800170,0.000000,0.000000,-0.000000,0.000000,0.000000,0.371457,-1.199289,4.474490,1.158783,-0.178268,-0.024394,0.340242
790540598856103,left,260707.466000,1.365077,-2.930224,-0.139386,-3.473760,-1.573138,2.803118,0.000000,0.000000,-0.000000,0.000000,0.000000,0.379326,-1.128931,4.528664,1.152196,-0.180131,-0.032185,0.345327
790540606860954,left,260707.474000,1.365101,-2.930187,-0.139374,-3.473772,-1.573150,2.806163,0.000000,0.000000,-0.000000,0.000000,0.000000,0.387793,-1.191822,4.526787,1.160472,-0.166649,-0.033341,0.358286
790540614981400,left,260707.482000,1.365077,-2.930187,-0.139374,-3.473784,-1.573113,2.809303,0.000000,0.000000,-0.000000,0.000000,0.000000,0.395335,-1.159045,4.502879,1.138681,-0.165027,-0.033999,0.324744
790540622895580,left,260707.490000,1.365101,-2.930212,-0.139374,-3.473760,-1.573150,2.812459,0.000000,0.000000,-0.000000,0.000000,0.000000,0.400954,-1.178052,4.500370,1.138178,-0.174355,-0.037550,0.350011
790540630976003,left,260707.498000,1.365053,-2.930175,-0.139350,-3.473748,-1.573125,2.815723,0.000000,0.000000,-0.000000,0.000000,0.000000,0.407777,-1.179535,4.519835,1.161016,-0.176119,-0.046494,0.332045
790540638996720,left,260707.506000,1.365065,-2.930212,-0.139327,-3.473772,-1.573173,2.818990,0.000000,0.000000,-0.000000,0.000000,0.000000,0.412262,-1.154339,4.453515,1.134596,-0.175946,-0.050055,0.343637
790540646954296,left,260707.514000,1.365101,-2.930212,-0.139338,-3.473760,-1.573150,2.822365,0.000000,0.000000,-0.000000,0.000000,0.000000,0.418633,-1.192040,4.509828,1.193397,-0.167199,-0.041632,0.345176
790540654976623,left,260707.522000,1.365089,-2.930212,-0.139362,-3.473748,-1.573150,2.825814,0.000000,0.000000,-0.000000,0.000000,0.000000,0.422586,-1.193243,4.509406,1.187007,-0.167954,-0.040663,0.351481
790540662983220,left,260707.530000,1.365053,-2.930187,-0.139350,-3.473748,-1.573138,2.829233,0.000000,0.000000,-0.000000,0.000000,0.000000,0.427792,-1.150164,4.514796,1.155753,-0.164986,-0.037499,0.354821
790540670966373,left,260707.538000,1.365101,-2.930187,-0.139338,-3.473760,-1.573173,2.832693,0.000000,0.000000,-0.000000,0.000000,0.000000,0.436547,-1.189621,4.530693,1.174064,-0.166901,-0.045314,0.356449
790540678981318,left,260707.546000,1.365089,-2.930200,-0.139350,-3.473748,-1.573150,2.836165,0.000000,0.000000,-0.000000,0.000000,0.000000,0.445444,-1.206598,4.502788,1.179890,-0.166513,-0.054210,0.339218
790540686981462,left,260707.554000,1.365053,-2.930187,-0.139362,-3.473748,-1.573161,2.839746,0.000000,0.000000,-0.000000,0.000000,0.000000,0.452607,-1.199310,4.515618,1.143927,-0.173231,-0.042714,0.354737
790540694993789,left,260707.562000,1.365101,-2.930224,-0.139338,-3.473748,-1.573138,2.843289,0.000000,0.000000,-0.000000,0.000000,0.000000,0.458259,-1.161072,4.503277,1.201397,-0.169475,-0.052401,0.374302
790540702894059,left,260707.570000,1.365089,-2.930212,-0.139362,-3.473748,-1.573138,2.847012,0.000000,0.000000,-0.000000,0.000000,0.000000,0.465701,-1.161839,4.523086,1.180280,-0.166127,-0.046663,0.365790
790540710946522,left,260707.578000,1.365077,-2.930200,-0.139386,-3.473748,-1.573150,2.850807,0.000000,0.000000,-0.000000,0.000000,0.000000,0.472259,-1.204622,4.497441,1.166466,-0.166580,-0.059423,0.391109
790540718946762,left,260707.586000,1.365077,-2.930224,-0.139362,-3.473772,-1.573138,2.854660,0.000000,0.000000,-0.000000,0.000000,0.000000,0.478326,-1.174431,4.474847,1.143204,-0.161365,-0.041850,0.350654
790540726975486,left,260707.594000,1.365077,-2.930212,-0.139350,-3.473760,-1.573161,2.858610,0.000000,0.000000,-0.000000,0.000000,0.000000,0.480569,-1.169900,4.497902,1.178374,-0.151384,-0.037542,0.349686
790540734958150,left,260707.602000,1.365053,-2.930224,-0.139362,-3.473784,-1.573125,2.862489,0.000000,0.000000,-0.000000,0.000000,0.000000,0.484952,-1.166767,4.509786,1.124630,-0.160799,-0.048681,0.376541
790540742942451,left,260707.610000,1.365053,-2.930236,-0.139386,-3.473748,-1.573173,2.866367,0.000000,0.000000,-0.000000,0.000000,0.000000,0.493579,-1.207777,4.513201,1.145137,-0.150131,-0.050082,0.359311
790540750958417,left,260707.618000,1.365065,-2.930187,-0.139374,-3.473748,-1.573161,2.870320,0.000000,0.000000,-0.000000,0.000000,0.000000,0.501481,-1.227111,4.499476,1.188003,-0.163994,-0.049988,0.383211
790540758977884,left,260707.626000,1.365113,-2.930212,-0.139315,-3.473760,-1.573138,2.874318,0.000000,0.000000,-0.000000,0.000000,0.000000,0.507730,-1.176580,4.535868,1.158925,-0.162306,-0.046260,0.388743
790540766953751,left,260707.634000,1.365065,-2.930187,-0.139362,-3.473784,-1.573125,2.878429,0.000000,0.000000,-0.000000,0.000000,0.000000,0.515362,-1.182534,4.523413,1.141060,-0.159597,-0.056890,0.390761
790540774888160,left,260707.642000,1.365065,-2.930175,-0.139374,-3.473748,-1.573150,2.882568,0.000000,0.000000,-0.000000,0.000000,0.000000,0.520223,-1.206197,4.509360,1.163373,-0.174959,-0.060054,0.391287
790540782886785,left,260707.650000,1.365065,-2.930200,-0.139362,-3.473784,-1.573138,2.886948,0.000000,0.000000,-0.000000,0.000000,0.000000,0.528871,-1.212843,4.512673,1.133201,-0.160976,-0.050949,0.347950
790540790892789,left,260707.658000,1.365041,-2.930212,-0.139350,-3.473748,-1.573150,2.891181,0.000000,0.000000,-0.000000,0.000000,0.000000,0.531315,-1.193784,4.507318,1.127158,-0.149965,-0.051249,0.360320
790540798869234,left,260707.666000,1.365101,-2.930236,-0.139338,-3.473760,-1.573138,2.895437,0.000000,0.000000,-0.000000,0.000000,0.000000,0.535923,-1.187234,4.506564,1.148893,-0.160792,-0.068955,0.387514
790540806859239,left,260707.674000,1.365065,-2.930247,-0.139350,-3.473736,-1.573138,2.899722,0.000000,0.000000,-0.000000,0.000000,0.000000,0.546362,-1.229285,4.484647,1.151148,-0.162245,-0.051113,0.401526
790540814855276,left,260707.682000,1.365089,-2.930224,-0.139374,-3.473784,-1.573113,2.904042,0.000000,0.000000,-0.000000,0.000000,0.000000,0.555619,-1.196382,4.487842,1.153915,-0.160120,-0.065449,0.370184
790540822850135,left,260707.690000,1.365077,-2.930236,-0.139315,-3.473760,-1.573150,2.908551,0.000000,0.000000,-0.000000,0.000000,0.000000,0.560586,-1.181736,4.496863,1.147338,-0.150594,-0.053943,0.387605
790540830847897,left,260707.698000,1.365077,-2.930224,-0.139350,-3.473748,-1.573113,2.913061,0.000000,0.000000,-0.000000,0.000000,0.000000,0.566739,-1.216985,4.487598,1.158845,-0.161625,-0.063035,0.434465
790540838881311,left,260707.706000,1.365089,-2.930187,-0.139350,-3.473784,-1.573125,2.917702,0.000000,0.000000,-0.000000,0.000000,0.000000,0.573942,-1.214611,4.523291,1.115227,-0.157345,-0.066148,0.375145
790540846863574,left,260707.714000,1.365065,-2.930200,-0.139362,-3.473772,-1.573150,2.922378,0.000000,0.000000,-0.000000,0.000000,0.000000,0.576190,-1.188933,4.554460,1.150429,-0.147633,-0.062352,0.382727
790540854846736,left,260707.722000,1.365065,-2.930212,-0.139362,-3.473760,-1.573125,2.926996,0.000000,0.000000,-0.000000,0.000000,0.000000,0.581078,-1.177797,4.485653,1.159867,-0.154999,-0.063473,0.442101
790540862848649,left,260707.730000,1.365077,-2.930187,-0.139362,-3.473797,-1.573173,2.931616,0.000000,0.000000,-0.000000,0.000000,0.000000,0.591516,-1.188749,4.538956,1.144803,-0.152940,-0.051656,0.394176
790540870861152,left,260707.738000,1.365077,-2.930212,-0.139374,-3.473760,-1.573138,2.936344,0.000000,0.000000,-0.000000,0.000000,0.000000,0.599347,-1.251289,4.472850,1.119456,-0.157558,-0.054738,0.383022
790540878872780,left,260707.746000,1.365077,-2.930200,-0.139374,-3.473748,-1.573161,2.941144,0.000000,0.000000,-0.000000,0.000000,0.000000,0.604981,-1.238478,4.515692,1.165462,-0.156715,-0.051422,0.425952
790540886853058,left,260707.754000,1.365077,-2.930224,-0.139362,-3.473748,-1.573150,2.946063,0.000000,0.000000,-0.000000,0.000000,0.000000,0.613826,-1.178392,4.495218,1.157287,-0.148307,-0.070358,0.392325
790540894845670,left,260707.762000,1.365077,-2.930175,-0.139350,-3.473760,-1.573138,2.951071,0.000000,0.000000,-0.000000,0.000000,0.000000,0.616938,-1.206886,4.534651,1.141296,-0.142932,-0.053189,0.410474
790540902843911,left,260707.770000,1.365065,-2.930175,-0.139362,-3.473748,-1.573150,2.956068,0.000000,0.000000,-0.000000,0.000000,0.000000,0.621126,-1.208248,4.506547,1.132969,-0.151530,-0.056160,0.403784
790540910856424,left,260707.778000,1.365077,-2.930224,-0.139362,-3.473748,-1.573161,2.961066,0.000000,0.000000,-0.000000,0.000000,0.000000,0.628893,-1.235415,4.505884,1.156798,-0.151225,-0.061479,0.392493
790540918846681,left,260707.786000,1.365089,-2.930187,-0.139362,-3.473736,-1.573138,2.966053,0.000000,0.000000,-0.000000,0.000000,0.000000,0.637767,-1.223217,4.536469,1.128272,-0.170279,-0.060207,0.411726
790540926845438,left,260707.794000,1.365065,-2.930187,-0.139362,-3.473760,-1.573173,2.971159,0.000000,0.000000,-0.000000,0.000000,0.000000,0.643313,-1.221356,4.508354,1.155628,-0.155810,-0.053058,0.394737
790540934847044,left,260707.802000,1.365041,-2.930200,-0.139362,-3.473748,-1.573161,2.976358,0.000000,0.000000,-0.000000,0.000000,0.000000,0.649933,-1.162032,4.485992,1.184190,-0.162930,-0.051746,0.423551
790540942848347,left,260707.810000,1.365065,-2.930224,-0.139374,-3.473760,-1.573150,2.981647,0.000000,0.000000,-0.000000,0.000000,0.000000,0.656242,-1.183401,4.502507,1.160427,-0.151099,-0.068853,0.416896
790540950847008,left,260707.818000,1.365077,-2.930175,-0.139338,-3.473748,-1.573138,2.986977,0.000000,0.000000,-0.000000,0.000000,0.000000,0.660650,-1.242473,4.508792,1.160545,-0.157600,-0.058611,0.419082
790540958845094,left,260707.826000,1.365077,-2.930175,-0.139374,-3.473760,-1.573185,2.992276,0.000000,0.000000,-0.000000,0.000000,0.000000,0.667102,-1.230737,4.479841,1.118047,-0.154817,-0.067329,0.416865
790540966848536,left,260707.834000,1.365077,-2.930187,-0.139362,-3.473748,-1.573185,2.997516,0.000000,0.000000,-0.000000,0.000000,0.000000,0.676823,-1.213296,4.489833,1.145964,-0.160677,-0.055199,0.397747
790540974852982,left,260707.842000,1.365089,-2.930236,-0.139374,-3.473736,-1.573161,3.002945,0.000000,0.000000,-0.000000,0.000000,0.000000,0.683353,-1.232062,4.504784,1.106511,-0.157548,-0.069680,0.452762
790540982846824,left,260707.850000,1.365089,-2.930187,-0.139338,-3.473772,-1.573113,3.008443,0.000000,0.000000,-0.000000,0.000000,0.000000,0.688781,-1.262263,4.517554,1.141201,-0.161225,-0.049849,0.406475
790540990863961,left,260707.858000,1.365089,-2.930200,-0.139374,-3.473760,-1.573173,3.014130,0.000000,0.000000,-0.000000,0.000000,0.000000,0.694323,-1.234979,4.496552,1.131779,-0.157484,-0.076452,0.404282
790540998843716,left,260707.866000,1.365101,-2.930212,-0.139362,-3.473760,-1.573161,3.019732,0.000000,0.000000,-0.000000,0.000000,0.000000,0.697380,-1.266304,4.485987,1.154362,-0.165034,-0.060774,0.415256
790541006851764,left,260707.874000,1.365077,-2.930187,-0.139362,-3.473760,-1.573161,3.025242,0.000000,0.000000,-0.000000,0.000000,0.000000,0.706562,-1.212542,4.505977,1.169739,-0.164444,-0.076266,0.419882
790541014851202,left,260707.882000,1.365077,-2.930212,-0.139350,-3.473784,-1.573173,3.030832,0.000000,0.000000,-0.000000,0.000000,0.000000,0.712717,-1.250181,4.503175,1.122560,-0.172296,-0.069558,0.437098
790541022845932,left,260707.890000,1.365077,-2.930200,-0.139350,-3.473760,-1.573185,3.036578,0.000000,0.000000,-0.000000,0.000000,0.000000,0.718266,-1.174187,4.492651,1.129703,-0.156869,-0.064380,0.451356
790541030845411,left,260707.898000,1.365041,-2.930200,-0.139350,-3.473784,-1.573161,3.042457,0.000000,0.000000,-0.000000,0.000000,0.000000,0.727947,-1.236824,4.480536,1.131016,-0.151977,-0.063264,0.408814
790541038863336,left,260707.906000,1.365077,-2.930212,-0.139327,-3.473772,-1.573138,3.048420,0.000000,0.000000,-0.000000,0.000000,0.000000,0.732547,-1.256467,4.470406,1.144570,-0.164387,-0.059056,0.433665
790541046850925,left,260707.914000,1.365053,-2.930224,-0.139338,-3.473784,-1.573161,3.054214,0.000000,0.000000,-0.000000,0.000000,0.000000,0.738670,-1.216782,4.516273,1.122605,-0.157054,-0.068672,0.435177
790541054851399,left,260707.922000,1.365053,-2.930175,-0.139338,-3.473772,-1.573150,3.060093,0.000000,0.000000,-0.000000,0.000000,0.000000,0.746565,-1.221459,4.500691,1.114043,-0.148880,-0.061859,0.415922
790541062846049,left,260707.930000,1.365053,-2.930187,-0.139362,-3.473760,-1.573150,3.066055,0.000000,0.000000,-0.000000,0.000000,0.000000,0.751148,-1.220881,4.489666,1.130368,-0.160890,-0.080162,0.451033
790541070858825,left,260707.938000,1.365065,-2.930200,-0.139386,-3.473784,-1.573161,3.072139,0.000000,0.000000,-0.000000,0.000000,0.000000,0.757980,-1.250031,4.514339,1.142072,-0.155537,-0.080207,0.477762
790541078854857,left,260707.946000,1.365089,-2.930187,-0.139374,-3.473760,-1.573161,3.078343,0.000000,0.000000,-0.000000,0.000000,0.000000,0.763463,-1.228247,4.488760,1.135773,-0.146075,-0.071359,0.415312
790541086847810,left,260707.954000,1.365077,-2.930236,-0.139362,-3.473797,-1.573138,3.084473,0.000000,0.000000,-0.000000,0.000000,0.000000,0.768474,-1.239177,4.500507,1.140275,-0.160098,-0.069505,0.467304
790541094845124,left,260707.962000,1.365065,-2.930187,-0.139374,-3.473748,-1.573161,3.090571,0.000000,0.000000,-0.000000,0.000000,0.000000,0.778236,-1.218983,4.493024,1.140537,-0.154124,-0.072976,0.435170
790541102854955,left,260707.970000,1.365065,-2.930224,-0.139362,-3.473784,-1.573125,3.096739,0.000000,0.000000,-0.000000,0.000000,0.000000,0.783512,-1.254439,4.488333,1.141806,-0.159763,-0.065514,0.457278
790541110853047,left,260707.978000,1.365077,-2.930200,-0.139338,-3.473797,-1.573150,3.103145,0.000000,0.000000,-0.000000,0.000000,0.000000,0.793166,-1.212741,4.478292,1.139476,-0.154590,-0.077441,0.474935
790541118847354,left,260707.986000,1.365113,-2.930200,-0.139374,-3.473748,-1.573125,3.109632,0.000000,0.000000,-0.000000,0.000000,0.000000,0.789157,-1.272190,4.509156,1.152014,-0.146834,-0.070200,0.332109
790541126845804,left,260707.994000,1.365077,-2.930200,-0.139398,-3.473748,-1.573150,3.115854,0.000000,0.000000,-0.000000,0.000000,0.000000,0.780003,-1.227981,4.482882,1.109722,-0.159888,-0.062416,0.389715
790541134846328,left,260708.002000,1.365089,-2.930187,-0.139350,-3.473748,-1.573185,3.121888,0.000000,0.000000,-0.000000,0.000000,0.000000,0.776654,-1.244869,4.484514,1.155720,-0.145149,-0.072429,0.394455
790541142852030,left,260708.010000,1.365077,-2.930200,-0.139374,-3.473748,-1.573138,3.128028,0.000000,0.000000,-0.000000,0.000000,0.000000,0.770946,-1.286271,4.507469,1.107606,-0.154150,-0.064879,0.389908
790541150844806,left,260708.018000,1.365089,-2.930187,-0.139327,-3.473760,-1.573113,3.134184,0.000000,0.000000,-0.000000,0.000000,0.000000,0.763797,-1.266840,4.484153,1.138487,-0.156479,-0.066999,0.440412
790541158846874,left,260708.026000,1.365053,-2.930212,-0.139362,-3.473748,-1.573198,3.140400,0.000000,0.000000,-0.000000,0.000000,0.000000,0.757079,-1.234275,4.497350,1.103814,-0.157226,-0.063441,0.346788
790541166863923,left,260708.034000,1.365065,-2.930224,-0.139362,-3.473748,-1.573138,3.146457,0.000000,0.000000,-0.000000,0.000000,0.000000,0.747830,-1.244409,4.519755,1.132343,-0.150096,-0.075092,0.406440
790541174856691,left,260708.042000,1.365053,-2.930200,-0.139350,-3.473784,-1.573113,3.152302,0.000000,0.000000,-0.000000,0.000000,0.000000,0.742468,-1.249877,4.487509,1.099359,-0.155840,-0.063197,0.402693
790541182845959,left,260708.050000,1.365089,-2.930187,-0.139386,-3.473748,-1.573150,3.158171,0.000000,0.000000,-0.000000,0.000000,0.000000,0.738502,-1.236279,4.490542,1.109084,-0.152258,-0.073002,0.386381
790541190857709,left,260708.058000,1.365077,-2.930212,-0.139350,-3.473748,-1.573185,3.164062,0.000000,0.000000,-0.000000,0.000000,0.000000,0.731826,-1.274004,4.481336,1.127023,-0.149568,-0.061177,0.415155
790541198854897,left,260708.066000,1.365089,-2.930175,-0.139350,-3.473760,-1.573161,3.169967,0.000000,0.000000,-0.000000,0.000000,0.000000,0.726499,-1.274957,4.495599,1.131241,-0.152576,-0.071874,0.363892
790541206973997,left,260708.074000,1.365077,-2.930187,-0.139350,-3.473736,-1.573138,3.175818,0.000000,0.000000,-0.000000,0.000000,0.000000,0.714421,-1.254658,4.525841,1.134391,-0.139119,-0.067793,0.432826
790541214978878,left,260708.082000,1.365077,-2.930187,-0.139362,-3.473760,-1.573138,3.181434,0.000000,0.000000,-0.000000,0.000000,0.000000,0.708267,-1.292133,4.489993,1.135918,-0.159667,-0.077363,0.383352
790541222992739,left,260708.090000,1.365089,-2.930200,-0.139338,-3.473772,-1.573173,3.187037,0.000000,0.000000,-0.000000,0.000000,0.000000,0.707190,-1.272392,4.470541,1.106722,-0.143937,-0.080364,0.367909
790541230978319,left,260708.098000,1.365065,-2.930212,-0.139327,-3.473736,-1.573173,3.192599,0.000000,0.000000,-0.000000,0.000000,0.000000,0.700111,-1.284471,4.519515,1.149528,-0.157506,-0.071616,0.408107
790541239026935,left,260708.106000,1.365101,-2.930212,-0.139350,-3.473748,-1.573173,3.198197,0.000000,0.000000,-0.000000,0.000000,0.000000,0.696790,-1.280953,4.519914,1.136257,-0.148807,-0.081822,0.355873
790541246991374,left,260708.114000,1.365065,-2.930212,-0.139350,-3.473760,-1.573138,3.203851,0.000000,0.000000,-0.000000,0.000000,0.000000,0.687349,-1.289133,4.525416,1.134725,-0.149498,-0.072567,0.381422
790541254979748,left,260708.122000,1.365077,-2.930200,-0.139374,-3.473736,-1.573185,3.209312,0.000000,0.000000,-0.000000,0.000000,0.000000,0.679316,-1.282145,4.497473,1.104494,-0.152293,-0.063482,0.382649
790541262995021,left,260708.130000,1.365029,-2.930175,-0.139338,-3.473772,-1.573150,3.214597,0.000000,0.000000,-0.000000,0.000000,0.000000,0.673066,-1.252384,4.499455,1.095711,-0.146352,-0.088254,0.393346
790541270853662,left,260708.138000,1.365077,-2.930187,-0.139338,-3.473748,-1.573185,3.219882,0.000000,0.000000,-0.000000,0.000000,0.000000,0.669204,-1.327861,4.489967,1.142335,-0.145872,-0.060042,0.370116
790541278963410,left,260708.146000,1.365077,-2.930200,-0.139362,-3.473760,-1.573150,3.225247,0.000000,0.000000,-0.000000,0.000000,0.000000,0.662168,-1.259541,4.474250,1.126540,-0.159703,-0.080968,0.368319
790541286961759,left,260708.154000,1.365065,-2.930187,-0.139362,-3.473748,-1.573125,3.230593,0.000000,0.000000,-0.000000,0.000000,0.000000,0.656733,-1.288444,4.487300,1.155476,-0.153082,-0.073129,0.361915
790541294913201,left,260708.162000,1.365065,-2.930224,-0.139386,-3.473724,-1.573113,3.235861,0.000000,0.000000,-0.000000,0.000000,0.000000,0.646358,-1.260482,4.528625,1.141546,-0.153152,-0.073919,0.341314
790541302896876,left,260708.170000,1.365065,-2.930200,-0.139362,-3.473748,-1.573161,3.240989,0.000000,0.000000,-0.000000,0.000000,0.000000,0.638948,-1.277761,4.514025,1.118472,-0.154830,-0.080113,0.366547
790541310874812,left,260708.178000,1.365077,-2.930200,-0.139386,-3.473784,-1.573138,3.245986,0.000000,0.000000,-0.000000,0.000000,0.000000,0.635638,-1.273678,4.473922,1.140436,-0.134968,-0.080130,0.354450
790541318866396,left,260708.186000,1.365065,-2.930200,-0.139374,-3.473748,-1.573125,3.250998,0.000000,0.000000,-0.000000,0.000000,0.000000,0.631288,-1.242374,4.495052,1.104928,-0.144514,-0.093005,0.328608
790541326853665,left,260708.194000,1.365053,-2.930175,-0.139338,-3.473748,-1.573150,3.256075,0.000000,0.000000,-0.000000,0.000000,0.000000,0.621498,-1.312391,4.473764,1.142732,-0.151231,-0.083937,0.375238
790541334855677,left,260708.202000,1.365101,-2.930224,-0.139350,-3.473772,-1.573161,3.261078,0.000000,0.000000,-0.000000,0.000000,0.000000,0.616573,-1.309714,4.511910,1.118392,-0.148683,-0.079653,0.346866
790541342863979,left,260708.210000,1.365101,-2.930224,-0.139362,-3.473784,-1.573150,3.266045,0.000000,0.000000,-0.000000,0.000000,0.000000,0.608847,-1.276519,4.483087,1.124540,-0.153659,-0.076048,0.368874
790541350991845,left,260708.218000,1.365053,-2.930200,-0.139362,-3.473760,-1.573161,3.270867,0.000000,0.000000,-0.000000,0.000000,0.000000,0.600448,-1.269648,4.519297,1.121280,-0.149465,-0.075202,0.369243
790541358981829,left,260708.226000,1.365053,-2.930247,-0.139350,-3.473760,-1.573125,3.275571,0.000000,0.000000,-0.000000,0.000000,0.000000,0.594532,-1.290504,4.499115,1.113659,-0.158738,-0.082399,0.370588
790541366977945,left,260708.234000,1.365053,-2.930224,-0.139362,-3.473748,-1.573138,3.280217,0.000000,0.000000,-0.000000,0.000000,0.000000,0.591669,-1.273323,4.478246,1.148902,-0.139241,-0.083695,0.355393
790541374914874,left,260708.242000,1.365065,-2.930187,-0.139362,-3.473760,-1.573150,3.284907,0.000000,0.000000,-0.000000,0.000000,0.000000,0.585642,-1.279276,4.523677,1.086949,-0.148979,-0.085979,0.361589
790541382958404,left,260708.250000,1.365077,-2.930187,-0.139374,-3.473772,-1.573138,3.289551,0.000000,0.000000,-0.000000,0.000000,0.000000,0.580852,-1.317911,4.536494,1.108987,-0.152692,-0.085203,0.347959
790541390980823,left,260708.258000,1.365041,-2.930200,-0.139362,-3.473760,-1.573125,3.294220,0.000000,0.000000,-0.000000,0.000000,0.000000,0.575794,-1.263631,4.508294,1.109181,-0.158375,-0.097085,0.314769
790541398984145,left,260708.266000,1.365089,-2.930175,-0.139374,-3.473748,-1.573150,3.298838,0.000000,0.000000,-0.000000,0.000000,0.000000,0.564741,-1.266657,4.491173,1.148335,-0.148661,-0.086453,0.327505
790541406983036,left,260708.274000,1.365089,-2.930212,-0.139386,-3.473784,-1.573161,3.303348,0.000000,0.000000,-0.000000,0.000000,0.000000,0.555503,-1.305510,4.499426,1.111512,-0.147611,-0.080220,0.371970
790541414983335,left,260708.282000,1.365077,-2.930164,-0.139362,-3.473736,-1.573161,3.307670,0.000000,0.000000,-0.000000,0.000000,0.000000,0.552373,-1.283637,4.456316,1.079944,-0.159046,-0.104116,0.372170
790541422971717,left,260708.290000,1.365089,-2.930187,-0.139386,-3.473760,-1.573185,3.312015,0.000000,0.000000,-0.000000,0.000000,0.000000,0.547372,-1.277480,4.523061,1.141145,-0.145473,-0.084178,0.332123
790541430975391,left,260708.298000,1.365053,-2.930247,-0.139362,-3.473736,-1.573150,3.316316,0.000000,0.000000,-0.000000,0.000000,0.000000,0.540403,-1.304278,4.504328,1.109948,-0.150780,-0.081410,0.328070
790541438995310,left,260708.306000,1.365077,-2.930212,-0.139362,-3.473784,-1.573150,3.320628,0.000000,0.000000,-0.000000,0.000000,0.000000,0.534098,-1.298170,4.515181,1.134562,-0.153442,-0.092582,0.360420
790541446980502,left,260708.314000,1.365041,-2.930200,-0.139374,-3.473760,-1.573185,3.324953,0.000000,0.000000,-0.000000,0.000000,0.000000,0.528188,-1.307172,4.546887,1.132447,-0.145228,-0.084911,0.336364
790541454988216,left,260708.322000,1.365065,-2.930224,-0.139386,-3.473797,-1.573161,3.329216,0.000000,0.000000,-0.000000,0.000000,0.000000,0.520237,-1.262601,4.515730,1.109006,-0.137903,-0.075344,0.295821
790541462976182,left,260708.330000,1.365053,-2.930200,-0.139338,-3.473760,-1.573113,3.333383,0.000000,0.000000,-0.000000,0.000000,0.000000,0.510578,-1.266516,4.520761,1.092343,-0.145891,-0.066152,0.337556
790541470972236,left,260708.338000,1.365089,-2.930187,-0.139362,-3.473748,-1.573150,3.337371,0.000000,0.000000,-0.000000,0.000000,0.000000,0.504252,-1.308724,4.552817,1.117853,-0.151245,-0.082411,0.337420
790541478958723,left,260708.346000,1.365065,-2.930200,-0.139362,-3.473760,-1.573138,3.341278,0.000000,0.000000,-0.000000,0.000000,0.000000,0.500876,-1.313801,4.503335,1.123745,-0.146807,-0.090122,0.360427
790541486976014,left,260708.354000,1.365089,-2.930212,-0.139350,-3.473748,-1.573150,3.345218,0.000000,0.000000,-0.000000,0.000000,0.000000,0.495705,-1.304819,4.523002,1.113661,-0.156460,-0.080119,0.315589
790541494981352,left,260708.362000,1.365041,-2.930212,-0.139338,-3.473772,-1.573161,3.349158,0.000000,0.000000,-0.000000,0.000000,0.000000,0.490246,-1.303569,4.553054,1.153750,-0.145356,-0.082472,0.326671
790541502998203,left,260708.370000,1.365089,-2.930187,-0.139327,-3.473748,-1.573161,3.353015,0.000000,0.000000,-0.000000,0.000000,0.000000,0.485235,-1.291735,4.509633,1.106087,-0.159038,-0.066667,0.297569
790541510926420,left,260708.378000,1.365065,-2.930212,-0.139362,-3.473760,-1.573138,3.356931,0.000000,0.000000,-0.000000,0.000000,0.000000,0.477892,-1.335509,4.527889,1.130486,-0.139740,-0.079929,0.292648
790541518981195,left,260708.386000,1.365041,-2.930212,-0.139350,-3.473772,-1.573150,3.360775,0.000000,0.000000,-0.000000,0.000000,0.000000,0.467444,-1.285803,4.520168,1.117687,-0.148390,-0.091755,0.300796
790541526999860,left,260708.394000,1.365089,-2.930212,-0.139362,-3.473748,-1.573138,3.364510,0.000000,0.000000,-0.000000,0.000000,0.000000,0.459732,-1.341177,4.531221,1.107034,-0.149831,-0.077745,0.302122
790541534998098,left,260708.402000,1.365065,-2.930212,-0.139350,-3.473760,-1.573138,3.368091,0.000000,0.000000,-0.000000,0.000000,0.000000,0.453732,-1.297280,4.548242,1.132200,-0.148092,-0.077612,0.337342
790541542924253,left,260708.410000,1.365101,-2.930187,-0.139362,-3.473760,-1.573185,3.371626,0.000000,0.000000,-0.000000,0.000000,0.000000,0.449430,-1.311462,4.517194,1.147203,-0.140235,-0.091098,0.325222
790541551014534,left,260708.418000,1.365065,-2.930200,-0.139374,-3.473760,-1.573150,3.375148,0.000000,0.000000,-0.000000,0.000000,0.000000,0.447539,-1.311554,4.504823,1.132373,-0.155376,-0.080215,0.291341
790541558989472,left,260708.426000,1.365065,-2.930236,-0.139338,-3.473784,-1.573173,3.378671,0.000000,0.000000,-0.000000,0.000000,0.000000,0.438430,-1.321400,4.536841,1.094895,-0.144698,-0.086560,0.321746
790541566990064,left,260708.434000,1.365065,-2.930200,-0.139350,-3.473736,-1.573161,3.382170,0.000000,0.000000,-0.000000,0.000000,0.000000,0.432088,-1.307904,4.504033,1.117841,-0.149891,-0.077635,0.312859
790541575026413,left,260708.442000,1.365101,-2.930175,-0.139350,-3.473797,-1.573161,3.385562,0.000000,0.000000,-0.000000,0.000000,0.000000,0.425642,-1.358999,4.476232,1.085077,-0.141601,-0.083705,0.296257
790541582961516,left,260708.450000,1.365065,-2.930187,-0.139362,-3.473772,-1.573150,3.389048,0.000000,0.000000,-0.000000,0.000000,0.000000,0.418425,-1.359812,4.536918,1.122217,-0.141484,-0.077373,0.279587
790541590939123,left,260708.458000,1.365065,-2.930200,-0.139338,-3.473772,-1.573173,3.392415,0.000000,0.000000,-0.000000,0.000000,0.000000,0.409348,-1.301769,4.477255,1.101460,-0.135367,-0.084047,0.288257
790541598889568,left,260708.466000,1.365053,-2.930224,-0.139338,-3.473748,-1.573161,3.395638,0.000000,0.000000,-0.000000,0.000000,0.000000,0.404180,-1.329848,4.482141,1.076061,-0.145225,-0.093973,0.283280
790541606871633,left,260708.474000,1.365041,-2.930200,-0.139350,-3.473760,-1.573173,3.398802,0.000000,0.000000,-0.000000,0.000000,0.000000,0.397826,-1.349118,4.491666,1.125255,-0.143817,-0.096403,0.286461
790541614847620,left,260708.482000,1.365065,-2.930187,-0.139386,-3.473797,-1.573138,3.401893,0.000000,0.000000,-0.000000,0.000000,0.000000,0.391901,-1.343532,4.516498,1.022554,-0.143762,-0.096937,0.286270
790541622841947,left,260708.490000,1.365053,-2.930187,-0.139338,-3.473772,-1.573173,3.404986,0.000000,0.000000,-0.000000,0.000000,0.000000,0.389010,-1.336246,4.511379,1.119537,-0.133049,-0.072465,0.268243
790541630843403,left,260708.498000,1.365077,-2.930212,-0.139362,-3.473748,-1.573173,3.408064,0.000000,0.000000,-0.000000,0.000000,0.000000,0.381147,-1.360508,4.510572,1.085373,-0.160421,-0.097630,0.284405
790541638840542,left,260708.506000,1.365065,-2.930175,-0.139374,-3.473784,-1.573150,3.411060,0.000000,0.000000,-0.000000,0.000000,0.000000,0.375009,-1.377968,4.515188,1.095271,-0.147732,-0.082414,0.276353
790541646844306,left,260708.514000,1.365065,-2.930200,-0.139350,-3.473760,-1.573173,3.413995,0.000000,0.000000,-0.000000,0.000000,0.000000,0.368911,-1.344983,4.497247,1.124255,-0.151897,-0.096157,0.274954
790541654841544,left,260708.522000,1.365029,-2.930224,-0.139374,-3.473772,-1.573138,3.416931,0.000000,0.000000,-0.000000,0.000000,0.000000,0.362587,-1.334870,4.507413,1.123372,-0.143680,-0.090705,0.278746
790541662848815,left,260708.530000,1.365053,-2.930175,-0.139350,-3.473760,-1.573150,3.419841,0.000000,0.000000,-0.000000,0.000000,0.000000,0.353699,-1.343916,4.518340,1.079942,-0.147408,-0.090768,0.282815
790541670843858,left,260708.538000,1.365065,-2.930224,-0.139350,-3.473784,-1.573113,3.422716,0.000000,0.000000,-0.000000,0.000000,0.000000,0.345435,-1.338050,4.492244,1.097279,-0.141140,-0.096822,0.289724
790541678848147,left,260708.546000,1.365029,-2.930212,-0.139374,-3.473797,-1.573138,3.425472,0.000000,0.000000,-0.000000,0.000000,0.000000,0.339718,-1.349864,4.558904,1.097118,-0.142077,-0.081412,0.264147
790541686846587,left,260708.554000,1.365029,-2.930164,-0.139350,-3.473736,-1.573173,3.428108,0.000000,0.000000,-0.000000,0.000000,0.000000,0.332543,-1.324841,4.527881,1.119572,-0.144922,-0.085639,0.275089
790541694923395,left,260708.562000,1.365029,-2.930247,-0.139374,-3.473784,-1.573185,3.430755,0.000000,0.000000,-0.000000,0.000000,0.000000,0.324878,-1.337658,4.524955,1.063049,-0.145618,-0.080371,0.288998
790541702991769,left,260708.570000,1.365065,-2.930200,-0.139350,-3.473748,-1.573138,3.433294,0.000000,0.000000,-0.000000,0.000000,0.000000,0.320314,-1.365142,4.467227,1.099159,-0.148902,-0.099085,0.293476
790541710989057,left,260708.578000,1.365077,-2.930224,-0.139350,-3.473748,-1.573113,3.435784,0.000000,0.000000,-0.000000,0.000000,0.000000,0.316463,-1.373595,4.510841,1.082591,-0.134949,-0.087137,0.253556
790541718944616,left,260708.586000,1.365089,-2.930187,-0.139350,-3.473760,-1.573150,3.438298,0.000000,0.000000,-0.000000,0.000000,0.000000,0.310459,-1.350977,4.530409,1.109477,-0.142074,-0.079748,0.271475
790541726905189,left,260708.594000,1.365077,-2.930224,-0.139338,-3.473797,-1.573161,3.440705,0.000000,0.000000,-0.000000,0.000000,0.000000,0.302927,-1.361954,4.553477,1.090651,-0.139540,-0.087943,0.255471
790541734978748,left,260708.602000,1.365089,-2.930247,-0.139350,-3.473760,-1.573150,3.443088,0.000000,0.000000,-0.000000,0.000000,0.000000,0.298043,-1.386256,4.530259,1.081930,-0.127933,-0.086726,0.237811
790541742980074,left,260708.610000,1.365089,-2.930200,-0.139327,-3.473772,-1.573161,3.445458,0.000000,0.000000,-0.000000,0.000000,0.000000,0.292213,-1.356119,4.507365,1.064080,-0.137112,-0.090250,0.237634
790541750978580,left,260708.618000,1.365053,-2.930200,-0.139350,-3.473784,-1.573161,3.447780,0.000000,0.000000,-0.000000,0.000000,0.000000,0.283288,-1.347001,4.513086,1.080449,-0.143893,-0.080667,0.242840
790541758987899,left,260708.626000,1.365077,-2.930187,-0.139362,-3.473748,-1.573161,3.450066,0.000000,0.000000,-0.000000,0.000000,0.000000,0.276635,-1.348350,4.515865,1.109102,-0.137664,-0.090076,0.229240
790541766902336,left,260708.634000,1.365053,-2.930236,-0.139374,-3.473784,-1.573185,3.452282,0.000000,0.000000,-0.000000,0.000000,0.000000,0.271109,-1.367537,4.500709,1.082792,-0.141296,-0.095071,0.222126
790541774863115,left,260708.642000,1.365053,-2.930236,-0.139327,-3.473784,-1.573173,3.454435,0.000000,0.000000,-0.000000,0.000000,0.000000,0.262986,-1.349059,4.511636,1.058058,-0.136416,-0.080566,0.224884
790541782855397,left,260708.650000,1.365065,-2.930187,-0.139327,-3.473748,-1.573138,3.456505,0.000000,0.000000,-0.000000,0.000000,0.000000,0.254715,-1.335860,4.483233,1.075892,-0.136091,-0.092927,0.270588
790541790914890,left,260708.658000,1.365077,-2.930187,-0.139362,-3.473772,-1.573185,3.458529,0.000000,0.000000,-0.000000,0.000000,0.000000,0.250580,-1.387548,4.535856,1.044355,-0.128136,-0.098081,0.223836
790541798853410,left,260708.666000,1.365089,-2.930224,-0.139350,-3.473760,-1.573198,3.460419,0.000000,0.000000,-0.000000,0.000000,0.000000,0.242379,-1.331462,4.495904,1.085469,-0.132382,-0.071002,0.242848
790541806848190,left,260708.674000,1.365077,-2.930187,-0.139362,-3.473772,-1.573161,3.462346,0.000000,0.000000,-0.000000,0.000000,0.000000,0.235883,-1.395959,4.516678,1.081044,-0.137764,-0.093248,0.267154
790541814855503,left,260708.682000,1.365077,-2.930236,-0.139362,-3.473736,-1.573161,3.464165,0.000000,0.000000,-0.000000,0.000000,0.000000,0.230827,-1.359697,4.490813,1.080228,-0.125748,-0.090287,0.253495
790541822849998,left,260708.690000,1.365041,-2.930224,-0.139350,-3.473748,-1.573173,3.465973,0.000000,0.000000,-0.000000,0.000000,0.000000,0.227032,-1.386203,4.509893,1.079563,-0.119204,-0.090432,0.231020
790541830847602,left,260708.698000,1.365053,-2.930212,-0.139350,-3.473760,-1.573150,3.467792,0.000000,0.000000,-0.000000,0.000000,0.000000,0.220763,-1.353076,4.496127,1.049214,-0.128324,-0.080615,0.204071
790541838848658,left,260708.706000,1.365041,-2.930212,-0.139327,-3.473748,-1.573161,3.469468,0.000000,0.000000,-0.000000,0.000000,0.000000,0.215191,-1.365689,4.487626,1.044255,-0.122287,-0.087562,0.218841
790541846849731,left,260708.714000,1.365053,-2.930187,-0.139362,-3.473760,-1.573138,3.471167,0.000000,0.000000,-0.000000,0.000000,0.000000,0.208242,-1.330456,4.501498,1.061947,-0.128199,-0.092338,0.210098
790541854846433,left,260708.722000,1.365077,-2.930187,-0.139398,-3.473748,-1.573150,3.472734,0.000000,0.000000,-0.000000,0.000000,0.000000,0.201682,-1.363254,4.549415,1.059980,-0.126611,-0.084616,0.196912
790541862845700,left,260708.730000,1.365041,-2.930236,-0.139374,-3.473760,-1.573173,3.474349,0.000000,0.000000,-0.000000,0.000000,0.000000,0.194877,-1.341512,4.506132,1.051631,-0.125977,-0.080116,0.225747
790541870845743,left,260708.738000,1.365029,-2.930224,-0.139338,-3.473784,-1.573138,3.475893,0.000000,0.000000,-0.000000,0.000000,0.000000,0.189270,-1.350569,4.539074,1.111463,-0.117627,-0.082224,0.217876
790541878855292,left,260708.746000,1.365089,-2.930200,-0.139398,-3.473760,-1.573185,3.477400,0.000000,0.000000,-0.000000,0.000000,0.000000,0.181634,-1.382196,4.503074,1.067154,-0.127568,-0.087350,0.200695
790541886863462,left,260708.754000,1.365077,-2.930236,-0.139362,-3.473784,-1.573138,3.478811,0.000000,0.000000,-0.000000,0.000000,0.000000,0.174840,-1.362767,4.543040,1.091967,-0.137373,-0.086995,0.192780
790541894862202,left,260708.762000,1.365101,-2.930212,-0.139350,-3.473760,-1.573173,3.480222,0.000000,0.000000,-0.000000,0.000000,0.000000,0.168013,-1.368409,4.527264,1.071055,-0.125532,-0.079318,0.194120
790541902864068,left,260708.770000,1.365065,-2.930175,-0.139350,-3.473748,-1.573185,3.481562,0.000000,0.000000,-0.000000,0.000000,0.000000,0.161167,-1.332909,4.531872,1.041833,-0.127374,-0.100002,0.192361
790541910848247,left,260708.778000,1.365065,-2.930224,-0.139362,-3.473748,-1.573173,3.482818,0.000000,0.000000,-0.000000,0.000000,0.000000,0.154476,-1.417570,4.510992,1.048263,-0.135252,-0.092445,0.180815
790541918847422,left,260708.786000,1.365029,-2.930187,-0.139362,-3.473772,-1.573161,3.484073,0.000000,0.000000,-0.000000,0.000000,0.000000,0.145898,-1.393142,4.507493,1.108614,-0.133094,-0.099962,0.188222
790541926855454,left,260708.794000,1.365077,-2.930187,-0.139362,-3.473772,-1.573185,3.485233,0.000000,0.000000,-0.000000,0.000000,0.000000,0.139486,-1.396329,4.519485,1.046241,-0.116456,-0.095347,0.191905
790541934850153,left,260708.802000,1.365077,-2.930175,-0.139362,-3.473748,-1.573138,3.486333,0.000000,0.000000,-0.000000,0.000000,0.000000,0.133740,-1.375788,4.527960,1.070074,-0.127340,-0.092142,0.176422
790541942855348,left,260708.810000,1.365053,-2.930200,-0.139386,-3.473760,-1.573161,3.487349,0.000000,0.000000,-0.000000,0.000000,0.000000,0.126867,-1.367729,4.502807,1.078629,-0.118408,-0.096060,0.178507
790541950847003,left,260708.818000,1.365041,-2.930187,-0.139350,-3.473784,-1.573173,3.488306,0.000000,0.000000,-0.000000,0.000000,0.000000,0.093209,-1.390165,4.577847,1.066502,-0.116112,-0.091741,-1.754290
790541958844295,left,260708.826000,1.365029,-2.930212,-0.139303,-3.473748,-1.573138,3.487949,0.000000,0.000000,-0.000000,0.000000,-0.000000,-0.006163,-1.314009,4.493991,1.088007,-0.112030,-0.097809,0.085723
790541966852869,left,260708.834000,1.365065,-2.930236,-0.139386,-3.473784,-1.573150,3.487917,0.000000,0.000000,-0.000000,0.000000,-0.000000,-0.021085,-1.289209,4.500485,1.096586,-0.125490,-0.098200,-0.006120
790541974851446,left,260708.842000,1.365041,-2.930200,-0.139350,-3.473748,-1.573161,3.487799,0.000000,0.000000,-0.000000,0.000000,-0.000000,-0.016679,-1.314469,4.523049,1.109060,-0.121306,-0.085580,-0.124383
790541982849416,left,260708.850000,1.365089,-2.930247,-0.139350,-3.473748,-1.573161,3.487653,0.000000,0.000000,-0.000000,0.000000,-0.000000,-0.022011,-1.360033,4.547489,1.123092,-0.113338,-0.092792,-0.131235
790541990859392,left,260708.858000,1.365053,-2.930212,-0.139362,-3.473772,-1.573173,3.487459,0.000000,0.000000,-0.000000,0.000000,-0.000000,-0.028600,-1.318058,4.505531,1.134350,-0.130430,-0.096336,-0.143418
790541998865542,left,260708.866000,1.365065,-2.930247,-0.139374,-3.473760,-1.573161,3.487228,0.000000,0.000000,-0.000000,0.000000,-0.000000,-0.035650,-1.359557,4.491412,1.113408,-0.136284,-0.093510,-0.156050
790542006865699,left,260708.874000,1.365077,-2.930175,-0.139350,-3.473760,-1.573138,3.486926,-0.000013,0.000000,-0.000000,0.000000,-0.000000,-0.043067,-1.334992,4.512753,1.096483,-0.133320,-0.091651,-0.157180
790542014850864,left,260708.882000,1.365053,-2.930200,-0.139350,-3.473772,-1.573150,3.486540,-0.000012,0.000000,-0.000000,0.000000,-0.000000,-0.048949,-1.310458,4.554375,1.087622,-0.127465,-0.089976,-0.167077
790542022852227,left,260708.890000,1.365053,-2.930224,-0.139350,-3.473724,-1.573161,3.486130,-0.000012,0.000000,-0.000000,0.000000,-0.000000,-0.055734,-1.356480,4.532269,1.090312,-0.115998,-0.094482,-0.157973
790542030848220,left,260708.898000,1.365089,-2.930212,-0.139350,-3.473784,-1.573138,3.485661,-0.000011,0.000000,-0.000000,0.000000,-0.000000,-0.062112,-1.345758,4.582234,1.099819,-0.127812,-0.110803,-0.166677
790542038876265,left,260708.906000,1.365077,-2.930187,-0.139338,-3.473760,-1.573161,3.485096,-0.000011,0.000000,-0.000000,0.000000,-0.000000,-0.067238,-1.347259,4.528135,1.043808,-0.135864,-0.095903,-0.187196
790542046849652,left,260708.914000,1.365077,-2.930200,-0.139374,-3.473784,-1.573185,3.484518,-0.000010,0.000000,-0.000000,0.000000,-0.000000,-0.074221,-1.371527,4.528365,1.095316,-0.133589,-0.097185,-0.185083
790542054868969,left,260708.922000,1.365089,-2.930224,-0.139350,-3.473760,-1.573161,3.483881,-0.000000,0.000000,-0.000000,0.000000,-0.000000,-0.079030,-1.352537,4.544510,1.068516,-0.129529,-0.096487,-0.180885
790542062859510,left,260708.930000,1.365065,-2.930175,-0.139362,-3.473784,-1.573138,3.483183,-0.000000,0.000000,-0.000000,0.000000,-0.000000,-0.087611,-1.329580,4.529210,1.078745,-0.121447,-0.083221,-0.142406
790542070857220,left,260708.938000,1.365101,-2.930200,-0.139386,-3.473760,-1.573173,3.482486,-0.000000,0.000000,-0.000000,0.000000,-0.000000,-0.092326,-1.402816,4.514180,1.072740,-0.130227,-0.094533,-0.195270
790542078864595,left,260708.946000,1.365053,-2.930200,-0.139374,-3.473748,-1.573173,3.481668,-0.000000,0.000000,-0.000000,0.000000,-0.000000,-0.098885,-1.342695,4.514488,1.067015,-0.130249,-0.094085,-0.196419
790542086856417,left,260708.954000,1.365077,-2.930175,-0.139350,-3.473760,-1.573173,3.480864,-0.000000,0.000000,-0.000000,0.000000,-0.000000,-0.103644,-1.377140,4.509328,1.100144,-0.123599,-0.081944,-0.216698
790542094855308,left,260708.962000,1.365089,-2.930187,-0.139362,-3.473784,-1.573150,3.479927,-0.000000,0.000000,-0.000000,0.000000,-0.000000,-0.111130,-1.334862,4.517793,1.112558,-0.117764,-0.090406,-0.197247
790542102862400,left,260708.970000,1.365077,-2.930200,-0.139362,-3.473748,-1.573198,3.478990,0.000000,0.000000,-0.000000,0.000000,-0.000000,-0.116337,-1.344174,4.520414,1.088817,-0.128721,-0.094780,-0.259039
790542110860403,left,260708.978000,1.365077,-2.930200,-0.139362,-3.473760,-1.573125,3.478064,0.000000,0.000000,-0.000000,0.000000,-0.000000,-0.124194,-1.349292,4.532572,1.078252,-0.131949,-0.089483,-0.222110
790542118850157,left,260708.986000,1.365065,-2.930200,-0.139362,-3.473772,-1.573150,3.477031,0.000000,0.000000,-0.000000,0.000000,-0.000000,-0.130424,-1.314306,4.492616,1.105057,-0.115814,-0.086312,-0.249443
790542126845985,left,260708.994000,1.365065,-2.930187,-0.139374,-3.473760,-1.573161,3.475927,0.000000,0.000000,-0.000000,0.000000,-0.000000,-0.136131,-1.370968,4.482278,1.114536,-0.131645,-0.096796,-0.243479
790542134857355,left,260709.002000,1.365065,-2.930200,-0.139350,-3.473748,-1.573161,3.474834,0.000000,0.000000,-0.000000,0.000000,-0.000000,-0.142251,-1.349678,4.563825,1.132228,-0.127469,-0.094397,-0.266704
790542142843633,left,260709.010000,1.365041,-2.930187,-0.139350,-3.473760,-1.573185,3.473585,0.000000,0.000000,-0.000000,0.000000,-0.000000,-0.150365,-1.365349,4.537822,1.126684,-0.135090,-0.086146,-0.248947
790542150845355,left,260709.018000,1.365053,-2.930200,-0.139362,-3.473748,-1.573138,3.472408,0.000000,0.000000,-0.000000,0.000000,-0.000000,-0.157044,-1.357845,4.541983,1.131016,-0.133576,-0.089700,-0.225752
790542158847191,left,260709.026000,1.365065,-2.930212,-0.139386,-3.473784,-1.573198,3.471123,0.000000,0.000000,-0.000000,0.000000,-0.000000,-0.163215,-1.338163,4.546950,1.065266,-0.134360,-0.082167,-0.244823
790542166848183,left,260709.034000,1.365053,-2.930236,-0.139350,-3.473797,-1.573161,3.469767,0.000000,0.000000,-0.000000,0.000000,-0.000000,-0.169350,-1.376954,4.554009,1.079955,-0.122896,-0.087578,-0.255393
790542174848572,left,260709.042000,1.365077,-2.930200,-0.139362,-3.473784,-1.573125,3.468399,0.000000,0.000000,-0.000000,0.000000,-0.000000,-0.175285,-1.353310,4.511244,1.111689,-0.131468,-0.092421,-0.281531
790542182858324,left,260709.050000,1.365077,-2.930200,-0.139362,-3.473760,-1.573150,3.467006,0.000000,0.000000,-0.000000,0.000000,-0.000000,-0.182179,-1.384711,4.561234,1.075954,-0.122282,-0.101661,-0.276527
790542190855421,left,260709.058000,1.365065,-2.930212,-0.139362,-3.473760,-1.573150,3.465505,0.000000,0.000000,-0.000000,0.000000,-0.000000,-0.190780,-1.346169,4.506886,1.085572,-0.127652,-0.091160,-0.271487
790542198843895,left,260709.066000,1.365065,-2.930212,-0.139350,-3.473724,-1.573138,3.463957,0.000000,0.000000,-0.000000,0.000000,-0.000000,-0.196822,-1.354875,4.511230,1.129745,-0.123196,-0.098430,-0.290654
790542206854707,left,260709.074000,1.365077,-2.930212,-0.139350,-3.473760,-1.573161,3.462396,0.000000,0.000000,-0.000000,0.000000,-0.000000,-0.204591,-1.359717,4.526684,1.148484,-0.127972,-0.089801,-0.298744
790542214861135,left,260709.082000,1.365077,-2.930200,-0.139338,-3.473748,-1.573161,3.460741,0.000000,0.000000,-0.000000,0.000000,-0.000000,-0.210887,-1.346496,4.530542,1.093691,-0.111889,-0.096791,-0.293566
790542222873808,left,260709.090000,1.365053,-2.930212,-0.139362,-3.473736,-1.573138,3.459048,0.000000,0.000000,-0.000000,0.000000,-0.000000,-0.218724,-1.354309,4.505386,1.110216,-0.119599,-0.086215,-0.261531
790542230867209,left,260709.098000,1.365077,-2.930187,-0.139374,-3.473760,-1.573161,3.457320,0.000000,0.000000,-0.000000,0.000000,-0.000000,-0.224053,-1.358220,4.517936,1.104945,-0.131898,-0.080568,-0.270008
790542238844769,left,260709.106000,1.365065,-2.930236,-0.139338,-3.473748,-1.573198,3.455460,0.000000,0.000000,-0.000000,0.000000,-0.000000,-0.231601,-1.345832,4.505847,1.106142,-0.121136,-0.084535,-0.251931
790542246846510,left,260709.114000,1.365065,-2.930236,-0.139315,-3.473784,-1.573198,3.453566,0.000000,0.000000,-0.000000,0.000000,-0.000000,-0.234554,-1.345830,4.519567,1.110722,-0.131584,-0.079266,-0.273609
790542254843369,left,260709.122000,1.365053,-2.930200,-0.139386,-3.473772,-1.573150,3.451610,0.000000,0.000000,-0.000000,0.000000,-0.000000,-0.242180,-1.390212,4.518854,1.084101,-0.132131,-0.094140,-0.255453
790542262841898,left,260709.130000,1.365053,-2.930175,-0.139362,-3.473784,-1.573125,3.449631,0.000000,0.000000,-0.000000,0.000000,-0.000000,-0.245635,-1.374811,4.528777,1.116986,-0.114653,-0.094239,-0.275782
790542270842883,left,260709.138000,1.365065,-2.930187,-0.139374,-3.473748,-1.573138,3.447616,0.000000,0.000000,-0.000000,0.000000,-0.000000,-0.250156,-1.394337,4.513239,1.121466,-0.120923,-0.066910,-0.266935
790542278849952,left,260709.146000,1.365077,-2.930200,-0.139374,-3.473760,-1.573173,3.445518,0.000000,0.000000,-0.000000,0.000000,-0.000000,-0.257362,-1.382018,4.477462,1.113804,-0.122427,-0.083577,-0.288848
790542286848193,left,260709.154000,1.365089,-2.930236,-0.139398,-3.473772,-1.573150,3.443441,0.000000,0.000000,-0.000000,0.000000,-0.000000,-0.263894,-1.409183,4.543578,1.106849,-0.127970,-0.073877,-0.306937
790542294845549,left,260709.162000,1.365077,-2.930236,-0.139362,-3.473797,-1.573173,3.441342,0.000000,0.000000,-0.000000,0.000000,-0.000000,-0.270985,-1.335343,4.519066,1.132051,-0.111730,-0.092105,-0.286777
790542302907847,left,260709.170000,1.365053,-2.930224,-0.139362,-3.473772,-1.573138,3.439123,0.000000,0.000000,-0.000000,0.000000,-0.000000,-0.276084,-1.390366,4.540478,1.129968,-0.129124,-0.081343,-0.295442
790542310867653,left,260709.178000,1.365077,-2.930200,-0.139362,-3.473748,-1.573150,3.436916,0.000000,0.000000,-0.000000,0.000000,-0.000000,-0.284241,-1.346974,4.545524,1.118432,-0.125195,-0.097431,-0.311251
790542318849747,left,260709.186000,1.365077,-2.930212,-0.139374,-3.473760,-1.573138,3.434552,0.000000,0.000000,-0.000000,0.000000,-0.000000,-0.291385,-1.391402,4.533017,1.136459,-0.117654,-0.073341,-0.296420
790542326849773,left,260709.194000,1.365053,-2.930224,-0.139398,-3.473760,-1.573161,3.432319,0.000000,0.000000,-0.000000,0.000000,-0.000000,-0.298951,-1.388771,4.531914,1.104656,-0.125931,-0.078563,-0.316485
790542334858399,left,260709.202000,1.365053,-2.930224,-0.139327,-3.473748,-1.573161,3.429871,0.000000,0.000000,-0.000000,0.000000,-0.000000,-0.306039,-1.382902,4.569218,1.124873,-0.129937,-0.081145,-0.332342
790542342856761,left,260709.210000,1.365065,-2.930200,-0.139362,-3.473760,-1.573161,3.427362,0.000000,0.000000,-0.000000,0.000000,-0.000000,-0.313448,-1.371161,4.550634,1.093131,-0.123241,-0.097383,-0.284552
790542350863158,left,260709.218000,1.365041,-2.930224,-0.139386,-3.473748,-1.573125,3.424878,0.000000,0.000000,-0.000000,0.000000,-0.000000,-0.318711,-1.387315,4.522900,1.115593,-0.136817,-0.080837,-0.305336
790542358863580,left,260709.226000,1.365077,-2.930200,-0.139374,-3.473760,-1.573161,3.422238,0.000000,0.000000,-0.000000,0.000000,-0.000000,-0.324094,-1.359962,4.476009,1.102154,-0.129504,-0.089626,-0.278200
790542366848403,left,260709.234000,1.365053,-2.930212,-0.139362,-3.473784,-1.573161,3.419550,0.000000,0.000000,-0.000000,0.000000,-0.000000,-0.328662,-1.360231,4.525912,1.120114,-0.122456,-0.083851,-0.311795
790542374856108,left,260709.242000,1.365077,-2.930212,-0.139362,-3.473748,-1.573161,3.416850,0.000000,0.000000,-0.000000,0.000000,-0.000000,-0.333999,-1.374685,4.519002,1.105867,-0.127237,-0.095850,-0.298384
790542382864055,left,260709.250000,1.365017,-2.930187,-0.139327,-3.473760,-1.573138,3.414138,0.000000,0.000000,-0.000000,0.000000,-0.000000,-0.341929,-1.386803,4.505834,1.090210,-0.120850,-0.084908,-0.316223
790542390846140,left,260709.258000,1.365065,-2.930212,-0.139386,-3.473748,-1.573150,3.411402,0.000000,0.000000,-0.000000,0.000000,-0.000000,-0.345555,-1.360554,4.511621,1.099703,-0.121359,-0.082829,-0.364019
790542398844475,left,260709.266000,1.365065,-2.930212,-0.139374,-3.473748,-1.573198,3.408604,0.000000,0.000000,-0.000000,0.000000,-0.000000,-0.355050,-1.367638,4.533134,1.155246,-0.124368,-0.072527,-0.326846
790542406857015,left,260709.274000,1.365053,-2.930200,-0.139386,-3.473748,-1.573138,3.405700,0.000000,0.000000,-0.000000,0.000000,-0.000000,-0.360694,-1.384604,4.563124,1.118467,-0.126098,-0.087677,-0.332310
790542414853931,left,260709.282000,1.365089,-2.930224,-0.139374,-3.473760,-1.573125,3.402868,0.000000,0.000000,-0.000000,0.000000,-0.000000,-0.367513,-1.389129,4.509862,1.133656,-0.123519,-0.085560,-0.326191
790542422852163,left,260709.290000,1.365041,-2.930187,-0.139350,-3.473760,-1.573161,3.399892,0.000000,0.000000,-0.000000,0.000000,-0.000000,-0.376420,-1.391307,4.535325,1.113088,-0.137367,-0.089376,-0.332359
790542430845481,left,260709.298000,1.365041,-2.930187,-0.139338,-3.473784,-1.573150,3.396842,0.000000,0.000000,-0.000000,0.000000,-0.000000,-0.383758,-1.393309,4.532988,1.113443,-0.120269,-0.092390,-0.345845
790542438853184,left,260709.306000,1.365077,-2.930212,-0.139374,-3.473748,-1.573185,3.393820,0.000000,0.000000,-0.000000,0.000000,-0.000000,-0.386941,-1.379659,4.552022,1.096567,-0.124270,-0.077434,-0.353155
790542446859444,left,260709.314000,1.365089,-2.930187,-0.139350,-3.473748,-1.573161,3.390628,0.000000,0.000000,-0.000000,0.000000,-0.000000,-0.395285,-1.403366,4.539069,1.105512,-0.132438,-0.078273,-0.330198
790542454846343,left,260709.322000,1.365065,-2.930175,-0.139374,-3.473760,-1.573161,3.387352,0.000000,0.000000,-0.000000,0.000000,-0.000000,-0.400204,-1.386907,4.532136,1.121690,-0.128128,-0.091043,-0.306027
790542462844001,left,260709.330000,1.365065,-2.930187,-0.139362,-3.473772,-1.573185,3.384113,0.000000,0.000000,-0.000000,0.000000,-0.000000,-0.404866,-1.367264,4.556541,1.112130,-0.130005,-0.084034,-0.356726
790542470843290,left,260709.338000,1.365077,-2.930175,-0.139362,-3.473760,-1.573185,3.380850,0.000000,0.000000,-0.000000,0.000000,-0.000000,-0.410585,-1.405366,4.555190,1.100475,-0.136390,-0.088492,-0.362066
790542478853401,left,260709.346000,1.365053,-2.930212,-0.139374,-3.473748,-1.573161,3.377525,0.000000,0.000000,-0.000000,0.000000,-0.000000,-0.419053,-1.372843,4.538549,1.077168,-0.124931,-0.081733,-0.344392
790542486843839,left,260709.354000,1.365029,-2.930236,-0.139386,-3.473784,-1.573150,3.374191,0.000000,0.000000,-0.000000,0.000000,-0.000000,-0.424261,-1.386961,4.544397,1.112031,-0.129304,-0.088780,-0.371673
790542494842444,left,260709.362000,1.365065,-2.930187,-0.139362,-3.473772,-1.573150,3.370769,0.000000,0.000000,-0.000000,0.000000,-0.000000,-0.431171,-1.380983,4.501910,1.113807,-0.113624,-0.084470,-0.369792
790542502842574,left,260709.370000,1.365065,-2.930224,-0.139374,-3.473760,-1.573138,3.367373,0.000000,0.000000,-0.000000,0.000000,-0.000000,-0.440172,-1.395133,4.550683,1.109926,-0.118342,-0.094270,-0.382173
790542510858155,left,260709.378000,1.365053,-2.930212,-0.139350,-3.473748,-1.573161,3.363764,0.000000,0.000000,-0.000000,0.000000,-0.000000,-0.448187,-1.399933,4.531324,1.141648,-0.124605,-0.086973,-0.356548
790542518852414,left,260709.386000,1.365077,-2.930175,-0.139398,-3.473772,-1.573185,3.360166,0.000000,0.000000,-0.000000,0.000000,-0.000000,-0.456371,-1.361312,4.558119,1.076291,-0.129557,-0.087333,-0.344274
790542526846140,left,260709.394000,1.365077,-2.930247,-0.139350,-3.473772,-1.573198,3.356438,0.000000,0.000000,-0.000000,0.000000,-0.000000,-0.458470,-1.411278,4.542017,1.098691,-0.135053,-0.096336,-0.352667
790542534855119,left,260709.402000,1.365029,-2.930200,-0.139362,-3.473760,-1.573185,3.352710,0.000000,0.000000,-0.000000,0.000000,-0.000000,-0.461750,-1.427052,4.528107,1.116851,-0.122413,-0.072063,-0.389649
790542542859390,left,260709.410000,1.365053,-2.930187,-0.139350,-3.473748,-1.573150,3.348933,0.000000,0.000000,-0.000000,0.000000,-0.000000,-0.466458,-1.383085,4.485303,1.125205,-0.128371,-0.085256,-0.425609
790542550872347,left,260709.418000,1.365053,-2.930175,-0.139362,-3.473772,-1.573173,3.345178,0.000000,0.000000,-0.000000,0.000000,-0.000000,-0.476142,-1.404904,4.539258,1.108806,-0.137737,-0.078080,-0.367241
790542558864765,left,260709.426000,1.365053,-2.930224,-0.139362,-3.473772,-1.573150,3.341401,0.000000,0.000000,-0.000000,0.000000,-0.000000,-0.481531,-1.392013,4.527247,1.143595,-0.129082,-0.094348,-0.400706
790542566848914,left,260709.434000,1.365065,-2.930187,-0.139327,-3.473772,-1.573150,3.337587,0.000000,0.000000,-0.000000,0.000000,-0.000000,-0.490723,-1.364452,4.551113,1.125785,-0.133661,-0.083779,-0.379534
790542574852062,left,260709.442000,1.365089,-2.930200,-0.139362,-3.473760,-1.573161,3.333616,0.000000,0.000000,-0.000000,0.000000,-0.000000,-0.501189,-1.396296,4.512316,1.085565,-0.145695,-0.079197,-0.368164
790542582847779,left,260709.450000,1.365053,-2.930164,-0.139362,-3.473748,-1.573173,3.329611,0.000000,0.000000,-0.000000,0.000000,-0.000000,-0.508533,-1.382273,4.537373,1.095871,-0.130996,-0.080627,-0.337528
790542590845553,left,260709.458000,1.365053,-2.930187,-0.139362,-3.473748,-1.573125,3.325427,0.000000,0.000000,-0.000000,0.000000,-0.000000,-0.511427,-1.406171,4.536347,1.132769,-0.129150,-0.080816,-0.343542
790542598846920,left,260709.466000,1.365053,-2.930224,-0.139374,-3.473772,-1.573125,3.321256,0.000000,0.000000,-0.000000,0.000000,-0.000000,-0.514525,-1.400512,4.526053,1.134807,-0.127803,-0.078890,-0.381625
790542606847129,left,260709.474000,1.365065,-2.930200,-0.139362,-3.473772,-1.573185,3.317096,0.000000,0.000000,-0.000000,0.000000,-0.000000,-0.520473,-1.392353,4.523458,1.141096,-0.143690,-0.086438,-0.374320
790542614852288,left,260709.482000,1.365077,-2.930212,-0.139327,-3.473797,-1.573150,3.312937,0.000000,0.000000,-0.000000,0.000000,-0.000000,-0.526667,-1.410468,4.547899,1.074937,-0.133472,-0.087631,-0.387847
790542622859384,left,260709.490000,1.365077,-2.930200,-0.139362,-3.473760,-1.573150,3.308702,0.000000,0.000000,-0.000000,0.000000,-0.000000,-0.533129,-1.378307,4.560702,1.098372,-0.124440,-0.069259,-0.403097
790542630861186,left,260709.498000,1.365053,-2.930247,-0.139362,-3.473760,-1.573138,3.304472,0.000000,0.000000,-0.000000,0.000000,-0.000000,-0.541867,-1.396000,4.540703,1.091761,-0.136137,-0.080322,-0.403133
790542638852537,left,260709.506000,1.365089,-2.930236,-0.139362,-3.473748,-1.573161,3.300122,0.000000,0.000000,-0.000000,0.000000,-0.000000,-0.548971,-1.403979,4.557082,1.090803,-0.138039,-0.073512,-0.402444
790542646858057,left,260709.514000,1.365053,-2.930200,-0.139362,-3.473772,-1.573173,3.295677,0.000000,0.000000,-0.000000,0.000000,-0.000000,-0.557229,-1.429808,4.530967,1.136174,-0.137692,-0.077206,-0.342877
790542654844607,left,260709.522000,1.365065,-2.930200,-0.139338,-3.473784,-1.573161,3.291090,0.000000,0.000000,-0.000000,0.000000,-0.000000,-0.558071,-1.418822,4.532434,1.133171,-0.131417,-0.078625,-0.402267
790542662860457,left,260709.530000,1.365053,-2.930175,-0.139350,-3.473736,-1.573173,3.286611,0.000000,0.000000,-0.000000,0.000000,-0.000000,-0.561657,-1.357877,4.559762,1.164359,-0.134636,-0.087546,-0.463751
790542670851491,left,260709.538000,1.365065,-2.930187,-0.139350,-3.473772,-1.573161,3.282055,0.000000,0.000000,-0.000000,0.000000,-0.000000,-0.572498,-1.389779,4.543702,1.112249,-0.144385,-0.079797,-0.384771
790542678860704,left,260709.546000,1.365029,-2.930187,-0.139374,-3.473784,-1.573150,3.277481,0.000000,0.000000,-0.000000,0.000000,-0.000000,-0.576149,-1.413605,4.531377,1.150195,-0.136620,-0.084873,-0.441131
790542686845527,left,260709.554000,1.365065,-2.930200,-0.139362,-3.473748,-1.573150,3.272928,0.000000,0.000000,-0.000000,0.000000,-0.000000,-0.585467,-1.394155,4.543772,1.135846,-0.144874,-0.085160,-0.434581
790542694845238,left,260709.562000,1.365077,-2.930187,-0.139362,-3.473772,-1.573161,3.268242,0.000000,0.000000,-0.000000,0.000000,-0.000000,-0.596554,-1.421217,4.526206,1.090205,-0.134117,-0.086310,-0.392617
790542702845401,left,260709.570000,1.365101,-2.930175,-0.139362,-3.473760,-1.573161,3.263343,0.000000,0.000000,-0.000000,0.000000,-0.000000,-0.601071,-1.417280,4.514621,1.137576,-0.144153,-0.085179,-0.402693
790542710851036,left,260709.578000,1.365077,-2.930187,-0.139338,-3.473748,-1.573150,3.258432,0.000000,0.000000,-0.000000,0.000000,-0.000000,-0.605700,-1.423666,4.509093,1.147764,-0.140260,-0.082948,-0.384268
790542718845951,left,260709.586000,1.365053,-2.930212,-0.139362,-3.473736,-1.573161,3.253545,0.000000,0.000000,-0.000000,0.000000,-0.000000,-0.609316,-1.394418,4.518399,1.138232,-0.138724,-0.084592,-0.396393
790542726857563,left,260709.594000,1.365041,-2.930224,-0.139386,-3.473760,-1.573161,3.248635,0.000000,0.000000,-0.000000,0.000000,-0.000000,-0.615704,-1.401352,4.555675,1.146261,-0.145995,-0.083784,-0.435088
790542734857741,left,260709.602000,1.365041,-2.930175,-0.139362,-3.473748,-1.573150,3.243718,0.000000,0.000000,-0.000000,0.000000,-0.000000,-0.623729,-1.359454,4.535323,1.101727,-0.137351,-0.084495,-0.411813
790542742847837,left,260709.610000,1.365065,-2.930187,-0.139350,-3.473760,-1.573185,3.238740,0.000000,0.000000,-0.000000,0.000000,-0.000000,-0.632661,-1.391013,4.533656,1.099843,-0.135054,-0.086439,-0.399074
790542750856134,left,260709.618000,1.365041,-2.930224,-0.139350,-3.473748,-1.573125,3.233631,0.000000,0.000000,-0.000000,0.000000,-0.000000,-0.641244,-1.394093,4.498194,1.126997,-0.134980,-0.075011,-0.348126
790542758846829,left,260709.626000,1.365065,-2.930187,-0.139374,-3.473748,-1.573161,3.228383,0.000000,0.000000,-0.000000,0.000000,-0.000000,-0.641970,-1.401487,4.536763,1.119963,-0.142215,-0.071276,-0.416516
790542766863365,left,260709.634000,1.365053,-2.930175,-0.139350,-3.473712,-1.573138,3.223166,0.000000,0.000000,-0.000000,0.000000,-0.000000,-0.647706,-1.428768,4.543865,1.124784,-0.151565,-0.076575,-0.398380
790542774844624,left,260709.642000,1.365053,-2.930212,-0.139386,-3.473736,-1.573138,3.217997,0.000000,0.000000,-0.000000,0.000000,-0.000000,-0.653394,-1.426493,4.530517,1.102259,-0.135576,-0.069115,-0.422807
790542782845338,left,260709.650000,1.365077,-2.930200,-0.139362,-3.473797,-1.573173,3.212770,0.000000,0.000000,-0.000000,0.000000,-0.000000,-0.659587,-1.408724,4.529737,1.119798,-0.131999,-0.067750,-0.419361
790542790972925,left,260709.658000,1.365041,-2.930224,-0.139362,-3.473748,-1.573161,3.207528,0.000000,0.000000,-0.000000,0.000000,-0.000000,-0.669727,-1.443824,4.505367,1.114443,-0.142324,-0.086207,-0.442867
790542799027512,left,260709.666000,1.365065,-2.930224,-0.139362,-3.473772,-1.573185,3.202119,0.000000,0.000000,-0.000000,0.000000,-0.000000,-0.676831,-1.426902,4.528730,1.118639,-0.141299,-0.078264,-0.392796
790542806863250,left,260709.674000,1.365077,-2.930187,-0.139362,-3.473748,-1.573161,3.196544,0.000000,0.000000,-0.000000,0.000000,-0.000000,-0.682985,-1.404892,4.541437,1.130821,-0.127682,-0.081702,-0.435786
790542814899150,left,260709.682000,1.365077,-2.930187,-0.139350,-3.473748,-1.573150,3.191054,0.000000,0.000000,-0.000000,0.000000,-0.000000,-0.687388,-1.453306,4.577221,1.104232,-0.139081,-0.075880,-0.413117
790542822894094,left,260709.690000,1.365065,-2.930224,-0.139398,-3.473772,-1.573138,3.185582,0.000000,0.000000,-0.000000,0.000000,-0.000000,-0.694740,-1.410297,4.510790,1.114774,-0.132136,-0.084430,-0.428794
790542830861392,left,260709.698000,1.365053,-2.930212,-0.139338,-3.473760,-1.573198,3.180107,0.000000,0.000000,-0.000000,0.000000,-0.000000,-0.702881,-1.411052,4.564690,1.114749,-0.152763,-0.083084,-0.464444
790542838916733,left,260709.706000,1.365041,-2.930200,-0.139338,-3.473760,-1.573150,3.174474,0.000000,0.000000,-0.000000,0.000000,-0.000000,-0.710353,-1.407876,4.538626,1.110363,-0.138366,-0.089758,-0.416607
790542846946111,left,260709.714000,1.365029,-2.930187,-0.139350,-3.473772,-1.573150,3.168687,0.000000,0.000000,-0.000000,0.000000,-0.000000,-0.715965,-1.403391,4.582233,1.095147,-0.138964,-0.089713,-0.422431
790542855157071,left,260709.722000,1.365065,-2.930224,-0.139362,-3.473784,-1.573173,3.162838,0.000000,0.000000,-0.000000,0.000000,-0.000000,-0.718796,-1.403912,4.545134,1.085225,-0.146905,-0.080213,-0.395033
790542862963709,left,260709.730000,1.365077,-2.930187,-0.139350,-3.473760,-1.573161,3.157085,0.000000,0.000000,-0.000000,0.000000,-0.000000,-0.726438,-1.403673,4.554052,1.122283,-0.156214,-0.089839,-0.397682
790542871020134,left,260709.738000,1.365089,-2.930212,-0.139386,-3.473748,-1.573161,3.151259,0.000000,0.000000,-0.000000,0.000000,-0.000000,-0.732588,-1.416823,4.563758,1.081927,-0.138123,-0.065864,-0.451815
790542878979285,left,260709.746000,1.365065,-2.930187,-0.139338,-3.473736,-1.573150,3.145472,0.000000,0.000000,-0.000000,0.000000,-0.000000,-0.739183,-1.401197,4.587003,1.118915,-0.137421,-0.078037,-0.432790
790542886995166,left,260709.754000,1.365089,-2.930224,-0.139338,-3.473736,-1.573138,3.139467,0.000000,0.000000,-0.000000,0.000000,-0.000000,-0.748237,-1.394524,4.534431,1.125533,-0.144516,-0.091090,-0.431692
790542894981708,left,260709.762000,1.365077,-2.930212,-0.139362,-3.473772,-1.573161,3.133345,0.000000,0.000000,-0.000000,0.000000,-0.000000,-0.751672,-1.414188,4.538140,1.117194,-0.138168,-0.072744,-0.414507
790542902987014,left,260709.770000,1.365065,-2.930212,-0.139374,-3.473772,-1.573185,3.127320,0.000000,0.000000,-0.000000,0.000000,-0.000000,-0.756448,-1.416462,4.561173,1.123257,-0.141319,-0.082749,-0.463488
790542910906804,left,260709.778000,1.365053,-2.930187,-0.139327,-3.473748,-1.573185,3.121302,0.000000,0.000000,-0.000000,0.000000,-0.000000,-0.762421,-1.417034,4.569973,1.125175,-0.143724,-0.088518,-0.445133
790542918985545,left,260709.786000,1.365077,-2.930224,-0.139398,-3.473772,-1.573185,3.115241,0.000000,0.000000,-0.000000,0.000000,-0.000000,-0.773450,-1.430480,4.535531,1.126866,-0.143427,-0.075314,-0.430794
790542926985998,left,260709.794000,1.365053,-2.930212,-0.139386,-3.473772,-1.573185,3.109023,0.000000,0.000000,-0.000000,0.000000,-0.000000,-0.783490,-1.443620,4.576980,1.119062,-0.146569,-0.085552,-0.386048
790542934902203,left,260709.802000,1.365065,-2.930200,-0.139338,-3.473760,-1.573138,3.102607,0.000000,0.000000,-0.000000,0.000000,-0.000000,-0.785854,-1.428232,4.534811,1.141079,-0.157005,-0.090294,-0.445899
790542942980524,left,260709.810000,1.365077,-2.930175,-0.139350,-3.473748,-1.573138,3.096308,0.000000,0.000000,-0.000000,0.000000,-0.000000,-0.789966,-1.460208,4.596080,1.128219,-0.156804,-0.091444,-0.445432
790542951025016,left,260709.818000,1.365065,-2.930187,-0.139350,-3.473748,-1.573150,3.090020,0.000000,0.000000,-0.000000,0.000000,-0.000000,-0.796124,-1.412529,4.548214,1.132956,-0.156552,-0.090565,-0.447809
790542958980316,left,260709.826000,1.365041,-2.930212,-0.139362,-3.473760,-1.573185,3.083709,0.000000,0.000000,-0.000000,0.000000,-0.000000,-0.804073,-1.419840,4.569970,1.084525,-0.160325,-0.093459,-0.446545
790542967025953,left,260709.834000,1.365053,-2.930200,-0.139374,-3.473797,-1.573150,3.077231,0.000000,0.000000,-0.000000,0.000000,-0.000000,-0.811435,-1.417069,4.544325,1.151160,-0.150945,-0.098372,-0.468132
790542974993510,left,260709.842000,1.365065,-2.930212,-0.139350,-3.473772,-1.573150,3.070573,0.000000,0.000000,-0.000000,0.000000,-0.000000,-0.816218,-1.448817,4.558469,1.099776,-0.158133,-0.089134,-0.438981
790542982903639,left,260709.850000,1.365065,-2.930236,-0.139350,-3.473748,-1.573138,3.064038,0.000000,0.000000,-0.000000,0.000000,-0.000000,-0.821837,-1.452187,4.536555,1.176022,-0.148553,-0.089916,-0.452089
790542990898868,left,260709.858000,1.365041,-2.930187,-0.139350,-3.473772,-1.573125,3.057443,0.000000,0.000000,-0.000000,0.000000,-0.000000,-0.828385,-1.436134,4.549913,1.128766,-0.154001,-0.091784,-0.430292
790542998895990,left,260709.866000,1.365065,-2.930187,-0.139350,-3.473760,-1.573161,3.050834,0.000000,0.000000,-0.000000,0.000000,-0.000000,-0.836114,-1.423569,4.553373,1.125597,-0.162399,-0.099806,-0.458463
790543006854077,left,260709.874000,1.365065,-2.930164,-0.139338,-3.473748,-1.573150,3.044127,0.000000,0.000000,-0.000000,0.000000,-0.000000,-0.843921,-1.438890,4.551177,1.128962,-0.157644,-0.081001,-0.444131
790543014862458,left,260709.882000,1.365053,-2.930212,-0.139350,-3.473748,-1.573150,3.037242,0.000000,0.000000,-0.000000,0.000000,-0.000000,-0.846660,-1.421778,4.574773,1.132688,-0.155278,-0.086751,-0.478351
790543022845229,left,260709.890000,1.365053,-2.930187,-0.139362,-3.473772,-1.573185,3.030429,0.000000,0.000000,-0.000000,0.000000,-0.000000,-0.851254,-1.413577,4.557087,1.162117,-0.151954,-0.083489,-0.490523
790543030844234,left,260709.898000,1.365053,-2.930200,-0.139350,-3.473748,-1.573125,3.023627,0.000000,0.000000,-0.000000,0.000000,-0.000000,-0.858319,-1.391157,4.585011,1.104910,-0.154790,-0.088111,-0.515120
790543038854917,left,260709.906000,1.365041,-2.930236,-0.139374,-3.473748,-1.573185,3.016812,0.000000,0.000000,-0.000000,0.000000,-0.000000,-0.870513,-1.423803,4.551119,1.106090,-0.168781,-0.092595,-0.486201
790543046857485,left,260709.914000,1.365029,-2.930212,-0.139362,-3.473772,-1.573173,3.009675,0.000000,0.000000,-0.000000,0.000000,-0.000000,-0.876144,-1.452786,4.559060,1.148844,-0.161011,-0.091165,-0.481127
790543054842551,left,260709.922000,1.365077,-2.930187,-0.139374,-3.473748,-1.573173,3.002626,0.000000,0.000000,-0.000000,0.000000,-0.000000,-0.876857,-1.405003,4.557045,1.144948,-0.170880,-0.091845,-0.472726
790543062842712,left,260709.930000,1.365029,-2.930212,-0.139338,-3.473736,-1.573161,2.995601,0.000000,0.000000,-0.000000,0.000000,-0.000000,-0.884778,-1.491480,4.547446,1.147430,-0.171340,-0.098432,-0.485768
790543070854309,left,260709.938000,1.365041,-2.930224,-0.139386,-3.473772,-1.573173,2.988623,0.000000,0.000000,-0.000000,0.000000,-0.000000,-0.893252,-1.424731,4.504476,1.099645,-0.162152,-0.088871,-0.479603
790543078856745,left,260709.946000,1.365077,-2.930200,-0.139362,-3.473748,-1.573198,2.981365,0.000000,0.000000,-0.000000,0.000000,-0.000000,-0.903940,-1.427119,4.561704,1.146136,-0.166178,-0.086936,-0.435380
790543086852960,left,260709.954000,1.365053,-2.930247,-0.139374,-3.473772,-1.573161,2.974040,0.000000,0.000000,-0.000000,0.000000,-0.000000,-0.906967,-1.434455,4.563350,1.129592,-0.168227,-0.087004,-0.432702
790543094844407,left,260709.962000,1.365041,-2.930224,-0.139350,-3.473772,-1.573125,2.966784,0.000000,0.000000,-0.000000,0.000000,-0.000000,-0.910719,-1.426681,4.522714,1.140826,-0.164327,-0.077599,-0.470179
790543102854171,left,260709.970000,1.365065,-2.930200,-0.139327,-3.473736,-1.573150,2.959566,0.000000,0.000000,-0.000000,0.000000,-0.000000,-0.919605,-1.439197,4.567413,1.131791,-0.160179,-0.088289,-0.497474
790543110853357,left,260709.978000,1.365065,-2.930212,-0.139338,-3.473736,-1.573173,2.952155,0.000000,0.000000,-0.000000,0.000000,-0.000000,-0.928127,-1.463328,4.558337,1.175434,-0.167368,-0.094174,-0.487311
790543118850343,left,260709.986000,1.365077,-2.930224,-0.139350,-3.473772,-1.573138,2.944601,0.000000,0.000000,-0.000000,0.000000,-0.000000,-0.933354,-1.399779,4.562024,1.142078,-0.166021,-0.083345,-0.484137
790543126845247,left,260709.994000,1.365077,-2.930187,-0.139338,-3.473772,-1.573150,2.937116,0.000000,0.000000,-0.000000,0.000000,-0.000000,-0.936417,-1.450705,4.538478,1.137815,-0.178719,-0.079905,-0.518846
790543134845624,left,260710.002000,1.365077,-2.930175,-0.139350,-3.473724,-1.573161,2.929643,0.000000,0.000000,-0.000000,0.000000,-0.000000,-0.943436,-1.407095,4.565400,1.125743,-0.174201,-0.097836,-0.486912
790543142847109,left,260710.010000,1.365065,-2.930187,-0.139362,-3.473760,-1.573161,2.922135,0.000000,0.000000,-0.000000,0.000000,-0.000000,-0.954281,-1.418203,4.516605,1.142716,-0.181146,-0.087724,-0.447984
790543150843279,left,260710.018000,1.365077,-2.930224,-0.139362,-3.473760,-1.573150,2.914342,0.000000,0.000000,-0.000000,0.000000,-0.000000,-0.958949,-1.440539,4.508828,1.130046,-0.172481,-0.074808,-0.446901
790543158842606,left,260710.026000,1.365065,-2.930212,-0.139350,-3.473784,-1.573125,2.906642,0.000000,0.000000,-0.000000,0.000000,-0.000000,-0.961694,-1.446552,4.492562,1.153822,-0.174376,-0.088264,-0.496265
790543166852717,left,260710.034000,1.365065,-2.930212,-0.139386,-3.473736,-1.573138,2.899018,0.000000,0.000000,-0.000000,0.000000,-0.000000,-0.966009,-1.459434,4.538507,1.100703,-0.181508,-0.090498,-0.535471
790543174853838,left,260710.042000,1.365065,-2.930200,-0.139362,-3.473748,-1.573161,2.891257,0.000000,0.000000,-0.000000,0.000000,-0.000000,-0.977759,-1.461227,4.593442,1.102180,-0.190140,-0.078242,-0.485064
790543182844723,left,260710.050000,1.365065,-2.930212,-0.139362,-3.473760,-1.573161,2.883306,0.000000,0.000000,-0.000000,0.000000,-0.000000,-0.984885,-1.432133,4.541089,1.112792,-0.187982,-0.094189,-0.475443
790543190843875,left,260710.058000,1.365077,-2.930212,-0.139374,-3.473748,-1.573173,2.875363,0.000000,0.000000,-0.000000,0.000000,-0.000000,-0.987031,-1.427023,4.553887,1.103147,-0.184638,-0.084844,-0.522349
790543198843558,left,260710.066000,1.365053,-2.930200,-0.139374,-3.473772,-1.573161,2.867498,0.000000,0.000000,-0.000000,0.000000,-0.000000,-0.992987,-1.422119,4.553907,1.143732,-0.174527,-0.085851,-0.511407
790543206855864,left,260710.074000,1.365029,-2.930212,-0.139350,-3.473760,-1.573150,2.859549,0.000000,0.000000,-0.000000,0.000000,-0.000000,-1.003782,-1.461574,4.556337,1.098666,-0.182540,-0.080599,-0.489311
790543214845633,left,260710.082000,1.365065,-2.930200,-0.139362,-3.473748,-1.573138,2.851352,0.000000,0.000000,-0.000000,0.000000,-0.000000,-1.006813,-1.433395,4.536045,1.123385,-0.176049,-0.081645,-0.486078
790543222856128,left,260710.090000,1.365065,-2.930187,-0.139362,-3.473784,-1.573150,2.843211,0.000000,0.000000,-0.000000,0.000000,-0.000000,-1.012112,-1.424761,4.522503,1.153240,-0.186361,-0.091113,-0.477134
790543230843759,left,260710.098000,1.365065,-2.930212,-0.139362,-3.473748,-1.573150,2.835193,0.000000,0.000000,-0.000000,0.000000,-0.000000,-1.018631,-1.450845,4.543751,1.169140,-0.182979,-0.079060,-0.536553
790543238979200,left,260710.106000,1.365041,-2.930212,-0.139398,-3.473748,-1.573198,2.827076,0.000000,0.000000,-0.000000,0.000000,-0.000000,-1.029552,-1.417730,4.549526,1.142797,-0.197542,-0.091714,-0.516675
790543246952898,left,260710.114000,1.365065,-2.930212,-0.139398,-3.473784,-1.573185,2.818759,0.000000,0.000000,-0.000000,0.000000,-0.000000,-1.035234,-1.381641,4.545507,1.141765,-0.185858,-0.099357,-0.467378
790543254944774,left,260710.122000,1.365065,-2.930224,-0.139350,-3.473760,-1.573173,2.810438,0.000000,0.000000,-0.000000,0.000000,-0.000000,-1.039528,-1.451766,4.530363,1.134137,-0.202466,-0.081358,-0.473125
790543262952966,left,260710.130000,1.365089,-2.930200,-0.139374,-3.473760,-1.573150,2.802150,0.000000,0.000000,-0.000000,0.000000,-0.000000,-1.045983,-1.426917,4.552527,1.130816,-0.199070,-0.088598,-0.519722
790543270985279,left,260710.138000,1.365029,-2.930212,-0.139350,-3.473772,-1.573173,2.793799,0.000000,0.000000,-0.000000,0.000000,-0.000000,-1.056162,-1.407019,4.580512,1.159136,-0.189954,-0.096823,-0.490323
790543278885581,left,260710.146000,1.365053,-2.930212,-0.139338,-3.473797,-1.573185,2.785141,0.000000,0.000000,-0.000000,0.000000,-0.000000,-1.059174,-1.440111,4.592010,1.091042,-0.185908,-0.084169,-0.495097
790543286944548,left,260710.154000,1.365041,-2.930200,-0.139362,-3.473772,-1.573161,2.776675,0.000000,0.000000,-0.000000,0.000000,-0.000000,-1.062694,-1.403721,4.583164,1.116308,-0.188334,-0.098417,-0.524318
790543294889328,left,260710.162000,1.365041,-2.930187,-0.139386,-3.473772,-1.573173,2.768290,0.000000,0.000000,-0.000000,0.000000,-0.000000,-1.073313,-1.424954,4.550886,1.125329,-0.200143,-0.083752,-0.567675
790543302965373,left,260710.170000,1.365053,-2.930212,-0.139374,-3.473772,-1.573173,2.759606,0.000000,0.000000,-0.000000,0.000000,-0.000000,-1.082671,-1.433110,4.557525,1.138208,-0.199034,-0.074531,-0.460912
790543310908716,left,260710.178000,1.365065,-2.930164,-0.139374,-3.473772,-1.573173,2.750808,0.000000,0.000000,-0.000000,0.000000,-0.000000,-1.084455,-1.456909,4.567269,1.123629,-0.204345,-0.092076,-0.504233
790543318851441,left,260710.186000,1.365053,-2.930224,-0.139338,-3.473748,-1.573125,2.742167,0.000000,0.000000,-0.000000,0.000000,-0.000000,-1.089771,-1.416515,4.532726,1.131176,-0.195836,-0.103080,-0.515654
790543326842756,left,260710.194000,1.365065,-2.930224,-0.139362,-3.473748,-1.573150,2.733508,0.000000,0.000000,-0.000000,0.000000,-0.000000,-1.099211,-1.468939,4.565386,1.158001,-0.207506,-0.091672,-0.531946
790543334850124,left,260710.202000,1.365041,-2.930236,-0.139350,-3.473772,-1.573138,2.724548,0.000000,0.000000,-0.000000,0.000000,-0.000000,-1.104795,-1.420871,4.522612,1.161228,-0.204001,-0.096487,-0.493052
790543342934924,left,260710.210000,1.365065,-2.930224,-0.139315,-3.473784,-1.573150,2.715683,0.000000,0.000000,-0.000000,0.000000,-0.000000,-1.108979,-1.417840,4.598227,1.125300,-0.202283,-0.091615,-0.527896
790543350860781,left,260710.218000,1.365053,-2.930224,-0.139362,-3.473772,-1.573138,2.706918,0.000000,0.000000,-0.000000,0.000000,-0.000000,-1.116864,-1.470621,4.529556,1.145735,-0.210076,-0.091885,-0.530425
790543358848184,left,260710.226000,1.365065,-2.930200,-0.139362,-3.473772,-1.573161,2.697886,0.000000,0.000000,-0.000000,0.000000,-0.000000,-1.127827,-1.431895,4.585538,1.145398,-0.211467,-0.099318,-0.459136
790543366849549,left,260710.234000,1.365053,-2.930224,-0.139350,-3.473772,-1.573150,2.688767,0.000000,0.000000,-0.000000,0.000000,-0.000000,-1.124822,-1.409538,4.582889,1.117220,-0.212677,-0.093218,-0.444168
790543374848608,left,260710.242000,1.365077,-2.930224,-0.139350,-3.473772,-1.573150,2.679949,0.000000,0.000000,0.000031,0.000000,-0.000000,-1.114554,-1.427242,4.579583,1.147286,-0.211633,-0.097961,-0.497013
790543382857460,left,260710.250000,1.365077,-2.930212,-0.139362,-3.473784,-1.573173,2.671103,0.000000,0.000000,0.000027,0.000000,-0.000000,-1.114520,-1.446553,4.528430,1.168499,-0.211361,-0.090597,-0.500661
790543390853689,left,260710.258000,1.365077,-2.930200,-0.139374,-3.473784,-1.573138,2.662076,0.000000,0.000000,0.000024,0.000000,-0.000000,-1.105711,-1.436024,4.505095,1.172540,-0.198347,-0.091610,-0.442864
790543398849848,left,260710.266000,1.365053,-2.930224,-0.139362,-3.473772,-1.573173,2.653271,0.000000,0.000000,0.000022,0.000000,-0.000000,-1.094239,-1.405951,4.561024,1.134148,-0.206086,-0.095375,-0.489142
790543406854698,left,260710.274000,1.365041,-2.930236,-0.139374,-3.473772,-1.573161,2.644654,0.000000,0.000000,0.000020,0.000000,-0.000000,-1.091469,-1.475941,4.555507,1.150226,-0.204581,-0.112969,-0.503335
790543414857263,left,260710.282000,1.365065,-2.930200,-0.139362,-3.473748,-1.573150,2.635939,0.000000,0.000000,0.000018,0.000000,-0.000000,-1.090481,-1.450494,4.567962,1.115590,-0.210351,-0.095343,-0.411570
790543422855792,left,260710.290000,1.365041,-2.930236,-0.139338,-3.473736,-1.573150,2.627149,0.000000,0.000000,0.000017,0.000000,-0.000000,-1.078785,-1.440229,4.582278,1.167706,-0.200998,-0.104867,-0.429668
790543430866018,left,260710.298000,1.365077,-2.930212,-0.139386,-3.473772,-1.573150,2.618592,0.000000,0.000000,0.000016,0.000000,-0.000000,-1.069205,-1.414250,4.562771,1.115964,-0.209754,-0.099628,-0.490681
790543438867458,left,260710.306000,1.365077,-2.930236,-0.139374,-3.473736,-1.573161,2.610186,0.000000,0.000000,0.000015,0.000000,-0.000000,-1.068561,-1.448802,4.561988,1.145711,-0.222908,-0.093792,-0.468351
790543446989608,left,260710.314000,1.365053,-2.930212,-0.139350,-3.473736,-1.573138,2.601548,0.000000,0.000000,0.000014,0.000000,-0.000000,-1.064261,-1.421702,4.542481,1.200681,-0.209927,-0.100325,-0.433455
790543454972893,left,260710.322000,1.365065,-2.930224,-0.139374,-3.473784,-1.573173,2.593041,0.000000,0.000000,0.000013,0.000000,-0.000000,-1.051315,-1.448754,4.592072,1.146801,-0.216265,-0.103318,-0.467977
790543463014939,left,260710.330000,1.365041,-2.930187,-0.139362,-3.473797,-1.573161,2.584751,0.000000,0.000000,0.000012,0.000000,-0.000000,-1.042485,-1.437164,4.531447,1.193107,-0.221726,-0.099997,-0.544215
790543470975178,left,260710.338000,1.365089,-2.930212,-0.139350,-3.473760,-1.573185,2.576454,0.000000,0.000000,0.000012,0.000000,-0.000000,-1.045075,-1.454934,4.532913,1.121379,-0.220827,-0.114920,-0.452057
790543478993164,left,260710.346000,1.365065,-2.930236,-0.139350,-3.473760,-1.573161,2.568010,0.000000,0.000000,0.000011,0.000000,-0.000000,-1.038952,-1.442594,4.519932,1.166331,-0.218752,-0.107555,-0.416252
790543486896416,left,260710.354000,1.365077,-2.930187,-0.139350,-3.473772,-1.573161,2.559727,0.000000,0.000000,0.000011,0.000000,-0.000000,-1.027010,-1.424943,4.532204,1.163873,-0.224423,-0.113664,-0.431390
790543494937571,left,260710.362000,1.365089,-2.930175,-0.139362,-3.473797,-1.573161,2.551685,0.000000,0.000000,0.000010,0.000000,-0.000000,-1.020288,-1.448869,4.541788,1.161604,-0.221516,-0.108175,-0.483887
790543502947653,left,260710.370000,1.365041,-2.930224,-0.139362,-3.473784,-1.573161,2.543498,0.000000,0.000000,0.000000,0.000000,-0.000000,-1.019108,-1.426580,4.572451,1.151743,-0.226817,-0.105875,-0.489909
790543511017090,left,260710.378000,1.365077,-2.930187,-0.139327,-3.473797,-1.573161,2.535239,0.000000,0.000000,0.000000,-0.000000,-0.000000,-1.011757,-1.449857,4.539328,1.151625,-0.223342,-0.121715,-0.417447
790543518979607,left,260710.386000,1.365053,-2.930187,-0.139362,-3.473724,-1.573173,2.527259,0.000000,0.000000,0.000000,-0.000000,-0.000000,-1.000688,-1.435961,4.542630,1.151389,-0.226583,-0.110756,-0.453022
790543526992111,left,260710.394000,1.365077,-2.930212,-0.139374,-3.473772,-1.573161,2.519419,0.000000,0.000000,0.000000,-0.000000,-0.000000,-0.995961,-1.441170,4.561751,1.147305,-0.217034,-0.111457,-0.512149
790543534982389,left,260710.402000,1.365077,-2.930187,-0.139362,-3.473760,-1.573161,2.511435,0.000000,0.000000,0.000000,-0.000000,-0.000000,-0.994224,-1.470739,4.535172,1.122944,-0.227164,-0.105417,-0.388443
790543542991193,left,260710.410000,1.365053,-2.930200,-0.139362,-3.473784,-1.573173,2.503385,0.000000,0.000000,-0.000000,-0.000000,-0.000000,-0.985046,-1.443718,4.549667,1.152531,-0.216527,-0.101893,-0.414899
790543550983234,left,260710.418000,1.365077,-2.930187,-0.139374,-3.473772,-1.573150,2.495570,0.000000,0.000000,-0.000000,-0.000000,-0.000000,-0.973355,-1.436119,4.567348,1.176831,-0.212262,-0.107591,-0.463967
790543558877719,left,260710.426000,1.365065,-2.930200,-0.139350,-3.473784,-1.573173,2.487879,0.000000,0.000000,-0.000000,-0.000000,-0.000000,-0.969248,-1.420868,4.564016,1.211205,-0.224198,-0.110495,-0.486229
790543566845905,left,260710.434000,1.365053,-2.930224,-0.139374,-3.473772,-1.573161,2.480203,0.000000,0.000000,-0.000000,-0.000000,-0.000000,-0.968279,-1.433256,4.566313,1.141966,-0.224159,-0.109310,-0.403514
790543575133944,left,260710.442000,1.365065,-2.930200,-0.139374,-3.473797,-1.573161,2.472357,0.000000,0.000000,-0.000000,-0.000000,-0.000000,-0.959843,-1.450721,4.541564,1.151133,-0.239458,-0.112051,-0.387870
790543582991324,left,260710.450000,1.365089,-2.930224,-0.139374,-3.473772,-1.573125,2.464730,0.000000,0.000000,-0.000000,-0.000000,-0.000000,-0.948433,-1.432780,4.529628,1.152498,-0.224854,-0.107138,-0.443791
790543590962387,left,260710.458000,1.365017,-2.930212,-0.139350,-3.473760,-1.573125,2.457317,0.000000,0.000000,-0.000000,-0.000000,-0.000000,-0.943268,-1.461263,4.554366,1.184598,-0.230264,-0.116118,-0.511330
790543598972245,left,260710.466000,1.365077,-2.930212,-0.139386,-3.473760,-1.573161,2.449818,0.000000,0.000000,-0.000000,-0.000000,-0.000000,-0.942830,-1.426404,4.550813,1.154105,-0.233738,-0.099521,-0.442920
790543607025348,left,260710.474000,1.365053,-2.930212,-0.139350,-3.473748,-1.573173,2.442182,0.000000,0.000000,-0.000000,-0.000000,-0.000000,-0.933471,-1.430858,4.552889,1.136891,-0.216745,-0.112107,-0.405023
790543614971767,left,260710.482000,1.365053,-2.930212,-0.139374,-3.473760,-1.573161,2.434736,0.000000,0.000000,-0.000000,-0.000000,-0.000000,-0.923707,-1.458140,4.547045,1.183415,-0.227880,-0.100087,-0.420001
790543622977673,left,260710.490000,1.365053,-2.930224,-0.139374,-3.473784,-1.573173,2.427466,0.000000,0.000000,-0.000000,-0.000000,-0.000000,-0.916703,-1.425208,4.516272,1.153617,-0.230708,-0.113030,-0.474067
790543630982519,left,260710.498000,1.365077,-2.930212,-0.139374,-3.473760,-1.573173,2.420246,0.000000,0.000000,-0.000000,-0.000000,-0.000000,-0.915582,-1.428829,4.547572,1.209798,-0.220869,-0.113408,-0.437109
790543638985557,left,260710.506000,1.365017,-2.930175,-0.139338,-3.473772,-1.573173,2.412786,0.000000,0.000000,-0.000000,-0.000000,-0.000000,-0.910136,-1.428019,4.583388,1.174055,-0.217472,-0.121056,-0.413318
790543646977825,left,260710.514000,1.365065,-2.930200,-0.139362,-3.473808,-1.573161,2.405554,0.000000,0.000000,-0.000000,-0.000000,-0.000000,-0.899509,-1.434536,4.589573,1.163601,-0.218635,-0.105167,-0.429249
790543654965692,left,260710.522000,1.365065,-2.930212,-0.139338,-3.473760,-1.573185,2.398385,0.000000,0.000000,-0.000000,-0.000000,-0.000000,-0.888327,-1.415078,4.596715,1.192065,-0.225595,-0.111104,-0.465626
790543662980155,left,260710.530000,1.365053,-2.930212,-0.139327,-3.473772,-1.573161,2.391306,0.000000,0.000000,-0.000000,-0.000000,-0.000000,-0.887765,-1.415539,4.564360,1.221106,-0.226655,-0.113222,-0.448056
790543670966661,left,260710.538000,1.365089,-2.930164,-0.139362,-3.473760,-1.573173,2.384218,0.000000,0.000000,-0.000000,-0.000000,-0.000000,-0.884317,-1.454240,4.554050,1.160459,-0.225910,-0.114424,-0.402449
790543678882658,left,260710.546000,1.365053,-2.930212,-0.139362,-3.473797,-1.573161,2.377117,0.000000,0.000000,-0.000000,-0.000051,-0.000000,-0.874095,-1.401916,4.594770,1.170492,-0.231025,-0.122305,-0.439183
790543686985982,left,260710.554000,1.365029,-2.930187,-0.139350,-3.473760,-1.573150,2.370214,0.000000,0.000000,-0.000000,-0.000003,-0.000000,-0.867217,-1.426513,4.558063,1.178422,-0.224156,-0.107608,-0.428389
790543694971231,left,260710.562000,1.365077,-2.930247,-0.139362,-3.473784,-1.573161,2.363332,0.000000,0.000000,-0.000000,-0.000000,-0.000000,-0.861510,-1.441767,4.577868,1.205516,-0.229080,-0.109410,-0.473027
790543702976373,left,260710.570000,1.365077,-2.930224,-0.139338,-3.473784,-1.573161,2.356537,0.000000,0.000000,-0.000000,-0.000000,-0.000000,-0.858736,-1.459665,4.548562,1.166114,-0.242648,-0.114758,-0.421991
790543710886270,left,260710.578000,1.365041,-2.930200,-0.139327,-3.473760,-1.573173,2.349597,0.000000,0.000000,-0.000000,-0.000000,-0.000000,-0.850297,-1.456025,4.591772,1.151504,-0.229491,-0.116390,-0.413444
790543718865349,left,260710.586000,1.365077,-2.930224,-0.139362,-3.473797,-1.573173,2.342812,0.000000,0.000000,-0.000000,-0.000000,-0.000000,-0.840407,-1.453566,4.552631,1.192607,-0.222980,-0.112153,-0.433085
790543726856790,left,260710.594000,1.365089,-2.930200,-0.139362,-3.473772,-1.573161,2.336174,0.000000,0.000000,-0.000000,-0.000000,-0.000000,-0.831932,-1.457612,4.550149,1.144305,-0.221255,-0.112681,-0.454226
790543734842888,left,260710.602000,1.365077,-2.930212,-0.139386,-3.473760,-1.573161,2.329592,0.000000,0.000000,-0.000000,-0.000000,-0.000000,-0.830200,-1.420369,4.597486,1.172362,-0.236735,-0.110487,-0.435152
790543742853347,left,260710.610000,1.365053,-2.930200,-0.139362,-3.473784,-1.573161,2.322952,0.000000,0.000000,-0.000000,-0.000000,-0.000050,-0.828535,-1.502206,4.574167,1.159172,-0.232416,-0.104320,-0.407314
790543750859184,left,260710.618000,1.365077,-2.930212,-0.139362,-3.473797,-1.573185,2.316256,0.000000,0.000000,-0.000000,-0.000000,-0.000000,-0.816793,-1.430992,4.566576,1.168942,-0.223250,-0.115022,-0.390571
790543758854527,left,260710.626000,1.365065,-2.930212,-0.139338,-3.473772,-1.573173,2.309748,0.000000,0.000000,-0.000000,-0.000000,-0.000000,-0.806712,-1.451717,4.551992,1.162405,-0.218238,-0.107478,-0.423669
790543766985605,left,260710.634000,1.365029,-2.930187,-0.139338,-3.473760,-1.573161,2.303367,0.000000,0.000000,-0.000000,-0.000000,-0.000000,-0.801262,-1.462288,4.607579,1.174868,-0.229628,-0.098081,-0.436062
790543775051442,left,260710.642000,1.365077,-2.930224,-0.139362,-3.473772,-1.573185,2.297056,0.000000,0.000000,-0.000000,-0.000000,-0.000000,-0.799920,-1.464386,4.558010,1.174748,-0.225538,-0.120748,-0.391221
790543782968404,left,260710.650000,1.365041,-2.930187,-0.139374,-3.473772,-1.573150,2.290637,0.000000,0.000000,-0.000000,-0.000000,-0.000000,-0.796878,-1.463997,4.564394,1.187258,-0.214218,-0.118212,-0.367860
790543790948630,left,260710.658000,1.365065,-2.930200,-0.139327,-3.473797,-1.573150,2.284223,0.000000,0.000000,-0.000000,-0.000000,-0.000000,-0.785528,-1.397487,4.562425,1.150257,-0.224639,-0.099729,-0.414431
790543798975390,left,260710.666000,1.365065,-2.930187,-0.139362,-3.473797,-1.573185,2.277984,0.000000,0.000000,-0.000000,-0.000000,-0.000000,-0.777864,-1.416740,4.547192,1.171451,-0.218609,-0.095391,-0.411227
790543806999310,left,260710.674000,1.365053,-2.930212,-0.139338,-3.473797,-1.573138,2.271858,0.000000,0.000000,-0.000000,-0.000000,-0.000000,-0.769628,-1.410291,4.571021,1.162359,-0.226428,-0.116052,-0.403304
790543814960355,left,260710.682000,1.365041,-2.930212,-0.139362,-3.473797,-1.573173,2.265786,0.000000,0.000000,-0.000000,-0.000000,-0.000000,-0.766871,-1.460038,4.564115,1.148731,-0.232533,-0.112282,-0.401490
790543822975907,left,260710.690000,1.365077,-2.930200,-0.139350,-3.473748,-1.573161,2.259622,0.000000,0.000000,-0.000000,-0.000000,-0.000000,-0.762953,-1.424190,4.571622,1.151114,-0.215631,-0.100244,-0.357113
790543830980221,left,260710.698000,1.365041,-2.930187,-0.139362,-3.473797,-1.573113,2.253520,0.000000,0.000000,-0.000000,-0.000000,-0.000000,-0.752087,-1.453463,4.595655,1.154653,-0.229679,-0.100770,-0.371673
790543838908481,left,260710.706000,1.365089,-2.930200,-0.139350,-3.473797,-1.573150,2.247488,0.000000,0.000000,-0.000000,-0.000000,-0.000000,-0.743507,-1.422013,4.567478,1.174269,-0.219399,-0.107302,-0.382319
790543846881722,left,260710.714000,1.365089,-2.930200,-0.139327,-3.473784,-1.573138,2.241598,0.000000,0.000000,-0.000000,-0.000000,-0.000000,-0.738042,-1.431568,4.550535,1.162862,-0.224925,-0.096606,-0.392414
790543854847516,left,260710.722000,1.365077,-2.930212,-0.139362,-3.473772,-1.573138,2.235861,0.000000,0.000000,-0.000000,-0.000000,-0.000000,-0.735169,-1.409029,4.541257,1.225924,-0.216381,-0.106390,-0.418097
790543862846670,left,260710.730000,1.365041,-2.930224,-0.139362,-3.473784,-1.573161,2.230004,0.000000,0.000000,-0.000000,-0.000000,-0.000000,-0.731254,-1.479576,4.604853,1.180480,-0.222855,-0.097978,-0.355412
790543870876845,left,260710.738000,1.365053,-2.930175,-0.139386,-3.473760,-1.573161,2.224087,0.000000,0.000000,-0.000000,-0.000000,-0.000000,-0.725244,-1.429529,4.562453,1.158347,-0.221613,-0.109406,-0.351036
790543878854989,left,260710.746000,1.365065,-2.930224,-0.139374,-3.473772,-1.573150,2.218304,0.000000,0.000000,-0.000000,-0.000000,-0.000000,-0.714088,-1.455489,4.550817,1.197565,-0.221672,-0.115179,-0.392747
790543886847306,left,260710.754000,1.365053,-2.930187,-0.139350,-3.473772,-1.573161,2.212667,0.000000,0.000000,-0.000000,-0.000000,-0.000000,-0.706577,-1.462737,4.559652,1.200090,-0.211377,-0.088556,-0.389526
790543894846553,left,260710.762000,1.365065,-2.930247,-0.139338,-3.473772,-1.573173,2.207062,0.000000,0.000000,-0.000000,-0.000000,-0.000000,-0.701997,-1.407100,4.594496,1.219469,-0.209454,-0.102861,-0.370596
790543902846821,left,260710.770000,1.365089,-2.930212,-0.139350,-3.473772,-1.573173,2.201563,0.000000,0.000000,-0.000000,-0.000000,-0.000000,-0.699440,-1.409628,4.590816,1.223776,-0.220529,-0.099117,-0.387841
790543910853434,left,260710.778000,1.365065,-2.930200,-0.139350,-3.473784,-1.573150,2.195936,0.000000,0.000000,-0.000000,-0.000000,-0.000000,-0.694213,-1.430204,4.594546,1.196949,-0.216576,-0.096467,-0.342109
790543918855888,left,260710.786000,1.365089,-2.930200,-0.139350,-3.473784,-1.573173,2.190344,0.000000,0.000000,-0.000000,-0.000000,-0.000000,-0.683475,-1.447884,4.577330,1.214827,-0.206334,-0.100331,-0.364309
790543926855306,left,260710.794000,1.365065,-2.930236,-0.139374,-3.473760,-1.573185,2.184923,0.000000,0.000000,-0.000000,-0.000000,-0.000000,-0.673022,-1.425102,4.565241,1.199888,-0.231389,-0.099884,-0.390550
790543934844592,left,260710.802000,1.365041,-2.930187,-0.139315,-3.473784,-1.573161,2.179596,0.000000,0.000000,-0.000000,-0.000000,-0.000000,-0.667557,-1.445468,4.582883,1.218240,-0.224214,-0.106579,-0.380731
790543942849625,left,260710.810000,1.365065,-2.930200,-0.139374,-3.473748,-1.573173,2.174303,0.000000,0.000000,-0.000000,-0.000000,-0.000000,-0.664016,-1.412529,4.570774,1.186728,-0.203193,-0.093662,-0.401954
790543950854529,left,260710.818000,1.365053,-2.930200,-0.139338,-3.473772,-1.573150,2.169108,0.000000,0.000000,-0.000000,-0.000000,-0.000000,-0.661377,-1.440464,4.590320,1.202096,-0.215799,-0.109776,-0.330513
790543958873662,left,260710.826000,1.365053,-2.930212,-0.139350,-3.473797,-1.573173,2.163758,0.000000,0.000000,-0.000000,-0.000000,-0.000000,-0.653711,-1.419696,4.555533,1.144131,-0.217563,-0.110280,-0.337291
790543966850549,left,260710.834000,1.365053,-2.930187,-0.139374,-3.473772,-1.573138,2.159958,0.000000,0.000000,-0.000000,-0.000000,-0.000000,-0.339535,-1.467064,4.559636,1.189202,-0.218080,-0.102584,0.359615
790543974858830,left,260710.842000,1.365065,-2.930247,-0.139374,-3.473797,-1.573161,2.158265,0.000000,0.000000,-0.000000,-0.000000,-0.000000,-0.121689,-1.444733,4.545496,1.186944,-0.212840,-0.107874,0.644368
790543982861577,left,260710.850000,1.365077,-2.930224,-0.139350,-3.473784,-1.573161,2.158431,0.000000,0.000000,-0.000000,-0.000000,-0.000004,0.076326,-1.504467,4.594975,1.178190,-0.214871,-0.103628,-0.968384
790543990880304,left,260710.858000,1.365041,-2.930224,-0.139362,-3.473784,-1.573150,2.158355,0.000000,0.000000,-0.000000,-0.000000,-0.000000,-0.001609,-1.517738,4.517460,1.142923,-0.201355,-0.110905,0.203379
790543998846544,left,260710.866000,1.365053,-2.930212,-0.139350,-3.473808,-1.573161,2.158491,0.000000,0.000000,-0.000000,-0.000000,-0.000000,0.012578,-1.511247,4.563038,1.154011,-0.224376,-0.117162,0.100307
790544006851748,left,260710.874000,1.365065,-2.930200,-0.139350,-3.473772,-1.573161,2.158613,0.000000,0.000000,-0.000000,-0.000000,-0.000000,0.019246,-1.501130,4.563759,1.162042,-0.206860,-0.104338,0.100760
790544014854545,left,260710.882000,1.365053,-2.930212,-0.139362,-3.473797,-1.573161,2.158831,0.000000,0.000000,-0.000000,-0.000000,-0.000000,0.026399,-1.525942,4.577107,1.158165,-0.224672,-0.105857,0.118890
790544022858172,left,260710.890000,1.365077,-2.930212,-0.139362,-3.473760,-1.573138,2.158990,0.000000,0.000000,-0.000000,-0.000000,-0.000000,0.033002,-1.457194,4.557264,1.148416,-0.214683,-0.108512,0.157786
790544030843363,left,260710.898000,1.365089,-2.930200,-0.139350,-3.473772,-1.573138,2.159327,0.000000,0.000000,-0.000000,-0.000000,-0.000000,0.040541,-1.539836,4.596095,1.174508,-0.208392,-0.103677,0.142299
790544038869005,left,260710.906000,1.365065,-2.930187,-0.139374,-3.473797,-1.573161,2.159641,0.000000,0.000000,-0.000000,-0.000000,-0.000000,0.047208,-1.506097,4.552674,1.143253,-0.217147,-0.116904,0.174967
790544046856946,left,260710.914000,1.365041,-2.930212,-0.139362,-3.473797,-1.573138,2.160063,0.000000,0.000000,-0.000000,-0.000000,-0.000000,0.055435,-1.481540,4.578379,1.191141,-0.214446,-0.112316,0.157989
790544054871061,left,260710.922000,1.365065,-2.930187,-0.139327,-3.473797,-1.573161,2.160521,0.000000,0.000000,-0.000000,-0.000000,-0.000000,0.061684,-1.494584,4.570702,1.174897,-0.206390,-0.097976,0.150881
790544062845232,left,260710.930000,1.365077,-2.930200,-0.139374,-3.473760,-1.573185,2.161061,0.000000,0.000000,-0.000000,-0.000000,-0.000000,0.067637,-1.503006,4.567282,1.155783,-0.208670,-0.112623,0.150359
790544070842250,left,260710.938000,1.365065,-2.930200,-0.139315,-3.473772,-1.573173,2.161591,0.000000,0.000000,-0.000000,-0.000000,-0.000000,0.073353,-1.468547,4.576523,1.157220,-0.216325,-0.110527,0.181446
790544078852641,left,260710.946000,1.365053,-2.930187,-0.139327,-3.473772,-1.573161,2.162286,0.000000,0.000000,-0.000000,-0.000000,-0.000000,0.077857,-1.485312,4.577705,1.147405,-0.203084,-0.108968,0.196723
790544086878033,left,260710.954000,1.365077,-2.930236,-0.139386,-3.473784,-1.573173,2.162948,0.000000,0.000000,-0.000000,-0.000000,-0.000000,0.085232,-1.513847,4.587651,1.177485,-0.206488,-0.088199,0.183025
790544094848594,left,260710.962000,1.365053,-2.930224,-0.139350,-3.473772,-1.573161,2.163680,0.000000,0.000000,-0.000000,-0.000000,-0.000000,0.091383,-1.489735,4.570376,1.194109,-0.223301,-0.106447,0.188112
790544102848140,left,260710.970000,1.365065,-2.930212,-0.139362,-3.473772,-1.573173,2.164449,0.000000,0.000000,-0.000000,-0.000000,-0.000000,0.096296,-1.523599,4.561166,1.142135,-0.190538,-0.105184,0.200739
790544110855712,left,260710.978000,1.365065,-2.930187,-0.139338,-3.473797,-1.573209,2.165277,0.000000,0.000000,-0.000000,-0.000000,-0.000000,0.101835,-1.545688,4.581394,1.182250,-0.194254,-0.099964,0.214222
790544118865858,left,260710.986000,1.365041,-2.930187,-0.139338,-3.473772,-1.573150,2.166142,0.000000,0.000000,-0.000000,-0.000000,-0.000000,0.108312,-1.481940,4.566788,1.172816,-0.193997,-0.097803,0.229180
790544126847979,left,260710.994000,1.365041,-2.930212,-0.139386,-3.473760,-1.573198,2.167078,0.000000,0.000000,-0.000000,-0.000000,-0.000000,0.114703,-1.517970,4.577492,1.173955,-0.207218,-0.097783,0.241654
790544134843949,left,260711.002000,1.365065,-2.930187,-0.139374,-3.473760,-1.573161,2.168051,0.000000,0.000000,-0.000000,-0.000000,-0.000000,0.122927,-1.492406,4.581367,1.199913,-0.203307,-0.103096,0.228219
790544142852837,left,260711.010000,1.365041,-2.930212,-0.139374,-3.473784,-1.573150,2.169036,0.000000,0.000000,-0.000000,-0.000000,-0.000000,0.129647,-1.525984,4.570405,1.199065,-0.212462,-0.094366,0.231980
790544150965546,left,260711.018000,1.365053,-2.930200,-0.139374,-3.473772,-1.573161,2.170139,0.000000,0.000000,-0.000000,-0.000000,-0.000000,0.135834,-1.498668,4.545280,1.194247,-0.208566,-0.104771,0.226060
790544158996594,left,260711.026000,1.365077,-2.930200,-0.139327,-3.473772,-1.573198,2.171207,0.000000,0.000000,-0.000000,-0.000000,-0.000000,0.141074,-1.492343,4.575761,1.181086,-0.198674,-0.100814,0.259596
790544166985473,left,260711.034000,1.365065,-2.930212,-0.139374,-3.473797,-1.573161,2.172347,0.000000,0.000000,-0.000000,-0.000000,-0.000000,0.148851,-1.503106,4.530317,1.172626,-0.200410,-0.104880,0.251167
790544174982737,left,260711.042000,1.365053,-2.930175,-0.139338,-3.473760,-1.573209,2.173595,0.000000,0.000000,-0.000000,-0.000000,-0.000000,0.156118,-1.491823,4.600964,1.145404,-0.205081,-0.108405,0.258981
790544182956914,left,260711.050000,1.365053,-2.930187,-0.139362,-3.473784,-1.573198,2.174843,0.000000,0.000000,-0.000000,-0.000000,-0.000000,0.162553,-1.473947,4.561683,1.176884,-0.208565,-0.104070,0.296334
790544190977107,left,260711.058000,1.365065,-2.930212,-0.139398,-3.473784,-1.573173,2.176210,0.000000,0.000000,-0.000000,-0.000000,-0.000000,0.168856,-1.500253,4.551851,1.187598,-0.189557,-0.095883,0.271962
790544198967600,left,260711.066000,1.365065,-2.930187,-0.139350,-3.473832,-1.573161,2.177554,0.000000,0.000000,-0.000000,-0.000000,-0.000000,0.174554,-1.477846,4.540931,1.164394,-0.186583,-0.089400,0.257592
790544206980820,left,260711.074000,1.365053,-2.930224,-0.139374,-3.473772,-1.573173,2.178994,0.000000,0.000000,-0.000000,-0.000000,-0.000000,0.184056,-1.520527,4.582581,1.184482,-0.177124,-0.099624,0.249803
790544214956360,left,260711.082000,1.365053,-2.930224,-0.139338,-3.473797,-1.573173,2.180481,0.000000,0.000000,-0.000000,-0.000000,-0.000000,0.189612,-1.505643,4.574018,1.218100,-0.191721,-0.106942,0.257795
790544222978986,left,260711.090000,1.365053,-2.930200,-0.139362,-3.473760,-1.573138,2.181992,0.000000,0.000000,-0.000000,-0.000000,-0.000000,0.194479,-1.489322,4.585225,1.196405,-0.192829,-0.097936,0.263066
790544230971624,left,260711.098000,1.365053,-2.930200,-0.139350,-3.473772,-1.573185,2.183587,0.000000,0.000000,-0.000000,-0.000000,-0.000000,0.201416,-1.515492,4.570575,1.157324,-0.200844,-0.081861,0.260278
790544238975799,left,260711.106000,1.365053,-2.930212,-0.139362,-3.473772,-1.573173,2.185217,0.000000,0.000000,-0.000000,-0.000000,-0.000000,0.206162,-1.515713,4.565564,1.167395,-0.199240,-0.084791,0.285529
790544246962328,left,260711.114000,1.365053,-2.930224,-0.139338,-3.473797,-1.573173,2.186908,0.000000,0.000000,-0.000000,-0.000000,-0.000000,0.212538,-1.492645,4.565202,1.175514,-0.182499,-0.092963,0.286090
790544254948629,left,260711.122000,1.365089,-2.930212,-0.139350,-3.473784,-1.573173,2.188671,0.000000,0.000000,-0.000000,-0.000000,-0.000000,0.219339,-1.511436,4.536830,1.147542,-0.195600,-0.095496,0.285571
790544262891602,left,260711.130000,1.365029,-2.930224,-0.139374,-3.473772,-1.573150,2.190459,0.000000,0.000000,-0.000000,-0.000000,-0.000000,0.228368,-1.518953,4.556937,1.222478,-0.196695,-0.096556,0.271244
790544270866347,left,260711.138000,1.365065,-2.930187,-0.139338,-3.473797,-1.573138,2.192328,0.000000,0.000000,-0.000000,-0.000000,-0.000000,0.232167,-1.469541,4.570624,1.174479,-0.194620,-0.095036,0.275333
790544278884055,left,260711.146000,1.365053,-2.930175,-0.139362,-3.473808,-1.573173,2.194259,0.000000,0.000000,-0.000000,-0.000000,-0.000000,0.238139,-1.547664,4.566232,1.207053,-0.187763,-0.099135,0.279368
790544286971778,left,260711.154000,1.365065,-2.930212,-0.139350,-3.473808,-1.573173,2.196238,0.000000,0.000000,-0.000000,-0.000000,-0.000000,0.242906,-1.515598,4.528008,1.184650,-0.187435,-0.088579,0.269304
790544294966245,left,260711.162000,1.365053,-2.930187,-0.139327,-3.473797,-1.573125,2.198241,0.000000,0.000000,-0.000000,-0.000000,-0.000000,0.248348,-1.511961,4.586150,1.209093,-0.197150,-0.079859,0.278959
790544302968657,left,260711.170000,1.365053,-2.930200,-0.139327,-3.473748,-1.573138,2.200279,0.000000,0.000000,-0.000000,-0.000000,-0.000000,0.254721,-1.501964,4.551382,1.167141,-0.178554,-0.100707,0.293450
790544310887553,left,260711.178000,1.365053,-2.930200,-0.139350,-3.473784,-1.573161,2.202354,0.000000,0.000000,-0.000000,-0.000000,-0.000000,0.261193,-1.493471,4.549052,1.154878,-0.182806,-0.097812,0.280759
790544318849596,left,260711.186000,1.365077,-2.930212,-0.139374,-3.473760,-1.573173,2.204466,0.000000,0.000000,-0.000000,-0.000000,-0.000000,0.269011,-1.506313,4.551105,1.178316,-0.189763,-0.092848,0.329277
790544326854871,left,260711.194000,1.365053,-2.930200,-0.139386,-3.473797,-1.573150,2.206614,0.000000,0.000000,-0.000000,-0.000000,-0.000000,0.277179,-1.493283,4.551127,1.162675,-0.181672,-0.095426,0.320937
790544334857238,left,260711.202000,1.365041,-2.930212,-0.139374,-3.473797,-1.573173,2.208821,0.000000,0.000000,-0.000000,-0.000000,-0.000000,0.285302,-1.477603,4.581497,1.202987,-0.184065,-0.088305,0.298624
790544342852607,left,260711.210000,1.365077,-2.930187,-0.139362,-3.473772,-1.573150,2.211159,0.000000,0.000000,-0.000000,-0.000000,-0.000000,0.291669,-1.473401,4.561166,1.182563,-0.183787,-0.091267,0.309121
790544350860580,left,260711.218000,1.365041,-2.930200,-0.139338,-3.473760,-1.573161,2.213473,0.000000,0.000000,-0.000000,-0.000000,-0.000000,0.299377,-1.498623,4.583744,1.152544,-0.179890,-0.094020,0.275731
790544358870413,left,260711.226000,1.365029,-2.930212,-0.139350,-3.473760,-1.573161,2.215882,0.000000,0.000000,-0.000000,-0.000000,-0.000000,0.302630,-1.498209,4.557558,1.203130,-0.191757,-0.083275,0.300421
790544366842965,left,260711.234000,1.365053,-2.930224,-0.139362,-3.473736,-1.573161,2.218293,0.000000,0.000000,-0.000000,-0.000000,-0.000000,0.308947,-1.466528,4.563206,1.172753,-0.194235,-0.082437,0.325027
790544374843912,left,260711.242000,1.365077,-2.930212,-0.139362,-3.473808,-1.573198,2.220812,0.000000,0.000000,-0.000000,-0.000000,-0.000000,0.316432,-1.524133,4.553075,1.157264,-0.189690,-0.085583,0.326374
790544382851961,left,260711.250000,1.365029,-2.930187,-0.139362,-3.473736,-1.573138,2.223461,0.000000,0.000000,-0.000000,-0.000000,-0.000000,0.323243,-1.486408,4.516612,1.208971,-0.174837,-0.084106,0.303217
790544390875682,left,260711.258000,1.365065,-2.930212,-0.139350,-3.473784,-1.573161,2.226135,0.000000,0.000000,-0.000000,-0.000000,-0.000000,0.328243,-1.459783,4.582540,1.183450,-0.190050,-0.079008,0.306407
790544398843734,left,260711.266000,1.365065,-2.930224,-0.139350,-3.473760,-1.573125,2.228772,0.000000,0.000000,-0.000000,-0.000000,-0.000000,0.333190,-1.533764,4.534318,1.199659,-0.181233,-0.084879,0.330227
790544406863464,left,260711.274000,1.365041,-2.930164,-0.139350,-3.473784,-1.573161,2.231481,0.000000,0.000000,-0.000000,-0.000000,-0.000000,0.338932,-1.537004,4.573724,1.211595,-0.176629,-0.091562,0.333147
790544414857722,left,260711.282000,1.365053,-2.930187,-0.139362,-3.473797,-1.573150,2.234190,0.000000,0.000000,-0.000000,-0.000000,-0.000000,0.342805,-1.474035,4.586143,1.180145,-0.187331,-0.097056,0.359746
790544422858128,left,260711.290000,1.365053,-2.930200,-0.139362,-3.473772,-1.573185,2.236985,0.000000,0.000000,-0.000000,-0.000000,-0.000000,0.352484,-1.437766,4.578070,1.178086,-0.184437,-0.094094,0.332236
790544430854389,left,260711.298000,1.365077,-2.930212,-0.139374,-3.473772,-1.573161,2.239792,0.000000,0.000000,-0.000000,-0.000000,-0.000000,0.362395,-1.480670,4.574612,1.194640,-0.182146,-0.094305,0.321321
790544438840471,left,260711.306000,1.365041,-2.930212,-0.139350,-3.473797,-1.573161,2.242681,0.000000,0.000000,-0.000000,-0.000000,-0.000000,0.369857,-1.454278,4.560045,1.206099,-0.185257,-0.085059,0.334942
790544446852341,left,260711.314000,1.365041,-2.930212,-0.139374,-3.473808,-1.573138,2.245643,0.000000,0.000000,-0.000000,-0.000000,-0.000000,0.375134,-1.522737,4.548567,1.191840,-0.178346,-0.082902,0.350131
790544454844273,left,260711.322000,1.365053,-2.930224,-0.139386,-3.473784,-1.573173,2.248651,0.000000,0.000000,-0.000000,-0.000000,-0.000000,0.379670,-1.496165,4.567428,1.192222,-0.185892,-0.087525,0.348639
790544462844534,left,260711.330000,1.365065,-2.930200,-0.139362,-3.473808,-1.573185,2.251734,0.000000,0.000000,-0.000000,-0.000000,-0.000000,0.387109,-1.486087,4.563761,1.194319,-0.176939,-0.097336,0.348183
790544470844331,left,260711.338000,1.365089,-2.930224,-0.139350,-3.473808,-1.573150,2.254962,0.000000,0.000000,-0.000000,-0.000000,-0.000000,0.393417,-1.517945,4.590319,1.189734,-0.194400,-0.084774,0.331397
790544478854359,left,260711.346000,1.365041,-2.930175,-0.139350,-3.473784,-1.573150,2.258181,0.000000,0.000000,-0.000000,-0.000000,-0.000000,0.399558,-1.468703,4.531229,1.159826,-0.180098,-0.079394,0.330991
790544486843788,left,260711.354000,1.365065,-2.930187,-0.139362,-3.473784,-1.573185,2.261434,0.000000,0.000000,-0.000000,-0.000000,-0.000000,0.404200,-1.513097,4.546595,1.205067,-0.180396,-0.075393,0.328331
790544494840188,left,260711.362000,1.365053,-2.930236,-0.139362,-3.473797,-1.573150,2.264653,0.000000,0.000000,-0.000000,-0.000000,-0.000000,0.409949,-1.463937,4.508762,1.178840,-0.176033,-0.095311,0.331866
790544502840675,left,260711.370000,1.365065,-2.930212,-0.139374,-3.473797,-1.573161,2.267919,0.000000,0.000000,-0.000000,-0.000000,-0.000000,0.417427,-1.457125,4.578394,1.206874,-0.177089,-0.097331,0.356683
790544510853440,left,260711.378000,1.365041,-2.930175,-0.139350,-3.473784,-1.573173,2.271270,0.000000,0.000000,-0.000000,-0.000000,-0.000000,0.425626,-1.546865,4.554688,1.197527,-0.180740,-0.094807,0.349653
790544518865588,left,260711.386000,1.365065,-2.930175,-0.139362,-3.473760,-1.573173,2.274669,0.000000,0.000000,-0.000000,-0.000000,-0.000000,0.433262,-1.484282,4.535349,1.216661,-0.174483,-0.090591,0.355644
790544526854480,left,260711.394000,1.365029,-2.930247,-0.139362,-3.473760,-1.573161,2.278162,0.000000,0.000000,-0.000000,-0.000000,-0.000000,0.438562,-1.478335,4.593135,1.200038,-0.183766,-0.083589,0.344950
790544534849489,left,260711.402000,1.365065,-2.930236,-0.139350,-3.473797,-1.573138,2.281681,0.000000,0.000000,-0.000000,-0.000000,-0.000000,0.445915,-1.476859,4.560351,1.230711,-0.165953,-0.076311,0.352376
790544542855962,left,260711.410000,1.365053,-2.930212,-0.139350,-3.473820,-1.573173,2.285307,0.000000,0.000000,-0.000000,-0.000000,-0.000000,0.452802,-1.494820,4.549571,1.141402,-0.174173,-0.094648,0.349591
790544550865758,left,260711.418000,1.365041,-2.930212,-0.139350,-3.473797,-1.573198,2.289006,0.000000,0.000000,-0.000000,-0.000000,-0.000000,0.456930,-1.506773,4.588712,1.208426,-0.170263,-0.077301,0.339718
790544558842906,left,260711.426000,1.365077,-2.930164,-0.139338,-3.473736,-1.573173,2.292736,0.000000,0.000000,-0.000000,-0.000000,-0.000000,0.459845,-1.472605,4.560684,1.215555,-0.183280,-0.095742,0.369649
790544566856963,left,260711.434000,1.365041,-2.930224,-0.139327,-3.473797,-1.573173,2.296494,0.000000,0.000000,-0.000000,-0.000000,-0.000000,0.464118,-1.507181,4.564190,1.193359,-0.189614,-0.087395,0.384120
790544574854438,left,260711.442000,1.365041,-2.930200,-0.139374,-3.473760,-1.573173,2.300181,0.000000,0.000000,-0.000000,-0.000000,-0.000000,0.472606,-1.505693,4.546666,1.221435,-0.176326,-0.100115,0.378474
790544582850140,left,260711.450000,1.365089,-2.930187,-0.139338,-3.473797,-1.573161,2.303952,0.000000,0.000000,-0.000000,-0.000000,-0.000000,0.481967,-1.465772,4.523248,1.211023,-0.180709,-0.092744,0.388826
790544590854395,left,260711.458000,1.365053,-2.930187,-0.139338,-3.473797,-1.573150,2.307867,0.000000,0.000000,-0.000000,-0.000000,-0.000000,0.490323,-1.500419,4.538373,1.195232,-0.176365,-0.085892,0.380178
790544598854943,left,260711.466000,1.365077,-2.930200,-0.139362,-3.473760,-1.573161,2.311792,0.000000,0.000000,-0.000000,-0.000000,-0.000000,0.495415,-1.470836,4.581286,1.167762,-0.162595,-0.087994,0.407572
790544606856689,left,260711.474000,1.365065,-2.930200,-0.139374,-3.473784,-1.573173,2.315806,0.000000,0.000000,-0.000000,-0.000000,-0.000000,0.503971,-1.529581,4.573028,1.166508,-0.167860,-0.098700,0.353913
790544614873501,left,260711.482000,1.365029,-2.930224,-0.139338,-3.473784,-1.573185,2.319890,0.000000,0.000000,-0.000000,-0.000000,-0.000000,0.507754,-1.509853,4.604801,1.183173,-0.162994,-0.085290,0.358164
790544622854400,left,260711.490000,1.365077,-2.930212,-0.139362,-3.473772,-1.573173,2.324058,0.000000,0.000000,-0.000000,-0.000000,-0.000000,0.512243,-1.509700,4.561822,1.150897,-0.174045,-0.083171,0.374874
790544630854560,left,260711.498000,1.365053,-2.930187,-0.139350,-3.473808,-1.573150,2.328213,0.000000,0.000000,-0.000000,-0.000000,-0.000000,0.515074,-1.515451,4.544943,1.200693,-0.171600,-0.086255,0.404519
790544638851663,left,260711.506000,1.365077,-2.930224,-0.139386,-3.473797,-1.573185,2.332297,0.000000,0.000000,-0.000000,-0.000000,-0.000000,0.522708,-1.502952,4.577968,1.161644,-0.170875,-0.087290,0.443201
790544646853831,left,260711.514000,1.365077,-2.930212,-0.139338,-3.473748,-1.573173,2.336478,0.000000,0.000000,-0.000000,-0.000000,-0.000000,0.532866,-1.500732,4.581616,1.186735,-0.170700,-0.101503,0.381171
790544654846654,left,260711.522000,1.365041,-2.930224,-0.139350,-3.473784,-1.573185,2.340755,0.000000,0.000000,-0.000000,-0.000000,-0.000000,0.542789,-1.500632,4.535013,1.196600,-0.155672,-0.097941,0.396721
790544662844836,left,260711.530000,1.365053,-2.930200,-0.139350,-3.473760,-1.573185,2.345124,0.000000,0.000000,-0.000000,-0.000000,-0.000000,0.545906,-1.466856,4.564376,1.224363,-0.174144,-0.092020,0.395849
790544670843197,left,260711.538000,1.365065,-2.930212,-0.139374,-3.473772,-1.573138,2.349555,0.000000,0.000000,-0.000000,-0.000000,-0.000000,0.554585,-1.556901,4.538241,1.187725,-0.155400,-0.088128,0.406201
790544678851182,left,260711.546000,1.365089,-2.930212,-0.139350,-3.473772,-1.573138,2.354118,0.000000,0.000000,-0.000000,-0.000000,-0.000000,0.559304,-1.484150,4.548080,1.219612,-0.170509,-0.102922,0.365460
790544686845795,left,260711.554000,1.365077,-2.930175,-0.139374,-3.473760,-1.573185,2.358594,0.000000,0.000000,-0.000000,-0.000000,-0.000000,0.561783,-1.467916,4.554178,1.201388,-0.163908,-0.100105,0.404140
790544694843768,left,260711.562000,1.365077,-2.930200,-0.139362,-3.473784,-1.573161,2.363085,0.000000,0.000000,-0.000000,-0.000000,-0.000000,0.567669,-1.496124,4.523073,1.226355,-0.153260,-0.084505,0.430415
790544702844341,left,260711.570000,1.365053,-2.930187,-0.139362,-3.473772,-1.573173,2.367649,0.000000,0.000000,-0.000000,-0.000000,-0.000000,0.578206,-1.496934,4.547751,1.205436,-0.161358,-0.092106,0.403195
790544710869339,left,260711.578000,1.365053,-2.930175,-0.139350,-3.473797,-1.573185,2.372308,0.000000,0.000000,-0.000000,-0.000000,-0.000000,0.585543,-1.501719,4.589198,1.204778,-0.152262,-0.097758,0.385349
790544718844854,left,260711.586000,1.365077,-2.930212,-0.139350,-3.473784,-1.573150,2.377002,0.000000,0.000000,-0.000000,-0.000000,-0.000000,0.591585,-1.501146,4.528520,1.176421,-0.159845,-0.084840,0.451588
790544726845160,left,260711.594000,1.365077,-2.930212,-0.139362,-3.473784,-1.573161,2.381832,0.000000,0.000000,-0.000000,-0.000000,-0.000000,0.598496,-1.523698,4.543683,1.189800,-0.156102,-0.092602,0.380100
790544734841614,left,260711.602000,1.365053,-2.930200,-0.139350,-3.473797,-1.573161,2.386684,0.000000,0.000000,-0.000000,-0.000000,-0.000000,0.602594,-1.504703,4.585924,1.233777,-0.163848,-0.095358,0.405244
790544742841246,left,260711.610000,1.365077,-2.930187,-0.139362,-3.473820,-1.573125,2.391477,0.000000,0.000000,-0.000000,-0.000000,-0.000000,0.606815,-1.495899,4.555738,1.171909,-0.165465,-0.092969,0.443486
790544750842534,left,260711.618000,1.365053,-2.930200,-0.139374,-3.473797,-1.573198,2.396427,0.000000,0.000000,-0.000000,-0.000000,-0.000000,0.615761,-1.499970,4.549015,1.209986,-0.155916,-0.101960,0.413822
790544758840702,left,260711.626000,1.365089,-2.930212,-0.139338,-3.473772,-1.573198,2.401317,0.000000,0.000000,-0.000000,-0.000000,-0.000000,0.627239,-1.512197,4.536466,1.185011,-0.162132,-0.096952,0.397258
790544766842080,left,260711.634000,1.365077,-2.930224,-0.139338,-3.473797,-1.573198,2.406326,0.000000,0.000000,-0.000000,-0.000000,-0.000000,0.631099,-1.476368,4.548282,1.201924,-0.155785,-0.084507,0.410108
790544774840547,left,260711.642000,1.365053,-2.930200,-0.139362,-3.473784,-1.573185,2.411432,0.000000,0.000000,-0.000000,-0.000000,-0.000000,0.638083,-1.495375,4.549551,1.217672,-0.164093,-0.083848,0.417431
790544782840937,left,260711.650000,1.365065,-2.930224,-0.139374,-3.473772,-1.573185,2.416677,0.000000,0.000000,-0.000000,-0.000000,-0.000000,0.641461,-1.508840,4.537238,1.207080,-0.154598,-0.097764,0.372133
790544790882588,left,260711.658000,1.365065,-2.930200,-0.139350,-3.473760,-1.573185,2.421829,0.000000,0.000000,-0.000000,-0.000000,-0.000000,0.643853,-1.506957,4.540716,1.200044,-0.162113,-0.093534,0.439805
790544798868101,left,260711.666000,1.365065,-2.930164,-0.139374,-3.473784,-1.573198,2.426934,0.000000,0.000000,-0.000000,-0.000000,-0.000000,0.651619,-1.474283,4.576437,1.200637,-0.157787,-0.090410,0.422818
790544806857269,left,260711.674000,1.365053,-2.930212,-0.139362,-3.473772,-1.573161,2.432113,0.000000,0.000000,-0.000000,-0.000000,-0.000000,0.663240,-1.493320,4.577993,1.218325,-0.144625,-0.097014,0.414018
790544814860184,left,260711.682000,1.365041,-2.930187,-0.139386,-3.473772,-1.573161,2.437445,0.000000,0.000000,-0.000000,-0.000000,-0.000000,0.670422,-1.471549,4.538533,1.222274,-0.163874,-0.096023,0.393584
790544822939036,left,260711.690000,1.365101,-2.930187,-0.139350,-3.473772,-1.573173,2.442845,0.000000,0.000000,-0.000000,-0.000000,-0.000000,0.677215,-1.475425,4.534753,1.191140,-0.157992,-0.098653,0.418450
790544830991261,left,260711.698000,1.365077,-2.930212,-0.139374,-3.473772,-1.573173,2.448393,0.000000,0.000000,-0.000000,-0.000000,-0.000000,0.681370,-1.525478,4.543348,1.165982,-0.154029,-0.111362,0.389215
790544838980531,left,260711.706000,1.365041,-2.930175,-0.139315,-3.473797,-1.573198,2.453887,0.000000,0.000000,-0.000000,-0.000000,-0.000000,0.682994,-1.536460,4.537879,1.201179,-0.159747,-0.105185,0.454929
790544846955404,left,260711.714000,1.365065,-2.930224,-0.139362,-3.473784,-1.573185,2.459327,0.000000,0.000000,-0.000000,-0.000000,-0.000000,0.691725,-1.495041,4.559361,1.222758,-0.155064,-0.097507,0.449428
790544854974969,left,260711.722000,1.365065,-2.930212,-0.139350,-3.473760,-1.573173,2.464826,0.000000,0.000000,-0.000000,-0.000000,-0.000000,0.702995,-1.530391,4.576872,1.232264,-0.152062,-0.097438,0.416331
790544862975628,left,260711.730000,1.365053,-2.930187,-0.139327,-3.473772,-1.573138,2.470443,-0.000000,0.000000,-0.000000,-0.000000,-0.000000,0.707144,-1.496849,4.578431,1.181405,-0.156816,-0.090568,0.462261
790544870976856,left,260711.738000,1.365053,-2.930187,-0.139338,-3.473808,-1.573161,2.476218,-0.000000,0.000000,0.000000,-0.000000,-0.000000,0.715136,-1.539074,4.538416,1.223690,-0.159644,-0.096652,0.415919
790544878945405,left,260711.746000,1.365041,-2.930164,-0.139386,-3.473797,-1.573198,2.482037,-0.000000,0.000000,0.000000,-0.000000,-0.000000,0.719124,-1.506315,4.563515,1.215622,-0.143680,-0.109967,0.404367
790544886953868,left,260711.754000,1.365053,-2.930200,-0.139374,-3.473808,-1.573173,2.487762,-0.000000,0.000000,0.000000,-0.000000,-0.000000,0.720416,-1.533813,4.563584,1.225781,-0.162105,-0.103219,0.481645
790544894979003,left,260711.762000,1.365029,-2.930187,-0.139386,-3.473760,-1.573125,2.493526,-0.000000,0.000000,0.000000,-0.000000,-0.000000,0.733682,-1.487307,4.559845,1.181044,-0.168342,-0.106892,0.425868
790544902984982,left,260711.770000,1.365041,-2.930175,-0.139338,-3.473760,-1.573198,2.499397,0.000000,0.000000,0.000000,-0.000000,-0.000000,0.741007,-1.519646,4.508774,1.159673,-0.163029,-0.106050,0.427151
790544910965287,left,260711.778000,1.365053,-2.930200,-0.139350,-3.473808,-1.573185,2.505382,0.000000,0.000000,-0.000000,-0.000000,-0.000000,0.745693,-1.516503,4.570477,1.213084,-0.169356,-0.097146,0.477559
790544918997224,left,260711.786000,1.365053,-2.930200,-0.139362,-3.473784,-1.573173,2.511504,0.000000,0.000000,-0.000000,-0.000000,-0.000000,0.749971,-1.525177,4.551753,1.185866,-0.159145,-0.099195,0.393964
790544926993991,left,260711.794000,1.365041,-2.930212,-0.139362,-3.473784,-1.573185,2.517516,0.000000,0.000000,-0.000000,-0.000000,-0.000000,0.753300,-1.494893,4.548923,1.255831,-0.157908,-0.098966,0.470129
790544934967240,left,260711.802000,1.365077,-2.930175,-0.139374,-3.473760,-1.573161,2.523528,0.000000,0.000000,-0.000000,-0.000000,-0.000000,0.760101,-1.481472,4.544165,1.181491,-0.158330,-0.096006,0.488231
790544942974893,left,260711.810000,1.365041,-2.930200,-0.139350,-3.473772,-1.573209,2.529578,0.000000,0.000000,-0.000000,-0.000000,-0.000000,0.767991,-1.486551,4.565912,1.221593,-0.153746,-0.109679,0.478551
790544950974437,left,260711.818000,1.365077,-2.930187,-0.139374,-3.473772,-1.573150,2.535758,0.000000,0.000000,-0.000000,-0.000000,-0.000000,0.778017,-1.481914,4.534592,1.190798,-0.168030,-0.097275,0.463678
790544958942104,left,260711.826000,1.365029,-2.930200,-0.139338,-3.473772,-1.573161,2.542142,0.000000,0.000000,-0.000000,-0.000000,-0.000000,0.784210,-1.508173,4.556086,1.201401,-0.165341,-0.092629,0.435840
790544966898989,left,260711.834000,1.365053,-2.930187,-0.139350,-3.473797,-1.573161,2.548499,0.000000,0.000000,-0.000000,-0.000000,-0.000000,0.787873,-1.506521,4.529712,1.179250,-0.150131,-0.111487,0.462992
790544974870383,left,260711.842000,1.365065,-2.930212,-0.139362,-3.473784,-1.573198,2.554668,0.000000,0.000000,-0.000000,-0.000000,-0.000000,0.791640,-1.553188,4.506480,1.223918,-0.147099,-0.110088,0.480284
790544982954361,left,260711.850000,1.365077,-2.930200,-0.139362,-3.473808,-1.573150,2.561016,0.000000,0.000000,-0.000000,-0.000000,-0.000000,0.803538,-1.495496,4.548295,1.259412,-0.145986,-0.114105,0.484096
790544990901073,left,260711.858000,1.365041,-2.930200,-0.139362,-3.473760,-1.573161,2.567515,0.000000,0.000000,-0.000000,-0.000000,-0.000000,0.809927,-1.532933,4.540051,1.234751,-0.150262,-0.132264,0.475995
790544998858594,left,260711.866000,1.365077,-2.930212,-0.139362,-3.473772,-1.573161,2.574210,0.000000,0.000000,-0.000000,-0.000000,-0.000000,0.813644,-1.508909,4.545400,1.195757,-0.144780,-0.107061,0.465213
790545006847569,left,260711.874000,1.365089,-2.930175,-0.139350,-3.473760,-1.573150,2.580687,0.000000,0.000000,-0.000000,-0.000000,-0.000000,0.816195,-1.495727,4.534443,1.229083,-0.141605,-0.119261,0.452924
790545014855378,left,260711.882000,1.365065,-2.930187,-0.139350,-3.473772,-1.573198,2.587179,0.000000,0.000000,-0.000000,-0.000000,-0.000000,0.827321,-1.492100,4.518318,1.210998,-0.150580,-0.105742,0.477467
790545022857392,left,260711.890000,1.365029,-2.930187,-0.139350,-3.473797,-1.573173,2.593778,0.000000,0.000000,-0.000000,-0.000000,-0.000000,0.835410,-1.524229,4.558943,1.217950,-0.142370,-0.133361,0.463057
790545030843301,left,260711.898000,1.365053,-2.930224,-0.139362,-3.473797,-1.573161,2.600554,0.000000,0.000000,-0.000000,-0.000000,-0.000000,0.842377,-1.518383,4.555897,1.201180,-0.151757,-0.124686,0.477855
790545038846576,left,260711.906000,1.365077,-2.930212,-0.139350,-3.473784,-1.573198,2.607449,0.000000,0.000000,-0.000000,-0.000000,-0.000000,0.846966,-1.486611,4.545957,1.193797,-0.145648,-0.117827,0.431269
790545046852704,left,260711.914000,1.365029,-2.930175,-0.139386,-3.473797,-1.573150,2.614177,0.000000,0.000000,-0.000000,-0.000000,-0.000000,0.849818,-1.519912,4.538978,1.154171,-0.140912,-0.118796,0.498820
790545054844139,left,260711.922000,1.365089,-2.930187,-0.139374,-3.473797,-1.573161,2.620898,0.000000,0.000000,-0.000000,-0.000000,-0.000000,0.862268,-1.536581,4.586495,1.185774,-0.141837,-0.128037,0.463275
790545062845038,left,260711.930000,1.365089,-2.930212,-0.139338,-3.473784,-1.573150,2.627800,0.000000,0.000000,-0.000000,-0.000000,-0.000000,0.867320,-1.528853,4.554553,1.219019,-0.131288,-0.102378,0.473218
790545070857726,left,260711.938000,1.365077,-2.930200,-0.139338,-3.473797,-1.573161,2.634866,0.000000,0.000000,-0.000000,-0.000000,-0.000000,0.876227,-1.528708,4.553970,1.214576,-0.145225,-0.123494,0.461759
790545078882455,left,260711.946000,1.365077,-2.930187,-0.139327,-3.473772,-1.573198,2.641986,0.000000,0.000000,-0.000000,-0.000000,-0.000000,0.877752,-1.512009,4.595988,1.243245,-0.139712,-0.120096,0.471784
790545086872554,left,260711.954000,1.365065,-2.930212,-0.139362,-3.473784,-1.573138,2.648960,0.000000,0.000000,-0.000000,-0.000000,-0.000000,0.883105,-1.559894,4.580330,1.194319,-0.150452,-0.117722,0.510047
790545094846052,left,260711.962000,1.365113,-2.930200,-0.139338,-3.473808,-1.573150,2.655904,0.000000,0.000000,-0.000000,-0.000000,-0.000000,0.892524,-1.496064,4.564018,1.209404,-0.139439,-0.126041,0.481419
790545102850038,left,260711.970000,1.365065,-2.930200,-0.139338,-3.473748,-1.573150,2.663132,0.000000,0.000000,-0.000000,-0.000000,-0.000000,0.900216,-1.531702,4.560957,1.200683,-0.135793,-0.119026,0.482436
790545110855184,left,260711.978000,1.365077,-2.930212,-0.139350,-3.473784,-1.573198,2.670552,0.000000,0.000000,-0.000000,-0.000000,-0.000000,0.905502,-1.530009,4.580241,1.211659,-0.153953,-0.126238,0.434211
790545118867434,left,260711.986000,1.365077,-2.930187,-0.139338,-3.473784,-1.573161,2.677826,0.000000,0.000000,-0.000000,-0.000000,-0.000000,0.907014,-1.503783,4.571079,1.171170,-0.145717,-0.116501,0.504156
790545126849216,left,260711.994000,1.365053,-2.930175,-0.139338,-3.473772,-1.573150,2.684975,0.000000,0.000000,-0.000000,-0.000000,-0.000000,0.915923,-1.506667,4.577388,1.162997,-0.139163,-0.123553,0.523520
790545134841611,left,260712.002000,1.365053,-2.930175,-0.139327,-3.473784,-1.573173,2.692291,0.000000,0.000000,-0.000000,-0.000000,-0.000000,0.923778,-1.511051,4.568718,1.207909,-0.126037,-0.132852,0.511982
790545142967511,left,260712.010000,1.365065,-2.930212,-0.139350,-3.473772,-1.573185,2.699856,0.000000,0.000000,-0.000000,-0.000000,-0.000000,0.933035,-1.540558,4.554282,1.214656,-0.141496,-0.107102,0.464694
790545150934770,left,260712.018000,1.365053,-2.930224,-0.139338,-3.473772,-1.573161,2.707327,0.000000,0.000000,-0.000000,-0.000000,-0.000000,0.934675,-1.509391,4.570117,1.187714,-0.147480,-0.124075,0.475687
790545158954466,left,260712.026000,1.365041,-2.930200,-0.139362,-3.473784,-1.573173,2.714731,0.000000,0.000000,-0.000000,-0.000000,-0.000000,0.943584,-1.547239,4.567340,1.208690,-0.131090,-0.119397,0.480246
790545166902916,left,260712.034000,1.365053,-2.930224,-0.139350,-3.473797,-1.573185,2.722255,0.000000,0.000000,-0.000000,-0.000000,-0.000000,0.949172,-1.523990,4.526893,1.189490,-0.146122,-0.123897,0.510636
790545174873157,left,260712.042000,1.365041,-2.930212,-0.139338,-3.473797,-1.573173,2.730015,0.000000,0.000000,-0.000000,-0.000000,-0.000000,0.959563,-1.521413,4.548773,1.212855,-0.147388,-0.116570,0.480674
790545182952133,left,260712.050000,1.365065,-2.930200,-0.139338,-3.473784,-1.573198,2.737716,0.000000,0.000000,-0.000000,-0.000000,-0.000000,0.961670,-1.522142,4.563305,1.187745,-0.142608,-0.110340,0.486015
790545190951866,left,260712.058000,1.365041,-2.930187,-0.139350,-3.473784,-1.573185,2.745337,0.000000,0.000000,-0.000000,-0.000000,-0.000000,0.969006,-1.524568,4.555635,1.207952,-0.137222,-0.107780,0.496184
790545198894945,left,260712.066000,1.365077,-2.930212,-0.139362,-3.473784,-1.573150,2.753080,0.000000,0.000000,-0.000000,-0.000000,-0.000000,0.974425,-1.540146,4.568743,1.189918,-0.135402,-0.122919,0.513787
790545206867102,left,260712.074000,1.365029,-2.930187,-0.139362,-3.473772,-1.573209,2.761050,0.000000,0.000000,-0.000000,-0.000000,-0.000000,0.982317,-1.530967,4.561511,1.182089,-0.145353,-0.123388,0.514148
790545214994972,left,260712.082000,1.365053,-2.930187,-0.139374,-3.473797,-1.573185,2.768989,0.000000,0.000000,-0.000000,-0.000000,-0.000000,0.985022,-1.553666,4.547427,1.157647,-0.150534,-0.114855,0.490542
790545222897997,left,260712.090000,1.365053,-2.930212,-0.139338,-3.473748,-1.573185,2.776788,0.000000,0.000000,-0.000000,-0.000000,-0.000000,0.994239,-1.569123,4.518512,1.221835,-0.132519,-0.117516,0.486952
790545230851294,left,260712.098000,1.365041,-2.930175,-0.139338,-3.473797,-1.573185,2.784671,0.000000,0.000000,-0.000000,-0.000000,-0.000000,1.001605,-1.547323,4.513667,1.243201,-0.146404,-0.108646,0.534220
790545238859148,left,260712.106000,1.365065,-2.930212,-0.139350,-3.473784,-1.573198,2.792876,0.000000,0.000000,-0.000000,-0.000000,-0.000000,1.011746,-1.516839,4.552641,1.143540,-0.145710,-0.119139,0.460233
790545246856083,left,260712.114000,1.365017,-2.930224,-0.139350,-3.473784,-1.573185,2.801018,0.000000,0.000000,-0.000000,-0.000000,-0.000000,1.010156,-1.529866,4.541255,1.191248,-0.127441,-0.119555,0.508359
790545254966055,left,260712.122000,1.365053,-2.930175,-0.139327,-3.473797,-1.573161,2.809019,0.000000,0.000000,-0.000000,-0.000000,-0.000000,1.017394,-1.536970,4.540419,1.180396,-0.137282,-0.125023,0.534430
790545262967267,left,260712.130000,1.365053,-2.930187,-0.139362,-3.473748,-1.573198,2.817189,0.000000,0.000000,-0.000000,-0.000000,-0.000000,1.026164,-1.562624,4.560025,1.174516,-0.142367,-0.120413,0.518907
790545271015736,left,260712.138000,1.365077,-2.930236,-0.139350,-3.473772,-1.573173,2.825546,0.000000,0.000000,-0.000000,-0.000000,-0.000000,1.035375,-1.523319,4.513022,1.167912,-0.148756,-0.118974,0.466704
790545278982621,left,260712.146000,1.365053,-2.930200,-0.139350,-3.473797,-1.573185,2.833814,0.000000,0.000000,-0.000000,-0.000000,-0.000000,1.037772,-1.538616,4.550764,1.127726,-0.134119,-0.114150,0.532876
790545286888054,left,260712.154000,1.365065,-2.930187,-0.139327,-3.473772,-1.573173,2.842029,0.000000,0.000000,-0.000000,-0.000000,-0.000000,1.046427,-1.540194,4.544125,1.205330,-0.147903,-0.115016,0.503402
790545294960218,left,260712.162000,1.365053,-2.930212,-0.139374,-3.473797,-1.573185,2.850407,0.000000,0.000000,-0.000000,-0.000000,-0.000000,1.052317,-1.557034,4.582485,1.206136,-0.146658,-0.116963,0.544611
790545302873866,left,260712.170000,1.365065,-2.930224,-0.139338,-3.473784,-1.573173,2.859089,0.000000,0.000000,-0.000000,-0.000000,-0.000000,1.060649,-1.543164,4.533991,1.208372,-0.132890,-0.116989,0.458832
790545310899115,left,260712.178000,1.365053,-2.930212,-0.139327,-3.473784,-1.573198,2.867525,0.000000,0.000000,-0.000000,-0.000000,-0.000000,1.060865,-1.540888,4.528412,1.187936,-0.135689,-0.113849,0.514548
790545318869578,left,260712.186000,1.365077,-2.930175,-0.139338,-3.473772,-1.573173,2.875970,0.000000,0.000000,-0.000000,-0.000000,-0.000000,1.070228,-1.594887,4.546814,1.150429,-0.139538,-0.126933,0.518965
790545326909112,left,260712.194000,1.365077,-2.930212,-0.139362,-3.473808,-1.573161,2.884630,0.000000,0.000000,-0.000000,-0.000000,-0.000000,1.077530,-1.523591,4.563554,1.185742,-0.141006,-0.126319,0.507632
790545334905585,left,260712.202000,1.365041,-2.930200,-0.139338,-3.473784,-1.573173,2.893384,0.000000,0.000000,-0.000000,-0.000000,-0.000000,1.083455,-1.543869,4.534015,1.171360,-0.134200,-0.122015,0.504193
790545342913503,left,260712.210000,1.365053,-2.930224,-0.139386,-3.473772,-1.573209,2.901981,0.000000,0.000000,-0.000000,-0.000000,-0.000000,1.088351,-1.532295,4.561282,1.191140,-0.131406,-0.118993,0.509492
790545350902267,left,260712.218000,1.365053,-2.930187,-0.139350,-3.473808,-1.573209,2.910674,0.000000,0.000000,-0.000000,-0.000000,-0.000000,1.094752,-1.510015,4.554931,1.167555,-0.136624,-0.111299,0.532086
790545358925198,left,260712.226000,1.365065,-2.930187,-0.139362,-3.473772,-1.573150,2.919588,0.000000,0.000000,-0.000000,-0.000000,-0.000000,1.105076,-1.544832,4.554319,1.172689,-0.142390,-0.120008,0.499965
790545366889596,left,260712.234000,1.365041,-2.930175,-0.139338,-3.473772,-1.573161,2.928396,0.000000,0.000000,-0.000000,-0.000000,-0.000000,1.105831,-1.557066,4.516249,1.176398,-0.136191,-0.122117,0.537719
790545374953871,left,260712.242000,1.365053,-2.930200,-0.139338,-3.473797,-1.573173,2.937213,0.000000,0.000000,-0.000000,-0.000000,-0.000000,1.115152,-1.559329,4.572512,1.172183,-0.132930,-0.121773,0.554809
790545382959683,left,260712.250000,1.365053,-2.930164,-0.139350,-3.473772,-1.573173,2.946175,0.000000,0.000000,-0.000000,-0.000000,-0.000000,1.124135,-1.538403,4.523797,1.183530,-0.150879,-0.114303,0.540341
790545391032430,left,260712.258000,1.365053,-2.930212,-0.139350,-3.473797,-1.573161,2.955374,0.000000,0.000000,-0.000000,-0.000000,-0.000000,1.127780,-1.532402,4.530553,1.183441,-0.138289,-0.118375,0.524583
790545398977515,left,260712.266000,1.365041,-2.930212,-0.139362,-3.473760,-1.573198,2.964333,0.000000,0.000000,-0.000000,-0.000000,-0.000000,1.132786,-1.526638,4.533953,1.183144,-0.140209,-0.112629,0.525396
790545406965146,left,260712.274000,1.365053,-2.930224,-0.139350,-3.473784,-1.573173,2.973379,0.000000,0.000000,-0.000000,-0.000000,-0.000000,1.139787,-1.514244,4.538929,1.191157,-0.137798,-0.114620,0.550965
790545414971614,left,260712.282000,1.365065,-2.930224,-0.139350,-3.473797,-1.573173,2.982628,0.000000,0.000000,-0.000000,-0.000000,-0.000000,1.150019,-1.587465,4.536216,1.170177,-0.127213,-0.119467,0.533215
790545422975676,left,260712.290000,1.365065,-2.930224,-0.139362,-3.473748,-1.573173,2.991798,0.000000,0.000000,-0.000000,-0.000000,-0.000000,1.139848,-1.562732,4.511174,1.175056,-0.135720,-0.121211,0.466951
790545430982752,left,260712.298000,1.365041,-2.930224,-0.139338,-3.473760,-1.573185,3.000782,0.000000,0.000000,-0.000000,-0.000000,-0.000000,1.136536,-1.532797,4.552594,1.173720,-0.130594,-0.118551,0.469900
790545438974433,left,260712.306000,1.365053,-2.930224,-0.139374,-3.473797,-1.573138,3.009872,0.000000,0.000000,-0.000000,-0.000000,-0.000000,1.131913,-1.571036,4.534172,1.179874,-0.139756,-0.107718,0.533967
790545446989731,left,260712.314000,1.365053,-2.930187,-0.139362,-3.473784,-1.573173,3.019057,0.000000,0.000000,-0.000000,-0.000000,-0.000000,1.124864,-1.540603,4.556792,1.213445,-0.137071,-0.113439,0.431832
790545454969656,left,260712.322000,1.365077,-2.930212,-0.139362,-3.473760,-1.573161,3.027857,0.000000,0.000000,-0.000000,-0.000000,-0.000000,1.114786,-1.549925,4.535554,1.180592,-0.129185,-0.119638,0.505199
790545462999559,left,260712.330000,1.365077,-2.930200,-0.139362,-3.473784,-1.573173,3.036754,0.000000,0.000000,-0.000000,-0.000000,-0.000000,1.110762,-1.595956,4.533241,1.195327,-0.139134,-0.120047,0.488219
790545470975615,left,260712.338000,1.365089,-2.930187,-0.139327,-3.473784,-1.573173,3.045761,0.000000,0.000000,-0.000000,-0.000000,-0.000000,1.110053,-1.572571,4.536391,1.184198,-0.145648,-0.102198,0.419818
790545478996637,left,260712.346000,1.365053,-2.930212,-0.139350,-3.473784,-1.573222,3.054558,0.000000,0.000000,-0.000000,-0.000000,-0.000000,1.098506,-1.527056,4.526503,1.213502,-0.126181,-0.125501,0.489320
790545486967688,left,260712.354000,1.365041,-2.930187,-0.139338,-3.473784,-1.573173,3.063191,0.000000,0.000000,-0.000000,-0.000000,-0.000000,1.092396,-1.558103,4.498808,1.213677,-0.131355,-0.103087,0.472760
790545494967163,left,260712.362000,1.365065,-2.930164,-0.139350,-3.473797,-1.573209,3.071945,0.000000,0.000000,-0.000000,-0.000000,-0.000000,1.086931,-1.565478,4.548291,1.178926,-0.124439,-0.108914,0.515064
790545502989233,left,260712.370000,1.365053,-2.930236,-0.139362,-3.473772,-1.573185,3.080718,0.000000,0.000000,-0.000000,-0.000000,-0.000000,1.081174,-1.575538,4.530821,1.196735,-0.137317,-0.117304,0.441104
790545510984290,left,260712.378000,1.365077,-2.930187,-0.139350,-3.473797,-1.573185,3.089261,0.000000,0.000000,-0.000000,-0.000000,-0.000000,1.072065,-1.539054,4.529634,1.173490,-0.123555,-0.122296,0.491663
790545518972716,left,260712.386000,1.365053,-2.930187,-0.139338,-3.473797,-1.573198,3.097726,0.000000,0.000000,-0.000000,-0.000000,-0.000000,1.067241,-1.560832,4.530514,1.208254,-0.119714,-0.123030,0.499381
790545526971875,left,260712.394000,1.365089,-2.930164,-0.139350,-3.473748,-1.573209,3.106379,0.000000,0.000000,-0.000000,-0.000000,-0.000000,1.064774,-1.558055,4.533480,1.191820,-0.133051,-0.113948,0.478345
790545535022929,left,260712.402000,1.365065,-2.930236,-0.139338,-3.473797,-1.573198,3.114910,0.000000,0.000000,-0.000000,-0.000000,-0.000000,1.054021,-1.543054,4.547398,1.216370,-0.117941,-0.114935,0.460501
790545542987654,left,260712.410000,1.365053,-2.930187,-0.139386,-3.473772,-1.573222,3.123098,0.000000,0.000000,-0.000000,-0.000000,-0.000000,1.047293,-1.535080,4.530496,1.199621,-0.131850,-0.103577,0.459066
790545550981851,left,260712.418000,1.365053,-2.930200,-0.139338,-3.473772,-1.573209,3.131408,0.000000,0.000000,-0.000000,-0.000000,-0.000000,1.042578,-1.569129,4.529590,1.172507,-0.129973,-0.131242,0.471079
790545558997699,left,260712.426000,1.365053,-2.930212,-0.139362,-3.473797,-1.573222,3.139877,0.000000,0.000000,-0.000000,-0.000000,-0.000000,1.040485,-1.515309,4.553802,1.163826,-0.128065,-0.117179,0.417333
790545567015801,left,260712.434000,1.365053,-2.930175,-0.139362,-3.473772,-1.573150,3.148174,0.000000,0.000000,-0.000000,-0.000000,-0.000000,1.028042,-1.576897,4.517965,1.199192,-0.128864,-0.112280,0.477184
790545574998438,left,260712.442000,1.365065,-2.930212,-0.139374,-3.473760,-1.573209,3.156283,0.000000,0.000000,-0.000000,-0.000000,-0.000000,1.022568,-1.577109,4.568489,1.188337,-0.128450,-0.116367,0.464011
790545582971478,left,260712.450000,1.365029,-2.930200,-0.139350,-3.473797,-1.573150,3.164418,0.000000,0.000000,-0.000000,-0.000000,-0.000000,1.017317,-1.565180,4.534475,1.194585,-0.124765,-0.120673,0.482718
790545590945564,left,260712.458000,1.365029,-2.930224,-0.139350,-3.473772,-1.573150,3.172680,0.000000,0.000000,-0.000000,-0.000000,-0.000000,1.012478,-1.569180,4.529093,1.206741,-0.127311,-0.102165,0.434356
790545598989007,left,260712.466000,1.365065,-2.930212,-0.139350,-3.473772,-1.573161,3.180690,0.000000,0.000000,-0.000000,-0.000000,-0.000000,1.000890,-1.567869,4.560481,1.201109,-0.134182,-0.113486,0.448749
790545606992200,left,260712.474000,1.365089,-2.930187,-0.139362,-3.473748,-1.573185,3.188543,0.000000,0.000000,-0.000000,-0.000000,-0.000000,0.997409,-1.549857,4.561263,1.222558,-0.130596,-0.115203,0.462424
790545614968875,left,260712.482000,1.365053,-2.930212,-0.139350,-3.473784,-1.573209,3.196467,0.000000,0.000000,-0.000000,-0.000000,-0.000000,0.990892,-1.546700,4.535986,1.196570,-0.132915,-0.116117,0.511409
790545622991430,left,260712.490000,1.365029,-2.930212,-0.139338,-3.473772,-1.573198,3.204522,0.000000,0.000000,-0.000000,-0.000000,-0.000000,0.988008,-1.578112,4.543260,1.195115,-0.120405,-0.108273,0.404123
790545630961388,left,260712.498000,1.365053,-2.930187,-0.139362,-3.473784,-1.573173,3.212320,0.000000,0.000000,-0.000000,-0.000000,-0.000000,0.976707,-1.569135,4.498519,1.185220,-0.119142,-0.105757,0.417525
790545638968431,left,260712.506000,1.365053,-2.930200,-0.139350,-3.473760,-1.573185,3.220028,0.000000,0.000000,-0.000000,0.000000,-0.000000,0.972527,-1.556834,4.532370,1.161889,-0.120662,-0.108100,0.459923
790545646941229,left,260712.514000,1.365029,-2.930187,-0.139362,-3.473808,-1.573173,3.227767,0.000000,0.000000,-0.000000,0.000000,-0.000000,0.968873,-1.583746,4.558094,1.185127,-0.121008,-0.108953,0.458787
790545654971742,left,260712.522000,1.365041,-2.930175,-0.139327,-3.473784,-1.573209,3.235675,0.000000,0.000000,-0.000000,0.000000,-0.000000,0.962394,-1.594699,4.548573,1.189326,-0.132246,-0.109593,0.359103
790545662989990,left,260712.530000,1.365041,-2.930187,-0.139374,-3.473772,-1.573209,3.243259,0.000000,0.000000,-0.000000,0.000000,-0.000000,0.948705,-1.569301,4.533121,1.205985,-0.116808,-0.115405,0.450273
790545670979129,left,260712.538000,1.365065,-2.930187,-0.139362,-3.473808,-1.573173,3.250776,0.000000,0.000000,-0.000000,0.000000,-0.000000,0.945056,-1.550009,4.556283,1.173226,-0.118435,-0.118292,0.440316
790545678947408,left,260712.546000,1.365041,-2.930224,-0.139350,-3.473772,-1.573198,3.258309,0.000000,0.000000,-0.000000,0.000000,-0.000000,0.938679,-1.542690,4.507839,1.164720,-0.125392,-0.113609,0.459700
790545686990512,left,260712.554000,1.365029,-2.930247,-0.139350,-3.473797,-1.573173,3.265958,0.000000,0.000000,-0.000000,0.000000,-0.000000,0.933910,-1.587539,4.544273,1.186723,-0.128547,-0.106678,0.442135
790545695019950,left,260712.562000,1.365077,-2.930224,-0.139338,-3.473760,-1.573173,3.273296,0.000000,0.000000,-0.000000,0.000000,-0.000000,0.924647,-1.602557,4.535540,1.178366,-0.137023,-0.107754,0.429110
790545702997589,left,260712.570000,1.365041,-2.930187,-0.139350,-3.473772,-1.573222,3.280575,0.000000,0.000000,-0.000000,0.000000,-0.000001,0.919231,-1.585682,4.565832,1.138750,-0.115122,-0.114292,0.437563
790545710883877,left,260712.578000,1.365077,-2.930200,-0.139362,-3.473784,-1.573173,3.287876,0.000000,0.000000,-0.000000,0.000000,-0.000000,0.912323,-1.605974,4.538245,1.172439,-0.128934,-0.120344,0.451127
790545719052684,left,260712.586000,1.365041,-2.930247,-0.139350,-3.473772,-1.573185,3.295254,0.000000,0.000000,-0.000000,0.000000,-0.000000,0.912034,-1.589945,4.493372,1.178221,-0.128606,-0.118346,0.392107
790545726868762,left,260712.594000,1.365089,-2.930200,-0.139350,-3.473748,-1.573185,3.302493,0.000000,0.000000,-0.000000,0.000000,-0.000000,0.902238,-1.577223,4.511777,1.192098,-0.133261,-0.105737,0.381232
790545734847699,left,260712.602000,1.365053,-2.930175,-0.139398,-3.473797,-1.573198,3.309618,0.000000,0.000000,-0.000000,0.000000,-0.000000,0.892621,-1.578830,4.561411,1.178072,-0.135893,-0.109749,0.430867
790545742845609,left,260712.610000,1.365053,-2.930200,-0.139350,-3.473784,-1.573161,3.316683,0.000000,0.000000,-0.000000,0.000000,-0.000000,0.890075,-1.584358,4.539754,1.209863,-0.114249,-0.126368,0.414552
790545750853563,left,260712.618000,1.365041,-2.930187,-0.139327,-3.473784,-1.573209,3.323788,0.000000,0.000000,-0.000000,0.000000,-0.000000,0.884605,-1.601404,4.536901,1.195747,-0.123259,-0.121135,0.448361
790545758849057,left,260712.626000,1.365077,-2.930212,-0.139350,-3.473748,-1.573173,3.331048,0.000000,0.000000,-0.000000,0.000000,-0.000000,0.876528,-1.619853,4.533179,1.155963,-0.126373,-0.116346,0.394302
790545766842551,left,260712.634000,1.365029,-2.930187,-0.139362,-3.473772,-1.573185,3.337935,0.000000,0.000000,-0.000000,0.000000,-0.000000,0.865557,-1.566505,4.536499,1.194621,-0.129338,-0.114262,0.422792
790545774844719,left,260712.642000,1.365041,-2.930212,-0.139338,-3.473760,-1.573209,3.344718,-0.000000,0.000000,-0.000000,0.000000,-0.000000,0.863180,-1.614048,4.542322,1.161994,-0.123642,-0.127324,0.455967
790545782849667,left,260712.650000,1.365065,-2.930175,-0.139362,-3.473772,-1.573173,3.351523,-0.000000,0.000000,-0.000000,0.000000,-0.000000,0.859683,-1.603879,4.518126,1.174055,-0.124342,-0.111743,0.463913
790545790845402,left,260712.658000,1.365065,-2.930187,-0.139362,-3.473784,-1.573209,3.358484,-0.000000,0.000000,-0.000000,0.000000,-0.000000,0.854172,-1.610995,4.514767,1.169798,-0.130802,-0.097656,0.400034
790545798846142,left,260712.666000,1.365029,-2.930212,-0.139350,-3.473797,-1.573185,3.365335,-0.000000,0.000000,-0.000000,0.000000,-0.000000,0.842957,-1.585103,4.554063,1.173881,-0.120730,-0.113718,0.413284
790545806846110,left,260712.674000,1.365065,-2.930200,-0.139386,-3.473760,-1.573185,3.371903,-0.000000,0.000000,-0.000000,0.000000,-0.000000,0.836489,-1.622139,4.546972,1.189201,-0.115993,-0.118791,0.419315
790545814845704,left,260712.682000,1.365029,-2.930224,-0.139350,-3.473784,-1.573161,3.378504,0.000000,0.000000,-0.000000,0.000000,-0.000000,0.833397,-1.584886,4.518888,1.179427,-0.117072,-0.108929,0.410439
790545822845915,left,260712.690000,1.365053,-2.930200,-0.139350,-3.473808,-1.573161,3.385147,0.000000,0.000000,-0.000000,0.000000,-0.000000,0.828296,-1.623419,4.534632,1.203038,-0.109881,-0.113168,0.389871
790545830850551,left,260712.698000,1.365041,-2.930175,-0.139338,-3.473808,-1.573198,3.391836,0.000000,0.000000,-0.000000,0.000000,-0.000000,0.822860,-1.608728,4.537473,1.166859,-0.114164,-0.110690,0.340245
790545838844633,left,260712.706000,1.365101,-2.930224,-0.139350,-3.473760,-1.573198,3.398345,0.000000,0.000000,-0.000000,0.000000,-0.000000,0.812223,-1.577601,4.514758,1.198331,-0.121922,-0.110558,0.374144
790545846848899,left,260712.714000,1.365065,-2.930224,-0.139374,-3.473772,-1.573185,3.404722,0.000000,0.000000,-0.000000,0.000000,-0.000000,0.805575,-1.596233,4.533230,1.196731,-0.116410,-0.123789,0.413470
790545854847924,left,260712.722000,1.365053,-2.930224,-0.139315,-3.473748,-1.573185,3.411122,0.000000,0.000000,-0.000000,0.000000,-0.000000,0.798472,-1.614734,4.512775,1.165699,-0.132481,-0.116295,0.442604
790545862843630,left,260712.730000,1.365053,-2.930224,-0.139350,-3.473797,-1.573173,3.417499,0.000000,0.000000,-0.000000,0.000000,-0.000000,0.795415,-1.595601,4.529640,1.164127,-0.125639,-0.113498,0.448985
790545870844758,left,260712.738000,1.365053,-2.930175,-0.139350,-3.473784,-1.573198,3.423971,0.000000,0.000000,-0.000000,0.000000,-0.000000,0.787110,-1.596994,4.513005,1.172943,-0.119368,-0.124316,0.370474
790545878848210,left,260712.746000,1.365065,-2.930175,-0.139374,-3.473760,-1.573173,3.430191,0.000000,0.000000,-0.000000,0.000000,-0.000000,0.776176,-1.587823,4.497193,1.184536,-0.125678,-0.127086,0.394585
790545886845318,left,260712.754000,1.365053,-2.930187,-0.139350,-3.473784,-1.573161,3.436265,0.000000,0.000000,-0.000000,0.000000,-0.000000,0.772964,-1.621316,4.525711,1.167391,-0.122177,-0.118544,0.400590
790545894844873,left,260712.762000,1.365041,-2.930212,-0.139374,-3.473784,-1.573198,3.442411,0.000000,0.000000,-0.000000,0.000000,-0.000000,0.766274,-1.616284,4.548628,1.188023,-0.133268,-0.122687,0.426953
790545902844978,left,260712.770000,1.365041,-2.930187,-0.139338,-3.473784,-1.573198,3.448582,0.000000,0.000000,-0.000000,0.000000,-0.000000,0.762174,-1.581381,4.536998,1.158267,-0.125052,-0.120470,0.411953
790545910842975,left,260712.778000,1.365053,-2.930212,-0.139362,-3.473772,-1.573198,3.454799,0.000000,0.000000,-0.000000,0.000000,-0.000000,0.757268,-1.584368,4.535890,1.150289,-0.122822,-0.106736,0.334507
790545918846693,left,260712.786000,1.365053,-2.930187,-0.139362,-3.473760,-1.573185,3.460774,0.000000,0.000000,-0.000000,0.000000,-0.000000,0.745128,-1.585484,4.568620,1.164500,-0.117503,-0.112735,0.389176
790545926844341,left,260712.794000,1.365053,-2.930200,-0.139362,-3.473760,-1.573198,3.466571,0.000000,0.000000,-0.000000,0.000000,-0.000001,0.739029,-1.623309,4.512894,1.162873,-0.119057,-0.131967,0.430529
790545934845657,left,260712.802000,1.365077,-2.930212,-0.139374,-3.473772,-1.573173,3.472441,0.000000,0.000000,-0.000000,0.000000,-0.000000,0.733778,-1.614178,4.563342,1.149042,-0.126896,-0.117588,0.436521
790545942848993,left,260712.810000,1.365077,-2.930187,-0.139338,-3.473748,-1.573198,3.478300,0.000000,0.000000,-0.000000,0.000000,-0.000000,0.730635,-1.642186,4.523404,1.145123,-0.120894,-0.111934,0.375673
790545950847007,left,260712.818000,1.365065,-2.930187,-0.139362,-3.473784,-1.573173,3.484265,0.000000,0.000000,-0.000000,0.000000,-0.000000,0.725113,-1.609087,4.548728,1.167905,-0.129262,-0.113480,0.336884
790545958849406,left,260712.826000,1.365017,-2.930200,-0.139338,-3.473797,-1.573185,3.490025,0.000000,0.000000,-0.000000,0.000000,-0.000000,0.714896,-1.606591,4.499386,1.175568,-0.126744,-0.103860,0.365640
790545966844588,left,260712.834000,1.365041,-2.930212,-0.139350,-3.473760,-1.573150,3.495582,0.000000,0.000000,-0.000000,0.000000,-0.000000,0.707141,-1.622092,4.570144,1.171770,-0.112432,-0.107765,0.045544
790545974844907,left,260712.842000,1.365029,-2.930212,-0.139350,-3.473797,-1.573161,3.499688,0.000000,0.000000,-0.000000,0.000000,-0.000000,0.404862,-1.661831,4.541694,1.160482,-0.118446,-0.120705,-0.384920
790545982849069,left,260712.850000,1.365029,-2.930152,-0.139362,-3.473784,-1.573198,3.501832,0.000000,0.000000,-0.000000,0.000000,-0.000000,0.183247,-1.665552,4.495939,1.178132,-0.131006,-0.115937,-0.645806
790545990846538,left,260712.858000,1.365029,-2.930187,-0.139350,-3.473772,-1.573222,3.502132,0.000000,0.000000,-0.000000,0.000000,-0.000000,-0.045736,-1.582685,4.359136,1.182362,-0.121800,-0.096051,-0.398936
790545998844825,left,260712.866000,1.365065,-2.930225,-0.139350,-3.473797,-1.573233,3.502012,0.000000,-0.001761,-0.000000,0.000000,-0.000000,0.013968,-1.625722,4.365933,1.201066,-0.117038,-0.100996,-0.236503
790546006857603,left,260712.874000,1.365029,-2.930212,-0.139362,-3.473784,-1.573198,3.501945,0.000000,-0.001069,-0.000000,0.000000,-0.000000,-0.010255,-1.616965,4.225368,1.191326,-0.126584,-0.113623,-0.046173
790546014846821,left,260712.882000,1.365053,-2.930236,-0.139374,-3.473797,-1.573198,3.501872,0.000000,-0.000198,-0.000000,0.000000,-0.000000,-0.014625,-1.607920,4.211462,1.177929,-0.136531,-0.116244,-0.115464
790546022844502,left,260712.890000,1.365065,-2.930236,-0.139362,-3.473797,-1.573138,3.501750,0.000000,-0.000313,-0.000000,0.000000,-0.000000,-0.021863,-1.648863,4.242794,1.184766,-0.117583,-0.113328,-0.139813
790546030845988,left,260712.898000,1.365065,-2.930247,-0.139350,-3.473772,-1.573222,3.501555,0.000000,-0.000214,-0.000000,0.000000,-0.000000,-0.029710,-1.598207,4.237961,1.195607,-0.118199,-0.116870,-0.153228
790546038846457,left,260712.906000,1.365065,-2.930224,-0.139327,-3.473760,-1.573222,3.501290,0.000000,-0.000162,-0.000000,0.000000,-0.000000,-0.037307,-1.629628,4.257457,1.159768,-0.128972,-0.113538,-0.164575
790546046857798,left,260712.914000,1.365077,-2.930212,-0.139362,-3.473724,-1.573198,3.501024,0.000000,-0.000131,-0.000000,0.000000,-0.000000,-0.044874,-1.608204,4.213524,1.146406,-0.132839,-0.100849,-0.183581
790546054851141,left,260712.922000,1.365041,-2.930212,-0.139374,-3.473797,-1.573209,3.500592,0.000000,-0.000110,-0.000000,0.000000,-0.000000,-0.051900,-1.613847,4.225131,1.207032,-0.132803,-0.099534,-0.191956
790546062847407,left,260712.930000,1.365065,-2.930175,-0.139362,-3.473784,-1.573173,3.500148,0.000000,-0.000094,-0.000000,0.000000,-0.000000,-0.058191,-1.649837,4.219109,1.203248,-0.126039,-0.101781,-0.202901
790546070846301,left,260712.938000,1.365065,-2.930236,-0.139350,-3.473808,-1.573185,3.499667,0.000000,-0.000083,-0.000000,0.000000,-0.000000,-0.065584,-1.650699,4.231890,1.168816,-0.133352,-0.114029,-0.194889
790546078847769,left,260712.946000,1.365065,-2.930200,-0.139350,-3.473760,-1.573185,3.499091,0.000000,-0.000074,-0.000000,0.000000,-0.000000,-0.071550,-1.673167,4.199824,1.167194,-0.125905,-0.098675,-0.189046
790546086848845,left,260712.954000,1.365077,-2.930224,-0.139350,-3.473748,-1.573209,3.498480,0.000000,-0.000066,-0.000000,0.000000,-0.000000,-0.078471,-1.613743,4.225325,1.197332,-0.126396,-0.099072,-0.194972
790546094845529,left,260712.962000,1.365053,-2.930224,-0.139374,-3.473797,-1.573173,3.497880,0.000000,-0.000060,-0.000000,0.000000,-0.000000,-0.085089,-1.638385,4.233397,1.191731,-0.125772,-0.108512,-0.207891
790546102844744,left,260712.970000,1.365041,-2.930212,-0.139350,-3.473748,-1.573222,3.497159,0.000000,-0.000056,-0.000000,0.000000,-0.000000,-0.092627,-1.637748,4.202216,1.181912,-0.127331,-0.098279,-0.215119
790546110844463,left,260712.978000,1.365029,-2.930224,-0.139374,-3.473784,-1.573185,3.496429,0.000000,-0.000051,-0.000000,0.000000,-0.000000,-0.096526,-1.608784,4.247942,1.206306,-0.130597,-0.093238,-0.227566
790546118853551,left,260712.986000,1.365053,-2.930212,-0.139338,-3.473772,-1.573198,3.495637,0.000000,-0.000048,-0.000000,0.000000,-0.000000,-0.103673,-1.650014,4.253377,1.200473,-0.136238,-0.088064,-0.222728
790546126845885,left,260712.994000,1.365017,-2.930212,-0.139386,-3.473797,-1.573161,3.494738,0.000000,-0.000045,-0.000000,0.000000,-0.000000,-0.110716,-1.614429,4.231415,1.187862,-0.125380,-0.099120,-0.219033
790546134850303,left,260713.002000,1.365041,-2.930212,-0.139374,-3.473797,-1.573185,3.493849,0.000000,-0.000042,-0.000000,0.000000,-0.000000,-0.116505,-1.638438,4.237800,1.211491,-0.117557,-0.094710,-0.234006
790546142845005,left,260713.010000,1.365065,-2.930212,-0.139350,-3.473772,-1.573185,3.492900,0.000000,-0.000039,-0.000000,0.000000,-0.000000,-0.123405,-1.637564,4.222188,1.157912,-0.130738,-0.092231,-0.219586
790546150846482,left,260713.018000,1.365065,-2.930212,-0.139374,-3.473760,-1.573161,3.491903,0.000000,-0.000037,-0.000000,0.000000,-0.000000,-0.129500,-1.635460,4.251679,1.144161,-0.136620,-0.098214,-0.236519
790546158845158,left,260713.026000,1.365041,-2.930224,-0.139315,-3.473772,-1.573209,3.490810,0.000000,-0.000035,-0.000000,0.000000,-0.000000,-0.135880,-1.645824,4.261260,1.204872,-0.127414,-0.085489,-0.243580
790546166850243,left,260713.034000,1.365029,-2.930212,-0.139386,-3.473760,-1.573173,3.489705,0.000000,-0.000033,-0.000000,0.000000,-0.000000,-0.142397,-1.660492,4.196318,1.125795,-0.143045,-0.090889,-0.236550
790546174844602,left,260713.042000,1.365053,-2.930212,-0.139362,-3.473784,-1.573222,3.488564,0.000000,-0.000032,-0.000000,0.000000,-0.000000,-0.148793,-1.658783,4.235161,1.129680,-0.123143,-0.085006,-0.238545
790546182847105,left,260713.050000,1.365077,-2.930224,-0.139362,-3.473772,-1.573161,3.487328,0.000000,-0.000030,-0.000000,0.000000,-0.000000,-0.155305,-1.682151,4.226535,1.161644,-0.143434,-0.089803,-0.244766
790546190843623,left,260713.058000,1.365065,-2.930236,-0.139374,-3.473784,-1.573185,3.486020,0.000000,-0.000000,-0.000000,0.000000,-0.000000,-0.160409,-1.613123,4.234324,1.214129,-0.133970,-0.091246,-0.250332
790546198845110,left,260713.066000,1.365053,-2.930200,-0.139338,-3.473772,-1.573209,3.484699,0.000000,-0.000000,-0.000000,0.000000,-0.000000,-0.166681,-1.621031,4.193805,1.173113,-0.133533,-0.080083,-0.224711
790546206847981,left,260713.074000,1.365053,-2.930224,-0.139362,-3.473797,-1.573185,3.483294,0.000000,-0.000000,-0.000000,0.000000,-0.000000,-0.173780,-1.606010,4.223767,1.204540,-0.129937,-0.093586,-0.246263
790546214846256,left,260713.082000,1.365029,-2.930187,-0.139362,-3.473760,-1.573173,3.481831,0.000000,-0.000000,-0.000000,0.000000,-0.000000,-0.178015,-1.619731,4.207400,1.190741,-0.135752,-0.080552,-0.258658
790546222845278,left,260713.090000,1.365041,-2.930224,-0.139327,-3.473772,-1.573185,3.480355,0.000000,-0.000000,-0.000000,0.000000,-0.000000,-0.183896,-1.617580,4.226534,1.183047,-0.138279,-0.076023,-0.262224
790546230844844,left,260713.098000,1.365065,-2.930212,-0.139362,-3.473748,-1.573198,3.478806,0.000000,-0.000000,-0.000000,0.000000,-0.000000,-0.190145,-1.648207,4.256484,1.204542,-0.142628,-0.077970,-0.268802
790546238845761,left,260713.106000,1.365053,-2.930187,-0.139362,-3.473760,-1.573185,3.477235,0.000000,0.000000,-0.000000,0.000000,-0.000000,-0.196941,-1.629609,4.220827,1.177081,-0.142507,-0.090539,-0.279506
790546246847860,left,260713.114000,1.365077,-2.930187,-0.139374,-3.473797,-1.573173,3.475639,0.000000,0.000000,-0.000000,0.000000,-0.000000,-0.203227,-1.611518,4.208562,1.207761,-0.141030,-0.076478,-0.263204
790546254845626,left,260713.122000,1.365029,-2.930212,-0.139374,-3.473760,-1.573222,3.474007,0.000000,0.000000,-0.000000,0.000000,-0.000000,-0.209095,-1.656464,4.221895,1.182039,-0.149302,-0.070282,-0.271259
790546262844400,left,260713.130000,1.365053,-2.930224,-0.139350,-3.473760,-1.573209,3.472254,0.000000,0.000000,-0.000000,0.000000,-0.000000,-0.217655,-1.629999,4.228229,1.195901,-0.144464,-0.067791,-0.221741
790546270847388,left,260713.138000,1.365029,-2.930224,-0.139350,-3.473760,-1.573222,3.470477,0.000000,0.000000,-0.000000,0.000000,-0.000000,-0.225830,-1.644918,4.225374,1.160222,-0.132613,-0.073180,-0.267032
790546278847061,left,260713.146000,1.365041,-2.930212,-0.139362,-3.473760,-1.573209,3.468713,0.000000,0.000000,-0.000000,0.000000,-0.000000,-0.230457,-1.678290,4.234495,1.155606,-0.149328,-0.067673,-0.251122
790546286845933,left,260713.154000,1.365053,-2.930247,-0.139327,-3.473784,-1.573185,3.466866,0.000000,0.000000,-0.000000,0.000000,-0.000000,-0.236504,-1.633143,4.197224,1.174555,-0.142787,-0.067844,-0.283622
790546294845753,left,260713.162000,1.365053,-2.930212,-0.139338,-3.473784,-1.573198,3.464935,0.000000,0.000000,-0.000000,0.000000,-0.000000,-0.243438,-1.643346,4.228843,1.161595,-0.145071,-0.068552,-0.302127
790546302845304,left,260713.170000,1.365041,-2.930212,-0.139362,-3.473760,-1.573185,3.462943,0.000000,0.000000,-0.000000,0.000000,-0.000000,-0.250505,-1.628536,4.240043,1.162452,-0.144536,-0.080335,-0.287221
790546310851669,left,260713.178000,1.365053,-2.930224,-0.139338,-3.473772,-1.573185,3.460974,0.000000,0.000000,-0.000000,0.000000,-0.000000,-0.257826,-1.657377,4.253457,1.128962,-0.147944,-0.077878,-0.299727
790546318847407,left,260713.186000,1.365065,-2.930236,-0.139338,-3.473748,-1.573198,3.458911,0.000000,0.000000,-0.000000,0.000000,-0.000000,-0.265017,-1.652152,4.213113,1.201614,-0.159802,-0.069806,-0.265433
790546326844498,left,260713.194000,1.365077,-2.930175,-0.139327,-3.473760,-1.573198,3.456752,0.000000,0.000000,-0.000000,0.000000,-0.000000,-0.271315,-1.662014,4.203335,1.188037,-0.164035,-0.077601,-0.289809
790546334843711,left,260713.202000,1.365053,-2.930212,-0.139362,-3.473748,-1.573185,3.454520,0.000000,0.000000,-0.000000,0.000000,-0.000000,-0.278437,-1.639673,4.220801,1.184362,-0.146462,-0.070719,-0.277357
790546342843758,left,260713.210000,1.365041,-2.930236,-0.139338,-3.473748,-1.573150,3.452242,0.000000,0.000000,-0.000000,0.000000,-0.000000,-0.282574,-1.604074,4.228384,1.151759,-0.151429,-0.074080,-0.288783
790546350845251,left,260713.218000,1.365077,-2.930247,-0.139386,-3.473784,-1.573161,3.449938,0.000000,0.000000,-0.000000,0.000000,-0.000000,-0.289148,-1.607664,4.274290,1.201607,-0.149514,-0.078851,-0.284116
790546358844018,left,260713.226000,1.365053,-2.930187,-0.139338,-3.473772,-1.573198,3.447553,0.000000,0.000000,-0.000000,0.000000,-0.000000,-0.292591,-1.631746,4.263133,1.171972,-0.150792,-0.058512,-0.284900
790546366845023,left,260713.234000,1.365041,-2.930187,-0.139374,-3.473748,-1.573185,3.445130,0.000000,0.000000,-0.000000,0.000000,-0.000000,-0.298417,-1.639782,4.250678,1.203316,-0.148153,-0.055661,-0.315128
790546374844372,left,260713.242000,1.365053,-2.930224,-0.139374,-3.473784,-1.573185,3.442755,0.000000,0.000000,-0.000000,0.000000,-0.000000,-0.307118,-1.656117,4.239773,1.171641,-0.154143,-0.073645,-0.296568
790546382847103,left,260713.250000,1.365053,-2.930236,-0.139374,-3.473797,-1.573198,3.440237,0.000000,0.000000,-0.000000,0.000000,-0.000000,-0.312926,-1.670609,4.304174,1.171209,-0.156706,-0.069679,-0.289701
790546390842948,left,260713.258000,1.365065,-2.930236,-0.139362,-3.473772,-1.573198,3.437735,0.000000,0.000000,-0.000000,0.000000,-0.000000,-0.319692,-1.662038,4.231592,1.178831,-0.160611,-0.059854,-0.296544
790546398848042,left,260713.266000,1.365053,-2.930224,-0.139374,-3.473784,-1.573185,3.435192,0.000000,0.000000,-0.000000,0.000000,-0.000000,-0.325563,-1.637993,4.235297,1.131258,-0.159417,-0.055083,-0.336275
790546406842882,left,260713.274000,1.365029,-2.930224,-0.139362,-3.473784,-1.573209,3.432547,0.000000,0.000000,-0.000000,0.000000,-0.000000,-0.332891,-1.652177,4.236825,1.147030,-0.157497,-0.062453,-0.331837
790546414846561,left,260713.282000,1.365053,-2.930212,-0.139350,-3.473760,-1.573209,3.429871,0.000000,0.000000,-0.000000,0.000000,-0.000000,-0.340805,-1.671955,4.254472,1.156799,-0.154278,-0.068783,-0.329668
790546422844655,left,260713.290000,1.365041,-2.930236,-0.139338,-3.473784,-1.573198,3.427133,0.000000,0.000000,-0.000000,0.000000,-0.000000,-0.348492,-1.683609,4.244063,1.164483,-0.158403,-0.057872,-0.301831
790546430962396,left,260713.298000,1.365053,-2.930236,-0.139350,-3.473772,-1.573173,3.424325,0.000000,0.000000,-0.000000,0.000000,-0.000000,-0.354326,-1.707623,4.210796,1.188784,-0.157084,-0.048407,-0.315700
790546438984506,left,260713.306000,1.365053,-2.930212,-0.139374,-3.473784,-1.573150,3.421434,0.000000,0.000000,-0.000000,0.000000,-0.000000,-0.359811,-1.642205,4.235937,1.147636,-0.163087,-0.056177,-0.321970
790546446948365,left,260713.314000,1.365065,-2.930200,-0.139327,-3.473784,-1.573209,3.418458,0.000000,0.000000,-0.000000,0.000000,-0.000000,-0.364269,-1.648234,4.257534,1.184304,-0.159106,-0.059685,-0.318116
790546454997223,left,260713.322000,1.365053,-2.930236,-0.139327,-3.473760,-1.573198,3.415471,0.000000,0.000000,-0.000000,0.000000,-0.000000,-0.368019,-1.660571,4.263076,1.139144,-0.154324,-0.058805,-0.335880
790546462958905,left,260713.330000,1.365065,-2.930200,-0.139374,-3.473760,-1.573173,3.412483,0.000000,-0.000000,-0.000000,0.000000,-0.000000,-0.374630,-1.659248,4.222160,1.165965,-0.171718,-0.043207,-0.337071
790546470990640,left,260713.338000,1.365077,-2.930224,-0.139338,-3.473760,-1.573198,3.409482,-0.000000,-0.000000,-0.000000,0.000000,-0.000000,-0.383498,-1.659303,4.264915,1.145705,-0.166710,-0.042574,-0.310641
790546478986757,left,260713.346000,1.365053,-2.930212,-0.139338,-3.473772,-1.573198,3.406359,-0.000000,-0.000000,-0.000000,0.000000,-0.000000,-0.391288,-1.688099,4.290589,1.158763,-0.164099,-0.057580,-0.310293
790546486988381,left,260713.354000,1.365089,-2.930187,-0.139327,-3.473784,-1.573233,3.403241,-0.000000,-0.000000,-0.000000,0.000000,-0.000000,-0.396244,-1.680023,4.263927,1.163862,-0.181420,-0.061989,-0.345863
790546494959661,left,260713.362000,1.365041,-2.930224,-0.139350,-3.473760,-1.573161,3.400073,-0.000000,-0.000000,-0.000000,0.000000,-0.000000,-0.404458,-1.661116,4.223009,1.182015,-0.169231,-0.056460,-0.352579
790546502952660,left,260713.370000,1.365053,-2.930212,-0.139374,-3.473797,-1.573173,3.396832,-0.000000,0.000000,-0.000000,0.000000,-0.000000,-0.411624,-1.670439,4.250645,1.183304,-0.167970,-0.056338,-0.364405
790546511197790,left,260713.378000,1.365041,-2.930212,-0.139362,-3.473797,-1.573209,3.393509,-0.000000,0.000000,-0.000000,0.000000,-0.000000,-0.416624,-1.711177,4.259290,1.173620,-0.160507,-0.053436,-0.383549
790546518994446,left,260713.386000,1.365065,-2.930212,-0.139327,-3.473760,-1.573173,3.390137,0.000000,0.000000,-0.000000,0.000000,-0.000000,-0.424430,-1.655861,4.243322,1.171064,-0.171254,-0.061676,-0.369375
790546527026293,left,260713.394000,1.365041,-2.930212,-0.139386,-3.473748,-1.573198,3.386585,0.000000,0.000000,-0.000000,0.000000,-0.000000,-0.429562,-1.687362,4.281999,1.156679,-0.172060,-0.045642,-0.340452
790546534976008,left,260713.402000,1.365065,-2.930224,-0.139327,-3.473772,-1.573185,3.383142,0.000000,0.000000,-0.000000,0.000000,-0.000000,-0.434404,-1.668705,4.267189,1.151153,-0.165775,-0.041230,-0.334263
790546542991422,left,260713.410000,1.365053,-2.930224,-0.139338,-3.473760,-1.573198,3.379627,0.000000,0.000000,-0.000000,0.000000,-0.000000,-0.441267,-1.664261,4.232014,1.189113,-0.165927,-0.051757,-0.350264
790546550843358,left,260713.418000,1.365053,-2.930200,-0.139386,-3.473784,-1.573173,3.376113,0.000000,0.000000,-0.000000,0.000000,-0.000000,-0.446702,-1.661587,4.268011,1.166543,-0.174587,-0.051791,-0.360922
790546558843579,left,260713.426000,1.365053,-2.930224,-0.139362,-3.473784,-1.573185,3.372521,0.000000,0.000000,-0.000000,0.000000,-0.000000,-0.453527,-1.663925,4.282317,1.162699,-0.173536,-0.042278,-0.377498
790546566844317,left,260713.434000,1.365053,-2.930236,-0.139350,-3.473797,-1.573185,3.368923,0.000000,0.000000,-0.000000,0.000000,-0.000000,-0.461459,-1.668660,4.208853,1.146673,-0.178364,-0.052089,-0.375304
790546574844573,left,260713.442000,1.365041,-2.930236,-0.139362,-3.473797,-1.573198,3.365229,0.000000,0.000000,-0.000000,0.000000,-0.000000,-0.470747,-1.660942,4.263665,1.176923,-0.172819,-0.039060,-0.338122
790546582857671,left,260713.450000,1.365053,-2.930200,-0.139350,-3.473772,-1.573198,3.361428,0.000000,0.000000,-0.000000,0.000000,-0.000000,-0.478483,-1.661941,4.251040,1.144477,-0.164579,-0.033890,-0.332157
790546590845234,left,260713.458000,1.365053,-2.930212,-0.139374,-3.473748,-1.573185,3.357530,0.000000,0.000000,-0.000000,0.000000,-0.000000,-0.482197,-1.699932,4.274945,1.151371,-0.172965,-0.053916,-0.347440
790546598844211,left,260713.466000,1.365053,-2.930224,-0.139327,-3.473760,-1.573185,3.353575,0.000000,0.000000,-0.000000,0.000000,-0.000000,-0.485602,-1.653880,4.230945,1.193354,-0.172417,-0.029347,-0.352565
790546606843767,left,260713.474000,1.365053,-2.930224,-0.139338,-3.473797,-1.573233,3.349655,0.000000,0.000000,-0.000000,0.000000,-0.000000,-0.490535,-1.689051,4.257650,1.180413,-0.165948,-0.049522,-0.370430
790546614846052,left,260713.482000,1.365041,-2.930236,-0.139362,-3.473808,-1.573198,3.345708,0.000000,0.000000,-0.000000,0.000000,-0.000000,-0.500090,-1.703813,4.228041,1.178977,-0.175669,-0.036952,-0.355607
790546622843603,left,260713.490000,1.365041,-2.930212,-0.139362,-3.473748,-1.573198,3.341714,0.000000,0.000000,-0.000000,0.000000,-0.000000,-0.504939,-1.666628,4.282320,1.158798,-0.175427,-0.042229,-0.392696
790546630842462,left,260713.498000,1.365029,-2.930212,-0.139362,-3.473772,-1.573173,3.337721,0.000000,0.000000,-0.000000,0.000000,-0.000000,-0.513463,-1.676557,4.273211,1.189665,-0.163281,-0.038649,-0.360486
790546638844404,left,260713.506000,1.365077,-2.930224,-0.139350,-3.473784,-1.573161,3.333608,0.000000,0.000000,-0.000000,0.000000,-0.000000,-0.522893,-1.681619,4.263219,1.180151,-0.193972,-0.039835,-0.380344
790546646844727,left,260713.514000,1.365065,-2.930247,-0.139338,-3.473784,-1.573173,3.329410,0.000000,0.000000,-0.000000,0.000000,-0.000000,-0.530291,-1.670010,4.274576,1.141336,-0.171443,-0.031312,-0.363182
790546654870064,left,260713.522000,1.365029,-2.930236,-0.139362,-3.473748,-1.573198,3.325058,0.000000,0.000000,-0.000000,0.000000,-0.000000,-0.533116,-1.679666,4.244422,1.160218,-0.184388,-0.038480,-0.361535
790546662843367,left,260713.530000,1.365029,-2.930236,-0.139374,-3.473772,-1.573198,3.320744,0.000000,0.000000,-0.000000,0.000000,-0.000000,-0.537535,-1.685015,4.272347,1.181091,-0.187060,-0.035246,-0.377638
790546670845268,left,260713.538000,1.365065,-2.930236,-0.139374,-3.473772,-1.573198,3.316391,0.000000,0.000000,-0.000000,0.000000,-0.000000,-0.543627,-1.672960,4.294100,1.142458,-0.183465,-0.034587,-0.348227
790546678844843,left,260713.546000,1.365029,-2.930187,-0.139327,-3.473772,-1.573198,3.312029,0.000000,0.000000,-0.000000,0.000000,-0.000000,-0.548946,-1.677321,4.290066,1.172151,-0.187629,-0.031527,-0.361131
790546686845669,left,260713.554000,1.365053,-2.930212,-0.139338,-3.473784,-1.573198,3.307649,0.000000,0.000000,-0.000000,0.000000,-0.000000,-0.554837,-1.691089,4.259841,1.140564,-0.170516,-0.029539,-0.415860
790546694844791,left,260713.562000,1.365053,-2.930212,-0.139350,-3.473797,-1.573198,3.303203,0.000000,0.000000,-0.000000,0.000000,-0.000000,-0.564944,-1.663975,4.248503,1.133590,-0.185565,-0.032346,-0.393519
790546702843321,left,260713.570000,1.365065,-2.930236,-0.139327,-3.473760,-1.573198,3.298687,0.000000,0.000000,-0.000000,0.000000,-0.000000,-0.572394,-1.690896,4.271102,1.170655,-0.196901,-0.025010,-0.391295
790546710845105,left,260713.578000,1.365065,-2.930236,-0.139338,-3.473784,-1.573198,3.293967,0.000000,0.000000,-0.000000,0.000000,-0.000000,-0.577179,-1.687287,4.272479,1.157362,-0.185074,-0.033221,-0.393102
790546718847097,left,260713.586000,1.365077,-2.930212,-0.139374,-3.473797,-1.573161,3.289320,0.000000,0.000000,-0.000000,0.000000,-0.000000,-0.581981,-1.654134,4.267376,1.160472,-0.193341,-0.030065,-0.366717
790546726845301,left,260713.594000,1.365029,-2.930212,-0.139327,-3.473784,-1.573173,3.284648,0.000000,0.000000,-0.000000,0.000000,-0.000000,-0.586532,-1.697104,4.250628,1.186754,-0.186761,-0.026349,-0.399884
790546734844042,left,260713.602000,1.365017,-2.930212,-0.139350,-3.473760,-1.573198,3.279926,0.000000,0.000000,-0.000000,0.000000,-0.000000,-0.592687,-1.669311,4.289620,1.163693,-0.186654,-0.036545,-0.419010
790546742862386,left,260713.610000,1.365065,-2.930212,-0.139362,-3.473772,-1.573198,3.275207,0.000000,0.000000,-0.000000,0.000000,-0.000000,-0.601065,-1.674235,4.271883,1.208705,-0.178571,-0.026116,-0.392581
790546750847334,left,260713.618000,1.365065,-2.930212,-0.139362,-3.473784,-1.573209,3.270414,0.000000,0.000000,-0.000000,0.000000,-0.000000,-0.610317,-1.686951,4.283063,1.174653,-0.183629,-0.032073,-0.412324
790546758845627,left,260713.626000,1.365065,-2.930247,-0.139386,-3.473772,-1.573185,3.265501,0.000000,0.000000,-0.000000,0.000000,-0.000000,-0.619151,-1.700802,4.276200,1.151417,-0.180754,-0.034742,-0.404859
790546766844338,left,260713.634000,1.365053,-2.930224,-0.139327,-3.473797,-1.573161,3.260434,0.000000,0.000000,-0.000000,0.000000,-0.000000,-0.623873,-1.647964,4.284154,1.176369,-0.191037,-0.024274,-0.373204
790546774843933,left,260713.642000,1.365029,-2.930212,-0.139362,-3.473760,-1.573233,3.255368,0.000000,0.000000,-0.000000,0.000000,-0.000000,-0.626761,-1.678617,4.244518,1.188104,-0.181389,-0.012914,-0.390310
790546782845291,left,260713.650000,1.365029,-2.930224,-0.139374,-3.473736,-1.573198,3.250351,0.000000,0.000000,-0.000000,0.000000,0.000000,-0.634527,-1.689841,4.302693,1.191011,-0.197475,-0.030261,-0.382670
790546790843550,left,260713.658000,1.365029,-2.930236,-0.139386,-3.473772,-1.573185,3.245269,0.000000,0.000000,-0.000000,0.000000,0.000000,-0.637233,-1.697000,4.271044,1.187402,-0.197904,-0.016688,-0.448121
790546798842997,left,260713.666000,1.365041,-2.930212,-0.139315,-3.473760,-1.573209,3.240158,0.000000,0.000000,-0.000000,0.000000,0.000000,-0.647734,-1.713951,4.280164,1.193944,-0.201627,-0.015891,-0.409292
790546806845123,left,260713.674000,1.365053,-2.930187,-0.139350,-3.473760,-1.573150,3.234954,0.000000,0.000000,-0.000000,0.000000,0.000000,-0.654369,-1.661853,4.265683,1.194653,-0.198381,-0.024250,-0.413200
790546814902580,left,260713.682000,1.365065,-2.930212,-0.139374,-3.473808,-1.573185,3.229558,0.000000,0.000000,-0.000000,0.000000,0.000000,-0.661073,-1.690909,4.233309,1.179414,-0.185665,-0.020230,-0.399252
790546822845202,left,260713.690000,1.365053,-2.930236,-0.139350,-3.473808,-1.573209,3.224224,0.000000,0.000000,-0.000000,0.000000,0.000000,-0.661194,-1.695922,4.244925,1.190985,-0.191444,-0.027488,-0.470660
790546830855895,left,260713.698000,1.365053,-2.930200,-0.139362,-3.473808,-1.573185,3.218899,0.000000,0.000000,-0.000000,0.000000,0.000000,-0.670323,-1.687884,4.279204,1.163682,-0.199627,-0.021190,-0.389423
790546838844417,left,260713.706000,1.365077,-2.930212,-0.139362,-3.473784,-1.573173,3.213550,0.000000,0.000000,-0.000000,0.000000,0.000000,-0.676378,-1.723112,4.313143,1.159796,-0.193249,-0.019643,-0.423949
790546846845319,left,260713.714000,1.365041,-2.930224,-0.139386,-3.473772,-1.573173,3.208202,0.000000,0.000000,-0.000000,0.000000,0.000000,-0.685732,-1.706436,4.260873,1.153660,-0.189324,-0.031023,-0.416490
790546854845985,left,260713.722000,1.365053,-2.930247,-0.139338,-3.473772,-1.573173,3.202602,0.000000,0.000000,-0.000000,0.000000,0.000000,-0.694484,-1.730461,4.260099,1.178234,-0.198844,-0.016543,-0.403163
790546862845429,left,260713.730000,1.365041,-2.930236,-0.139350,-3.473772,-1.573161,3.196942,0.000000,0.000000,-0.000000,0.000000,0.000000,-0.700224,-1.656011,4.297183,1.153744,-0.194557,-0.018705,-0.401814
790546870844168,left,260713.738000,1.365053,-2.930224,-0.139374,-3.473772,-1.573198,3.191379,0.000000,0.000000,-0.000000,0.000000,0.000000,-0.703697,-1.690818,4.300782,1.178622,-0.198033,-0.016571,-0.398423
790546878945854,left,260713.746000,1.365053,-2.930236,-0.139350,-3.473748,-1.573198,3.185708,0.000000,0.000000,-0.000000,0.000000,0.000000,-0.708340,-1.706571,4.244037,1.181025,-0.188167,-0.019746,-0.435917
790546886845190,left,260713.754000,1.365029,-2.930247,-0.139350,-3.473772,-1.573173,3.180110,0.000000,0.000000,-0.000000,0.000000,0.000000,-0.716783,-1.690710,4.262223,1.210938,-0.204731,-0.030657,-0.462088
790546894844014,left,260713.762000,1.365077,-2.930200,-0.139350,-3.473772,-1.573185,3.174381,0.000000,0.000000,-0.000000,0.000000,0.000000,-0.724890,-1.690437,4.254230,1.184351,-0.191158,-0.030117,-0.429721
790546902843186,left,260713.770000,1.365065,-2.930212,-0.139362,-3.473760,-1.573161,3.168472,0.000000,0.000000,-0.000000,0.000000,0.000000,-0.733002,-1.724696,4.287500,1.181925,-0.192187,-0.014942,-0.419133
790546910846669,left,260713.778000,1.365053,-2.930247,-0.139338,-3.473797,-1.573173,3.162483,0.000000,0.000000,-0.000000,0.000000,0.000000,-0.734204,-1.693626,4.271784,1.140447,-0.211298,-0.015047,-0.418070
790546918847243,left,260713.786000,1.365065,-2.930247,-0.139338,-3.473760,-1.573173,3.156598,0.000000,0.000000,-0.000000,0.000000,0.000000,-0.740986,-1.705122,4.254373,1.164096,-0.198281,-0.032174,-0.394700
790546926844450,left,260713.794000,1.365077,-2.930200,-0.139327,-3.473760,-1.573173,3.150724,0.000000,0.000000,-0.000000,0.000000,0.000000,-0.747021,-1.703739,4.279138,1.160423,-0.209630,-0.028604,-0.448592
790546934844125,left,260713.802000,1.365065,-2.930212,-0.139338,-3.473736,-1.573198,3.144733,0.000000,0.000000,-0.000000,0.000000,0.000000,-0.753995,-1.694107,4.266612,1.192189,-0.197457,-0.032102,-0.496263
790546942846585,left,260713.810000,1.365053,-2.930212,-0.139362,-3.473784,-1.573173,3.138582,0.000000,0.000000,-0.000000,0.000000,0.000000,-0.766058,-1.675354,4.293662,1.174188,-0.214177,-0.022769,-0.416016
790546950845107,left,260713.818000,1.365053,-2.930212,-0.139374,-3.473748,-1.573173,3.132329,0.000000,0.000000,-0.000000,0.000000,0.000000,-0.767318,-1.740339,4.258070,1.149289,-0.210638,-0.019360,-0.426051
790546958844201,left,260713.826000,1.365053,-2.930200,-0.139338,-3.473748,-1.573173,3.126210,0.000000,0.000000,-0.000000,0.000000,0.000000,-0.773172,-1.672152,4.278000,1.198570,-0.215007,-0.037557,-0.400575
790546966844602,left,260713.834000,1.365041,-2.930224,-0.139374,-3.473772,-1.573198,3.120035,0.000000,0.000000,-0.000000,0.000000,0.000000,-0.779251,-1.705574,4.259480,1.167428,-0.212437,-0.032558,-0.456411
790546974845702,left,260713.842000,1.365089,-2.930200,-0.139338,-3.473772,-1.573198,3.113879,0.000000,0.000000,-0.000000,0.000000,0.000000,-0.788129,-1.703598,4.306535,1.168236,-0.217758,-0.036445,-0.466460
790546982846061,left,260713.850000,1.365065,-2.930187,-0.139386,-3.473772,-1.573161,3.107480,0.000000,0.000000,-0.000000,0.000000,0.000000,-0.798380,-1.677332,4.237223,1.218445,-0.212972,-0.038250,-0.432928
790546990844869,left,260713.858000,1.365029,-2.930187,-0.139327,-3.473748,-1.573222,3.100944,0.000000,0.000000,-0.000000,0.000000,0.000000,-0.801961,-1.690298,4.255987,1.168770,-0.216823,-0.018727,-0.397168
790546998844859,left,260713.866000,1.365065,-2.930224,-0.139386,-3.473784,-1.573209,3.094537,0.000000,0.000000,-0.000000,0.000000,0.000000,-0.807470,-1.689747,4.285093,1.177343,-0.209359,-0.047882,-0.412681
790547006843301,left,260713.874000,1.365041,-2.930212,-0.139362,-3.473808,-1.573161,3.088156,0.000000,0.000000,-0.000000,0.000000,0.000000,-0.810594,-1.701696,4.263238,1.199007,-0.206074,-0.039904,-0.450876
790547014844982,left,260713.882000,1.365053,-2.930236,-0.139350,-3.473797,-1.573222,3.081675,0.000000,0.000000,-0.000000,0.000000,0.000000,-0.819813,-1.673582,4.241817,1.167351,-0.209873,-0.032915,-0.479443
790547022846049,left,260713.890000,1.365065,-2.930200,-0.139362,-3.473772,-1.573198,3.075016,0.000000,0.000000,-0.000000,0.000000,0.000000,-0.829352,-1.723414,4.263226,1.207603,-0.214613,-0.037313,-0.435985
790547030843976,left,260713.898000,1.365041,-2.930200,-0.139350,-3.473797,-1.573198,3.068313,0.000000,0.000000,-0.000000,0.000000,0.000000,-0.832341,-1.732603,4.280349,1.217024,-0.203136,-0.033814,-0.471071
790547038845583,left,260713.906000,1.365065,-2.930200,-0.139350,-3.473760,-1.573150,3.061593,0.000000,0.000000,-0.000000,0.000000,0.000000,-0.837677,-1.675850,4.281706,1.157931,-0.220975,-0.027501,-0.486989
790547046845196,left,260713.914000,1.365041,-2.930175,-0.139362,-3.473772,-1.573222,3.054940,0.000000,0.000000,-0.000000,0.000000,0.000000,-0.843244,-1.731848,4.278915,1.195381,-0.229206,-0.035513,-0.511443
790547054856027,left,260713.922000,1.365065,-2.930224,-0.139362,-3.473760,-1.573185,3.048220,0.000000,0.000000,-0.000000,0.000000,0.000000,-0.853979,-1.714093,4.267276,1.167516,-0.213028,-0.033732,-0.486919
790547062854777,left,260713.930000,1.365077,-2.930175,-0.139350,-3.473784,-1.573161,3.041275,0.000000,0.000000,-0.000000,0.000000,0.000000,-0.858886,-1.719348,4.280136,1.190013,-0.226141,-0.019191,-0.485415
790547070846907,left,260713.938000,1.365065,-2.930212,-0.139350,-3.473760,-1.573198,3.034318,0.000000,0.000000,-0.000000,0.000000,0.000000,-0.865047,-1.708454,4.273657,1.190051,-0.224488,-0.034919,-0.460142
790547078936223,left,260713.946000,1.365077,-2.930212,-0.139350,-3.473760,-1.573185,3.027432,0.000000,0.000000,-0.000000,0.000000,0.000000,-0.866745,-1.713332,4.253934,1.144197,-0.219542,-0.027259,-0.505777
790547086842545,left,260713.954000,1.365053,-2.930224,-0.139374,-3.473772,-1.573185,3.020499,0.000000,0.000000,-0.000000,0.000000,0.000000,-0.874192,-1.694948,4.288962,1.179766,-0.216834,-0.022040,-0.514064
790547094843974,left,260713.962000,1.365065,-2.930259,-0.139362,-3.473784,-1.573198,3.013478,0.000000,0.000000,-0.000000,0.000000,0.000000,-0.887382,-1.740876,4.293691,1.179347,-0.210510,-0.026787,-0.478160
790547102844954,left,260713.970000,1.365065,-2.930224,-0.139374,-3.473748,-1.573173,3.006198,0.000000,0.000000,-0.000000,0.000000,0.000000,-0.890761,-1.741168,4.260352,1.233017,-0.212903,-0.018092,-0.465031
790547110845059,left,260713.978000,1.365053,-2.930236,-0.139362,-3.473797,-1.573161,2.999060,0.000000,0.000000,-0.000000,0.000000,0.000000,-0.895469,-1.739471,4.296974,1.199780,-0.228660,-0.028819,-0.495180
790547118846897,left,260713.986000,1.365065,-2.930224,-0.139362,-3.473760,-1.573185,2.991976,0.000000,0.000000,-0.000000,0.000000,0.000000,-0.900682,-1.719491,4.285590,1.177501,-0.217630,-0.024720,-0.494534
790547126845001,left,260713.994000,1.365041,-2.930200,-0.139350,-3.473760,-1.573209,2.984779,0.000000,0.000000,-0.000000,0.000000,0.000000,-0.914063,-1.693163,4.283007,1.201150,-0.211806,-0.031805,-0.450336
790547134843824,left,260714.002000,1.365077,-2.930212,-0.139362,-3.473797,-1.573209,2.977332,0.000000,0.000000,-0.000000,0.000000,0.000000,-0.918556,-1.733534,4.284206,1.172049,-0.217844,-0.028038,-0.451312
790547142845217,left,260714.010000,1.365029,-2.930224,-0.139362,-3.473784,-1.573185,2.969969,0.000000,0.000000,-0.000000,0.000000,0.000000,-0.922405,-1.717379,4.321613,1.155214,-0.229853,-0.016243,-0.443983
790547150854521,left,260714.018000,1.365065,-2.930200,-0.139362,-3.473784,-1.573198,2.962631,0.000000,0.000000,-0.000000,0.000000,0.000000,-0.926164,-1.715684,4.291406,1.191835,-0.220314,-0.020335,-0.487436
790547158842485,left,260714.026000,1.365029,-2.930236,-0.139350,-3.473772,-1.573198,2.955233,0.000000,0.000000,-0.000000,-0.000000,0.000000,-0.935878,-1.699551,4.296921,1.208873,-0.227912,-0.049693,-0.504332
790547166847084,left,260714.034000,1.365053,-2.930224,-0.139350,-3.473784,-1.573198,2.947604,0.000000,0.000000,-0.000000,-0.000000,0.000000,-0.944379,-1.725239,4.273145,1.150093,-0.217248,-0.027922,-0.484583
790547174843835,left,260714.042000,1.365077,-2.930212,-0.139362,-3.473797,-1.573198,2.939980,0.000000,0.000000,-0.000000,-0.000000,0.000000,-0.947404,-1.659730,4.285329,1.211518,-0.232062,-0.019181,-0.447345
790547182847045,left,260714.050000,1.365065,-2.930200,-0.139386,-3.473772,-1.573209,2.932451,0.000000,0.000000,-0.000000,-0.000000,0.000000,-0.951377,-1.760217,4.269433,1.227813,-0.220303,-0.032158,-0.475928
790547190845498,left,260714.058000,1.365053,-2.930187,-0.139362,-3.473784,-1.573173,2.924906,0.000000,0.000000,-0.000000,-0.000000,0.000000,-0.960235,-1.675433,4.276897,1.202661,-0.219348,-0.030727,-0.491547
790547198842544,left,260714.066000,1.365041,-2.930212,-0.139362,-3.473772,-1.573173,2.917101,0.000000,0.000000,-0.000000,-0.000000,0.000000,-0.968641,-1.697467,4.267836,1.190590,-0.230947,-0.024769,-0.492647
790547206845477,left,260714.074000,1.365041,-2.930212,-0.139338,-3.473772,-1.573185,2.909259,0.000000,0.000000,-0.000000,-0.000000,0.000000,-0.972937,-1.677979,4.304517,1.203933,-0.223350,-0.029359,-0.484328
790547214845840,left,260714.082000,1.365053,-2.930224,-0.139362,-3.473797,-1.573209,2.901477,0.000000,0.000000,-0.000000,-0.000000,0.000000,-0.976463,-1.725920,4.254373,1.170173,-0.220144,-0.016148,-0.489836
790547222844290,left,260714.090000,1.365053,-2.930187,-0.139350,-3.473772,-1.573185,2.893729,0.000000,0.000000,-0.000000,-0.000000,0.000000,-0.986743,-1.720866,4.304789,1.212098,-0.221142,-0.032961,-0.481422
790547230844487,left,260714.098000,1.365053,-2.930224,-0.139327,-3.473797,-1.573173,2.885730,0.000000,0.000000,-0.000000,-0.000000,0.000000,-0.996561,-1.727639,4.299380,1.188415,-0.220235,-0.019331,-0.507907
790547238843805,left,260714.106000,1.365077,-2.930212,-0.139398,-3.473784,-1.573150,2.877712,0.000000,0.000000,-0.000000,-0.000000,0.000000,-0.997908,-1.737199,4.257568,1.190501,-0.230313,-0.019278,-0.463844
790547246850707,left,260714.114000,1.365065,-2.930212,-0.139315,-3.473772,-1.573209,2.869684,0.000000,0.000000,-0.000000,-0.000000,0.000000,-1.002082,-1.717328,4.262457,1.153801,-0.227134,-0.038416,-0.499497
790547254844691,left,260714.122000,1.365041,-2.930212,-0.139362,-3.473784,-1.573173,2.861713,0.000000,0.000000,-0.000000,-0.000000,0.000000,-1.010034,-1.683060,4.277609,1.210220,-0.219924,-0.016140,-0.526343
790547262850341,left,260714.130000,1.365041,-2.930187,-0.139350,-3.473772,-1.573173,2.853487,0.000000,0.000000,-0.000000,-0.000000,0.000000,-1.019169,-1.722612,4.315722,1.220168,-0.210892,-0.028214,-0.471812
790547270848287,left,260714.138000,1.365041,-2.930212,-0.139362,-3.473772,-1.573138,2.845217,0.000000,0.000000,-0.000000,-0.000000,0.000000,-1.022474,-1.728076,4.294544,1.175800,-0.231579,-0.027243,-0.465124
790547278855089,left,260714.146000,1.365041,-2.930212,-0.139350,-3.473748,-1.573209,2.837078,0.000000,0.000000,-0.000000,-0.000000,0.000000,-1.026553,-1.716016,4.305242,1.214740,-0.234553,-0.029894,-0.550753
790547286847056,left,260714.154000,1.365065,-2.930224,-0.139362,-3.473797,-1.573185,2.828915,0.000000,0.000000,-0.000000,-0.000000,0.000000,-1.037074,-1.681430,4.295775,1.201249,-0.225535,-0.034133,-0.491475
790547294845205,left,260714.162000,1.365065,-2.930200,-0.139350,-3.473772,-1.573138,2.820500,0.000000,0.000000,-0.000000,-0.000000,0.000000,-1.044789,-1.725347,4.265072,1.197641,-0.222237,-0.040339,-0.491643
790547302848082,left,260714.170000,1.365053,-2.930247,-0.139374,-3.473760,-1.573209,2.812095,0.000000,0.000000,-0.000000,-0.000000,0.000000,-1.050012,-1.682613,4.280631,1.182712,-0.215401,-0.034916,-0.491044
790547310853479,left,260714.178000,1.365017,-2.930224,-0.139362,-3.473784,-1.573185,2.803755,0.000000,0.000000,-0.000000,-0.000000,0.000000,-1.054886,-1.756371,4.295739,1.218688,-0.224150,-0.033265,-0.513960
790547318849197,left,260714.186000,1.365041,-2.930224,-0.139374,-3.473784,-1.573173,2.795310,0.000000,0.000000,-0.000000,-0.000000,0.000000,-1.064801,-1.728039,4.263997,1.200633,-0.229531,-0.024149,-0.530217
790547326843373,left,260714.194000,1.365029,-2.930224,-0.139374,-3.473784,-1.573198,2.786591,0.000000,0.000000,-0.000000,-0.000000,0.000000,-1.069494,-1.744253,4.295629,1.182516,-0.214159,-0.034309,-0.497805
790547334844972,left,260714.202000,1.365053,-2.930224,-0.139350,-3.473797,-1.573209,2.778051,0.000000,0.000000,-0.000000,-0.000000,0.000000,-1.073334,-1.700238,4.277001,1.172048,-0.231899,-0.027471,-0.538379
790547342845601,left,260714.210000,1.365053,-2.930224,-0.139362,-3.473797,-1.573173,2.769560,0.000000,0.000000,-0.000000,-0.000000,0.000000,-1.080990,-1.726098,4.281294,1.181324,-0.220742,-0.037836,-0.557543
790547350848375,left,260714.218000,1.365053,-2.930236,-0.139362,-3.473797,-1.573138,2.760839,0.000000,0.000000,-0.000000,-0.000000,0.000000,-1.093799,-1.689586,4.253891,1.216625,-0.229807,-0.036949,-0.521516
790547358848616,left,260714.226000,1.365065,-2.930200,-0.139350,-3.473797,-1.573198,2.751956,0.000000,0.000000,-0.000000,-0.000000,0.000000,-1.096386,-1.744195,4.291168,1.183413,-0.227198,-0.035794,-0.502765
790547366848991,left,260714.234000,1.365041,-2.930212,-0.139362,-3.473784,-1.573173,2.743209,0.000000,0.000000,-0.000000,-0.000000,0.000000,-1.098728,-1.702464,4.228350,1.245462,-0.217937,-0.033036,-0.533947
790547374839220,left,260714.242000,1.365053,-2.930224,-0.139362,-3.473797,-1.573161,2.734476,0.000000,0.000000,-0.000000,-0.000000,0.000000,-1.108045,-1.738644,4.269582,1.209584,-0.217240,-0.022755,-0.518368
790547382838947,left,260714.250000,1.365041,-2.930200,-0.139386,-3.473797,-1.573173,2.725457,0.000000,0.000000,-0.000000,-0.000000,0.000000,-1.115321,-1.710996,4.303796,1.203433,-0.232168,-0.044000,-0.489812
790547390850606,left,260714.258000,1.365065,-2.930212,-0.139362,-3.473760,-1.573185,2.716535,0.000000,0.000000,-0.000000,-0.000000,0.000000,-1.119636,-1.753790,4.266119,1.192432,-0.224520,-0.037546,-0.536888
790547398850398,left,260714.266000,1.365041,-2.930200,-0.139362,-3.473797,-1.573198,2.707648,0.000000,0.000000,-0.000000,-0.000000,0.000000,-1.125256,-1.738556,4.258595,1.182119,-0.235701,-0.034640,-0.579982
790547406852137,left,260714.274000,1.365077,-2.930212,-0.139350,-3.473772,-1.573173,2.698568,0.000000,0.000000,-0.000000,-0.000000,0.000000,-1.138016,-1.730253,4.234611,1.218213,-0.235665,-0.034293,-0.536970
790547414895304,left,260714.282000,1.365077,-2.930247,-0.139362,-3.473808,-1.573150,2.689375,0.000000,0.000000,-0.000000,-0.000000,0.000000,-1.139380,-1.739056,4.318450,1.181822,-0.224068,-0.033918,-0.507521
790547422848012,left,260714.290000,1.365065,-2.930187,-0.139350,-3.473772,-1.573161,2.680277,0.000000,0.000000,-0.000000,-0.000000,0.000000,-1.143778,-1.751916,4.286916,1.173966,-0.209134,-0.045888,-0.509211
790547430871578,left,260714.298000,1.365017,-2.930212,-0.139362,-3.473772,-1.573198,2.671200,0.000000,0.000000,-0.000000,-0.000000,0.000000,-1.154291,-1.741865,4.308571,1.204237,-0.227813,-0.026228,-0.520592
790547438848256,left,260714.306000,1.365029,-2.930212,-0.139338,-3.473797,-1.573173,2.661850,0.000000,0.000000,-0.000000,-0.000000,0.000000,-1.141810,-1.695143,4.275941,1.187286,-0.222193,-0.032495,-0.487159
790547446849254,left,260714.314000,1.365053,-2.930236,-0.139362,-3.473808,-1.573138,2.652732,0.000000,0.000000,-0.000000,-0.000000,0.000000,-1.133651,-1.754520,4.280221,1.183347,-0.224043,-0.031236,-0.461561
790547454845783,left,260714.322000,1.365053,-2.930200,-0.139350,-3.473784,-1.573245,2.643828,0.000000,0.000000,-0.000000,-0.000000,0.000000,-1.129505,-1.719889,4.272823,1.216377,-0.218037,-0.037526,-0.541952
790547462843811,left,260714.330000,1.365089,-2.930212,-0.139350,-3.473832,-1.573198,2.634751,0.000000,0.000000,-0.000000,-0.000000,0.000000,-1.126788,-1.715644,4.278503,1.193923,-0.220057,-0.036884,-0.455366
790547470845720,left,260714.338000,1.365053,-2.930224,-0.139338,-3.473784,-1.573185,2.625729,0.000000,0.000000,-0.000000,-0.000000,0.000000,-1.118256,-1.721661,4.264950,1.220292,-0.223664,-0.042749,-0.475087
790547478847299,left,260714.346000,1.365089,-2.930187,-0.139350,-3.473797,-1.573173,2.616882,0.000000,0.000000,-0.000000,-0.000000,0.000000,-1.109949,-1.754269,4.279039,1.237734,-0.219454,-0.027841,-0.466150
790547486845664,left,260714.354000,1.365053,-2.930200,-0.139338,-3.473784,-1.573161,2.608142,0.000000,0.000000,-0.000000,-0.000000,0.000000,-1.107290,-1.745993,4.285496,1.215669,-0.228522,-0.026936,-0.456149
790547494844312,left,260714.362000,1.365041,-2.930212,-0.139362,-3.473760,-1.573185,2.599191,0.000000,0.000000,-0.000000,-0.000000,0.000000,-1.100773,-1.717613,4.265568,1.232322,-0.224660,-0.046094,-0.476357
790547502845183,left,260714.370000,1.365029,-2.930212,-0.139374,-3.473784,-1.573150,2.590399,0.000000,0.000000,-0.000000,-0.000000,0.000000,-1.091284,-1.715514,4.284271,1.236307,-0.218307,-0.037397,-0.446602
790547510855108,left,260714.378000,1.365029,-2.930175,-0.139362,-3.473808,-1.573161,2.581831,0.000000,0.000000,-0.000000,-0.000000,0.000000,-1.085507,-1.731049,4.261151,1.220742,-0.217290,-0.029703,-0.524913
790547518846453,left,260714.386000,1.365053,-2.930212,-0.139386,-3.473772,-1.573150,2.573166,0.000000,0.000000,-0.000000,-0.000000,0.000000,-1.084836,-1.735275,4.259933,1.225209,-0.224286,-0.026696,-0.432504
790547526843280,left,260714.394000,1.365053,-2.930212,-0.139362,-3.473797,-1.573198,2.564412,0.000000,0.000000,-0.000000,-0.000000,0.000000,-1.073844,-1.714175,4.305616,1.233453,-0.224936,-0.048915,-0.450312
790547534846277,left,260714.402000,1.365029,-2.930212,-0.139327,-3.473772,-1.573198,2.555850,0.000000,0.000000,-0.000000,-0.000000,0.000000,-1.064447,-1.723508,4.296688,1.228506,-0.223591,-0.048027,-0.455618
790547542843127,left,260714.410000,1.365041,-2.930200,-0.139362,-3.473772,-1.573150,2.547447,0.000000,0.000000,-0.000000,-0.000000,0.000000,-1.061552,-1.717541,4.269841,1.249392,-0.222330,-0.041673,-0.485616
790547550848127,left,260714.418000,1.365029,-2.930175,-0.139350,-3.473797,-1.573173,2.538913,0.000000,0.000000,-0.000000,-0.000000,0.000000,-1.056124,-1.756683,4.280660,1.220352,-0.222385,-0.047224,-0.440460
790547558856416,left,260714.426000,1.365029,-2.930224,-0.139362,-3.473808,-1.573161,2.530488,0.000000,0.000000,-0.000000,-0.000000,0.000000,-1.045737,-1.739235,4.289984,1.214374,-0.227389,-0.057902,-0.431968
790547566846934,left,260714.434000,1.365041,-2.930224,-0.139362,-3.473820,-1.573161,2.522209,0.000000,0.000000,-0.000000,-0.000000,0.000000,-1.036504,-1.689361,4.348565,1.246190,-0.222538,-0.032895,-0.513026
790547574842326,left,260714.442000,1.365029,-2.930200,-0.139362,-3.473797,-1.573209,2.513983,0.000000,0.000000,-0.000000,-0.000000,0.000000,-1.037522,-1.721500,4.266725,1.203117,-0.223684,-0.042488,-0.448109
790547582845972,left,260714.450000,1.365065,-2.930224,-0.139338,-3.473772,-1.573161,2.505598,0.000000,0.000000,-0.000000,-0.000000,0.000000,-1.029905,-1.774783,4.283177,1.179699,-0.221691,-0.047206,-0.449139
790547590843689,left,260714.458000,1.365029,-2.930200,-0.139362,-3.473797,-1.573150,2.497342,0.000000,0.000000,-0.000000,-0.000000,0.000000,-1.020315,-1.707337,4.253350,1.224115,-0.226767,-0.046808,-0.421096
790547598844467,left,260714.466000,1.365041,-2.930187,-0.139350,-3.473760,-1.573198,2.489258,0.000000,0.000000,-0.000000,-0.000000,0.000000,-1.012170,-1.714011,4.306543,1.216526,-0.222226,-0.040480,-0.491689
790547606844967,left,260714.474000,1.365017,-2.930224,-0.139362,-3.473784,-1.573185,2.481268,0.000000,0.000000,-0.000000,-0.000000,0.000000,-1.012020,-1.724840,4.264580,1.210250,-0.232168,-0.031937,-0.463123
790547614846725,left,260714.482000,1.365053,-2.930187,-0.139350,-3.473784,-1.573173,2.473109,0.000000,0.000000,-0.000000,-0.000000,0.000000,-1.005015,-1.741759,4.331765,1.244910,-0.220839,-0.035599,-0.425637
790547622846906,left,260714.490000,1.365053,-2.930175,-0.139362,-3.473797,-1.573173,2.465076,0.000000,0.000000,-0.000000,-0.000000,0.000000,-0.994125,-1.744381,4.282945,1.251254,-0.215345,-0.044940,-0.458705
790547630848987,left,260714.498000,1.365077,-2.930224,-0.139362,-3.473784,-1.573222,2.457255,0.000000,0.000000,-0.000000,-0.000000,0.000000,-0.988387,-1.742337,4.270975,1.227806,-0.227060,-0.045884,-0.523061
790547638844649,left,260714.506000,1.365065,-2.930224,-0.139374,-3.473772,-1.573161,2.449420,0.000000,0.000000,-0.000000,-0.000000,0.000000,-0.989095,-1.766126,4.302243,1.204415,-0.234056,-0.044759,-0.404841
790547646847498,left,260714.514000,1.365077,-2.930212,-0.139338,-3.473772,-1.573150,2.441448,0.000000,0.000000,-0.000000,-0.000000,0.000000,-0.980308,-1.761178,4.271479,1.219959,-0.246270,-0.028066,-0.409542
790547654846045,left,260714.522000,1.365029,-2.930247,-0.139374,-3.473784,-1.573209,2.433644,0.000000,0.000000,-0.000000,-0.000000,0.000000,-0.968108,-1.720502,4.280485,1.237805,-0.225730,-0.042093,-0.468396
790547662845471,left,260714.530000,1.365041,-2.930212,-0.139327,-3.473797,-1.573198,2.426063,0.000000,0.000000,-0.000000,-0.000000,0.000000,-0.963843,-1.716764,4.311955,1.220732,-0.218480,-0.040617,-0.499246
790547670843101,left,260714.538000,1.365041,-2.930175,-0.139386,-3.473808,-1.573198,2.418397,0.000000,0.000000,-0.000000,-0.000000,0.000000,-0.964418,-1.738304,4.256734,1.243482,-0.223734,-0.035975,-0.450935
790547678843756,left,260714.546000,1.365041,-2.930212,-0.139362,-3.473808,-1.573185,2.410567,0.000000,0.000000,-0.000000,-0.000000,0.000000,-0.955638,-1.757733,4.307028,1.216331,-0.222766,-0.032253,-0.416683
790547686847183,left,260714.554000,1.365041,-2.930212,-0.139350,-3.473797,-1.573198,2.402978,0.000000,0.000000,-0.000000,-0.000000,0.000000,-0.943389,-1.740692,4.284884,1.219710,-0.227113,-0.036674,-0.434536
790547694846230,left,260714.562000,1.365065,-2.930224,-0.139350,-3.473784,-1.573173,2.395519,0.000000,0.000000,-0.000000,-0.000000,0.000000,-0.936825,-1.767381,4.320992,1.215859,-0.225810,-0.044062,-0.469858
790547702844686,left,260714.570000,1.365029,-2.930247,-0.139362,-3.473784,-1.573161,2.388106,0.000000,0.000000,-0.000000,-0.000000,0.000000,-0.935072,-1.768044,4.320274,1.213645,-0.238122,-0.033611,-0.468661
790547710848015,left,260714.578000,1.365077,-2.930212,-0.139362,-3.473797,-1.573185,2.380592,0.000000,0.000000,-0.000000,-0.000000,0.000000,-0.926714,-1.748673,4.272574,1.255459,-0.222108,-0.022741,-0.450126
790547718847636,left,260714.586000,1.365029,-2.930175,-0.139350,-3.473772,-1.573161,2.373176,0.000000,0.000000,-0.000000,-0.000000,0.000000,-0.919383,-1.786614,4.281054,1.214275,-0.217099,-0.025937,-0.389301
790547726843749,left,260714.594000,1.365053,-2.930175,-0.139362,-3.473784,-1.573185,2.365903,0.000000,0.000000,-0.000000,-0.000000,0.000000,-0.911256,-1.746043,4.258380,1.238365,-0.231225,-0.038939,-0.444345
790547734844304,left,260714.602000,1.365065,-2.930200,-0.139350,-3.473760,-1.573198,2.358722,0.000000,0.000000,-0.000000,-0.000000,0.000000,-0.907879,-1.730818,4.321243,1.236370,-0.236518,-0.039084,-0.445391
790547742844617,left,260714.610000,1.365077,-2.930236,-0.139350,-3.473808,-1.573138,2.351424,0.000000,0.000000,-0.000000,-0.000000,0.000000,-0.901567,-1.748638,4.274345,1.262640,-0.231214,-0.045667,-0.416571
790547750845118,left,260714.618000,1.365065,-2.930259,-0.139327,-3.473772,-1.573185,2.344139,0.000000,0.000000,-0.000000,-0.000000,0.000000,-0.892708,-1.750902,4.280734,1.240746,-0.234738,-0.042651,-0.428431
790547758844544,left,260714.626000,1.365029,-2.930236,-0.139338,-3.473797,-1.573185,2.337092,0.000000,0.000000,-0.000000,-0.000000,0.000000,-0.884593,-1.745421,4.285228,1.219299,-0.228928,-0.038651,-0.445223
790547766843715,left,260714.634000,1.365041,-2.930224,-0.139338,-3.473784,-1.573198,2.330116,0.000000,0.000000,-0.000000,-0.000000,0.000000,-0.881407,-1.760100,4.290730,1.242098,-0.239458,-0.034892,-0.472568
790547774845353,left,260714.642000,1.365065,-2.930236,-0.139350,-3.473748,-1.573150,2.323081,0.000000,0.000000,-0.000000,-0.000000,0.000000,-0.879394,-1.755931,4.337093,1.245091,-0.233436,-0.027763,-0.387222
790547782846407,left,260714.650000,1.365053,-2.930224,-0.139350,-3.473808,-1.573173,2.315976,0.000000,0.000000,-0.000000,-0.000000,0.000000,-0.869812,-1.729979,4.331889,1.237017,-0.241750,-0.035521,-0.392454
790547790850888,left,260714.658000,1.365065,-2.930187,-0.139350,-3.473797,-1.573150,2.309060,0.000000,0.000000,-0.000000,-0.000000,0.000000,-0.860563,-1.740908,4.297587,1.246743,-0.232857,-0.027413,-0.425102
790547798842796,left,260714.666000,1.365065,-2.930164,-0.139362,-3.473808,-1.573161,2.302308,0.000000,0.000000,-0.000000,-0.000000,0.000000,-0.852890,-1.748316,4.313539,1.252693,-0.234817,-0.047897,-0.448184
790547806843560,left,260714.674000,1.365041,-2.930175,-0.139338,-3.473808,-1.573161,2.295542,0.000000,0.000000,-0.000000,-0.000000,0.000000,-0.850709,-1.751811,4.314068,1.258854,-0.251415,-0.045081,-0.418505
790547814845730,left,260714.682000,1.365041,-2.930200,-0.139338,-3.473832,-1.573161,2.288689,0.000000,0.000000,-0.000000,-0.000000,0.000000,-0.846974,-1.756657,4.267601,1.272611,-0.234842,-0.021300,-0.388204
790547822848929,left,260714.690000,1.365053,-2.930224,-0.139362,-3.473760,-1.573209,2.281855,0.000000,0.000000,-0.000000,-0.000000,0.000000,-0.835165,-1.810843,4.304739,1.258422,-0.219127,-0.024724,-0.390768
790547830849229,left,260714.698000,1.365053,-2.930224,-0.139350,-3.473797,-1.573185,2.275235,0.000000,0.000000,-0.000000,-0.000000,0.000000,-0.828248,-1.760231,4.293087,1.225219,-0.225595,-0.033855,-0.414397
790547838846244,left,260714.706000,1.365041,-2.930236,-0.139374,-3.473797,-1.573198,2.268746,0.000000,0.000000,-0.000000,-0.000000,0.000000,-0.820986,-1.732618,4.273513,1.195069,-0.236002,-0.031802,-0.451262
790547846845740,left,260714.714000,1.365029,-2.930187,-0.139374,-3.473784,-1.573161,2.262230,0.000000,0.000000,-0.000000,-0.000000,0.000000,-0.821155,-1.721920,4.309829,1.201100,-0.245433,-0.039424,-0.381836
790547854843526,left,260714.722000,1.365077,-2.930224,-0.139362,-3.473784,-1.573173,2.255591,0.000000,0.000000,-0.000000,-0.000000,0.000000,-0.812307,-1.711634,4.268784,1.249278,-0.224849,-0.020296,-0.387919
790547862845565,left,260714.730000,1.365053,-2.930200,-0.139327,-3.473797,-1.573185,2.249112,0.000000,0.000000,-0.000000,-0.000000,0.000000,-0.803521,-1.715573,4.301255,1.251679,-0.232210,-0.029372,-0.406311
790547870844879,left,260714.738000,1.365041,-2.930212,-0.139362,-3.473820,-1.573173,2.242754,0.000000,0.000000,-0.000000,-0.000000,0.000000,-0.795490,-1.720120,4.290827,1.234801,-0.239337,-0.055291,-0.438398
790547878844006,left,260714.746000,1.365053,-2.930212,-0.139362,-3.473760,-1.573161,2.236489,0.000000,0.000000,-0.000000,-0.000000,0.000000,-0.792322,-1.762061,4.311257,1.226067,-0.227207,-0.032134,-0.433272
790547886844574,left,260714.754000,1.365041,-2.930212,-0.139362,-3.473784,-1.573198,2.230273,0.000000,0.000000,-0.000000,-0.000000,0.000000,-0.791715,-1.729183,4.303533,1.258349,-0.229588,-0.036599,-0.354690
790547894844370,left,260714.762000,1.365017,-2.930212,-0.139374,-3.473797,-1.573185,2.223854,0.000000,0.000000,-0.000000,-0.000000,0.000000,-0.782754,-1.764280,4.287352,1.235844,-0.230939,-0.027012,-0.366332
790547902843567,left,260714.770000,1.365065,-2.930212,-0.139327,-3.473784,-1.573198,2.217617,0.000000,0.000000,-0.000000,-0.000000,0.000000,-0.771843,-1.761587,4.257479,1.254619,-0.224205,-0.030643,-0.383366
790547910842978,left,260714.778000,1.365065,-2.930200,-0.139362,-3.473797,-1.573209,2.211465,0.000000,0.000000,-0.000000,-0.000000,0.000000,-0.760984,-1.738505,4.284502,1.252002,-0.231027,-0.033135,-0.476215
790547918857680,left,260714.786000,1.365065,-2.930212,-0.139338,-3.473797,-1.573173,2.205450,0.000000,0.000000,-0.000000,-0.000000,0.000000,-0.759748,-1.746448,4.239962,1.248126,-0.220094,-0.029624,-0.414125
790547926845065,left,260714.794000,1.365053,-2.930224,-0.139362,-3.473784,-1.573161,2.199447,0.000000,0.000000,-0.000000,-0.000000,0.000000,-0.756642,-1.744717,4.234772,1.265656,-0.215611,-0.025623,-0.394604
790547934844379,left,260714.802000,1.365017,-2.930187,-0.139374,-3.473784,-1.573161,2.193334,0.000000,0.000000,-0.000000,-0.000000,0.000000,-0.748748,-1.778081,4.297234,1.222837,-0.220474,-0.026462,-0.346811
790547942843926,left,260714.810000,1.365065,-2.930224,-0.139386,-3.473808,-1.573185,2.187309,0.000000,0.000000,-0.000000,-0.000000,0.000000,-0.739599,-1.723544,4.267041,1.258903,-0.224928,-0.039882,-0.409199
790547950877863,left,260714.818000,1.365041,-2.930236,-0.139386,-3.473808,-1.573173,2.181444,0.000000,0.000000,-0.000000,-0.000000,0.000000,-0.732760,-1.789256,4.261331,1.287520,-0.224500,-0.047951,-0.391534
790547958851808,left,260714.826000,1.365053,-2.930200,-0.139350,-3.473832,-1.573173,2.175721,0.000000,0.000000,-0.000000,-0.000000,0.000000,-0.727739,-1.681833,4.251610,1.293112,-0.229596,-0.020278,-0.382308
790547966845930,left,260714.834000,1.365041,-2.930187,-0.139350,-3.473797,-1.573173,2.169915,0.000000,0.000000,-0.000000,-0.000000,0.000000,-0.724054,-1.760918,4.257377,1.235653,-0.232548,-0.018243,-0.404416
790547974845089,left,260714.842000,1.365041,-2.930175,-0.139374,-3.473808,-1.573198,2.164133,0.000000,0.000000,-0.000000,-0.000000,0.000000,-0.718865,-1.743215,4.284134,1.245152,-0.223334,-0.022863,-0.352742
790547982847041,left,260714.850000,1.365041,-2.930200,-0.139362,-3.473784,-1.573161,2.159168,0.000000,0.000000,-0.000000,-0.000000,0.000000,-0.462585,-1.754133,4.276837,1.254747,-0.233859,-0.033199,0.481556
790547990843563,left,260714.858000,1.365053,-2.930212,-0.139338,-3.473797,-1.573150,2.156602,0.000000,0.000000,-0.000000,-0.000000,0.000000,-0.242442,-1.770746,4.248581,1.249402,-0.237788,-0.024205,0.611999
790547998843895,left,260714.866000,1.365053,-2.930175,-0.139327,-3.473808,-1.573173,2.155886,0.000000,0.000000,-0.000000,-0.000000,0.000000,-0.012067,-1.731911,4.248622,1.264090,-0.230445,-0.041741,0.718764
790548006846283,left,260714.874000,1.365053,-2.930185,-0.139338,-3.473772,-1.573161,2.156083,0.000000,0.004550,-0.000000,-0.000000,0.000000,-0.017457,-1.747663,4.401829,1.232599,-0.230209,-0.022369,0.116918
790548014849164,left,260714.882000,1.365041,-2.930164,-0.139374,-3.473784,-1.573222,2.156145,0.000000,-0.000220,-0.000000,-0.000000,0.000000,0.016733,-1.732619,4.671960,1.231001,-0.239442,-0.041137,-0.030336
790548022847282,left,260714.890000,1.365041,-2.930163,-0.139374,-3.473797,-1.573173,2.156252,0.000000,0.000916,-0.000000,-0.000000,0.000000,0.014481,-1.729267,4.555420,1.208713,-0.233869,-0.019046,0.135929
790548030852529,left,260714.898000,1.365053,-2.930212,-0.139362,-3.473832,-1.573161,2.156339,0.000000,-0.000000,-0.000000,-0.000000,0.000000,0.022338,-1.763157,4.589307,1.206330,-0.225298,-0.034252,0.112125
790548038849845,left,260714.906000,1.365041,-2.930200,-0.139338,-3.473808,-1.573173,2.156570,0.000000,-0.000000,-0.000000,-0.000000,0.000000,0.029317,-1.726041,4.611062,1.225847,-0.210966,-0.031497,0.153173
790548046850475,left,260714.914000,1.365017,-2.930187,-0.139374,-3.473784,-1.573173,2.156787,0.000000,-0.000000,-0.000000,-0.000000,0.000000,0.036786,-1.755446,4.588405,1.211605,-0.227214,-0.031041,0.158652
790548054845942,left,260714.922000,1.365065,-2.930175,-0.139350,-3.473784,-1.573209,2.157138,0.000000,-0.000000,-0.000000,-0.000000,0.000000,0.044449,-1.742088,4.564324,1.245621,-0.228355,-0.035890,0.156372
790548062903629,left,260714.930000,1.365041,-2.930224,-0.139362,-3.473808,-1.573185,2.157536,0.000000,-0.000000,-0.000000,-0.000000,0.000000,0.051695,-1.751252,4.627858,1.229741,-0.227720,-0.021144,0.174730
790548070845525,left,260714.938000,1.365029,-2.930187,-0.139350,-3.473808,-1.573173,2.157933,0.000000,-0.000000,-0.000000,-0.000000,0.000000,0.057421,-1.731276,4.574442,1.260763,-0.219152,-0.034646,0.168785
790548078838746,left,260714.946000,1.365053,-2.930200,-0.139362,-3.473808,-1.573150,2.158451,0.000000,0.000000,-0.000000,-0.000000,0.000000,0.063854,-1.724991,4.582500,1.209584,-0.227173,-0.021021,0.190064
790548086839182,left,260714.954000,1.365029,-2.930187,-0.139362,-3.473808,-1.573125,2.159004,0.000000,0.000000,-0.000000,-0.000000,0.000000,0.070761,-1.743874,4.574371,1.217125,-0.224205,-0.036662,0.173858
790548094838833,left,260714.962000,1.365053,-2.930152,-0.139303,-3.473797,-1.573173,2.159592,0.000000,0.000000,-0.000000,-0.000000,0.000000,0.075243,-1.786030,4.564664,1.267339,-0.218672,-0.041871,0.196595
790548102836996,left,260714.970000,1.365053,-2.930187,-0.139350,-3.473797,-1.573161,2.160253,0.000000,0.000000,-0.000000,-0.000000,0.000000,0.081094,-1.730905,4.591074,1.261051,-0.218854,-0.039643,0.189698
790548110843812,left,260714.978000,1.365053,-2.930200,-0.139338,-3.473772,-1.573161,2.160927,0.000000,0.000000,-0.000000,-0.000000,0.000000,0.088916,-1.757170,4.529826,1.246381,-0.224130,-0.030799,0.177871
790548118849194,left,260714.986000,1.365053,-2.930164,-0.139338,-3.473808,-1.573185,2.161755,0.000000,0.000041,-0.000000,-0.000000,0.000000,0.095304,-1.792373,4.559381,1.242118,-0.217610,-0.034741,0.186489
790548126848031,left,260714.994000,1.365053,-2.930175,-0.139362,-3.473797,-1.573173,2.162512,0.000000,0.000037,-0.000000,-0.000000,0.000000,0.100982,-1.809207,4.550835,1.233047,-0.225024,-0.040326,0.211889
790548134848038,left,260715.002000,1.365029,-2.930200,-0.139350,-3.473808,-1.573161,2.163340,0.000000,0.000034,-0.000000,-0.000000,0.000000,0.105694,-1.731319,4.532503,1.231483,-0.216421,-0.031150,0.212565
790548142853555,left,260715.010000,1.365041,-2.930164,-0.139338,-3.473808,-1.573185,2.164229,0.000000,0.000032,-0.000000,-0.000000,0.000000,0.113449,-1.769668,4.551752,1.273909,-0.216071,-0.044666,0.213240
790548150858618,left,260715.018000,1.365029,-2.930175,-0.139327,-3.473797,-1.573138,2.165188,0.000000,0.000030,-0.000000,-0.000000,0.000000,0.117713,-1.725013,4.520088,1.217723,-0.220833,-0.033985,0.235698
790548158847841,left,260715.026000,1.365053,-2.930212,-0.139327,-3.473797,-1.573150,2.166185,0.000000,0.000028,-0.000000,-0.000000,0.000000,0.125031,-1.740975,4.529026,1.255090,-0.225734,-0.048162,0.236732
790548166849168,left,260715.034000,1.365053,-2.930187,-0.139338,-3.473808,-1.573150,2.167217,0.000000,0.000026,-0.000000,-0.000000,0.000000,0.130832,-1.772352,4.541321,1.246092,-0.213857,-0.039212,0.242960
790548174851024,left,260715.042000,1.365053,-2.930187,-0.139350,-3.473808,-1.573198,2.168322,0.000000,0.000025,-0.000000,-0.000000,0.000000,0.138859,-1.770969,4.515427,1.245675,-0.198579,-0.039655,0.233457
790548182848613,left,260715.050000,1.365065,-2.930236,-0.139327,-3.473808,-1.573198,2.169486,0.000000,0.000023,-0.000000,-0.000000,0.000000,0.145058,-1.759177,4.470682,1.223656,-0.201749,-0.040648,0.255015
790548190848352,left,260715.058000,1.365053,-2.930187,-0.139374,-3.473797,-1.573209,2.170661,0.000000,0.000022,-0.000000,-0.000000,0.000000,0.149780,-1.745005,4.507966,1.264721,-0.205796,-0.044800,0.265228
790548198849398,left,260715.066000,1.365053,-2.930175,-0.139362,-3.473797,-1.573138,2.171945,0.000000,0.000021,-0.000000,-0.000000,0.000000,0.157459,-1.744882,4.491997,1.218390,-0.195222,-0.038648,0.267924
790548206848275,left,260715.074000,1.365053,-2.930224,-0.139327,-3.473797,-1.573161,2.173194,0.000000,0.000020,-0.000000,-0.000000,0.000000,0.165423,-1.765159,4.490880,1.262781,-0.221020,-0.045923,0.275919
790548214845830,left,260715.082000,1.365041,-2.930187,-0.139362,-3.473820,-1.573161,2.174562,0.000000,0.000000,-0.000000,-0.000000,0.000000,0.172107,-1.773026,4.517832,1.239708,-0.209974,-0.047665,0.258345
790548222850617,left,260715.090000,1.365053,-2.930175,-0.139350,-3.473784,-1.573173,2.175953,0.000000,0.000000,-0.000000,-0.000000,0.000000,0.178569,-1.760667,4.479157,1.240681,-0.209557,-0.043588,0.274759
790548230845939,left,260715.098000,1.365077,-2.930187,-0.139350,-3.473832,-1.573138,2.177357,0.000000,0.000000,-0.000000,-0.000000,0.000000,0.186548,-1.765237,4.466771,1.258905,-0.200255,-0.050222,0.261760
790548238845398,left,260715.106000,1.365065,-2.930164,-0.139350,-3.473820,-1.573185,2.178855,0.000000,0.000000,-0.000000,-0.000000,0.000000,0.192038,-1.752367,4.448513,1.245572,-0.202895,-0.047922,0.284732
790548246848536,left,260715.114000,1.365029,-2.930200,-0.139338,-3.473772,-1.573185,2.180427,0.000000,0.000000,-0.000000,-0.000000,0.000000,0.199765,-1.735694,4.441600,1.229008,-0.202340,-0.029454,0.255434
790548254848534,left,260715.122000,1.365029,-2.930224,-0.139350,-3.473808,-1.573185,2.182033,0.000000,0.000000,-0.000000,-0.000000,0.000000,0.204626,-1.755438,4.461628,1.248701,-0.207211,-0.051428,0.264183
790548262846109,left,260715.130000,1.365053,-2.930175,-0.139350,-3.473784,-1.573173,2.183701,0.000000,0.000000,-0.000000,-0.000000,0.000000,0.211779,-1.742287,4.450492,1.237362,-0.218181,-0.051312,0.279875
790548270846399,left,260715.138000,1.365053,-2.930152,-0.139350,-3.473797,-1.573150,2.185392,0.000000,0.000000,-0.000000,-0.000000,0.000000,0.216657,-1.758531,4.425331,1.247009,-0.201672,-0.057901,0.270829
790548278845926,left,260715.146000,1.365053,-2.930224,-0.139362,-3.473808,-1.573150,2.187167,0.000000,0.000000,-0.000000,-0.000000,0.000000,0.224114,-1.736086,4.465865,1.246392,-0.212241,-0.052276,0.279463
790548286846788,left,260715.154000,1.365029,-2.930200,-0.139338,-3.473797,-1.573209,2.189025,0.000000,0.000000,-0.000000,-0.000000,0.000000,0.229433,-1.761439,4.427144,1.227415,-0.205564,-0.036405,0.272482
790548294846160,left,260715.162000,1.365053,-2.930224,-0.139362,-3.473808,-1.573173,2.190920,0.000000,0.000000,-0.000000,-0.000000,0.000000,0.237459,-1.761240,4.455546,1.295550,-0.195553,-0.046938,0.250117
790548302848986,left,260715.170000,1.365041,-2.930200,-0.139338,-3.473820,-1.573173,2.192886,0.000000,0.000000,-0.000000,-0.000000,0.000000,0.242433,-1.775491,4.404902,1.231253,-0.200726,-0.051039,0.261881
790548310845925,left,260715.178000,1.365029,-2.930236,-0.139374,-3.473784,-1.573138,2.194900,0.000000,0.000000,-0.000000,-0.000000,0.000000,0.246335,-1.789242,4.357773,1.245121,-0.203347,-0.056751,0.275225
790548318849065,left,260715.186000,1.365065,-2.930224,-0.139338,-3.473797,-1.573185,2.196950,0.000000,0.000000,-0.000000,-0.000000,0.000000,0.250875,-1.711912,4.401947,1.231740,-0.202720,-0.053941,0.286276
790548326848663,left,260715.194000,1.365029,-2.930187,-0.139350,-3.473784,-1.573185,2.198967,-0.000000,0.000000,-0.000000,-0.000000,0.000000,0.259334,-1.754780,4.434072,1.233290,-0.209439,-0.058281,0.278789
790548334846472,left,260715.202000,1.365029,-2.930187,-0.139327,-3.473797,-1.573173,2.201076,-0.000000,0.000000,-0.000000,-0.000000,0.000000,0.264059,-1.744189,4.380020,1.240477,-0.202114,-0.043069,0.323045
790548342846835,left,260715.210000,1.365041,-2.930187,-0.139350,-3.473784,-1.573222,2.203236,-0.000085,0.000000,-0.000000,-0.000000,0.000000,0.270095,-1.738036,4.408975,1.249070,-0.198359,-0.051166,0.331852
790548350850248,left,260715.218000,1.365029,-2.930152,-0.139362,-3.473784,-1.573185,2.205419,-0.000000,0.000000,-0.000000,-0.000000,0.000000,0.279671,-1.753281,4.389790,1.289455,-0.199483,-0.046874,0.314030
790548358848596,left,260715.226000,1.365053,-2.930212,-0.139374,-3.473808,-1.573161,2.207650,-0.000000,0.000000,-0.000000,-0.000000,0.000000,0.287056,-1.784376,4.328458,1.291050,-0.200775,-0.053671,0.338819
790548366846359,left,260715.234000,1.365053,-2.930200,-0.139362,-3.473797,-1.573173,2.209941,-0.000000,0.000000,-0.000000,-0.000000,0.000000,0.293917,-1.760166,4.368128,1.252236,-0.207810,-0.047124,0.320816
790548374843673,left,260715.242000,1.365053,-2.930200,-0.139362,-3.473772,-1.573150,2.212328,-0.000000,0.000000,-0.000000,-0.000000,0.000000,0.302286,-1.727875,4.350758,1.239966,-0.212680,-0.048115,0.295012
790548382859878,left,260715.250000,1.365053,-2.930175,-0.139327,-3.473784,-1.573185,2.214750,-0.000000,0.000000,-0.000000,-0.000000,0.000000,0.307666,-1.798511,4.350738,1.214356,-0.198024,-0.056040,0.306151
790548390846797,left,260715.258000,1.365053,-2.930164,-0.139350,-3.473784,-1.573222,2.217220,-0.000000,0.000000,-0.000000,-0.000000,0.000000,0.312640,-1.761894,4.324852,1.279373,-0.196507,-0.051971,0.308956
790548398847247,left,260715.266000,1.365065,-2.930164,-0.139350,-3.473808,-1.573150,2.219774,0.000000,0.000000,-0.000000,-0.000000,0.000000,0.319558,-1.755370,4.307275,1.284372,-0.203574,-0.056600,0.301365
790548406842286,left,260715.274000,1.365077,-2.930236,-0.139350,-3.473760,-1.573161,2.222388,0.000000,0.000000,-0.000000,-0.000000,0.000000,0.326668,-1.749383,4.338326,1.261411,-0.200636,-0.056239,0.311973
790548414848096,left,260715.282000,1.365065,-2.930200,-0.139338,-3.473772,-1.573161,2.225074,0.000000,0.000000,-0.000000,-0.000000,0.000000,0.332183,-1.764177,4.327916,1.272418,-0.184431,-0.053584,0.291439
790548422847780,left,260715.290000,1.365077,-2.930224,-0.139374,-3.473797,-1.573138,2.227841,0.000000,0.000000,-0.000000,-0.000000,0.000000,0.334450,-1.767806,4.263706,1.264206,-0.196679,-0.061810,0.313306
790548430846631,left,260715.298000,1.365029,-2.930200,-0.139362,-3.473797,-1.573185,2.230575,0.000000,0.000000,-0.000000,-0.000000,0.000000,0.340244,-1.778729,4.267851,1.250340,-0.193891,-0.040668,0.348219
790548438846740,left,260715.306000,1.365065,-2.930224,-0.139338,-3.473797,-1.573173,2.233298,0.000000,0.000000,-0.000000,-0.000000,0.000000,0.348088,-1.748794,4.304404,1.275030,-0.198916,-0.039684,0.330719
790548446846862,left,260715.314000,1.365053,-2.930200,-0.139350,-3.473808,-1.573185,2.236104,0.000000,0.000000,-0.000000,-0.000000,0.000000,0.356498,-1.773746,4.302729,1.262949,-0.199189,-0.037964,0.358074
790548454846984,left,260715.322000,1.365041,-2.930187,-0.139362,-3.473797,-1.573173,2.238921,0.000000,0.000000,-0.000000,-0.000000,0.000000,0.363258,-1.775046,4.272065,1.255116,-0.190634,-0.056172,0.364166
790548462846400,left,260715.330000,1.365077,-2.930187,-0.139327,-3.473797,-1.573198,2.241824,0.000000,0.000000,-0.000000,-0.000000,0.000000,0.372604,-1.766287,4.258153,1.265911,-0.210122,-0.055578,0.348414
790548470847245,left,260715.338000,1.365029,-2.930187,-0.139338,-3.473797,-1.573198,2.244821,0.000000,-0.000070,-0.000000,-0.000000,0.000000,0.379564,-1.728673,4.287710,1.276417,-0.198205,-0.049600,0.329994
790548478847307,left,260715.346000,1.365053,-2.930224,-0.139362,-3.473808,-1.573161,2.247842,0.000000,-0.000066,-0.000000,-0.000000,0.000000,0.384065,-1.784850,4.235322,1.241563,-0.202556,-0.042264,0.331199
790548486847861,left,260715.354000,1.365041,-2.930200,-0.139374,-3.473772,-1.573185,2.250959,0.000000,-0.000062,-0.000000,-0.000000,0.000000,0.390728,-1.763125,4.243155,1.262928,-0.211682,-0.032686,0.320722
790548494845655,left,260715.362000,1.365053,-2.930175,-0.139338,-3.473797,-1.573198,2.254115,0.000000,-0.000071,-0.000000,-0.000000,0.000000,0.396783,-1.772434,4.258090,1.255423,-0.196683,-0.057490,0.331881
790548502846599,left,260715.370000,1.365053,-2.930212,-0.139362,-3.473832,-1.573161,2.257444,0.000000,-0.000067,-0.000000,-0.000000,0.000000,0.403035,-1.792259,4.242870,1.264162,-0.201397,-0.047909,0.319859
790548510854295,left,260715.378000,1.365065,-2.930164,-0.139350,-3.473760,-1.573173,2.260696,0.000000,-0.000064,-0.000000,-0.000000,0.000000,0.406888,-1.784906,4.258785,1.248235,-0.192238,-0.060750,0.332920
790548518846365,left,260715.386000,1.365053,-2.930212,-0.139338,-3.473797,-1.573173,2.263962,0.000000,-0.000071,-0.000000,-0.000000,0.000000,0.411752,-1.753070,4.258780,1.243171,-0.218443,-0.058580,0.361845
790548526846478,left,260715.394000,1.365041,-2.930200,-0.139350,-3.473797,-1.573138,2.267289,0.000000,-0.000000,-0.000000,-0.000000,0.000000,0.419715,-1.746006,4.211667,1.278368,-0.207561,-0.056762,0.375971
790548534847378,left,260715.402000,1.365053,-2.930187,-0.139315,-3.473797,-1.573173,2.270628,0.000000,-0.000000,-0.000000,-0.000000,0.000000,0.427734,-1.755052,4.200236,1.274230,-0.197483,-0.046324,0.375966
790548542844316,left,260715.410000,1.365077,-2.930212,-0.139338,-3.473797,-1.573161,2.274040,0.000000,-0.000000,-0.000000,-0.000000,0.000000,0.437074,-1.750840,4.208517,1.224623,-0.199459,-0.050478,0.358578
790548550848015,left,260715.418000,1.365053,-2.930212,-0.139338,-3.473797,-1.573209,2.277580,0.000000,-0.000046,-0.000000,-0.000000,0.000000,0.442975,-1.778534,4.213972,1.254233,-0.213686,-0.053175,0.353658
790548558843088,left,260715.426000,1.365053,-2.930187,-0.139374,-3.473784,-1.573173,2.281147,0.000000,-0.000096,-0.000000,-0.000000,0.000000,0.449201,-1.759274,4.190843,1.255592,-0.191769,-0.059909,0.374046
790548566852541,left,260715.434000,1.365053,-2.930187,-0.139362,-3.473832,-1.573173,2.284786,0.000000,-0.000089,-0.000000,-0.000000,0.000000,0.455864,-1.762406,4.183654,1.284452,-0.198789,-0.049467,0.340250
790548574847652,left,260715.442000,1.365029,-2.930236,-0.139374,-3.473820,-1.573138,2.288482,0.000000,-0.000099,-0.000000,-0.000000,0.000000,0.459756,-1.757361,4.156781,1.223457,-0.202273,-0.045122,0.330934
790548582891425,left,260715.450000,1.365089,-2.930224,-0.139350,-3.473784,-1.573173,2.292299,0.000000,-0.000082,-0.000000,-0.000000,0.000000,0.463493,-1.756266,4.276841,1.301948,-0.213644,-0.035495,0.327644
790548590848360,left,260715.458000,1.365077,-2.930212,-0.139350,-3.473797,-1.573150,2.296068,0.000000,-0.000057,-0.000000,-0.000000,0.000000,0.468985,-1.759453,4.253512,1.227476,-0.208384,-0.037796,0.370562
790548598847111,left,260715.466000,1.365053,-2.930200,-0.139350,-3.473797,-1.573198,2.299743,0.000000,-0.000001,-0.000000,-0.000000,0.000000,0.476299,-1.809944,4.255610,1.267529,-0.198707,-0.042182,0.388310
790548606847095,left,260715.474000,1.365041,-2.930187,-0.139315,-3.473808,-1.573173,2.303562,0.000000,-0.000000,-0.000000,-0.000000,0.000000,0.484073,-1.783767,4.245429,1.272021,-0.196464,-0.040341,0.378201
790548614846716,left,260715.482000,1.365077,-2.930200,-0.139350,-3.473820,-1.573185,2.307453,0.000000,-0.000000,-0.000000,-0.000000,0.000000,0.493688,-1.785937,4.245893,1.307809,-0.200106,-0.050417,0.364859
790548622847966,left,260715.490000,1.365053,-2.930187,-0.139362,-3.473797,-1.573185,2.311415,0.000000,-0.000000,-0.000000,-0.000000,0.000000,0.498718,-1.760365,4.234295,1.292149,-0.209057,-0.045447,0.405846
790548630855871,left,260715.498000,1.365017,-2.930224,-0.139338,-3.473760,-1.573150,2.315454,0.000000,-0.000000,-0.000000,-0.000000,0.000000,0.506384,-1.770529,4.259659,1.271237,-0.200151,-0.050671,0.358422
790548638847235,left,260715.506000,1.365053,-2.930212,-0.139398,-3.473784,-1.573198,2.319623,0.000000,-0.000000,-0.000000,-0.000000,0.000000,0.511889,-1.721510,4.237228,1.297966,-0.198351,-0.055234,0.355087
790548646859012,left,260715.514000,1.365041,-2.930224,-0.139362,-3.473820,-1.573198,2.323789,0.000000,0.000000,-0.000000,-0.000000,0.000000,0.515384,-1.763475,4.308838,1.277484,-0.199809,-0.046993,0.361220
790548654849004,left,260715.522000,1.365041,-2.930175,-0.139350,-3.473808,-1.573198,2.327967,0.000000,0.000000,-0.000000,-0.000000,0.000000,0.518942,-1.768867,4.275326,1.281243,-0.215572,-0.055459,0.402892
790548662847602,left,260715.530000,1.365053,-2.930187,-0.139362,-3.473808,-1.573198,2.332100,0.000000,0.000000,-0.000000,-0.000000,0.000000,0.526800,-1.790460,4.262232,1.301883,-0.200851,-0.053526,0.406505
790548670846987,left,260715.538000,1.365029,-2.930200,-0.139362,-3.473844,-1.573173,2.336292,0.000000,0.000000,-0.000000,-0.000000,0.000000,0.536292,-1.763696,4.294301,1.289094,-0.210340,-0.045408,0.410548
790548678847209,left,260715.546000,1.365029,-2.930187,-0.139362,-3.473797,-1.573198,2.340593,0.000000,0.000000,-0.000000,-0.000000,0.000000,0.544225,-1.750692,4.271478,1.253169,-0.202642,-0.047514,0.362018
790548686847707,left,260715.554000,1.365053,-2.930200,-0.139327,-3.473808,-1.573173,2.344917,0.000000,0.000000,-0.000000,-0.000000,0.000000,0.551788,-1.737745,4.256450,1.279312,-0.199794,-0.051771,0.403902
790548694847517,left,260715.562000,1.365041,-2.930224,-0.139338,-3.473772,-1.573173,2.349443,0.000000,0.000000,-0.000000,-0.000000,0.000000,0.557955,-1.763067,4.291314,1.274659,-0.215765,-0.031504,0.388368
790548702845497,left,260715.570000,1.365041,-2.930175,-0.139362,-3.473797,-1.573173,2.354004,0.000000,0.000000,-0.000000,-0.000000,0.000000,0.562968,-1.753908,4.254902,1.278345,-0.204130,-0.043464,0.364314
790548710846423,left,260715.578000,1.365065,-2.930200,-0.139327,-3.473797,-1.573173,2.358541,0.000000,0.000000,-0.000000,-0.000000,0.000000,0.564559,-1.758803,4.250979,1.267803,-0.217956,-0.049555,0.402528
790548718848426,left,260715.586000,1.365029,-2.930224,-0.139362,-3.473784,-1.573198,2.363055,0.000000,0.000000,-0.000000,-0.000000,0.000000,0.570573,-1.787161,4.281234,1.266322,-0.195708,-0.044457,0.445746
790548726846632,left,260715.594000,1.365077,-2.930175,-0.139338,-3.473808,-1.573185,2.367620,0.000000,0.000000,-0.000000,-0.000000,0.000000,0.580961,-1.765673,4.266568,1.272079,-0.211552,-0.064274,0.422071
790548734851683,left,260715.602000,1.365041,-2.930187,-0.139338,-3.473808,-1.573185,2.372315,0.000000,0.000000,-0.000000,-0.000000,0.000000,0.589570,-1.788243,4.226929,1.271631,-0.205468,-0.042540,0.375295
790548742847364,left,260715.610000,1.365029,-2.930212,-0.139315,-3.473808,-1.573150,2.377033,0.000000,0.000000,-0.000000,-0.000000,0.000000,0.594408,-1.773191,4.270238,1.235435,-0.196450,-0.042435,0.450797
790548750847708,left,260715.618000,1.365077,-2.930224,-0.139327,-3.473820,-1.573198,2.381851,0.000000,0.000000,-0.000000,-0.000000,0.000000,0.601846,-1.770539,4.266119,1.261298,-0.203194,-0.054126,0.386680
790548758845403,left,260715.626000,1.365077,-2.930200,-0.139374,-3.473820,-1.573198,2.386774,0.000000,0.000000,-0.000000,-0.000000,0.000000,0.605120,-1.779048,4.296845,1.270285,-0.216612,-0.042555,0.411370
790548766846882,left,260715.634000,1.365017,-2.930175,-0.139338,-3.473784,-1.573185,2.391628,0.000000,0.000000,-0.000000,-0.000000,0.000000,0.609559,-1.764731,4.250273,1.324536,-0.195993,-0.049568,0.457525
790548774845115,left,260715.642000,1.365029,-2.930175,-0.139362,-3.473784,-1.573185,2.396518,0.000000,0.000000,-0.000000,-0.000000,0.000000,0.618850,-1.780966,4.279415,1.263812,-0.215108,-0.040580,0.411927
790548782848210,left,260715.650000,1.365041,-2.930187,-0.139338,-3.473784,-1.573138,2.401503,0.000000,0.000000,-0.000000,-0.000000,0.000000,0.629208,-1.782599,4.278262,1.242444,-0.190636,-0.049196,0.395223
790548790847216,left,260715.658000,1.365041,-2.930200,-0.139338,-3.473772,-1.573173,2.406500,0.000000,0.000000,-0.000000,-0.000000,0.000000,0.633866,-1.783311,4.291422,1.242728,-0.218926,-0.048896,0.420495
790548798847472,left,260715.666000,1.365053,-2.930187,-0.139327,-3.473797,-1.573150,2.411664,0.000000,0.000000,-0.000000,-0.000000,0.000000,0.639213,-1.754863,4.291559,1.294401,-0.202845,-0.057123,0.400954
790548806845049,left,260715.674000,1.365017,-2.930236,-0.139362,-3.473797,-1.573173,2.416900,0.000000,0.000000,-0.000000,-0.000000,0.000000,0.644237,-1.780364,4.226198,1.284255,-0.207481,-0.060539,0.390319
790548814848678,left,260715.682000,1.365053,-2.930164,-0.139362,-3.473797,-1.573185,2.422088,0.000000,0.000000,-0.000000,-0.000000,0.000000,0.647430,-1.760531,4.284399,1.215634,-0.201690,-0.044463,0.449612
790548822848609,left,260715.690000,1.365029,-2.930187,-0.139374,-3.473808,-1.573185,2.427228,0.000000,0.000000,-0.000000,-0.000000,0.000000,0.653767,-1.788679,4.261271,1.274597,-0.208632,-0.032259,0.437491
790548830846788,left,260715.698000,1.365029,-2.930212,-0.139362,-3.473797,-1.573209,2.432454,0.000000,0.000000,-0.000000,-0.000000,0.000000,0.666046,-1.758245,4.261962,1.275722,-0.206456,-0.051915,0.412440
790548838865739,left,260715.706000,1.365053,-2.930187,-0.139350,-3.473784,-1.573185,2.437776,0.000000,0.000000,-0.000000,-0.000000,0.000000,0.673123,-1.788768,4.308322,1.282439,-0.212449,-0.047421,0.398279
790548846847287,left,260715.714000,1.365005,-2.930200,-0.139350,-3.473797,-1.573161,2.443233,0.000000,0.000000,-0.000000,-0.000000,0.000000,0.678452,-1.774093,4.238522,1.298419,-0.211222,-0.049375,0.425984
790548854847486,left,260715.722000,1.365041,-2.930187,-0.139362,-3.473797,-1.573150,2.448818,0.000000,0.000000,-0.000000,-0.000000,0.000000,0.683316,-1.748900,4.250198,1.278157,-0.214932,-0.047933,0.392098
790548862848063,left,260715.730000,1.365041,-2.930187,-0.139327,-3.473797,-1.573161,2.454326,0.000000,0.000000,-0.000000,-0.000000,0.000000,0.686943,-1.797988,4.263779,1.298714,-0.224959,-0.038346,0.436158
790548870846037,left,260715.738000,1.365053,-2.930175,-0.139350,-3.473832,-1.573185,2.459753,0.000000,0.000000,-0.000000,-0.000000,0.000000,0.695077,-1.746616,4.256126,1.310751,-0.210029,-0.060975,0.427774
790548878844587,left,260715.746000,1.365017,-2.930224,-0.139362,-3.473772,-1.573161,2.465278,0.000000,0.000000,-0.000000,-0.000000,0.000000,0.706983,-1.772131,4.259590,1.296430,-0.209529,-0.065597,0.406614
790548886848615,left,260715.754000,1.365053,-2.930212,-0.139350,-3.473760,-1.573185,2.470942,0.000000,0.000000,-0.000000,-0.000000,0.000000,0.709612,-1.779842,4.308553,1.279140,-0.223327,-0.055958,0.452666
790548894847645,left,260715.762000,1.365053,-2.930212,-0.139350,-3.473797,-1.573185,2.476762,0.000000,0.000000,-0.000000,-0.000000,0.000000,0.715938,-1.755558,4.273444,1.261183,-0.226188,-0.061795,0.426593
790548902846016,left,260715.770000,1.365041,-2.930212,-0.139338,-3.473808,-1.573173,2.482523,0.000000,0.000000,-0.000000,-0.000000,0.000000,0.720536,-1.744647,4.272132,1.283268,-0.227103,-0.050069,0.424599
790548910845212,left,260715.778000,1.365065,-2.930200,-0.139327,-3.473797,-1.573161,2.488322,0.000000,0.000000,-0.000000,-0.000000,0.000000,0.725528,-1.761458,4.315194,1.276572,-0.211700,-0.052873,0.469178
790548918847198,left,260715.786000,1.365053,-2.930224,-0.139386,-3.473832,-1.573173,2.494134,0.000000,0.000000,-0.000000,-0.000000,0.000000,0.737173,-1.748281,4.279223,1.298477,-0.205375,-0.050163,0.435620
790548926847885,left,260715.794000,1.365065,-2.930212,-0.139374,-3.473784,-1.573150,2.500027,0.000000,0.000000,-0.000000,-0.000000,0.000000,0.743016,-1.778193,4.253985,1.276155,-0.216300,-0.045198,0.432855
790548934846074,left,260715.802000,1.365053,-2.930175,-0.139386,-3.473784,-1.573161,2.506026,0.000000,0.000000,-0.000000,-0.000000,0.000000,0.749171,-1.773378,4.301738,1.250488,-0.214978,-0.055039,0.441126
790548942848166,left,260715.810000,1.365041,-2.930187,-0.139362,-3.473772,-1.573161,2.512157,0.000000,0.000000,-0.000000,-0.000000,0.000000,0.752330,-1.758673,4.295439,1.265105,-0.214342,-0.049045,0.463427
790548950847227,left,260715.818000,1.365041,-2.930212,-0.139350,-3.473820,-1.573209,2.518218,0.000000,0.000000,-0.000000,-0.000000,0.000000,0.756519,-1.803826,4.287244,1.265876,-0.228776,-0.046840,0.459505
790548958846726,left,260715.826000,1.365029,-2.930224,-0.139350,-3.473784,-1.573198,2.524206,0.000000,0.000000,-0.000000,-0.000000,0.000000,0.765887,-1.757489,4.277432,1.287472,-0.225890,-0.054115,0.484640
790548966849307,left,260715.834000,1.365029,-2.930200,-0.139362,-3.473797,-1.573185,2.530352,0.000000,0.000000,-0.000000,-0.000000,0.000000,0.774194,-1.770786,4.301310,1.246150,-0.228232,-0.067412,0.461095
790548974847189,left,260715.842000,1.365041,-2.930187,-0.139327,-3.473797,-1.573173,2.536567,0.000000,0.000000,-0.000000,-0.000000,0.000000,0.780315,-1.786564,4.297390,1.263236,-0.225168,-0.054100,0.473461
790548982848462,left,260715.850000,1.365065,-2.930187,-0.139362,-3.473784,-1.573198,2.542987,0.000000,0.000000,-0.000000,-0.000000,0.000000,0.788715,-1.719896,4.302103,1.269802,-0.222175,-0.038490,0.437037
790548990851109,left,260715.858000,1.365053,-2.930200,-0.139350,-3.473784,-1.573161,2.549261,0.000000,0.000000,-0.000000,-0.000000,0.000000,0.790305,-1.769794,4.293276,1.271598,-0.220780,-0.053408,0.453831
790548998845917,left,260715.866000,1.365017,-2.930212,-0.139362,-3.473820,-1.573185,2.555537,0.000000,0.000000,-0.000000,-0.000000,0.000000,0.799213,-1.743370,4.289783,1.266551,-0.227218,-0.058013,0.473350
790549006847357,left,260715.874000,1.365017,-2.930212,-0.139327,-3.473772,-1.573198,2.561909,0.000000,0.000000,-0.000000,-0.000000,0.000000,0.806639,-1.750215,4.298474,1.274320,-0.224204,-0.049760,0.457536
790549014848588,left,260715.882000,1.365029,-2.930187,-0.139338,-3.473797,-1.573161,2.568506,0.000000,0.000000,-0.000000,-0.000000,0.000000,0.812791,-1.771508,4.282161,1.205067,-0.235461,-0.064058,0.452897
790549022846783,left,260715.890000,1.365017,-2.930187,-0.139315,-3.473772,-1.573150,2.575114,0.000000,0.000000,-0.000000,-0.000000,0.000000,0.816473,-1.800140,4.279438,1.293767,-0.222310,-0.044353,0.461864
790549030844790,left,260715.898000,1.365053,-2.930224,-0.139362,-3.473784,-1.573173,2.581627,0.000000,0.000000,-0.000000,-0.000000,0.000000,0.819178,-1.751539,4.288368,1.254577,-0.232245,-0.046800,0.550235
790549038846764,left,260715.906000,1.365053,-2.930236,-0.139350,-3.473772,-1.573161,2.588167,0.000000,0.000000,-0.000000,-0.000000,0.000000,0.832345,-1.795340,4.300815,1.325089,-0.217074,-0.057460,0.506957
790549046845514,left,260715.914000,1.365029,-2.930236,-0.139327,-3.473797,-1.573173,2.594742,0.000000,0.000000,-0.000000,-0.000000,0.000000,0.837792,-1.772229,4.291693,1.299660,-0.228408,-0.064937,0.490253
790549054847751,left,260715.922000,1.365053,-2.930212,-0.139338,-3.473772,-1.573185,2.601613,0.000000,0.000000,-0.000000,-0.000000,0.000000,0.843258,-1.777362,4.295428,1.288382,-0.237709,-0.043429,0.470147
790549062849246,left,260715.930000,1.365077,-2.930212,-0.139327,-3.473797,-1.573222,2.608477,0.000000,0.000000,-0.000000,-0.000000,0.000000,0.848032,-1.748952,4.296755,1.232127,-0.233403,-0.047738,0.469712
790549070853469,left,260715.938000,1.365029,-2.930200,-0.139374,-3.473808,-1.573173,2.615203,0.000000,0.000000,-0.000000,-0.000000,0.000000,0.853352,-1.729293,4.300137,1.289221,-0.227617,-0.047565,0.480789
790549078849751,left,260715.946000,1.365041,-2.930187,-0.139338,-3.473797,-1.573185,2.622040,0.000000,0.000000,-0.000000,-0.000000,0.000000,0.862765,-1.781435,4.309716,1.284834,-0.243766,-0.042868,0.461954
790549086847350,left,260715.954000,1.365065,-2.930212,-0.139350,-3.473797,-1.573198,2.628947,0.000000,0.000000,-0.000000,-0.000000,0.000000,0.870294,-1.776269,4.279727,1.302474,-0.232896,-0.057989,0.497265
790549094852355,left,260715.962000,1.365041,-2.930224,-0.139350,-3.473820,-1.573161,2.636059,0.000000,0.000000,-0.000000,-0.000000,0.000000,0.875678,-1.771114,4.296452,1.262362,-0.250813,-0.039388,0.465883
790549102849678,left,260715.970000,1.365065,-2.930224,-0.139338,-3.473797,-1.573161,2.643083,0.000000,0.000000,-0.000000,-0.000000,0.000000,0.879847,-1.764803,4.282568,1.233126,-0.228002,-0.056770,0.472831
790549110848468,left,260715.978000,1.365029,-2.930212,-0.139327,-3.473797,-1.573150,2.650099,0.000000,0.000000,-0.000000,-0.000000,0.000000,0.890923,-1.755659,4.282284,1.231363,-0.240666,-0.044208,0.474944
790549118850071,left,260715.986000,1.365029,-2.930187,-0.139350,-3.473772,-1.573198,2.657182,0.000000,0.000000,-0.000000,-0.000000,0.000000,0.895647,-1.745226,4.282091,1.262719,-0.237456,-0.049511,0.505899
790549126847276,left,260715.994000,1.365053,-2.930212,-0.139362,-3.473832,-1.573138,2.664424,0.000000,0.000000,-0.000000,-0.000000,0.000000,0.903681,-1.758234,4.313544,1.313347,-0.247579,-0.050870,0.512775
790549134845133,left,260716.002000,1.365053,-2.930187,-0.139350,-3.473784,-1.573173,2.671806,0.000000,0.000000,-0.000000,-0.000000,0.000000,0.905864,-1.729590,4.320129,1.266031,-0.246014,-0.048970,0.474999
790549142847512,left,260716.010000,1.365041,-2.930212,-0.139338,-3.473808,-1.573185,2.679023,0.000000,0.000000,-0.000000,-0.000000,0.000000,0.908437,-1.769724,4.265620,1.259929,-0.250435,-0.052071,0.509465
790549150856900,left,260716.018000,1.365029,-2.930212,-0.139327,-3.473784,-1.573185,2.686291,0.000000,0.000000,-0.000000,-0.000000,0.000000,0.920824,-1.804252,4.302513,1.258975,-0.233038,-0.054631,0.482721
790549158845893,left,260716.026000,1.365065,-2.930200,-0.139327,-3.473797,-1.573185,2.693655,0.000000,0.000000,-0.000000,-0.000000,0.000000,0.928679,-1.777386,4.326587,1.265639,-0.240453,-0.042303,0.497514
790549166844944,left,260716.034000,1.365041,-2.930164,-0.139386,-3.473784,-1.573198,2.701239,0.000000,0.000000,-0.000000,-0.000000,0.000000,0.934922,-1.791468,4.293930,1.294663,-0.239334,-0.037887,0.435536
790549174843841,left,260716.042000,1.365017,-2.930175,-0.139350,-3.473784,-1.573150,2.708724,0.000000,0.000000,-0.000000,-0.000000,0.000000,0.937882,-1.771596,4.254872,1.271266,-0.245755,-0.043669,0.484215
790549182857781,left,260716.050000,1.365029,-2.930187,-0.139374,-3.473797,-1.573161,2.716165,0.000000,0.000000,-0.000000,-0.000125,0.000000,0.945203,-1.779187,4.299977,1.277455,-0.242076,-0.052468,0.493402
790549190848063,left,260716.058000,1.365029,-2.930175,-0.139350,-3.473784,-1.573161,2.723758,0.000000,0.000000,-0.000000,-0.000113,0.000000,0.953575,-1.759941,4.265246,1.240415,-0.233474,-0.041186,0.491567
790549198847476,left,260716.066000,1.365053,-2.930200,-0.139338,-3.473832,-1.573150,2.731532,0.000000,0.000000,-0.000000,-0.000103,0.000000,0.963486,-1.772518,4.305902,1.273095,-0.246599,-0.058088,0.458279
790549206845235,left,260716.074000,1.365041,-2.930200,-0.139327,-3.473797,-1.573198,2.739255,0.000000,0.000000,-0.000000,-0.000113,0.000000,0.962322,-1.794867,4.284390,1.266596,-0.228030,-0.052918,0.505467
790549214858095,left,260716.082000,1.365029,-2.930212,-0.139327,-3.473797,-1.573209,2.746864,0.000000,0.000000,-0.000000,-0.000104,0.000000,0.971470,-1.774508,4.275149,1.279490,-0.238812,-0.045433,0.530398
790549222849444,left,260716.090000,1.365041,-2.930212,-0.139362,-3.473784,-1.573161,2.754669,0.000000,0.000000,-0.000000,-0.000097,0.000000,0.977848,-1.775325,4.238324,1.270208,-0.224223,-0.040773,0.538548
790549230861288,left,260716.098000,1.365017,-2.930212,-0.139386,-3.473784,-1.573185,2.762674,0.000000,0.000000,-0.000000,-0.000090,0.000000,0.988034,-1.764487,4.290991,1.239326,-0.234766,-0.047501,0.463519
790549238850680,left,260716.106000,1.365041,-2.930175,-0.139350,-3.473808,-1.573173,2.770566,0.000000,0.000000,-0.000000,-0.000085,0.000000,0.988952,-1.800115,4.305103,1.276535,-0.239937,-0.056615,0.480505
790549246874934,left,260716.114000,1.365077,-2.930212,-0.139386,-3.473784,-1.573173,2.778413,0.000000,0.000000,-0.000000,-0.000080,0.000000,0.995713,-1.796779,4.282892,1.304346,-0.224829,-0.045763,0.521733
790549254850648,left,260716.122000,1.365053,-2.930187,-0.139338,-3.473820,-1.573198,2.786388,0.000000,0.000000,-0.000000,-0.000075,0.000000,1.005532,-1.804400,4.300342,1.289071,-0.234230,-0.040917,0.529773
790549262846845,left,260716.130000,1.365065,-2.930187,-0.139362,-3.473808,-1.573150,2.794629,0.000000,0.000000,-0.000000,-0.000071,0.000000,1.012592,-1.808305,4.302169,1.280039,-0.240268,-0.045011,0.459345
790549270858305,left,260716.138000,1.365029,-2.930187,-0.139374,-3.473832,-1.573138,2.802711,0.000000,0.000000,-0.000000,-0.000068,0.000000,1.011750,-1.789974,4.311802,1.295013,-0.232562,-0.045888,0.568320
790549278884100,left,260716.146000,1.365041,-2.930224,-0.139362,-3.473797,-1.573173,2.810751,0.000000,0.000000,-0.000000,-0.000064,0.000000,1.023539,-1.767162,4.307718,1.258276,-0.218084,-0.039352,0.505765
790549286854316,left,260716.154000,1.365041,-2.930212,-0.139398,-3.473820,-1.573198,2.818996,0.000000,0.000000,-0.000000,-0.000062,0.000000,1.030689,-1.728957,4.284697,1.308723,-0.245378,-0.028172,0.492116
790549294845671,left,260716.162000,1.365041,-2.930212,-0.139350,-3.473784,-1.573185,2.827365,0.000000,0.000000,-0.000000,-0.000002,0.000000,1.036742,-1.763266,4.324848,1.261544,-0.232771,-0.047331,0.480228
790549302849428,left,260716.170000,1.365029,-2.930200,-0.139374,-3.473832,-1.573198,2.835608,0.000000,0.000000,-0.000000,-0.000000,0.000000,1.039145,-1.816857,4.331825,1.276327,-0.224187,-0.032083,0.539257
790549310846873,left,260716.178000,1.365041,-2.930175,-0.139374,-3.473784,-1.573173,2.843859,0.000000,0.000000,-0.000000,-0.000000,0.000000,1.049122,-1.790015,4.281386,1.282277,-0.233538,-0.040539,0.549901
790549318859660,left,260716.186000,1.365029,-2.930200,-0.139338,-3.473797,-1.573185,2.852286,0.000000,0.000000,-0.000000,-0.000000,0.000000,1.056357,-1.776805,4.289686,1.254042,-0.228645,-0.046062,0.507933
790549326847753,left,260716.194000,1.365041,-2.930200,-0.139350,-3.473797,-1.573198,2.860978,0.000000,0.000000,-0.000000,-0.000000,0.000000,1.061412,-1.774607,4.303610,1.247631,-0.227023,-0.051937,0.483235
790549334854054,left,260716.202000,1.365077,-2.930187,-0.139374,-3.473808,-1.573150,2.869439,0.000000,0.000000,-0.000000,-0.000000,0.000000,1.064867,-1.756930,4.273616,1.256334,-0.239254,-0.029718,0.512006
790549342848846,left,260716.210000,1.365053,-2.930187,-0.139327,-3.473832,-1.573198,2.877918,0.000000,0.000000,-0.000000,-0.000000,0.000000,1.073523,-1.764693,4.281508,1.294416,-0.232043,-0.035646,0.547144
790549350859721,left,260716.218000,1.365029,-2.930187,-0.139350,-3.473808,-1.573161,2.886642,0.000000,0.000000,-0.000000,-0.000000,0.000000,1.082113,-1.774893,4.285254,1.275120,-0.235031,-0.040662,0.517040
790549358846452,left,260716.226000,1.365053,-2.930224,-0.139362,-3.473808,-1.573161,2.895404,0.000000,0.000000,-0.000000,-0.000000,0.000000,1.084910,-1.799610,4.300434,1.296952,-0.239151,-0.034534,0.506472
790549366845033,left,260716.234000,1.365029,-2.930187,-0.139374,-3.473797,-1.573161,2.903968,0.000000,0.000000,-0.000000,-0.000000,0.000000,1.092627,-1.787681,4.328290,1.243277,-0.233375,-0.027192,0.545005
790549374846629,left,260716.242000,1.365053,-2.930212,-0.139315,-3.473808,-1.573161,2.912710,0.000000,0.000000,-0.000000,-0.000000,0.000000,1.100023,-1.788550,4.308135,1.270523,-0.223872,-0.047423,0.552733
790549382857986,left,260716.250000,1.365029,-2.930200,-0.139338,-3.473797,-1.573125,2.921705,0.000000,0.000000,-0.000000,-0.000000,0.000000,1.109892,-1.747840,4.310012,1.266629,-0.231894,-0.033383,0.472736
790549390836038,left,260716.258000,1.365065,-2.930200,-0.139338,-3.473820,-1.573161,2.930539,0.000000,0.000000,-0.000000,-0.000000,0.000000,1.109938,-1.810918,4.271805,1.300361,-0.234622,-0.036180,0.564601
790549398862004,left,260716.266000,1.365065,-2.930200,-0.139327,-3.473797,-1.573125,2.939342,0.000000,0.000000,-0.000000,-0.000000,0.000000,1.118314,-1.800679,4.305421,1.240464,-0.221322,-0.038882,0.532090
790549406844866,left,260716.274000,1.365065,-2.930175,-0.139362,-3.473832,-1.573150,2.948377,0.000000,0.000000,-0.000000,-0.000000,0.000000,1.126667,-1.773341,4.347558,1.236678,-0.223399,-0.038468,0.553514
790549414860172,left,260716.282000,1.365041,-2.930200,-0.139315,-3.473820,-1.573173,2.957529,0.000000,0.000000,-0.000000,-0.000000,0.000000,1.131187,-1.772496,4.278905,1.258260,-0.233204,-0.034054,0.505624
790549422853269,left,260716.290000,1.365029,-2.930212,-0.139374,-3.473797,-1.573198,2.966541,0.000000,0.000000,-0.000000,-0.000000,0.000000,1.136762,-1.777430,4.295765,1.230194,-0.215108,-0.039833,0.533966
790549430849991,left,260716.298000,1.365041,-2.930200,-0.139374,-3.473797,-1.573198,2.975586,0.000000,0.000000,-0.000000,-0.000000,0.000000,1.143393,-1.783586,4.315247,1.286776,-0.232409,-0.024462,0.590668
790549438852635,left,260716.306000,1.365041,-2.930224,-0.139327,-3.473832,-1.573173,2.984929,0.000000,0.000000,-0.000000,-0.000000,0.000000,1.153368,-1.742893,4.311385,1.257971,-0.237534,-0.036633,0.454315
790549446860645,left,260716.314000,1.365053,-2.930187,-0.139327,-3.473808,-1.573161,2.994060,0.000000,0.000000,-0.000000,-0.000000,0.000000,1.139918,-1.770860,4.334032,1.257929,-0.225567,-0.039912,0.496368
790549454888346,left,260716.322000,1.365017,-2.930187,-0.139362,-3.473797,-1.573198,3.003080,0.000000,0.000000,-0.000000,-0.000000,0.000000,1.138225,-1.740446,4.283325,1.250672,-0.222970,-0.019926,0.523457
790549462850003,left,260716.330000,1.365065,-2.930187,-0.139362,-3.473797,-1.573209,3.012246,0.000000,0.000000,-0.000000,-0.000000,0.000000,1.135496,-1.769057,4.333382,1.253385,-0.223336,-0.023461,0.454430
790549470849938,left,260716.338000,1.365041,-2.930224,-0.139338,-3.473797,-1.573185,3.021331,0.000000,0.000000,-0.000000,-0.000000,0.000000,1.122424,-1.758703,4.296701,1.277878,-0.220296,-0.038105,0.447240
790549478849587,left,260716.346000,1.365041,-2.930187,-0.139338,-3.473808,-1.573185,3.030180,0.000000,0.000000,-0.000000,-0.000000,0.000000,1.119136,-1.760693,4.329785,1.238657,-0.223712,-0.019537,0.498188
790549486858408,left,260716.354000,1.365077,-2.930187,-0.139338,-3.473808,-1.573150,3.039086,0.000000,0.000000,-0.000000,-0.000000,0.000000,1.113137,-1.737421,4.325612,1.251358,-0.223174,-0.033225,0.498371
790549494849871,left,260716.362000,1.365053,-2.930187,-0.139350,-3.473844,-1.573173,3.048119,0.000000,0.000000,-0.000000,-0.000000,0.000000,1.110365,-1.772063,4.316110,1.261493,-0.228464,-0.023932,0.447104
790549502848822,left,260716.370000,1.365041,-2.930224,-0.139338,-3.473820,-1.573198,3.056832,0.000000,0.000000,-0.000000,-0.000000,0.000000,1.097856,-1.788940,4.321004,1.238084,-0.220353,-0.027744,0.476513
790549510848551,left,260716.378000,1.365053,-2.930187,-0.139338,-3.473820,-1.573173,3.065557,0.000000,0.000000,-0.000000,-0.000000,0.000000,1.094266,-1.760396,4.316432,1.266405,-0.232788,-0.026492,0.515944
790549518857483,left,260716.386000,1.365041,-2.930224,-0.139386,-3.473832,-1.573185,3.074323,0.000000,0.000000,-0.000000,-0.000000,0.000000,1.091315,-1.787831,4.306261,1.239962,-0.223234,-0.028453,0.444821
790549526849917,left,260716.394000,1.365041,-2.930212,-0.139350,-3.473808,-1.573209,3.083107,0.000000,0.000000,-0.000000,-0.000000,0.000000,1.079635,-1.740184,4.312678,1.300317,-0.230713,-0.018777,0.448539
790549534849772,left,260716.402000,1.365017,-2.930212,-0.139350,-3.473808,-1.573185,3.091569,0.000000,0.000000,-0.000000,-0.000000,0.000000,1.074809,-1.803095,4.351671,1.248668,-0.219021,-0.018458,0.461092
790549542850471,left,260716.410000,1.365029,-2.930187,-0.139338,-3.473820,-1.573209,3.100124,0.000000,0.000000,-0.000000,-0.000000,0.000000,1.068780,-1.778085,4.314312,1.238705,-0.219675,-0.044173,0.540229
790549550854559,left,260716.418000,1.365053,-2.930236,-0.139362,-3.473808,-1.573185,3.108839,0.000000,0.000000,-0.000000,-0.000000,0.000000,1.066688,-1.778666,4.339887,1.263980,-0.235837,-0.023585,0.406063
790549558847852,left,260716.426000,1.365029,-2.930224,-0.139362,-3.473797,-1.573173,3.117238,0.000000,0.000000,-0.000000,-0.000000,0.000000,1.053829,-1.773975,4.307708,1.268916,-0.227843,-0.008668,0.466798
790549566893750,left,260716.434000,1.365065,-2.930224,-0.139362,-3.473808,-1.573185,3.125482,0.000000,0.000000,-0.000000,-0.000000,0.000000,1.050674,-1.768113,4.343243,1.271863,-0.224279,-0.022961,0.458032
790549574836238,left,260716.442000,1.365065,-2.930200,-0.139350,-3.473808,-1.573161,3.133868,0.000000,0.000000,-0.000000,-0.000000,0.000000,1.044441,-1.786730,4.344524,1.264738,-0.226744,-0.021846,0.513416
790549582841504,left,260716.450000,1.365029,-2.930200,-0.139362,-3.473832,-1.573150,3.142421,0.000000,0.000000,-0.000000,-0.000000,0.000000,1.039555,-1.754808,4.329147,1.247334,-0.220810,-0.020124,0.410472
790549590849072,left,260716.458000,1.365029,-2.930224,-0.139362,-3.473820,-1.573185,3.150575,0.000000,0.000000,-0.000000,-0.000000,0.000000,1.028034,-1.780545,4.335435,1.241813,-0.216726,-0.029059,0.436832
790549598848188,left,260716.466000,1.365077,-2.930175,-0.139374,-3.473808,-1.573185,3.158722,0.000000,0.000000,-0.000000,-0.000000,0.000000,1.024047,-1.764394,4.338720,1.271906,-0.220608,-0.022237,0.474380
790549606849052,left,260716.474000,1.365065,-2.930200,-0.139362,-3.473820,-1.573161,3.166937,0.000000,0.000000,-0.000000,-0.000000,0.000000,1.020702,-1.752206,4.297230,1.284473,-0.228495,-0.016010,0.444945
790549614857904,left,260716.482000,1.365041,-2.930164,-0.139362,-3.473784,-1.573185,3.175139,0.000000,0.000000,-0.000000,-0.000000,0.000000,1.011834,-1.805277,4.315916,1.303620,-0.216131,-0.031849,0.401100
790549622849694,left,260716.490000,1.365029,-2.930200,-0.139362,-3.473772,-1.573185,3.183150,0.000000,0.000000,-0.000000,-0.000000,0.000000,1.000351,-1.779808,4.344750,1.257136,-0.227977,-0.011229,0.508265
790549630847869,left,260716.498000,1.365017,-2.930212,-0.139374,-3.473772,-1.573161,3.191019,0.000000,0.000000,-0.000000,-0.000000,0.000000,0.997889,-1.777345,4.344241,1.257922,-0.218934,-0.014786,0.481193
790549638845635,left,260716.506000,1.365029,-2.930224,-0.139338,-3.473808,-1.573150,3.199028,0.000000,0.000000,-0.000000,-0.000000,0.000000,0.995595,-1.795954,4.320617,1.257105,-0.221420,-0.023771,0.430712
790549646856223,left,260716.514000,1.365053,-2.930187,-0.139338,-3.473797,-1.573173,3.207065,0.000000,0.000000,-0.000000,-0.000000,0.000000,0.986297,-1.789861,4.319407,1.256494,-0.225147,-0.019828,0.423290
790549654850372,left,260716.522000,1.365041,-2.930187,-0.139362,-3.473797,-1.573173,3.214795,0.000000,0.000000,-0.000000,-0.000000,0.000000,0.977901,-1.787782,4.341700,1.277570,-0.234806,-0.018973,0.467360
790549662849301,left,260716.530000,1.365041,-2.930187,-0.139327,-3.473797,-1.573173,3.222547,0.000000,0.000000,-0.000000,-0.000000,0.000000,0.972570,-1.736917,4.347610,1.250461,-0.230675,-0.017064,0.492167
790549670850176,left,260716.538000,1.365053,-2.930200,-0.139362,-3.473832,-1.573173,3.230350,0.000000,0.000000,-0.000000,-0.000000,0.000000,0.969608,-1.749236,4.304165,1.279481,-0.234044,-0.013897,0.432613
790549678846794,left,260716.546000,1.365041,-2.930247,-0.139327,-3.473808,-1.573185,3.238219,0.000000,0.000000,-0.000000,-0.000000,0.000000,0.959262,-1.766847,4.367431,1.241141,-0.229886,-0.010392,0.460876
790549686854407,left,260716.554000,1.365029,-2.930200,-0.139362,-3.473820,-1.573222,3.245745,0.000000,0.000000,-0.000000,-0.000000,0.000000,0.950716,-1.715001,4.316484,1.226661,-0.223182,-0.010967,0.475243
790549694847639,left,260716.562000,1.365029,-2.930187,-0.139350,-3.473844,-1.573173,3.253286,0.000000,0.000000,-0.000000,-0.000000,0.000000,0.947365,-1.785827,4.323410,1.264015,-0.221305,-0.015792,0.467498
790549702845694,left,260716.570000,1.365053,-2.930187,-0.139338,-3.473844,-1.573185,3.260889,0.000000,0.000000,-0.000000,-0.000000,0.000000,0.941666,-1.742057,4.358356,1.223032,-0.218603,-0.022280,0.422886
790549710846261,left,260716.578000,1.365041,-2.930200,-0.139350,-3.473808,-1.573185,3.268548,0.000000,0.000000,-0.000000,-0.000000,0.000000,0.934633,-1.786439,4.311860,1.252156,-0.231929,-0.012884,0.394456
790549718855622,left,260716.586000,1.365053,-2.930224,-0.139350,-3.473820,-1.573138,3.275899,0.000000,0.000000,-0.000000,-0.000000,0.000000,0.925270,-1.763810,4.322191,1.261570,-0.226885,-0.021028,0.449192
790549726849161,left,260716.594000,1.365029,-2.930224,-0.139338,-3.473820,-1.573173,3.283143,0.000000,0.000000,-0.000000,-0.000000,0.000000,0.921274,-1.796873,4.345711,1.259031,-0.230065,-0.015928,0.449891
790549734847125,left,260716.602000,1.365053,-2.930187,-0.139350,-3.473784,-1.573161,3.290517,0.000000,0.000000,-0.000000,-0.000000,0.000000,0.918453,-1.732186,4.326260,1.261732,-0.229169,-0.016559,0.425759
790549742855841,left,260716.610000,1.365029,-2.930200,-0.139327,-3.473820,-1.573173,3.297950,0.000000,0.000000,-0.000000,-0.000000,0.000000,0.914085,-1.775257,4.321062,1.275665,-0.229742,-0.007446,0.378264
790549750850252,left,260716.618000,1.365053,-2.930200,-0.139362,-3.473820,-1.573185,3.305154,0.000000,0.000000,-0.000000,-0.000000,0.000000,0.901832,-1.783102,4.382194,1.259156,-0.232791,-0.003964,0.412834
790549758846695,left,260716.626000,1.365053,-2.930224,-0.139350,-3.473832,-1.573161,3.312252,0.000000,0.000000,-0.000000,-0.000000,0.000000,0.895286,-1.727463,4.365812,1.262332,-0.230728,-0.006078,0.440945
790549766854192,left,260716.634000,1.365005,-2.930175,-0.139374,-3.473820,-1.573198,3.319361,0.000000,0.000000,-0.000000,-0.000000,0.000000,0.890829,-1.773652,4.359529,1.233917,-0.232536,-0.011284,0.447537
790549774847792,left,260716.642000,1.365041,-2.930224,-0.139350,-3.473797,-1.573150,3.326561,0.000000,0.000000,-0.000000,-0.000000,0.000000,0.888021,-1.788396,4.336664,1.230756,-0.239654,-0.016791,0.378119
790549782853988,left,260716.650000,1.365053,-2.930175,-0.139374,-3.473844,-1.573173,3.333676,0.000000,0.000000,-0.000000,-0.000000,0.000000,0.877872,-1.792706,4.368489,1.284697,-0.242910,-0.006969,0.370657
790549790846683,left,260716.658000,1.365053,-2.930175,-0.139374,-3.473784,-1.573198,3.340542,0.000000,0.000000,-0.000000,-0.000000,0.000000,0.866821,-1.787867,4.322285,1.229755,-0.239289,-0.031061,0.414657
790549798845251,left,260716.666000,1.365041,-2.930175,-0.139338,-3.473797,-1.573185,3.347382,0.000000,0.000000,-0.000000,-0.000000,0.000000,0.864514,-1.800030,4.367133,1.243091,-0.243565,-0.003612,0.428957
790549806847414,left,260716.674000,1.365029,-2.930200,-0.139362,-3.473808,-1.573185,3.354270,0.000000,0.000000,-0.000000,-0.000000,0.000000,0.860660,-1.787772,4.336652,1.218615,-0.231825,-0.008050,0.398271
790549814846654,left,260716.682000,1.365029,-2.930212,-0.139327,-3.473808,-1.573125,3.361267,0.000000,0.000000,-0.000000,-0.000000,0.000000,0.853926,-1.740354,4.365875,1.238333,-0.233698,-0.013679,0.361087
790549822847420,left,260716.690000,1.365053,-2.930224,-0.139350,-3.473820,-1.573173,3.367998,0.000000,0.000000,-0.000000,-0.000000,0.000000,0.841951,-1.776965,4.364071,1.239345,-0.252108,-0.008915,0.428860
790549830852652,left,260716.698000,1.365053,-2.930175,-0.139338,-3.473820,-1.573198,3.374610,0.000000,0.000000,-0.000000,-0.000000,0.000000,0.837407,-1.769232,4.312850,1.242606,-0.237892,-0.022566,0.451343
790549838853867,left,260716.706000,1.365053,-2.930212,-0.139350,-3.473820,-1.573161,3.381244,0.000000,0.000000,-0.000000,-0.000000,0.000000,0.833632,-1.773492,4.355752,1.248641,-0.243895,-0.013910,0.447862
790549846851892,left,260716.714000,1.365053,-2.930236,-0.139315,-3.473808,-1.573173,3.387957,0.000000,0.000000,-0.000000,-0.000000,0.000000,0.831267,-1.760452,4.350962,1.189395,-0.241716,-0.016868,0.386711
790549854851294,left,260716.722000,1.365017,-2.930187,-0.139338,-3.473820,-1.573125,3.394618,0.000000,0.000000,-0.000000,-0.000000,0.000000,0.818414,-1.776162,4.359139,1.266697,-0.231375,-0.009853,0.370222
790549862847528,left,260716.730000,1.365053,-2.930200,-0.139350,-3.473808,-1.573150,3.401105,0.000000,0.000000,-0.000000,-0.000000,0.000000,0.810932,-1.747612,4.332856,1.256327,-0.246885,0.004482,0.401707
790549870844253,left,260716.738000,1.365041,-2.930200,-0.139350,-3.473797,-1.573173,3.407482,0.000000,0.000000,-0.000000,-0.000000,0.000000,0.806382,-1.752842,4.341831,1.273452,-0.238988,-0.017704,0.408031
790549878846907,left,260716.746000,1.365065,-2.930200,-0.139338,-3.473820,-1.573150,3.413907,0.000000,0.000000,-0.000000,-0.000058,0.000000,0.802380,-1.752387,4.335965,1.264820,-0.227117,-0.012430,0.418330
790549886849509,left,260716.754000,1.365053,-2.930200,-0.139315,-3.473808,-1.573161,3.420392,0.000000,0.000000,-0.000000,-0.000058,0.000000,0.798330,-1.812611,4.360193,1.249808,-0.238497,-0.015098,0.342058
790549894847870,left,260716.762000,1.365029,-2.930200,-0.139362,-3.473832,-1.573173,3.426780,0.000000,0.000000,-0.000000,-0.000055,0.000000,0.788654,-1.773962,4.357778,1.212329,-0.239322,-0.020199,0.340907
790549902844934,left,260716.770000,1.365029,-2.930187,-0.139362,-3.473832,-1.573161,3.433001,0.000000,0.000000,-0.000000,-0.000053,0.000000,0.778838,-1.785234,4.353019,1.233322,-0.245641,-0.013300,0.394505
790549910846603,left,260716.778000,1.365041,-2.930212,-0.139350,-3.473820,-1.573150,3.439145,0.000000,0.000000,-0.000000,-0.000050,0.000000,0.774945,-1.767711,4.349920,1.227650,-0.239462,-0.016448,0.406249
790549918848523,left,260716.786000,1.365077,-2.930175,-0.139386,-3.473820,-1.573161,3.445230,0.000000,0.000000,-0.000000,-0.000000,0.000000,0.768373,-1.815150,4.338399,1.254961,-0.245517,-0.021173,0.463352
790549926848179,left,260716.794000,1.365077,-2.930200,-0.139338,-3.473832,-1.573198,3.451496,0.000000,0.000000,-0.000000,-0.000000,0.000000,0.764106,-1.779846,4.339660,1.201475,-0.232128,-0.023682,0.356668
790549934845892,left,260716.802000,1.365041,-2.930212,-0.139362,-3.473797,-1.573185,3.457640,0.000000,0.000000,-0.000000,-0.000000,0.000000,0.754391,-1.803354,4.356143,1.263344,-0.224646,-0.010651,0.385635
790549942845068,left,260716.810000,1.365053,-2.930200,-0.139374,-3.473784,-1.573198,3.463558,0.000000,0.000000,-0.000000,-0.000000,0.000000,0.745936,-1.777584,4.339695,1.248108,-0.240983,-0.016875,0.418784
790549950971097,left,260716.818000,1.365041,-2.930224,-0.139362,-3.473797,-1.573161,3.469416,0.000000,0.000000,-0.000000,-0.000000,0.000000,0.743794,-1.815985,4.368191,1.253216,-0.234653,-0.000631,0.417919
790549958980451,left,260716.826000,1.365053,-2.930200,-0.139350,-3.473797,-1.573185,3.475333,0.000000,0.000000,-0.000000,-0.000000,0.000000,0.738153,-1.770674,4.338975,1.228566,-0.237585,-0.016240,0.404005
790549966959181,left,260716.834000,1.365053,-2.930187,-0.139338,-3.473832,-1.573185,3.481302,0.000000,0.000000,-0.000000,-0.000000,0.000000,0.734648,-1.790782,4.351336,1.236978,-0.229246,-0.014325,0.361829
790549974950617,left,260716.842000,1.365041,-2.930212,-0.139362,-3.473820,-1.573185,3.487189,0.000000,0.000000,-0.000000,-0.000000,0.000000,0.722000,-1.767761,4.306906,1.234899,-0.241676,-0.000558,0.385344
790549982958400,left,260716.850000,1.365053,-2.930187,-0.139350,-3.473844,-1.573198,3.492878,0.000000,0.000000,-0.000000,-0.000000,0.000000,0.711879,-1.778422,4.345791,1.202047,-0.231288,-0.018802,0.385121
790549990982829,left,260716.858000,1.365065,-2.930200,-0.139362,-3.473844,-1.573173,3.498056,0.000000,0.000000,-0.000000,-0.000000,0.000000,0.559804,-1.793236,4.342240,1.268003,-0.224402,-0.015513,-1.061037
790549998895598,left,260716.866000,1.365053,-2.930200,-0.139374,-3.473844,-1.573161,3.501148,0.000000,0.000000,-0.000000,-0.000000,0.000000,0.305035,-1.785192,4.351085,1.263577,-0.247243,0.005048,-0.590980
790550006870057,left,260716.874000,1.365065,-2.930247,-0.139350,-3.473820,-1.573173,3.502390,0.000000,0.000000,-0.000000,-0.000000,0.000000,0.071761,-1.826249,4.348087,1.219275,-0.232061,-0.010232,-0.718678
790550014861245,left,260716.882000,1.365041,-2.930236,-0.139338,-3.473820,-1.573173,3.502170,0.000000,0.000000,-0.000000,-0.000000,0.000000,-0.022518,-1.678705,4.351118,1.290692,-0.237051,-0.003035,0.477378
790550022848414,left,260716.890000,1.365041,-2.930212,-0.139362,-3.473820,-1.573161,3.502205,0.000000,0.000000,-0.000000,-0.000000,0.000000,-0.016066,-1.702192,4.375037,1.294973,-0.235054,-0.019904,0.014532
790550030845243,left,260716.898000,1.365053,-2.930187,-0.139338,-3.473820,-1.573173,3.502113,0.000000,0.000000,-0.000000,-0.000000,0.000000,-0.008917,-1.753276,4.367510,1.269376,-0.229858,-0.013407,-0.136776
790550038845647,left,260716.906000,1.365041,-2.930200,-0.139350,-3.473832,-1.573173,3.501990,0.000000,0.000000,-0.000000,-0.000000,0.000000,-0.017675,-1.741462,4.361327,1.297727,-0.224519,0.001361,-0.121543
790550046850292,left,260716.914000,1.365041,-2.930224,-0.139362,-3.473832,-1.573173,3.501808,0.000000,0.000000,-0.000000,-0.000000,0.000000,-0.025212,-1.723065,4.349256,1.296366,-0.228064,-0.002431,-0.150889
790550054859052,left,260716.922000,1.365065,-2.930187,-0.139350,-3.473820,-1.573198,3.501626,0.000000,0.000000,-0.000000,-0.000000,0.000000,-0.034418,-1.736711,4.375700,1.287855,-0.236831,-0.008476,-0.152457
790550062865911,left,260716.930000,1.365029,-2.930212,-0.139338,-3.473808,-1.573185,3.501312,0.000000,0.000000,-0.000000,-0.000000,0.000000,-0.042102,-1.743654,4.346267,1.282326,-0.216116,-0.013503,-0.176364
790550070994546,left,260716.938000,1.365065,-2.930212,-0.139350,-3.473784,-1.573161,3.501023,0.000000,0.000000,-0.000000,-0.000000,0.000000,-0.048109,-1.702603,4.379858,1.259075,-0.236073,0.004912,-0.183818
790550079031717,left,260716.946000,1.365053,-2.930224,-0.139327,-3.473844,-1.573161,3.500567,0.000000,0.000000,-0.000000,-0.000000,0.000000,-0.055588,-1.712151,4.373969,1.276911,-0.223647,-0.002039,-0.194557
790550086955483,left,260716.954000,1.365053,-2.930212,-0.139327,-3.473797,-1.573173,3.500098,0.000000,0.000000,-0.000000,-0.000000,0.000000,-0.062248,-1.694371,4.337440,1.272115,-0.232578,0.006872,-0.202964
790550094948544,left,260716.962000,1.365041,-2.930212,-0.139362,-3.473832,-1.573150,3.499558,0.000000,0.000000,-0.000000,-0.000000,0.000000,-0.068737,-1.762079,4.384730,1.248754,-0.224037,-0.001715,-0.198064
790550102866152,left,260716.970000,1.365041,-2.930236,-0.139350,-3.473808,-1.573161,3.498995,0.000000,0.000000,-0.000000,-0.000000,0.000000,-0.074877,-1.745677,4.364263,1.265241,-0.222213,-0.000340,-0.213059
790550110855142,left,260716.978000,1.365065,-2.930187,-0.139374,-3.473797,-1.573198,3.498359,0.000000,0.000000,-0.000000,-0.000000,0.000000,-0.081597,-1.705991,4.323627,1.254563,-0.229931,0.002308,-0.199454
790550118850108,left,260716.986000,1.365041,-2.930212,-0.139338,-3.473820,-1.573161,3.497688,0.000000,0.000000,-0.000000,-0.000000,0.000000,-0.086672,-1.730367,4.379673,1.277353,-0.226016,-0.005265,-0.219804
790550126848043,left,260716.994000,1.365065,-2.930200,-0.139350,-3.473820,-1.573185,3.496956,0.000000,0.000000,-0.000000,-0.000000,0.000000,-0.094193,-1.696704,4.363419,1.268360,-0.223659,0.006417,-0.196335
790550134846308,left,260717.002000,1.365065,-2.930212,-0.139327,-3.473844,-1.573150,3.496153,0.000000,0.000000,-0.000000,-0.000000,0.000000,-0.102166,-1.727628,4.341415,1.240083,-0.235081,-0.000032,-0.195508
790550142850652,left,260717.010000,1.365041,-2.930200,-0.139386,-3.473832,-1.573185,3.495363,0.000000,0.000000,-0.000000,-0.000000,0.000000,-0.107511,-1.728360,4.396293,1.266914,-0.220412,0.008552,-0.201949
790550150847657,left,260717.018000,1.365017,-2.930212,-0.139338,-3.473808,-1.573161,3.494486,0.000000,0.000000,-0.000000,-0.000000,0.000000,-0.113863,-1.688552,4.349417,1.294663,-0.222814,-0.004164,-0.226198
790550158847643,left,260717.026000,1.365065,-2.930200,-0.139338,-3.473797,-1.573150,3.493586,0.000000,0.000000,-0.000000,-0.000000,0.000000,-0.119690,-1.712715,4.345060,1.295823,-0.223702,-0.005904,-0.237128
790550166847214,left,260717.034000,1.365053,-2.930187,-0.139350,-3.473797,-1.573161,3.492576,0.000000,0.000000,-0.000000,-0.000000,0.000000,-0.127136,-1.751384,4.361416,1.307707,-0.231258,0.008769,-0.232329
790550174848326,left,260717.042000,1.365041,-2.930200,-0.139350,-3.473832,-1.573161,3.491520,0.000000,0.000000,-0.000000,-0.000000,0.000001,-0.133577,-1.716711,4.337247,1.248166,-0.236780,0.007875,-0.220209
790550182853826,left,260717.050000,1.365053,-2.930175,-0.139338,-3.473820,-1.573161,3.490439,0.000000,0.000000,-0.000000,-0.000000,0.000000,-0.139912,-1.677010,4.382607,1.274081,-0.228972,0.007421,-0.228286
790550190848318,left,260717.058000,1.365029,-2.930187,-0.139362,-3.473820,-1.573185,3.489322,0.000000,0.000000,-0.000000,-0.000000,0.000000,-0.145949,-1.718800,4.399291,1.281158,-0.221680,0.005501,-0.222493
790550198846957,left,260717.066000,1.365029,-2.930224,-0.139350,-3.473808,-1.573198,3.488110,0.000000,0.000000,-0.000000,-0.000000,0.000000,-0.151067,-1.710245,4.366763,1.263523,-0.220554,0.006295,-0.251673
790550206874793,left,260717.074000,1.365041,-2.930212,-0.139350,-3.473797,-1.573173,3.486861,0.000000,0.000000,-0.000000,-0.000000,0.000000,-0.159042,-1.736842,4.378461,1.237851,-0.229668,0.016795,-0.223972
790550214853129,left,260717.082000,1.365041,-2.930187,-0.139362,-3.473832,-1.573173,3.485553,0.000000,0.000000,-0.000000,-0.000000,0.000000,-0.163877,-1.699897,4.368957,1.271436,-0.226393,0.006339,-0.243995
790550222848501,left,260717.090000,1.365041,-2.930187,-0.139350,-3.473797,-1.573198,3.484161,0.000000,0.000000,-0.000000,-0.000000,0.000000,-0.169530,-1.738975,4.358046,1.276889,-0.216392,0.003806,-0.242264
790550230845153,left,260717.098000,1.365053,-2.930212,-0.139350,-3.473844,-1.573125,3.482770,0.000000,0.000000,-0.000000,-0.000000,0.000000,-0.174163,-1.731491,4.377708,1.246224,-0.224704,0.006409,-0.252084
790550238845207,left,260717.106000,1.365053,-2.930236,-0.139338,-3.473808,-1.573185,3.481257,0.000000,0.000000,-0.000000,-0.000000,0.000000,-0.180553,-1.705800,4.362371,1.247360,-0.231624,0.017502,-0.252005
790550246844480,left,260717.114000,1.365041,-2.930200,-0.139327,-3.473797,-1.573161,3.479757,0.000000,0.000000,-0.000000,-0.000000,0.000000,-0.187522,-1.750372,4.370390,1.252043,-0.224666,0.002400,-0.258562
790550254847731,left,260717.122000,1.365053,-2.930247,-0.139315,-3.473808,-1.573173,3.478233,0.000000,0.000000,-0.000000,-0.000000,0.000000,-0.192587,-1.708469,4.370343,1.266625,-0.218686,0.008321,-0.271243
790550262845554,left,260717.130000,1.365041,-2.930224,-0.139327,-3.473832,-1.573209,3.476625,0.000000,0.000000,-0.000000,-0.000000,0.000000,-0.199995,-1.696523,4.424931,1.264376,-0.223425,0.018655,-0.277224
790550270848285,left,260717.138000,1.365041,-2.930200,-0.139327,-3.473820,-1.573173,3.475029,0.000000,0.000000,-0.000000,-0.000000,0.000000,-0.206454,-1.694825,4.376946,1.233410,-0.210129,0.000599,-0.285088
790550278847516,left,260717.146000,1.365077,-2.930200,-0.139338,-3.473797,-1.573233,3.473348,0.000000,0.000000,-0.000000,-0.000000,0.000000,-0.214391,-1.698321,4.391403,1.279664,-0.219949,0.017759,-0.286435
790550286849644,left,260717.154000,1.365017,-2.930236,-0.139350,-3.473820,-1.573185,3.471585,0.000000,0.000000,-0.000000,-0.000000,0.000000,-0.219077,-1.686879,4.398876,1.247925,-0.213077,0.008623,-0.275346
790550294849685,left,260717.162000,1.365053,-2.930175,-0.139386,-3.473784,-1.573161,3.469785,0.000000,0.000000,-0.000000,-0.000000,0.000000,-0.227160,-1.722567,4.392379,1.257304,-0.214382,0.018884,-0.253741
790550302848242,left,260717.170000,1.365029,-2.930200,-0.139350,-3.473832,-1.573138,3.467974,0.000000,0.000000,-0.000000,-0.000000,0.000062,-0.231008,-1.687571,4.389433,1.264358,-0.220634,0.017267,-0.308210
790550310848278,left,260717.178000,1.365065,-2.930200,-0.139327,-3.473844,-1.573150,3.466089,0.000000,0.000000,-0.000000,-0.000000,0.000066,-0.240210,-1.727781,4.396265,1.238621,-0.210393,0.013892,-0.273770
790550318852121,left,260717.186000,1.365017,-2.930224,-0.139338,-3.473808,-1.573161,3.464121,0.000000,0.000000,-0.000000,-0.000000,0.000062,-0.247470,-1.738613,4.379202,1.267468,-0.214582,0.018236,-0.303039
790550326847957,left,260717.194000,1.365017,-2.930152,-0.139338,-3.473820,-1.573173,3.462154,0.000000,0.000000,-0.000000,-0.000000,0.000059,-0.254229,-1.736609,4.402218,1.239539,-0.210943,0.012689,-0.288199
790550334849225,left,260717.202000,1.365029,-2.930212,-0.139374,-3.473820,-1.573125,3.460090,0.000000,0.000000,-0.000000,-0.000000,0.000056,-0.261767,-1.739086,4.377446,1.220043,-0.221572,0.017569,-0.294459
790550342851163,left,260717.210000,1.365077,-2.930187,-0.139338,-3.473820,-1.573138,3.458016,0.000000,0.000000,-0.000000,-0.000000,0.000064,-0.266934,-1.682627,4.381814,1.269984,-0.213231,0.013762,-0.288912
790550350859378,left,260717.218000,1.365041,-2.930212,-0.139350,-3.473797,-1.573198,3.455796,0.000000,0.000000,-0.000000,-0.000000,0.000061,-0.274751,-1.677097,4.376706,1.294547,-0.209835,0.012282,-0.325429
790550358850256,left,260717.226000,1.365041,-2.930187,-0.139338,-3.473820,-1.573173,3.453613,0.000000,0.000000,-0.000000,-0.000000,0.000001,-0.279710,-1.734406,4.364301,1.262717,-0.194049,0.018137,-0.297021
790550366870396,left,260717.234000,1.365053,-2.930236,-0.139350,-3.473820,-1.573161,3.451239,0.000000,0.000000,-0.000000,-0.000000,0.000000,-0.284952,-1.725524,4.372853,1.232065,-0.206625,0.012610,-0.275803
790550374848653,left,260717.242000,1.365029,-2.930224,-0.139338,-3.473820,-1.573138,3.448912,0.000000,0.000000,-0.000000,-0.000000,0.000000,-0.290849,-1.735046,4.413900,1.244887,-0.211603,0.002297,-0.293054
790550382849433,left,260717.250000,1.365041,-2.930200,-0.139362,-3.473820,-1.573161,3.446514,0.000000,0.000000,-0.000000,-0.000000,0.000000,-0.295239,-1.702445,4.364009,1.232935,-0.205070,0.018740,-0.294935
790550390848054,left,260717.258000,1.365053,-2.930212,-0.139327,-3.473797,-1.573185,3.444115,0.000000,0.000000,-0.000000,-0.000000,0.000000,-0.301330,-1.748063,4.378188,1.236738,-0.215440,0.011702,-0.308522
790550398845870,left,260717.266000,1.365017,-2.930212,-0.139374,-3.473797,-1.573150,3.441703,0.000000,0.000000,-0.000000,-0.000000,0.000000,-0.310985,-1.730323,4.370839,1.224807,-0.203035,0.019915,-0.290863
790550406848415,left,260717.274000,1.365065,-2.930224,-0.139338,-3.473797,-1.573161,3.439173,0.000000,0.000000,-0.000000,-0.000000,0.000000,-0.315260,-1.707930,4.369784,1.272160,-0.205265,-0.000861,-0.301569
790550414851945,left,260717.282000,1.365053,-2.930187,-0.139362,-3.473820,-1.573185,3.436620,0.000000,0.000000,-0.000000,-0.000000,0.000000,-0.321586,-1.707982,4.392902,1.243672,-0.196057,0.000325,-0.321446
790550422847370,left,260717.290000,1.365029,-2.930212,-0.139350,-3.473820,-1.573138,3.434051,0.000000,0.000000,-0.000000,-0.000000,0.000000,-0.330386,-1.688722,4.398018,1.228700,-0.210128,0.000154,-0.302869
790550430857199,left,260717.298000,1.365065,-2.930212,-0.139362,-3.473832,-1.573185,3.431398,0.000000,0.000000,-0.000000,-0.000000,0.000000,-0.337815,-1.764440,4.412129,1.263119,-0.207081,0.000424,-0.313554
790550438850322,left,260717.306000,1.365053,-2.930212,-0.139350,-3.473797,-1.573161,3.428686,0.000000,0.000000,-0.000000,-0.000000,0.000000,-0.345777,-1.710872,4.346926,1.250285,-0.207310,-0.001503,-0.308100
790550446853122,left,260717.314000,1.365041,-2.930187,-0.139350,-3.473820,-1.573173,3.425891,0.000000,0.000000,-0.000000,-0.000000,0.000000,-0.349895,-1.731409,4.423523,1.256336,-0.204131,0.009594,-0.329505
790550454849975,left,260717.322000,1.365053,-2.930200,-0.139362,-3.473844,-1.573173,3.423023,0.000000,0.000000,-0.000000,-0.000000,0.000000,-0.356967,-1.717992,4.380144,1.264857,-0.212597,-0.006283,-0.320401
790550462847975,left,260717.330000,1.365065,-2.930224,-0.139374,-3.473820,-1.573150,3.420083,0.000000,0.000000,-0.000000,-0.000000,0.000000,-0.361723,-1.705727,4.407712,1.246734,-0.202042,0.010949,-0.292669
790550470845606,left,260717.338000,1.365065,-2.930187,-0.139338,-3.473844,-1.573173,3.417143,0.000000,0.000000,-0.000000,-0.000000,0.000000,-0.367390,-1.714559,4.368740,1.247167,-0.202009,-0.002492,-0.310135
790550478847721,left,260717.346000,1.365041,-2.930187,-0.139374,-3.473808,-1.573198,3.414143,0.000000,0.000000,-0.000000,-0.000000,0.000000,-0.373484,-1.728271,4.364372,1.283074,-0.202501,0.000447,-0.330885
790550486845977,left,260717.354000,1.365005,-2.930200,-0.139374,-3.473820,-1.573198,3.411155,0.000000,0.000000,-0.000000,-0.000000,0.000000,-0.378535,-1.706243,4.378929,1.257176,-0.202383,0.005800,-0.368637
790550494844659,left,260717.362000,1.365041,-2.930236,-0.139362,-3.473844,-1.573161,3.408094,0.000000,0.000000,-0.000000,-0.000000,0.000000,-0.387432,-1.689741,4.396368,1.288888,-0.197107,0.006055,-0.333690
790550502847549,left,260717.370000,1.365065,-2.930224,-0.139350,-3.473832,-1.573150,3.404975,0.000000,0.000000,-0.000000,-0.000000,0.000000,-0.391141,-1.704600,4.383365,1.234805,-0.204752,0.001869,-0.357363
790550510848394,left,260717.378000,1.365041,-2.930187,-0.139362,-3.473808,-1.573161,3.401842,0.000000,0.000000,-0.000000,-0.000000,0.000000,-0.398543,-1.710460,4.400591,1.244883,-0.197907,0.003148,-0.353576
790550518849342,left,260717.386000,1.365029,-2.930224,-0.139350,-3.473820,-1.573185,3.398663,0.000000,0.000000,-0.000000,-0.000000,0.000000,-0.406507,-1.727259,4.362750,1.228530,-0.210954,0.007613,-0.350349
790550526848770,left,260717.394000,1.365041,-2.930212,-0.139350,-3.473808,-1.573173,3.395363,0.000000,0.000000,-0.000000,-0.000000,0.000000,-0.414752,-1.715812,4.390995,1.243502,-0.206113,0.000287,-0.343857
790550534855642,left,260717.402000,1.365029,-2.930187,-0.139338,-3.473832,-1.573173,3.392026,0.000000,0.000000,-0.000000,-0.000000,0.000000,-0.422905,-1.734285,4.407007,1.295281,-0.207091,-0.002748,-0.306505
790550542848470,left,260717.410000,1.365053,-2.930200,-0.139327,-3.473808,-1.573150,3.388583,0.000000,0.000000,-0.000000,-0.000000,0.000000,-0.425887,-1.697241,4.420365,1.272105,-0.203340,0.000886,-0.336865
790550550849507,left,260717.418000,1.365065,-2.930175,-0.139362,-3.473784,-1.573161,3.385032,0.000000,0.000000,-0.000000,-0.000000,0.000000,-0.431659,-1.706527,4.418723,1.278329,-0.204820,0.008270,-0.328825
790550558847326,left,260717.426000,1.365017,-2.930187,-0.139350,-3.473820,-1.573173,3.381553,0.000000,0.000000,-0.000000,-0.000000,0.000000,-0.436061,-1.728308,4.367993,1.299427,-0.199945,-0.007400,-0.356440
790550566848782,left,260717.434000,1.365053,-2.930187,-0.139350,-3.473797,-1.573173,3.378072,0.000000,0.000000,-0.000000,-0.000000,0.000000,-0.445463,-1.710490,4.379220,1.254941,-0.187935,-0.011654,-0.333407
790550574849337,left,260717.442000,1.365017,-2.930200,-0.139350,-3.473844,-1.573161,3.374510,0.000000,0.000000,-0.000000,-0.000000,0.000000,-0.451573,-1.716041,4.362474,1.257005,-0.188872,0.010373,-0.331417
790550582858916,left,260717.450000,1.365065,-2.930224,-0.139350,-3.473797,-1.573185,3.370909,0.000000,0.000000,-0.000000,-0.000000,0.000000,-0.456195,-1.703240,4.408058,1.244818,-0.197984,-0.004210,-0.369859
790550590853318,left,260717.458000,1.365053,-2.930224,-0.139362,-3.473820,-1.573161,3.367274,0.000000,0.000000,-0.000000,-0.000000,0.000000,-0.465347,-1.703000,4.359230,1.237091,-0.206694,-0.004525,-0.382086
790550598849384,left,260717.466000,1.365053,-2.930224,-0.139362,-3.473820,-1.573161,3.363509,0.000000,0.000000,-0.000000,-0.000000,0.000000,-0.474350,-1.696692,4.412593,1.269920,-0.202225,0.000726,-0.357439
790550606850613,left,260717.474000,1.365041,-2.930236,-0.139338,-3.473808,-1.573150,3.359683,0.000000,0.000000,-0.000000,-0.000000,0.000000,-0.480359,-1.759278,4.399652,1.268160,-0.188316,0.009434,-0.346770
790550614851312,left,260717.482000,1.365065,-2.930187,-0.139315,-3.473820,-1.573161,3.355752,0.000000,0.000000,-0.000000,-0.000000,0.000000,-0.483814,-1.713240,4.377730,1.246813,-0.201733,0.002996,-0.367162
790550622846050,left,260717.490000,1.365017,-2.930212,-0.139350,-3.473784,-1.573185,3.351806,0.000000,0.000000,-0.000000,-0.000000,0.000000,-0.490825,-1.671959,4.406790,1.255793,-0.195665,0.002912,-0.360215
790550630846770,left,260717.498000,1.365029,-2.930175,-0.139338,-3.473820,-1.573161,3.347861,0.000000,0.000000,-0.000000,-0.000000,0.000000,-0.496601,-1.689826,4.395987,1.257306,-0.198486,0.003990,-0.341472
790550638846341,left,260717.506000,1.365041,-2.930224,-0.139338,-3.473808,-1.573185,3.343928,0.000000,0.000000,-0.000000,-0.000000,0.000000,-0.502864,-1.711036,4.411671,1.219316,-0.193141,-0.016432,-0.350449
790550646849112,left,260717.514000,1.365029,-2.930187,-0.139362,-3.473844,-1.573150,3.339910,0.000000,0.000000,-0.000000,-0.000000,0.000000,-0.509351,-1.696276,4.385938,1.254279,-0.197977,-0.009855,-0.404596
790550654849288,left,260717.522000,1.365029,-2.930212,-0.139315,-3.473820,-1.573198,3.335869,0.000000,0.000000,-0.000000,-0.000000,0.000000,-0.516799,-1.734188,4.386306,1.247593,-0.202657,-0.005594,-0.378327
790550662847242,left,260717.530000,1.365017,-2.930187,-0.139327,-3.473832,-1.573161,3.331721,0.000000,0.000000,-0.000000,-0.000000,0.000000,-0.522291,-1.708152,4.373584,1.241139,-0.206559,-0.010100,-0.386797
790550670847428,left,260717.538000,1.365017,-2.930224,-0.139374,-3.473820,-1.573173,3.327439,0.000000,0.000000,-0.000000,-0.000000,0.000000,-0.531768,-1.703850,4.395662,1.261462,-0.207628,-0.009575,-0.357444
790550678848619,left,260717.546000,1.365029,-2.930200,-0.139338,-3.473808,-1.573185,3.323039,0.000000,0.000000,-0.000000,-0.000000,0.000000,-0.536394,-1.690133,4.388075,1.262521,-0.186406,0.002145,-0.356320
790550686853546,left,260717.554000,1.365065,-2.930175,-0.139338,-3.473808,-1.573161,3.318701,0.000000,0.000000,-0.000000,-0.000000,0.000000,-0.539202,-1.687235,4.390723,1.257548,-0.186989,-0.017042,-0.392854
790550694845663,left,260717.562000,1.365053,-2.930187,-0.139327,-3.473784,-1.573161,3.314400,0.000000,0.000000,-0.000000,-0.000000,0.000000,-0.545296,-1.750199,4.397049,1.234611,-0.192606,-0.005229,-0.377933
790550702846479,left,260717.570000,1.365029,-2.930175,-0.139327,-3.473820,-1.573173,3.310044,0.000000,0.000000,-0.000000,-0.000000,0.000000,-0.553275,-1.710079,4.410894,1.233473,-0.195168,0.006551,-0.392204
790550710846349,left,260717.578000,1.365041,-2.930187,-0.139350,-3.473820,-1.573138,3.305634,0.000000,0.000000,-0.000000,-0.000000,0.000000,-0.558355,-1.712105,4.404592,1.207177,-0.198314,-0.012039,-0.397048
790550718846723,left,260717.586000,1.365053,-2.930212,-0.139362,-3.473808,-1.573185,3.301116,0.000000,0.000000,-0.000000,-0.000000,0.000000,-0.567782,-1.738012,4.403989,1.231694,-0.196978,-0.002226,-0.397344
790550726848677,left,260717.594000,1.365041,-2.930175,-0.139350,-3.473797,-1.573185,3.296539,0.000000,0.000000,-0.000000,-0.000000,0.000000,-0.576533,-1.721206,4.436979,1.255499,-0.196200,-0.005324,-0.402439
790550734848256,left,260717.602000,1.365029,-2.930187,-0.139303,-3.473808,-1.573161,3.291807,0.000000,0.000000,-0.000000,-0.000000,0.000000,-0.579938,-1.721575,4.409318,1.278989,-0.198755,-0.012678,-0.363164
790550742847784,left,260717.610000,1.365029,-2.930212,-0.139374,-3.473820,-1.573150,3.287161,0.000000,0.000000,-0.000000,-0.000000,0.000000,-0.582697,-1.726901,4.378593,1.259700,-0.180739,-0.011758,-0.383092
790550750850830,left,260717.618000,1.365041,-2.930187,-0.139350,-3.473797,-1.573173,3.282475,0.000000,0.000000,-0.000000,-0.000000,0.000000,-0.591444,-1.731560,4.392275,1.242209,-0.194867,-0.003740,-0.380798
790550758847551,left,260717.626000,1.365029,-2.930212,-0.139350,-3.473808,-1.573138,3.277719,0.000000,0.000000,-0.000000,-0.000000,0.000000,-0.596902,-1.668334,4.434422,1.254869,-0.199314,-0.006561,-0.411112
790550766849269,left,260717.634000,1.365029,-2.930212,-0.139362,-3.473772,-1.573198,3.273023,0.000000,0.000000,-0.000000,-0.000000,0.000000,-0.605305,-1.731774,4.416665,1.240507,-0.201543,-0.019685,-0.446365
790550774849499,left,260717.642000,1.365029,-2.930224,-0.139338,-3.473784,-1.573198,3.268182,0.000000,0.000000,-0.000000,-0.000000,0.000000,-0.615814,-1.721612,4.454586,1.253348,-0.197471,0.004422,-0.396126
790550782852618,left,260717.650000,1.365029,-2.930187,-0.139338,-3.473820,-1.573173,3.263150,0.000000,0.000000,-0.000000,-0.000000,0.000000,-0.621885,-1.692044,4.381466,1.280391,-0.197532,-0.009331,-0.375742
790550790849745,left,260717.658000,1.365077,-2.930236,-0.139338,-3.473820,-1.573173,3.258085,0.000000,0.000000,-0.000000,-0.000000,0.000000,-0.624923,-1.759740,4.423961,1.246644,-0.199275,0.001233,-0.364907
790550798850012,left,260717.666000,1.365041,-2.930224,-0.139303,-3.473820,-1.573161,3.253006,0.000000,0.000000,-0.000000,-0.000000,0.000000,-0.629665,-1.731936,4.453374,1.232324,-0.193813,-0.003709,-0.389467
790550806850751,left,260717.674000,1.365077,-2.930224,-0.139350,-3.473808,-1.573138,3.247951,0.000000,0.000000,-0.000000,-0.000000,0.000000,-0.634896,-1.706551,4.415236,1.257489,-0.204265,0.000186,-0.420973
790550814850162,left,260717.682000,1.365053,-2.930175,-0.139327,-3.473832,-1.573125,3.242891,0.000000,0.000000,-0.000000,-0.000000,0.000000,-0.640997,-1.700012,4.421703,1.250665,-0.193705,-0.024934,-0.418203
790550822848120,left,260717.690000,1.365029,-2.930212,-0.139350,-3.473832,-1.573161,3.237820,0.000000,0.000000,-0.000000,-0.000000,0.000000,-0.649264,-1.733477,4.435250,1.205123,-0.204865,-0.021258,-0.448383
790550830846700,left,260717.698000,1.365053,-2.930200,-0.139338,-3.473856,-1.573161,3.232471,0.000000,0.000000,-0.000000,-0.000000,0.000000,-0.657475,-1.749688,4.430377,1.248081,-0.185150,-0.009820,-0.388055
790550838849474,left,260717.706000,1.365041,-2.930187,-0.139386,-3.473820,-1.573150,3.227051,0.000000,0.000000,-0.000000,-0.000000,0.000000,-0.662402,-1.708903,4.439621,1.262897,-0.199715,-0.006213,-0.390540
790550846847711,left,260717.714000,1.365089,-2.930187,-0.139362,-3.473784,-1.573173,3.221775,0.000000,0.000000,-0.000000,-0.000000,0.000000,-0.666369,-1.701253,4.427138,1.248860,-0.189036,-0.018923,-0.398517
790550854845411,left,260717.722000,1.365041,-2.930175,-0.139338,-3.473844,-1.573198,3.216392,0.000000,0.000000,-0.000000,-0.000000,0.000000,-0.671221,-1.681049,4.427350,1.267092,-0.197114,-0.015062,-0.411720
790550862844669,left,260717.730000,1.365005,-2.930224,-0.139350,-3.473832,-1.573161,3.211056,0.000000,0.000000,-0.000000,-0.000000,0.000000,-0.679703,-1.684537,4.402365,1.233541,-0.193946,-0.000376,-0.454003
790550870850246,left,260717.738000,1.365053,-2.930200,-0.139350,-3.473797,-1.573185,3.205598,0.000000,0.000000,-0.000000,-0.000000,0.000000,-0.690035,-1.700192,4.385506,1.240533,-0.198481,-0.020871,-0.438857
790550878847210,left,260717.746000,1.365053,-2.930187,-0.139327,-3.473797,-1.573185,3.199975,0.000000,0.000000,-0.000000,-0.000000,0.000000,-0.697139,-1.723011,4.446756,1.223750,-0.202825,-0.004187,-0.418589
790550886848457,left,260717.754000,1.365029,-2.930212,-0.139362,-3.473832,-1.573138,3.194316,0.000000,0.000000,-0.000000,-0.000000,0.000000,-0.700376,-1.696141,4.430502,1.286182,-0.196367,-0.008807,-0.408592
790550894844350,left,260717.762000,1.365029,-2.930187,-0.139386,-3.473797,-1.573173,3.188768,0.000000,0.000000,-0.000000,-0.000000,0.000000,-0.704849,-1.721682,4.452532,1.249567,-0.205561,-0.012228,-0.427109
790550902847545,left,260717.770000,1.365065,-2.930212,-0.139350,-3.473844,-1.573198,3.183118,0.000000,0.000000,-0.000000,-0.000000,0.000000,-0.711866,-1.707177,4.425252,1.285782,-0.208846,0.003990,-0.462488
790550910850752,left,260717.778000,1.365029,-2.930187,-0.139374,-3.473797,-1.573173,3.177460,0.000000,0.000000,-0.000000,-0.000000,0.000000,-0.723115,-1.757132,4.431647,1.289867,-0.191589,-0.000178,-0.424629
790550918851032,left,260717.786000,1.365041,-2.930200,-0.139338,-3.473784,-1.573161,3.171623,0.000000,0.000000,-0.000000,-0.000000,0.000000,-0.732207,-1.709119,4.398504,1.266212,-0.198309,-0.017779,-0.406388
790550926846473,left,260717.794000,1.365053,-2.930187,-0.139338,-3.473808,-1.573138,3.165633,0.000000,0.000000,-0.000000,-0.000000,0.000000,-0.732626,-1.695943,4.412123,1.232703,-0.197873,-0.005146,-0.446446
790550934847706,left,260717.802000,1.365053,-2.930175,-0.139350,-3.473844,-1.573138,3.159749,0.000000,0.000000,-0.000000,-0.000000,0.000000,-0.737682,-1.684029,4.380978,1.230895,-0.197609,-0.005418,-0.429712
790550942847502,left,260717.810000,1.365077,-2.930200,-0.139327,-3.473797,-1.573173,3.153853,0.000000,0.000000,-0.000000,-0.000000,0.000000,-0.743164,-1.691670,4.408548,1.261827,-0.197753,-0.005932,-0.439328
790550950849578,left,260717.818000,1.365029,-2.930187,-0.139362,-3.473808,-1.573138,3.147920,0.000000,0.000000,-0.000000,-0.000000,0.000000,-0.750610,-1.697789,4.420088,1.207344,-0.199290,-0.000248,-0.490479
790550958847885,left,260717.826000,1.365053,-2.930236,-0.139350,-3.473797,-1.573173,3.141904,0.000000,0.000000,-0.000000,-0.000000,0.000000,-0.761971,-1.709120,4.378598,1.275293,-0.195734,-0.000074,-0.447993
790550966850133,left,260717.834000,1.365077,-2.930200,-0.139362,-3.473797,-1.573173,3.135614,0.000000,0.000000,-0.000000,-0.000000,0.000000,-0.766146,-1.702529,4.395890,1.247262,-0.191832,0.002755,-0.425531
790550974846569,left,260717.842000,1.365065,-2.930187,-0.139350,-3.473808,-1.573161,3.129441,0.000000,0.000000,-0.000000,-0.000000,0.000000,-0.771095,-1.684420,4.417143,1.256074,-0.208179,-0.004057,-0.413130
790550982849813,left,260717.850000,1.365029,-2.930224,-0.139327,-3.473832,-1.573173,3.123282,0.000000,0.000000,-0.000000,-0.000000,0.000000,-0.776543,-1.740343,4.410862,1.240758,-0.198815,-0.014550,-0.438201
790550990844744,left,260717.858000,1.365029,-2.930224,-0.139362,-3.473832,-1.573161,3.117162,0.000000,0.000000,-0.000000,-0.000000,0.000000,-0.781817,-1.689972,4.416832,1.261076,-0.192381,-0.009138,-0.500881
790550998853237,left,260717.866000,1.365017,-2.930212,-0.139398,-3.473808,-1.573185,3.110909,0.000000,0.000000,-0.000000,-0.000000,0.000000,-0.793450,-1.723744,4.427071,1.209271,-0.204197,-0.016407,-0.460988
790551006851400,left,260717.874000,1.365041,-2.930236,-0.139350,-3.473797,-1.573150,3.104371,0.000000,0.000000,-0.000000,-0.000000,0.000000,-0.799623,-1.736773,4.421014,1.257177,-0.195003,-0.004838,-0.414251
790551014849123,left,260717.882000,1.365017,-2.930187,-0.139315,-3.473844,-1.573173,3.097941,0.000000,0.000000,-0.000000,-0.000000,0.000000,-0.801792,-1.670253,4.428704,1.261814,-0.208452,-0.014014,-0.436381
790551022855905,left,260717.890000,1.365053,-2.930152,-0.139327,-3.473832,-1.573150,3.091498,0.000000,0.000000,-0.000000,-0.000000,0.000000,-0.807019,-1.705113,4.417569,1.250072,-0.212091,-0.015254,-0.452303
790551030851223,left,260717.898000,1.365053,-2.930187,-0.139362,-3.473808,-1.573185,3.085103,0.000000,0.000000,-0.000000,-0.000000,0.000000,-0.815010,-1.732049,4.436948,1.262008,-0.200474,-0.021600,-0.466365
790551038850360,left,260717.906000,1.365029,-2.930236,-0.139362,-3.473820,-1.573173,3.078551,0.000000,0.000000,-0.000000,-0.000000,0.000000,-0.825338,-1.690066,4.406944,1.239853,-0.206512,-0.006900,-0.459601
790551046847133,left,260717.914000,1.365029,-2.930236,-0.139338,-3.473820,-1.573161,3.071847,0.000000,0.000000,-0.000000,-0.000000,0.000000,-0.831321,-1.718922,4.443418,1.248645,-0.199408,-0.016075,-0.439144
790551054847536,left,260717.922000,1.365053,-2.930212,-0.139338,-3.473820,-1.573161,3.065156,0.000000,0.000000,-0.000000,-0.000000,0.000000,-0.834531,-1.730398,4.399463,1.271194,-0.210352,-0.000608,-0.450703
790551062844281,left,260717.930000,1.365029,-2.930187,-0.139327,-3.473820,-1.573198,3.058434,0.000000,0.000000,-0.000000,-0.000000,0.000000,-0.839523,-1.727483,4.446603,1.241512,-0.213804,-0.005592,-0.486363
790551070854265,left,260717.938000,1.365065,-2.930212,-0.139350,-3.473797,-1.573161,3.051800,0.000000,0.000000,-0.000000,-0.000000,0.000000,-0.847225,-1.703743,4.405723,1.186013,-0.207119,-0.011246,-0.536955
790551078855326,left,260717.946000,1.365053,-2.930212,-0.139374,-3.473820,-1.573161,3.044924,0.000000,0.000000,-0.000000,-0.000000,0.000000,-0.857957,-1.689041,4.461220,1.255558,-0.210998,-0.003051,-0.456063
790551086854839,left,260717.954000,1.365053,-2.930187,-0.139350,-3.473797,-1.573173,3.037920,0.000000,0.000000,-0.000000,-0.000000,0.000000,-0.859763,-1.678296,4.445148,1.243612,-0.211519,-0.018911,-0.465158
790551094846661,left,260717.962000,1.365053,-2.930200,-0.139338,-3.473832,-1.573150,3.030997,0.000000,0.000000,-0.000000,-0.000000,0.000000,-0.865683,-1.680425,4.450149,1.233079,-0.207966,-0.009035,-0.462502
790551102851262,left,260717.970000,1.365017,-2.930175,-0.139338,-3.473797,-1.573150,3.024147,0.000000,0.000000,-0.000000,-0.000000,0.000000,-0.870160,-1.705467,4.411621,1.227619,-0.212834,-0.010618,-0.503022
790551110848281,left,260717.978000,1.365053,-2.930187,-0.139338,-3.473820,-1.573161,3.017200,0.000000,0.000000,-0.000000,-0.000000,0.000000,-0.883208,-1.700517,4.451055,1.269575,-0.203302,-0.013797,-0.494732
790551118849670,left,260717.986000,1.365041,-2.930224,-0.139327,-3.473820,-1.573138,3.009978,0.000000,0.000000,-0.000000,-0.000000,0.000000,-0.889782,-1.714224,4.455462,1.260798,-0.201181,-0.007512,-0.458931
790551126846692,left,260717.994000,1.365041,-2.930224,-0.139338,-3.473832,-1.573173,3.002823,0.000000,0.000000,-0.000000,-0.000000,0.000000,-0.892170,-1.702723,4.421216,1.266480,-0.195778,-0.022867,-0.478719
790551134847262,left,260718.002000,1.365017,-2.930212,-0.139350,-3.473844,-1.573138,2.995679,0.000000,0.000000,-0.000000,-0.000000,0.000000,-0.897608,-1.690137,4.423994,1.252363,-0.200476,-0.013680,-0.502502
790551142846738,left,260718.010000,1.365041,-2.930187,-0.139338,-3.473797,-1.573161,2.988592,0.000000,0.000000,-0.000000,-0.000000,0.000000,-0.905852,-1.744610,4.459598,1.237385,-0.203642,-0.006813,-0.476233
790551150850139,left,260718.018000,1.365017,-2.930212,-0.139362,-3.473820,-1.573138,2.981238,0.000000,0.000000,-0.000000,-0.000000,0.000000,-0.915567,-1.664512,4.448197,1.238162,-0.194728,-0.017177,-0.430890
790551158847918,left,260718.026000,1.365041,-2.930164,-0.139350,-3.473808,-1.573150,2.973805,0.000000,0.000000,-0.000000,-0.000000,0.000000,-0.918671,-1.662097,4.452986,1.237975,-0.205701,-0.015326,-0.444980
790551166845730,left,260718.034000,1.365053,-2.930212,-0.139362,-3.473808,-1.573173,2.966475,0.000000,0.000000,-0.000000,-0.000000,0.000000,-0.922898,-1.688658,4.431238,1.261104,-0.211342,-0.013998,-0.481646
790551174846146,left,260718.042000,1.365017,-2.930175,-0.139374,-3.473820,-1.573161,2.959139,0.000000,0.000000,-0.000000,-0.000000,0.000000,-0.930800,-1.712435,4.427351,1.245798,-0.204033,0.001182,-0.499086
790551182849810,left,260718.050000,1.365029,-2.930187,-0.139362,-3.473820,-1.573173,2.951619,0.000000,0.000000,-0.000000,-0.000000,0.000000,-0.940743,-1.687977,4.443367,1.263928,-0.211616,-0.005177,-0.479974
790551190844812,left,260718.058000,1.365053,-2.930212,-0.139362,-3.473797,-1.573150,2.943982,0.000000,0.000000,-0.000000,-0.000000,0.000000,-0.944279,-1.715476,4.423973,1.245034,-0.219863,-0.000519,-0.477745
790551198845742,left,260718.066000,1.365029,-2.930175,-0.139362,-3.473820,-1.573173,2.936390,0.000000,0.000000,-0.000000,-0.000000,0.000000,-0.950724,-1.689409,4.410982,1.221309,-0.191543,-0.016689,-0.475203
790551206848637,left,260718.074000,1.365053,-2.930187,-0.139362,-3.473832,-1.573150,2.928857,0.000000,0.000000,-0.000000,-0.000000,0.000000,-0.956323,-1.744029,4.469996,1.281048,-0.209605,0.001518,-0.504509
790551214847198,left,260718.082000,1.365017,-2.930187,-0.139338,-3.473832,-1.573138,2.921229,0.000000,0.000000,-0.000000,-0.000000,0.000000,-0.966531,-1.664000,4.424635,1.218597,-0.210167,0.012053,-0.466286
790551222856776,left,260718.090000,1.365041,-2.930187,-0.139350,-3.473808,-1.573161,2.913304,0.000000,0.000000,-0.000000,-0.000000,0.000000,-0.969007,-1.658375,4.462544,1.218203,-0.199300,-0.013566,-0.504503
790551230849766,left,260718.098000,1.365029,-2.930212,-0.139350,-3.473832,-1.573150,2.905487,0.000000,0.000000,-0.000000,-0.000000,0.000000,-0.973154,-1.687086,4.440046,1.275351,-0.216904,-0.007069,-0.478979
790551238851057,left,260718.106000,1.365029,-2.930152,-0.139327,-3.473820,-1.573161,2.897812,0.000000,0.000000,-0.000000,-0.000000,0.000000,-0.980561,-1.697091,4.454804,1.226295,-0.193286,-0.001666,-0.509666
790551246846045,left,260718.114000,1.365077,-2.930164,-0.139338,-3.473820,-1.573173,2.889968,0.000000,0.000000,-0.000000,-0.000000,0.000000,-0.992821,-1.700674,4.483279,1.243243,-0.206388,-0.000453,-0.504696
790551254849005,left,260718.122000,1.365029,-2.930200,-0.139374,-3.473820,-1.573161,2.881863,0.000000,0.000000,-0.000000,-0.000000,0.000000,-0.997102,-1.696007,4.451789,1.247389,-0.189297,-0.010197,-0.483549
790551262849107,left,260718.130000,1.365053,-2.930212,-0.139338,-3.473832,-1.573161,2.873836,0.000000,0.000000,-0.000000,-0.000000,0.000000,-1.000310,-1.687869,4.444234,1.261260,-0.199717,-0.006598,-0.466021
790551270847562,left,260718.138000,1.365017,-2.930212,-0.139374,-3.473808,-1.573138,2.865908,0.000000,0.000000,-0.000000,-0.000000,0.000000,-1.006773,-1.714134,4.444973,1.253702,-0.206824,0.013558,-0.502333
790551278845823,left,260718.146000,1.365065,-2.930200,-0.139362,-3.473808,-1.573138,2.857779,0.000000,0.000000,-0.000000,-0.000000,0.000000,-1.017921,-1.704161,4.444276,1.248754,-0.205298,-0.003205,-0.510217
790551286848413,left,260718.154000,1.365041,-2.930200,-0.139362,-3.473820,-1.573150,2.849544,0.000000,0.000000,-0.000000,-0.000000,0.000000,-1.021242,-1.709847,4.449284,1.245739,-0.197736,-0.003825,-0.479561
790551294852153,left,260718.162000,1.365065,-2.930212,-0.139350,-3.473844,-1.573185,2.841285,0.000000,0.000000,-0.000000,-0.000000,0.000000,-1.024158,-1.685867,4.425832,1.249227,-0.204687,0.015117,-0.494411
790551302848393,left,260718.170000,1.365029,-2.930152,-0.139350,-3.473820,-1.573150,2.833208,0.000000,0.000000,-0.000000,-0.000000,0.000000,-1.029412,-1.696597,4.449841,1.287483,-0.201214,-0.005130,-0.539860
790551310851942,left,260718.178000,1.365029,-2.930187,-0.139338,-3.473784,-1.573185,2.824934,0.000000,0.000000,-0.000000,-0.000000,0.000000,-1.043140,-1.695582,4.435823,1.242233,-0.198926,0.007079,-0.504206
790551318854293,left,260718.186000,1.365053,-2.930200,-0.139338,-3.473808,-1.573138,2.816474,0.000000,0.000000,-0.000000,-0.000000,0.000000,-1.047829,-1.674881,4.446703,1.228836,-0.219174,0.016263,-0.516711
790551326843877,left,260718.194000,1.365065,-2.930187,-0.139338,-3.473832,-1.573150,2.808073,0.000000,0.000000,-0.000000,-0.000000,0.000000,-1.052374,-1.694766,4.475743,1.208039,-0.199712,0.008682,-0.479317
790551334859823,left,260718.202000,1.365041,-2.930175,-0.139327,-3.473797,-1.573150,2.799688,0.000000,0.000000,-0.000000,-0.000000,0.000000,-1.059764,-1.679476,4.510785,1.211972,-0.206951,-0.005984,-0.525612
790551342854929,left,260718.210000,1.365029,-2.930200,-0.139338,-3.473820,-1.573198,2.791123,0.000000,0.000000,-0.000000,-0.000000,0.000000,-1.068251,-1.670974,4.451126,1.240057,-0.211449,-0.007933,-0.478691
790551350852936,left,260718.218000,1.365029,-2.930187,-0.139386,-3.473784,-1.573173,2.782472,0.000000,0.000000,-0.000000,-0.000000,0.000000,-1.070956,-1.681510,4.471911,1.245191,-0.217377,0.003798,-0.474775
790551358845033,left,260718.226000,1.365053,-2.930187,-0.139338,-3.473832,-1.573161,2.773982,0.000000,0.000000,-0.000000,-0.000000,0.000000,-1.075115,-1.649057,4.467174,1.253388,-0.200778,-0.005279,-0.521090
790551366849174,left,260718.234000,1.365053,-2.930200,-0.139338,-3.473820,-1.573198,2.765409,0.000000,0.000000,-0.000000,-0.000000,0.000000,-1.087681,-1.709653,4.482412,1.254404,-0.202119,-0.005142,-0.531277
790551374853614,left,260718.242000,1.365065,-2.930187,-0.139362,-3.473808,-1.573138,2.756524,0.000000,0.000000,-0.000000,-0.000000,0.000000,-1.093952,-1.677119,4.463475,1.259749,-0.200578,0.000716,-0.496026
790551382850042,left,260718.250000,1.365053,-2.930200,-0.139362,-3.473820,-1.573185,2.747739,0.000000,0.000000,-0.000000,-0.000000,0.000000,-1.096844,-1.666636,4.478906,1.256215,-0.208744,0.002787,-0.511044
790551390847330,left,260718.258000,1.365077,-2.930224,-0.139350,-3.473797,-1.573161,2.739032,0.000000,0.000000,-0.000000,-0.000000,0.000000,-1.102280,-1.658280,4.503664,1.271146,-0.211690,0.004120,-0.536980
790551398850905,left,260718.266000,1.365053,-2.930200,-0.139338,-3.473820,-1.573161,2.730203,0.000000,0.000000,-0.000000,-0.000000,0.000000,-1.112062,-1.696713,4.482326,1.266863,-0.207622,0.010096,-0.545745
790551406845642,left,260718.274000,1.365041,-2.930224,-0.139362,-3.473808,-1.573150,2.721171,0.000000,0.000000,-0.000000,-0.000000,0.000000,-1.117591,-1.704001,4.443898,1.261768,-0.200472,0.006467,-0.486170
790551414934259,left,260718.282000,1.365041,-2.930212,-0.139338,-3.473844,-1.573173,2.712239,0.000000,0.000000,-0.000000,-0.000000,0.000000,-1.119523,-1.635329,4.425508,1.271777,-0.209475,0.003084,-0.561177
790551422872156,left,260718.290000,1.365041,-2.930200,-0.139350,-3.473797,-1.573173,2.703313,0.000000,0.000000,-0.000000,-0.000000,0.000000,-1.131158,-1.688071,4.481314,1.279707,-0.206523,0.002401,-0.544154
790551430859084,left,260718.298000,1.365029,-2.930236,-0.139374,-3.473808,-1.573150,2.694147,0.000000,0.000000,-0.000000,-0.000000,0.000000,-1.137740,-1.693531,4.446136,1.235542,-0.206165,0.004550,-0.506165
790551438842132,left,260718.306000,1.365029,-2.930187,-0.139303,-3.473844,-1.573125,2.684973,0.000000,0.000000,-0.000000,-0.000000,0.000000,-1.143178,-1.618186,4.451473,1.256963,-0.212076,0.010517,-0.550563
790551446860039,left,260718.314000,1.365029,-2.930212,-0.139362,-3.473784,-1.573113,2.675980,0.000000,0.000000,-0.000000,-0.000000,0.000000,-1.148082,-1.722467,4.488112,1.232166,-0.213450,0.008149,-0.554817
790551454867659,left,260718.322000,1.365041,-2.930224,-0.139350,-3.473856,-1.573185,2.666705,0.000000,0.000000,-0.000000,-0.000000,0.000000,-1.151599,-1.695147,4.512357,1.250676,-0.209618,0.001007,-0.426361
790551462852790,left,260718.330000,1.365041,-2.930200,-0.139338,-3.473844,-1.573173,2.657399,0.000000,0.000000,-0.000000,-0.000000,0.000000,-1.141129,-1.647594,4.481075,1.271519,-0.196895,-0.000971,-0.474967
790551470852960,left,260718.338000,1.365017,-2.930200,-0.139374,-3.473808,-1.573173,2.648401,0.000000,0.000000,-0.000000,-0.000000,0.000000,-1.132041,-1.689686,4.487860,1.286662,-0.203005,0.009361,-0.492339
790551478852837,left,260718.346000,1.365041,-2.930187,-0.139327,-3.473832,-1.573198,2.639459,0.000000,0.000000,-0.000000,-0.000000,0.000000,-1.129672,-1.696528,4.481456,1.249264,-0.212666,-0.004522,-0.476253
790551486861285,left,260718.354000,1.365065,-2.930212,-0.139338,-3.473808,-1.573161,2.630277,0.000000,0.000000,-0.000000,-0.000000,0.000000,-1.124676,-1.661382,4.459375,1.242500,-0.213628,0.014039,-0.476373
790551494848685,left,260718.362000,1.365077,-2.930224,-0.139374,-3.473832,-1.573161,2.621369,0.000000,0.000000,-0.000000,-0.000000,0.000000,-1.113637,-1.673849,4.446398,1.291679,-0.201618,0.018674,-0.463484
790551502850125,left,260718.370000,1.365053,-2.930224,-0.139374,-3.473808,-1.573161,2.612644,0.000000,0.000000,-0.000000,-0.000000,0.000000,-1.108292,-1.669590,4.487707,1.292369,-0.210851,-0.008227,-0.537882
790551510848649,left,260718.378000,1.364993,-2.930200,-0.139362,-3.473808,-1.573150,2.603763,0.000000,0.000000,-0.000000,-0.000000,0.000000,-1.109592,-1.669968,4.481698,1.266806,-0.212284,0.009469,-0.436977
790551518855314,left,260718.386000,1.365029,-2.930247,-0.139350,-3.473797,-1.573125,2.594827,0.000000,0.000000,-0.000000,-0.000000,0.000000,-1.096658,-1.699736,4.475565,1.284432,-0.208809,0.009760,-0.455874
790551526846387,left,260718.394000,1.365041,-2.930212,-0.139362,-3.473808,-1.573161,2.586153,0.000000,0.000000,-0.000000,-0.000000,0.000000,-1.088260,-1.693068,4.469521,1.242664,-0.215562,0.008782,-0.493050
790551534855174,left,260718.402000,1.365029,-2.930200,-0.139362,-3.473844,-1.573185,2.577559,0.000000,0.000000,-0.000000,-0.000000,0.000000,-1.085894,-1.690874,4.473701,1.275209,-0.199454,0.024540,-0.505077
790551542847324,left,260718.410000,1.365041,-2.930212,-0.139362,-3.473808,-1.573185,2.568793,0.000000,0.000000,-0.000000,-0.000000,0.000000,-1.080736,-1.680573,4.461048,1.261867,-0.202809,0.009122,-0.461226
790551550851757,left,260718.418000,1.365077,-2.930224,-0.139350,-3.473832,-1.573173,2.560100,0.000000,0.000000,-0.000000,-0.000000,0.000000,-1.071603,-1.667406,4.504646,1.270359,-0.217793,0.016881,-0.448790
790551558844866,left,260718.426000,1.365101,-2.930212,-0.139398,-3.473808,-1.573150,2.551674,0.000000,0.000000,-0.000000,-0.000000,0.000000,-1.062733,-1.659901,4.462928,1.252960,-0.197331,0.007380,-0.513817
790551566846122,left,260718.434000,1.365065,-2.930200,-0.139362,-3.473808,-1.573198,2.543199,0.000000,0.000000,-0.000000,-0.000000,0.000000,-1.062007,-1.665149,4.482530,1.285162,-0.221831,0.010505,-0.500439
790551574846047,left,260718.442000,1.365017,-2.930212,-0.139350,-3.473832,-1.573138,2.534654,0.000000,0.000000,-0.000000,-0.000000,0.000000,-1.054271,-1.632112,4.426354,1.294747,-0.210556,0.024399,-0.423462
790551582866742,left,260718.450000,1.365041,-2.930152,-0.139374,-3.473797,-1.573198,2.526300,0.000000,0.000000,-0.000000,-0.000000,0.000000,-1.043325,-1.628353,4.512193,1.263656,-0.219376,0.013166,-0.488254
790551590852555,left,260718.458000,1.365041,-2.930175,-0.139362,-3.473820,-1.573173,2.518042,0.000000,0.000000,-0.000000,-0.000000,0.000000,-1.040667,-1.676066,4.443983,1.274010,-0.212005,0.018956,-0.458699
790551598848715,left,260718.466000,1.365041,-2.930236,-0.139338,-3.473797,-1.573161,2.509749,0.000000,0.000000,-0.000000,-0.000000,0.000000,-1.037234,-1.667570,4.465053,1.269608,-0.218270,0.009823,-0.450275
790551606847353,left,260718.474000,1.365041,-2.930224,-0.139362,-3.473808,-1.573161,2.501394,0.000000,0.000000,-0.000000,-0.000000,0.000000,-1.027858,-1.677055,4.468111,1.278769,-0.212985,0.017620,-0.463334
790551614890985,left,260718.482000,1.365053,-2.930187,-0.139350,-3.473784,-1.573185,2.493207,0.000000,0.000000,-0.000000,-0.000000,0.000000,-1.018134,-1.640451,4.459672,1.285735,-0.219584,0.014069,-0.453907
790551622849645,left,260718.490000,1.365053,-2.930200,-0.139362,-3.473832,-1.573173,2.485228,0.000000,0.000000,-0.000000,-0.000000,0.000000,-1.013092,-1.663056,4.446202,1.287963,-0.216206,0.024113,-0.482403
790551630846747,left,260718.498000,1.365017,-2.930212,-0.139350,-3.473856,-1.573161,2.477045,0.000000,0.000000,-0.000000,-0.000000,0.000000,-1.009907,-1.619088,4.466000,1.286426,-0.199346,0.011162,-0.427429
790551638854614,left,260718.506000,1.365065,-2.930164,-0.139350,-3.473820,-1.573138,2.468938,0.000000,0.000000,-0.000000,-0.000000,0.000000,-0.999929,-1.655563,4.502923,1.286983,-0.203690,0.016064,-0.462515
790551646848591,left,260718.514000,1.365053,-2.930175,-0.139338,-3.473856,-1.573173,2.461024,0.000000,0.000000,-0.000000,-0.000000,0.000000,-0.991416,-1.654995,4.514517,1.261847,-0.214944,0.003847,-0.460459
790551654856607,left,260718.522000,1.365053,-2.930175,-0.139350,-3.473820,-1.573150,2.453249,0.000000,0.000000,-0.000000,-0.000000,0.000000,-0.989529,-1.652454,4.438978,1.243604,-0.209594,0.021768,-0.491043
790551662849255,left,260718.530000,1.365041,-2.930224,-0.139338,-3.473832,-1.573150,2.445262,0.000000,0.000000,-0.000000,-0.000000,0.000000,-0.985895,-1.667199,4.470684,1.259291,-0.200662,0.008429,-0.417788
790551670846376,left,260718.538000,1.365017,-2.930200,-0.139362,-3.473820,-1.573125,2.437354,0.000000,0.000000,-0.000000,-0.000000,0.000000,-0.976683,-1.667879,4.455434,1.268578,-0.205510,0.004799,-0.408657
790551678847648,left,260718.546000,1.365065,-2.930152,-0.139362,-3.473808,-1.573125,2.429668,0.000000,0.000000,-0.000000,-0.000000,0.000000,-0.967095,-1.663819,4.502548,1.257426,-0.208767,0.006439,-0.456610
790551686855980,left,260718.554000,1.365053,-2.930212,-0.139338,-3.473820,-1.573161,2.422076,0.000000,0.000000,-0.000000,-0.000000,0.000000,-0.963475,-1.620828,4.495214,1.247288,-0.203814,0.000768,-0.466478
790551694847112,left,260718.562000,1.365029,-2.930212,-0.139350,-3.473797,-1.573185,2.414304,0.000000,0.000000,-0.000000,-0.000000,0.000000,-0.961005,-1.682412,4.496037,1.261058,-0.213956,0.018213,-0.411210
790551702846730,left,260718.570000,1.365041,-2.930212,-0.139338,-3.473844,-1.573198,2.406581,0.000000,0.000001,-0.000000,-0.000000,0.000000,-0.950521,-1.641150,4.476382,1.242892,-0.216052,0.015676,-0.410775
790551710864441,left,260718.578000,1.365029,-2.930224,-0.139350,-3.473797,-1.573198,2.399017,0.000000,0.000000,-0.000000,-0.000000,0.000000,-0.942043,-1.672053,4.454505,1.251130,-0.217558,0.016108,-0.419509
790551718854186,left,260718.586000,1.365053,-2.930212,-0.139362,-3.473832,-1.573185,2.391545,0.000000,0.000000,-0.000000,-0.000000,0.000000,-0.935381,-1.631248,4.489518,1.273473,-0.215110,0.013077,-0.476691
790551726847127,left,260718.594000,1.365041,-2.930164,-0.139327,-3.473808,-1.573113,2.384097,0.000000,0.000000,-0.000000,-0.000000,0.000000,-0.933132,-1.623699,4.496305,1.229347,-0.206214,0.011720,-0.443600
790551734847241,left,260718.602000,1.365065,-2.930224,-0.139374,-3.473820,-1.573161,2.376589,0.000000,0.000000,-0.000000,-0.000000,0.000000,-0.925084,-1.642518,4.466652,1.282451,-0.205557,0.004703,-0.423953
790551742848053,left,260718.610000,1.365053,-2.930212,-0.139350,-3.473808,-1.573173,2.369265,0.000000,0.000000,-0.000000,-0.000000,0.000000,-0.917125,-1.648131,4.493313,1.288535,-0.213358,0.019004,-0.403249
790551750852169,left,260718.618000,1.365029,-2.930200,-0.139338,-3.473832,-1.573125,2.362051,0.000000,0.000000,-0.000000,-0.000000,0.000000,-0.910974,-1.646234,4.480375,1.219450,-0.208345,0.010747,-0.445411
790551758848242,left,260718.626000,1.365029,-2.930187,-0.139338,-3.473820,-1.573161,2.354750,0.000000,0.000000,-0.000000,-0.000000,0.000000,-0.910093,-1.654053,4.494818,1.285865,-0.215857,0.005183,-0.404082
790551766846051,left,260718.634000,1.365077,-2.930224,-0.139362,-3.473820,-1.573161,2.347439,0.000000,0.000000,-0.000000,-0.000000,0.000000,-0.900914,-1.593729,4.486167,1.265452,-0.210559,-0.003765,-0.383592
790551774847621,left,260718.642000,1.365041,-2.930175,-0.139315,-3.473772,-1.573150,2.340272,0.000000,0.000000,-0.000000,-0.000000,0.000000,-0.890940,-1.654984,4.469293,1.272421,-0.199110,0.004486,-0.427780
790551782852593,left,260718.650000,1.365077,-2.930187,-0.139327,-3.473856,-1.573173,2.333275,0.000000,0.000000,-0.000000,-0.000000,0.000000,-0.884575,-1.617255,4.493247,1.297111,-0.214150,0.003599,-0.436621
790551790848008,left,260718.658000,1.365053,-2.930212,-0.139338,-3.473844,-1.573173,2.326273,0.000000,0.000000,-0.000000,-0.000000,0.000000,-0.883546,-1.652531,4.463798,1.229352,-0.212959,0.012415,-0.431197
790551798846908,left,260718.666000,1.365041,-2.930187,-0.139338,-3.473820,-1.573185,2.319134,0.000000,0.000000,-0.000000,-0.000000,0.000000,-0.875933,-1.650532,4.481632,1.300471,-0.212423,0.003300,-0.406121
790551806847900,left,260718.674000,1.365053,-2.930200,-0.139338,-3.473820,-1.573125,2.312143,0.000000,0.000000,-0.000000,-0.000000,0.000000,-0.865477,-1.638025,4.511821,1.284158,-0.215929,-0.000716,-0.423643
790551814856787,left,260718.682000,1.365041,-2.930175,-0.139362,-3.473820,-1.573185,2.305294,0.000000,0.000000,-0.000000,-0.000000,0.000000,-0.859374,-1.634757,4.504044,1.251063,-0.210086,0.008403,-0.419105
790551822851048,left,260718.690000,1.365029,-2.930212,-0.139327,-3.473820,-1.573198,2.298505,0.000000,0.000000,-0.000000,-0.000000,0.000000,-0.853921,-1.669600,4.478002,1.260555,-0.208785,0.015567,-0.468035
790551830847943,left,260718.698000,1.365065,-2.930212,-0.139350,-3.473844,-1.573150,2.291726,0.000000,0.000000,-0.000000,-0.000000,0.000000,-0.850280,-1.643755,4.502901,1.232218,-0.215513,0.004184,-0.399584
790551838843948,left,260718.706000,1.365053,-2.930236,-0.139327,-3.473832,-1.573138,2.284805,0.000000,0.000000,-0.000000,-0.000000,0.000000,-0.843512,-1.641176,4.487492,1.230655,-0.209877,0.024443,-0.401291
790551846847033,left,260718.714000,1.365029,-2.930187,-0.139338,-3.473808,-1.573150,2.278099,0.000000,0.000000,-0.000000,-0.000000,0.000000,-0.832513,-1.676754,4.504563,1.285440,-0.211876,-0.001963,-0.404444
790551854881108,left,260718.722000,1.365041,-2.930212,-0.139327,-3.473832,-1.573150,2.271517,0.000000,0.000000,-0.000000,-0.000000,0.000000,-0.826079,-1.636093,4.523182,1.284589,-0.212626,-0.003318,-0.428342
790551862855937,left,260718.730000,1.365053,-2.930212,-0.139362,-3.473844,-1.573138,2.265003,0.000000,0.000000,-0.000000,-0.000000,0.000000,-0.822873,-1.632265,4.447139,1.270026,-0.208065,0.015899,-0.420259
790551870848304,left,260718.738000,1.365053,-2.930212,-0.139315,-3.473820,-1.573138,2.258430,0.000000,0.000000,-0.000000,-0.000000,0.000000,-0.819008,-1.638802,4.518639,1.280651,-0.216024,-0.004812,-0.389623
790551878847417,left,260718.746000,1.365041,-2.930164,-0.139338,-3.473844,-1.573138,2.251815,0.000000,0.000000,-0.000000,-0.000000,0.000000,-0.812133,-1.671239,4.488191,1.295138,-0.204563,0.001631,-0.363338
790551886856262,left,260718.754000,1.365053,-2.930224,-0.139327,-3.473808,-1.573161,2.245424,0.000000,0.000000,-0.000000,-0.000000,0.000000,-0.802166,-1.632390,4.502804,1.249925,-0.208148,0.005652,-0.405010
790551894845800,left,260718.762000,1.365053,-2.930224,-0.139350,-3.473820,-1.573185,2.239111,0.000000,0.000000,-0.000000,-0.000000,0.000000,-0.795585,-1.630797,4.478364,1.258336,-0.206693,0.005685,-0.455198
790551902849954,left,260718.770000,1.365053,-2.930187,-0.139362,-3.473808,-1.573125,2.232872,0.000000,0.000000,-0.000000,-0.000000,0.000000,-0.791994,-1.665675,4.490419,1.298135,-0.210157,-0.000965,-0.445135
790551910846655,left,260718.778000,1.365065,-2.930212,-0.139350,-3.473797,-1.573150,2.226511,0.000000,0.000000,-0.000000,-0.000000,0.000000,-0.788720,-1.621877,4.542407,1.236094,-0.211232,0.014413,-0.398568
790551918856485,left,260718.786000,1.365053,-2.930224,-0.139338,-3.473808,-1.573161,2.220152,0.000000,0.000000,-0.000000,-0.000000,0.000000,-0.777832,-1.623313,4.496376,1.292907,-0.208282,0.000149,-0.388753
790551926850203,left,260718.794000,1.365029,-2.930259,-0.139338,-3.473808,-1.573150,2.213962,0.000000,0.000000,-0.000000,-0.000000,0.000000,-0.770667,-1.646296,4.488752,1.247445,-0.202090,0.003375,-0.398023
790551934849123,left,260718.802000,1.365041,-2.930224,-0.139350,-3.473808,-1.573161,2.207905,0.000000,0.000000,-0.000000,-0.000000,0.000000,-0.764630,-1.604290,4.516021,1.268643,-0.216164,0.004699,-0.422804
790551942847896,left,260718.810000,1.365029,-2.930224,-0.139338,-3.473797,-1.573150,2.201903,0.000000,0.000000,-0.000000,-0.000000,0.000000,-0.761534,-1.641646,4.535639,1.231241,-0.214952,0.001129,-0.419079
790551950862141,left,260718.818000,1.365053,-2.930187,-0.139374,-3.473844,-1.573150,2.195774,0.000000,0.000000,-0.000000,-0.000000,0.000000,-0.755933,-1.678796,4.500725,1.258761,-0.215795,-0.000173,-0.363901
790551958883407,left,260718.826000,1.365041,-2.930200,-0.139374,-3.473844,-1.573150,2.189651,0.000000,0.000000,-0.000000,-0.000000,0.000000,-0.747258,-1.649363,4.470770,1.253633,-0.223179,-0.003644,-0.364711
790551966857365,left,260718.834000,1.365041,-2.930212,-0.139350,-3.473832,-1.573173,2.183788,0.000000,0.000000,-0.000000,-0.000000,0.000000,-0.737554,-1.638499,4.482742,1.252313,-0.206456,-0.000302,-0.409151
790551974855595,left,260718.842000,1.365053,-2.930212,-0.139350,-3.473820,-1.573150,2.177936,0.000000,0.000000,-0.000000,-0.000000,0.000000,-0.729750,-1.600543,4.467345,1.292707,-0.225822,0.013877,-0.408565
790551982865796,left,260718.850000,1.365077,-2.930236,-0.139350,-3.473820,-1.573150,2.172153,0.000000,0.000000,-0.000000,-0.000000,0.000000,-0.727192,-1.637670,4.492313,1.277879,-0.217754,0.000569,-0.389130
790551990852349,left,260718.858000,1.365005,-2.930187,-0.139327,-3.473808,-1.573185,2.166406,0.000000,0.000000,-0.000000,-0.000000,0.000000,-0.720929,-1.638655,4.487078,1.279972,-0.208197,-0.013855,-0.393544
790551998850365,left,260718.866000,1.365041,-2.930212,-0.139338,-3.473820,-1.573173,2.160567,0.000000,0.000000,-0.000000,-0.000000,0.000000,-0.682770,-1.634491,4.511210,1.273187,-0.220040,0.006486,1.538762
790552006848313,left,260718.874000,1.365077,-2.930187,-0.139327,-3.473820,-1.573125,2.156990,0.000000,0.000000,-0.000000,-0.000000,0.000000,-0.356579,-1.598486,4.467587,1.254361,-0.214089,-0.014369,0.490459
790552014859588,left,260718.882000,1.365053,-2.930212,-0.139338,-3.473820,-1.573161,2.155292,0.000000,0.000000,-0.000000,-0.000000,0.000000,-0.127793,-1.635609,4.490305,1.283965,-0.217311,0.002566,0.662069
790552022849039,left,260718.890000,1.365041,-2.930212,-0.139350,-3.473832,-1.573161,2.155391,0.000000,0.000000,-0.000000,-0.000000,0.000000,0.075900,-1.695059,4.518437,1.290942,-0.213975,0.002183,-0.966088
790552030848624,left,260718.898000,1.365041,-2.930200,-0.139350,-3.473808,-1.573173,2.155349,0.000000,0.000000,-0.000000,-0.000000,0.000000,-0.000718,-1.680993,4.481405,1.264836,-0.220574,0.007341,0.210161
790552038848275,left,260718.906000,1.365077,-2.930187,-0.139338,-3.473808,-1.573138,2.155520,0.000000,0.000146,-0.000000,-0.000000,0.000000,0.011208,-1.668181,4.461823,1.289332,-0.213281,0.008220,0.089369
790552046845946,left,260718.914000,1.365041,-2.930200,-0.139362,-3.473808,-1.573173,2.155619,0.000000,0.000177,-0.000000,-0.000000,0.000000,0.018892,-1.674085,4.454788,1.287700,-0.220464,-0.000157,0.105664
790552054858218,left,260718.922000,1.365041,-2.930200,-0.139327,-3.473820,-1.573161,2.155813,0.000000,0.000127,-0.000000,-0.000000,0.000000,0.024760,-1.659847,4.516465,1.262657,-0.223688,-0.000463,0.132206
790552062843241,left,260718.930000,1.365029,-2.930224,-0.139338,-3.473808,-1.573161,2.155996,0.000000,0.000099,-0.000000,-0.000000,0.000000,0.032822,-1.684844,4.503385,1.257471,-0.215718,-0.005333,0.140136
790552070858203,left,260718.938000,1.365041,-2.930200,-0.139374,-3.473797,-1.573150,2.156274,0.000000,0.000081,-0.000000,-0.000000,0.000000,0.040660,-1.635091,4.496680,1.296823,-0.215407,-0.010908,0.163116
790552078847746,left,260718.946000,1.365041,-2.930200,-0.139362,-3.473820,-1.573161,2.156601,0.000000,0.000069,-0.000000,-0.000000,0.000000,0.048977,-1.701765,4.497011,1.290704,-0.206109,-0.005506,0.182146
790552086852199,left,260718.954000,1.365029,-2.930175,-0.139362,-3.473808,-1.573101,2.157058,0.000000,0.000060,-0.000000,-0.000000,0.000000,0.054907,-1.682159,4.509791,1.290721,-0.206930,-0.005696,0.170718
790552094853274,left,260718.962000,1.365041,-2.930212,-0.139338,-3.473808,-1.573150,2.157491,0.000000,0.000053,-0.000000,-0.000000,0.000000,0.061475,-1.669663,4.504634,1.287085,-0.221371,-0.002995,0.160019
790552102849591,left,260718.970000,1.365053,-2.930200,-0.139350,-3.473844,-1.573125,2.158020,0.000000,0.000047,-0.000000,-0.000000,0.000000,0.067396,-1.703861,4.511662,1.294314,-0.210178,-0.009199,0.188489
790552110847044,left,260718.978000,1.365041,-2.930200,-0.139327,-3.473820,-1.573113,2.158598,0.000000,0.000043,-0.000000,-0.000000,0.000000,0.074338,-1.668540,4.533479,1.306075,-0.204999,-0.006646,0.197774
790552118850858,left,260718.986000,1.365077,-2.930212,-0.139350,-3.473808,-1.573173,2.159211,0.000000,0.000039,0.000000,-0.000000,0.000000,0.080251,-1.643758,4.470843,1.276449,-0.207825,-0.001766,0.168379
790552126845787,left,260718.994000,1.365041,-2.930200,-0.139350,-3.473820,-1.573150,2.159895,0.000000,0.000036,0.000000,-0.000000,0.000000,0.085097,-1.655236,4.476301,1.280005,-0.206064,-0.000852,0.191577
790552134843679,left,260719.002000,1.365041,-2.930236,-0.139338,-3.473832,-1.573150,2.160640,0.000000,0.000033,0.000000,-0.000000,0.000000,0.091339,-1.654585,4.459898,1.256452,-0.208951,-0.015632,0.191369
790552142847196,left,260719.010000,1.365005,-2.930224,-0.139338,-3.473832,-1.573150,2.161408,0.000000,0.000031,0.000000,-0.000000,0.000000,0.096402,-1.669201,4.521828,1.250129,-0.218371,-0.017651,0.192670
790552150850713,left,260719.018000,1.365041,-2.930212,-0.139362,-3.473797,-1.573138,2.162214,0.000000,0.000029,0.000000,-0.000000,0.000000,0.103659,-1.657960,4.492920,1.265626,-0.207247,-0.010773,0.182315
790552158849960,left,260719.026000,1.365065,-2.930187,-0.139350,-3.473808,-1.573125,2.163138,0.000000,0.000027,0.000005,-0.000000,0.000000,0.109573,-1.690063,4.459782,1.268317,-0.211235,-0.002601,0.198804
790552166844421,left,260719.034000,1.365029,-2.930187,-0.139362,-3.473808,-1.573113,2.164062,0.000000,0.000026,0.000000,-0.000000,0.000000,0.115276,-1.666477,4.523011,1.254912,-0.214868,-0.016715,0.201082
790552174846721,left,260719.042000,1.365041,-2.930200,-0.139362,-3.473832,-1.573173,2.165034,0.000000,0.000024,0.000000,-0.000000,0.000000,0.121128,-1.667420,4.522480,1.250350,-0.212931,-0.012324,0.228067
790552182851006,left,260719.050000,1.365065,-2.930212,-0.139338,-3.473820,-1.573173,2.166043,0.000000,0.000023,0.000000,-0.000000,0.000000,0.128728,-1.651408,4.533555,1.265069,-0.201769,-0.013773,0.234131
790552190849897,left,260719.058000,1.365029,-2.930224,-0.139350,-3.473797,-1.573150,2.167099,0.000000,0.000022,0.000000,-0.000000,0.000000,0.134415,-1.651719,4.525568,1.288312,-0.217064,-0.019735,0.249258
790552198845607,left,260719.066000,1.365053,-2.930187,-0.139338,-3.473820,-1.573161,2.168191,0.000000,0.000021,0.000000,-0.000000,0.000000,0.142290,-1.681110,4.506484,1.285112,-0.221812,-0.028358,0.248271
790552206846492,left,260719.074000,1.365017,-2.930236,-0.139362,-3.473820,-1.573173,2.169391,0.000000,0.000020,-0.000000,-0.000000,0.000000,0.147694,-1.679585,4.487940,1.243701,-0.211040,-0.016236,0.248774
790552214845844,left,260719.082000,1.365041,-2.930212,-0.139350,-3.473797,-1.573185,2.170602,0.000000,0.000000,-0.000000,-0.000000,0.000000,0.153073,-1.648854,4.521076,1.305717,-0.210976,-0.007911,0.252336
790552222849093,left,260719.090000,1.365041,-2.930175,-0.139338,-3.473808,-1.573125,2.171863,0.000000,0.000000,-0.000000,-0.000000,0.000000,0.160426,-1.645593,4.500411,1.307894,-0.232110,-0.020897,0.281261
790552230847634,left,260719.098000,1.365041,-2.930200,-0.139338,-3.473797,-1.573161,2.173196,0.000000,0.000000,-0.000000,-0.000000,0.000000,0.169100,-1.668922,4.528304,1.250546,-0.210274,-0.013595,0.283291
790552238865224,left,260719.106000,1.365041,-2.930212,-0.139350,-3.473797,-1.573138,2.174539,0.000000,0.000000,-0.000000,-0.000000,0.000000,0.175253,-1.623018,4.489906,1.265344,-0.209531,-0.011527,0.264355
790552246852772,left,260719.114000,1.365053,-2.930187,-0.139362,-3.473844,-1.573198,2.175977,0.000000,0.000000,-0.000000,-0.000000,0.000000,0.181379,-1.623127,4.489607,1.292402,-0.219744,-0.009140,0.276943
790552254847081,left,260719.122000,1.365029,-2.930212,-0.139362,-3.473856,-1.573161,2.177430,0.000000,0.000000,-0.000000,-0.000000,0.000000,0.188755,-1.660313,4.463771,1.280587,-0.212697,-0.016139,0.260848
790552262845563,left,260719.130000,1.365041,-2.930236,-0.139338,-3.473820,-1.573161,2.178978,0.000000,0.000000,-0.000000,-0.000000,0.000000,0.197173,-1.668684,4.557862,1.300575,-0.213517,-0.024351,0.277800
790552270847755,left,260719.138000,1.365029,-2.930212,-0.139338,-3.473832,-1.573125,2.180525,0.000000,0.000000,-0.000000,-0.000000,0.000000,0.202886,-1.620414,4.478468,1.345279,-0.225909,-0.030545,0.260384
790552278856398,left,260719.146000,1.365065,-2.930175,-0.139362,-3.473844,-1.573125,2.182191,0.000000,0.000000,-0.000000,-0.000000,0.000000,0.207260,-1.620279,4.522525,1.267470,-0.221094,-0.030976,0.271223
790552286850192,left,260719.154000,1.365041,-2.930212,-0.139350,-3.473797,-1.573125,2.183846,0.000000,0.000000,-0.000000,-0.000000,0.000000,0.215706,-1.584808,4.509090,1.298627,-0.215395,-0.033474,0.251276
790552294848113,left,260719.162000,1.365053,-2.930212,-0.139327,-3.473832,-1.573125,2.185632,0.000000,0.000000,-0.000000,-0.000000,0.000000,0.219232,-1.618958,4.489633,1.280250,-0.215267,-0.023102,0.281648
790552302845542,left,260719.170000,1.365041,-2.930236,-0.139327,-3.473820,-1.573185,2.187431,0.000000,0.000000,-0.000000,-0.000000,0.000000,0.227114,-1.610783,4.495492,1.271309,-0.218956,-0.028707,0.262917
790552310845523,left,260719.178000,1.365041,-2.930175,-0.139338,-3.473797,-1.573150,2.189314,0.000000,0.000000,-0.000000,-0.000000,0.000000,0.231948,-1.648766,4.537656,1.302747,-0.215632,-0.031707,0.279945
790552318853040,left,260719.186000,1.365065,-2.930200,-0.139386,-3.473832,-1.573161,2.191159,0.000000,0.000000,-0.000000,-0.000000,0.000000,0.239303,-1.625339,4.523777,1.316811,-0.216837,-0.022347,0.276327
790552326849831,left,260719.194000,1.365005,-2.930212,-0.139338,-3.473784,-1.573161,2.193175,0.000000,0.000000,-0.000000,-0.000000,0.000000,0.246111,-1.601789,4.535797,1.269332,-0.206732,-0.026815,0.256538
790552334846123,left,260719.202000,1.365029,-2.930212,-0.139362,-3.473797,-1.573125,2.195214,0.000000,0.000000,-0.000000,-0.000000,0.000000,0.249975,-1.604122,4.552986,1.258994,-0.212909,-0.026790,0.259889
790552342847277,left,260719.210000,1.365065,-2.930187,-0.139327,-3.473797,-1.573138,2.197288,0.000000,0.000000,-0.000000,-0.000000,0.000000,0.254226,-1.601113,4.524650,1.276346,-0.230440,-0.025265,0.317411
790552350851359,left,260719.218000,1.365029,-2.930200,-0.139362,-3.473772,-1.573150,2.199340,0.000000,0.000000,-0.000000,-0.000000,0.000000,0.261719,-1.605825,4.527020,1.276428,-0.230566,-0.027814,0.313544
790552358848710,left,260719.226000,1.365053,-2.930212,-0.139338,-3.473808,-1.573173,2.201487,0.000000,0.000000,-0.000000,-0.000000,0.000000,0.268890,-1.603212,4.536457,1.278958,-0.218173,-0.031624,0.316576
790552366848424,left,260719.234000,1.365065,-2.930224,-0.139338,-3.473797,-1.573138,2.203634,0.000000,0.000000,-0.000000,-0.000000,0.000000,0.274652,-1.632791,4.519800,1.268301,-0.219793,-0.041421,0.313053
790552374846988,left,260719.242000,1.365041,-2.930164,-0.139362,-3.473832,-1.573138,2.205841,0.000000,0.000000,-0.000000,-0.000000,0.000000,0.282717,-1.579475,4.544597,1.256812,-0.227474,-0.026826,0.304585
790552382848528,left,260719.250000,1.365077,-2.930212,-0.139315,-3.473820,-1.573138,2.208120,0.000000,0.000000,-0.000000,-0.000000,0.000000,0.292056,-1.602263,4.486257,1.283532,-0.211795,-0.045053,0.312389
790552390851013,left,260719.258000,1.365053,-2.930212,-0.139327,-3.473832,-1.573125,2.210470,0.000000,0.000000,-0.000000,-0.000000,0.000000,0.298285,-1.594879,4.517319,1.284089,-0.216913,-0.040903,0.292347
790552398851036,left,260719.266000,1.365053,-2.930200,-0.139350,-3.473797,-1.573138,2.212858,0.000000,0.000000,-0.000000,-0.000000,0.000000,0.305605,-1.598346,4.525926,1.291992,-0.226160,-0.030804,0.287146
790552406848628,left,260719.274000,1.365029,-2.930187,-0.139350,-3.473820,-1.573150,2.215280,0.000000,0.000000,-0.000000,-0.000000,0.000000,0.310502,-1.569936,4.512476,1.289590,-0.218608,-0.033750,0.301729
790552414848374,left,260719.282000,1.365053,-2.930200,-0.139374,-3.473832,-1.573185,2.217809,0.000000,0.000000,-0.000000,-0.000000,0.000000,0.315948,-1.604579,4.509397,1.275795,-0.212239,-0.045193,0.323752
790552422848490,left,260719.290000,1.365041,-2.930187,-0.139362,-3.473868,-1.573150,2.220328,0.000000,0.000000,-0.000000,-0.000000,0.000000,0.321682,-1.581410,4.537932,1.257149,-0.213571,-0.035035,0.327311
790552430847524,left,260719.298000,1.365041,-2.930187,-0.139338,-3.473797,-1.573150,2.223002,0.000000,0.000000,-0.000000,-0.000000,0.000000,0.330090,-1.597468,4.547716,1.271038,-0.229158,-0.026577,0.295992
790552438846259,left,260719.306000,1.365041,-2.930200,-0.139386,-3.473832,-1.573138,2.225757,0.000000,0.000000,-0.000000,-0.000000,0.000000,0.333095,-1.601076,4.576303,1.293761,-0.228992,-0.027712,0.312208
790552446848837,left,260719.314000,1.365053,-2.930200,-0.139338,-3.473820,-1.573173,2.228504,0.000000,0.000000,-0.000000,-0.000000,0.000000,0.338986,-1.574982,4.504240,1.269873,-0.224992,-0.032741,0.338408
790552454848776,left,260719.322000,1.365065,-2.930224,-0.139362,-3.473820,-1.573125,2.231272,0.000000,0.000000,-0.000000,-0.000000,0.000000,0.344993,-1.610132,4.541720,1.312703,-0.219365,-0.041499,0.321464
790552462846829,left,260719.330000,1.365053,-2.930187,-0.139362,-3.473808,-1.573138,2.234007,0.000000,0.000000,-0.000000,-0.000000,0.000000,0.349871,-1.620777,4.496920,1.241344,-0.213787,-0.028261,0.343242
790552470846206,left,260719.338000,1.365077,-2.930175,-0.139338,-3.473832,-1.573138,2.236814,0.000000,0.000000,-0.000000,-0.000000,0.000000,0.360496,-1.595459,4.539186,1.271071,-0.233252,-0.039179,0.327577
790552478847781,left,260719.346000,1.365017,-2.930175,-0.139338,-3.473820,-1.573150,2.239679,0.000000,0.000000,-0.000000,-0.000000,0.000000,0.368040,-1.595121,4.515250,1.238111,-0.236428,-0.047191,0.336889
790552486847329,left,260719.354000,1.365053,-2.930175,-0.139315,-3.473797,-1.573125,2.242641,0.000000,0.000000,-0.000000,-0.000000,0.000000,0.376791,-1.607242,4.548676,1.272074,-0.227810,-0.038386,0.346398
790552494846323,left,260719.362000,1.365053,-2.930187,-0.139338,-3.473820,-1.573185,2.245663,0.000000,0.000000,-0.000000,-0.000000,0.000000,0.382297,-1.615410,4.537741,1.275179,-0.227711,-0.049435,0.350498
790552502846906,left,260719.370000,1.365053,-2.930212,-0.139362,-3.473808,-1.573150,2.248720,0.000000,0.000000,-0.000000,-0.000000,0.000000,0.386568,-1.640326,4.555913,1.290831,-0.230402,-0.050207,0.338289
790552510845270,left,260719.378000,1.365041,-2.930187,-0.139350,-3.473856,-1.573150,2.251851,0.000000,0.000000,-0.000000,-0.000000,0.000000,0.394090,-1.608792,4.522799,1.302684,-0.221727,-0.032760,0.347014
790552518853281,left,260719.386000,1.365029,-2.930224,-0.139338,-3.473832,-1.573150,2.255090,0.000000,0.000000,-0.000000,-0.000000,0.000000,0.399822,-1.640388,4.557751,1.297004,-0.228728,-0.043912,0.343567
790552526846934,left,260719.394000,1.365065,-2.930152,-0.139327,-3.473808,-1.573185,2.258405,0.000000,0.000000,-0.000000,-0.000000,0.000000,0.405365,-1.595652,4.510367,1.279718,-0.232268,-0.039432,0.330473
790552534849002,left,260719.402000,1.365053,-2.930187,-0.139350,-3.473856,-1.573113,2.261660,0.000000,0.000000,-0.000000,-0.000000,0.000000,0.409526,-1.601734,4.576282,1.278332,-0.220749,-0.050150,0.338055
790552542847470,left,260719.410000,1.365053,-2.930200,-0.139338,-3.473797,-1.573150,2.264961,0.000000,0.000000,-0.000000,-0.000000,0.000000,0.415338,-1.609038,4.506671,1.274869,-0.220290,-0.035886,0.363925
790552550849074,left,260719.418000,1.365041,-2.930200,-0.139327,-3.473797,-1.573150,2.268264,0.000000,0.000000,-0.000000,-0.000000,0.000000,0.423602,-1.624120,4.527701,1.256387,-0.233111,-0.048027,0.368672
790552558846304,left,260719.426000,1.365053,-2.930187,-0.139315,-3.473844,-1.573125,2.271639,0.000000,0.000000,-0.000000,-0.000000,0.000000,0.432037,-1.622576,4.521955,1.316848,-0.222314,-0.050357,0.363716
790552566848489,left,260719.434000,1.365077,-2.930187,-0.139327,-3.473808,-1.573161,2.275146,0.000000,0.000000,-0.000000,-0.000000,0.000000,0.440648,-1.591048,4.541261,1.278030,-0.231668,-0.045689,0.340221
790552574846538,left,260719.442000,1.365053,-2.930224,-0.139350,-3.473808,-1.573138,2.278640,0.000000,0.000000,-0.000000,-0.000000,0.000000,0.445610,-1.620352,4.507167,1.310980,-0.227502,-0.050214,0.359675
790552582851061,left,260719.450000,1.365077,-2.930187,-0.139338,-3.473808,-1.573161,2.282266,0.000000,0.000000,-0.000000,-0.000000,0.000000,0.451277,-1.644089,4.563567,1.300616,-0.230067,-0.041950,0.337932
790552590847714,left,260719.458000,1.365053,-2.930187,-0.139338,-3.473808,-1.573150,2.285976,0.000000,0.000000,-0.000000,-0.000000,0.000000,0.456969,-1.589282,4.523165,1.329701,-0.243595,-0.049142,0.333948
790552598853981,left,260719.466000,1.365029,-2.930187,-0.139338,-3.473844,-1.573138,2.289685,0.000000,0.000000,-0.000000,-0.000000,0.000000,0.461665,-1.598352,4.497294,1.330817,-0.233592,-0.056651,0.330137
790552606856397,left,260719.474000,1.365065,-2.930236,-0.139338,-3.473808,-1.573173,2.293490,0.000000,0.000000,-0.000000,-0.000000,0.000000,0.466462,-1.588697,4.525126,1.304527,-0.236108,-0.057242,0.369196
790552614849589,left,260719.482000,1.365077,-2.930212,-0.139362,-3.473844,-1.573138,2.297248,0.000000,0.000000,-0.000000,-0.000000,0.000000,0.472695,-1.574175,4.476950,1.286765,-0.230586,-0.050133,0.391101
790552622866409,left,260719.490000,1.365053,-2.930175,-0.139327,-3.473784,-1.573173,2.300994,0.000000,0.000000,-0.000000,-0.000000,0.000000,0.479151,-1.617733,4.537751,1.318888,-0.236612,-0.052767,0.421134
790552630847501,left,260719.498000,1.365041,-2.930175,-0.139303,-3.473844,-1.573161,2.304789,0.000000,0.000000,-0.000000,-0.000000,0.000000,0.488354,-1.594686,4.535609,1.274240,-0.241693,-0.055546,0.414308
790552638845677,left,260719.506000,1.365041,-2.930212,-0.139338,-3.473832,-1.573125,2.308729,0.000000,0.000000,-0.000000,-0.000000,0.000000,0.497104,-1.602094,4.526989,1.301317,-0.237116,-0.031955,0.370048
790552646848205,left,260719.514000,1.365053,-2.930224,-0.139327,-3.473797,-1.573173,2.312716,0.000000,0.000000,-0.000000,-0.000000,0.000000,0.503940,-1.649258,4.566534,1.284720,-0.229748,-0.033217,0.341101
790552654845679,left,260719.522000,1.365065,-2.930224,-0.139362,-3.473832,-1.573161,2.316820,0.000000,0.000000,-0.000000,-0.000000,0.000000,0.508807,-1.578960,4.539842,1.270507,-0.229640,-0.038546,0.363303
790552662848225,left,260719.530000,1.365041,-2.930152,-0.139350,-3.473808,-1.573150,2.320979,0.000000,0.000000,-0.000000,-0.000000,0.000000,0.514728,-1.575834,4.542622,1.290624,-0.236578,-0.040087,0.355331
790552670847827,left,260719.538000,1.365029,-2.930175,-0.139327,-3.473832,-1.573161,2.325216,0.000000,0.000000,-0.000000,-0.000000,0.000000,0.515944,-1.606264,4.546143,1.317210,-0.232294,-0.040323,0.403367
790552678847802,left,260719.546000,1.365089,-2.930224,-0.139350,-3.473832,-1.573161,2.329360,0.000000,0.000000,-0.000000,-0.000000,0.000000,0.521905,-1.619555,4.568021,1.298978,-0.236493,-0.042172,0.454977
790552686847522,left,260719.554000,1.365029,-2.930212,-0.139315,-3.473820,-1.573161,2.333518,0.000000,0.000000,-0.000000,-0.000000,0.000000,0.532681,-1.577323,4.549438,1.296580,-0.234598,-0.043518,0.395955
790552694847087,left,260719.562000,1.365053,-2.930200,-0.139327,-3.473797,-1.573138,2.337770,0.000000,0.000000,-0.000000,-0.000000,0.000000,0.543160,-1.593778,4.548889,1.300017,-0.233388,-0.038031,0.376738
790552702848452,left,260719.570000,1.365041,-2.930212,-0.139362,-3.473820,-1.573150,2.342092,0.000000,0.000000,-0.000000,-0.000000,0.000000,0.547273,-1.598677,4.585390,1.300223,-0.240545,-0.034945,0.383078
790552710852976,left,260719.578000,1.365017,-2.930175,-0.139362,-3.473832,-1.573138,2.346487,0.000000,0.000000,-0.000000,-0.000000,0.000000,0.553507,-1.588411,4.546836,1.303166,-0.236669,-0.039493,0.414581
790552718857852,left,260719.586000,1.365053,-2.930212,-0.139350,-3.473832,-1.573150,2.351027,0.000000,0.000000,-0.000000,-0.000000,0.000000,0.560429,-1.596157,4.522618,1.313416,-0.242336,-0.043463,0.400717
790552726869116,left,260719.594000,1.365065,-2.930187,-0.139362,-3.473808,-1.573125,2.355613,0.000000,0.000000,-0.000000,-0.000000,0.000000,0.564928,-1.611109,4.517695,1.302952,-0.237332,-0.030456,0.395081
790552734847206,left,260719.602000,1.365041,-2.930224,-0.139338,-3.473820,-1.573173,2.360126,0.000000,0.000000,-0.000000,-0.000000,0.000000,0.568838,-1.614673,4.540476,1.343986,-0.246969,-0.043858,0.425103
790552742848118,left,260719.610000,1.365029,-2.930187,-0.139327,-3.473820,-1.573138,2.364677,0.000000,0.000000,-0.000000,-0.000000,0.000000,0.576370,-1.578151,4.572428,1.243551,-0.243543,-0.055940,0.412219
790552750847640,left,260719.618000,1.365041,-2.930187,-0.139350,-3.473808,-1.573138,2.369266,0.000000,0.000000,-0.000000,-0.000000,0.000000,0.587497,-1.608614,4.542895,1.304700,-0.230579,-0.046010,0.385704
790552758847817,left,260719.626000,1.365017,-2.930200,-0.139327,-3.473832,-1.573138,2.374007,0.000000,0.000000,-0.000000,-0.000000,0.000000,0.590925,-1.587159,4.513237,1.301428,-0.242496,-0.052396,0.427167
790552766845092,left,260719.634000,1.365041,-2.930212,-0.139362,-3.473844,-1.573173,2.378748,0.000000,0.000000,-0.000000,-0.000000,0.000000,0.598620,-1.580581,4.544368,1.316463,-0.251723,-0.046396,0.396780
790552774848942,left,260719.642000,1.365053,-2.930212,-0.139338,-3.473844,-1.573173,2.383591,0.000000,0.000000,-0.000000,-0.000000,0.000000,0.604602,-1.587981,4.545620,1.301286,-0.233314,-0.053979,0.375733
790552782845586,left,260719.650000,1.365065,-2.930187,-0.139350,-3.473820,-1.573113,2.388563,0.000000,0.000000,-0.000000,-0.000000,0.000000,0.608634,-1.618850,4.546247,1.279748,-0.241482,-0.048396,0.404843
790552790848878,left,260719.658000,1.365041,-2.930187,-0.139386,-3.473844,-1.573161,2.393405,0.000000,0.000000,-0.000000,-0.000000,0.000000,0.615082,-1.613369,4.538452,1.289499,-0.234185,-0.050065,0.416639
790552798849161,left,260719.666000,1.365077,-2.930200,-0.139315,-3.473820,-1.573150,2.398283,0.000000,0.000000,-0.000000,-0.000000,0.000000,0.622854,-1.600472,4.558490,1.286439,-0.247237,-0.053962,0.445796
790552806848074,left,260719.674000,1.365077,-2.930200,-0.139338,-3.473808,-1.573125,2.403329,0.000000,0.000000,-0.000000,-0.000000,0.000000,0.632141,-1.571075,4.563871,1.269059,-0.246232,-0.040499,0.385183
790552814847725,left,260719.682000,1.365041,-2.930187,-0.139338,-3.473820,-1.573150,2.408397,0.000000,0.000000,-0.000000,-0.000000,0.000000,0.635845,-1.588533,4.515406,1.271624,-0.243714,-0.055987,0.458140
790552822847806,left,260719.690000,1.365041,-2.930187,-0.139350,-3.473820,-1.573161,2.413551,0.000000,0.000000,-0.000000,-0.000000,0.000000,0.642787,-1.627653,4.542811,1.305884,-0.242241,-0.049211,0.397439
790552830847982,left,260719.698000,1.365029,-2.930187,-0.139350,-3.473844,-1.573209,2.418822,0.000000,0.000000,-0.000000,-0.000000,0.000000,0.646734,-1.582831,4.540524,1.310644,-0.248811,-0.050726,0.418991
790552838861047,left,260719.706000,1.365053,-2.930200,-0.139338,-3.473844,-1.573173,2.423985,0.000000,0.000000,-0.000000,-0.000000,0.000000,0.650858,-1.558051,4.542461,1.313095,-0.238013,-0.051416,0.423880
790552846861085,left,260719.714000,1.365041,-2.930175,-0.139362,-3.473797,-1.573161,2.429138,0.000000,0.000000,-0.000000,-0.000000,0.000000,0.658775,-1.571302,4.537452,1.302590,-0.244143,-0.058760,0.481059
790552854852752,left,260719.722000,1.365041,-2.930187,-0.139350,-3.473797,-1.573138,2.434425,0.000000,0.000000,-0.000000,-0.000000,0.000000,0.669294,-1.591805,4.542816,1.299911,-0.247835,-0.054518,0.401043
790552862850523,left,260719.730000,1.365041,-2.930200,-0.139338,-3.473820,-1.573161,2.439805,0.000000,0.000000,-0.000000,-0.000000,0.000000,0.675024,-1.583114,4.497820,1.298689,-0.248672,-0.039624,0.468900
790552870849777,left,260719.738000,1.365065,-2.930187,-0.139374,-3.473832,-1.573125,2.445317,0.000000,0.000000,-0.000000,-0.000000,0.000000,0.682794,-1.590300,4.539836,1.302614,-0.251541,-0.046004,0.397908
790552878848891,left,260719.746000,1.365065,-2.930200,-0.139362,-3.473832,-1.573150,2.450911,0.000000,0.000000,-0.000000,-0.000000,0.000000,0.686149,-1.580707,4.538891,1.292438,-0.245814,-0.032910,0.437504
790552886850360,left,260719.754000,1.365041,-2.930175,-0.139374,-3.473808,-1.573173,2.456347,0.000000,0.000000,-0.000000,-0.000000,0.000000,0.688108,-1.598389,4.537791,1.306190,-0.248293,-0.031471,0.456592
790552894843929,left,260719.762000,1.365041,-2.930224,-0.139362,-3.473808,-1.573150,2.461810,0.000000,0.000000,-0.000000,-0.000000,0.000000,0.699723,-1.584299,4.532134,1.268068,-0.241710,-0.040626,0.451536
790552902848182,left,260719.770000,1.365053,-2.930175,-0.139362,-3.473844,-1.573125,2.467418,0.000000,0.000000,-0.000000,-0.000000,0.000000,0.707155,-1.578794,4.553931,1.292724,-0.228993,-0.043574,0.443425
790552910856031,left,260719.778000,1.365041,-2.930175,-0.139338,-3.473820,-1.573150,2.473119,0.000000,0.000000,-0.000000,-0.000000,0.000000,0.714458,-1.601988,4.549678,1.307570,-0.242462,-0.042900,0.423067
790552918848322,left,260719.786000,1.365065,-2.930175,-0.139327,-3.473844,-1.573138,2.478989,0.000000,0.000000,-0.000000,-0.000000,0.000000,0.719917,-1.588548,4.582280,1.311692,-0.246142,-0.046921,0.404490
790552926850832,left,260719.794000,1.365053,-2.930175,-0.139327,-3.473808,-1.573161,2.484763,0.000000,0.000000,-0.000000,-0.000000,0.000000,0.723661,-1.594866,4.525414,1.279501,-0.239695,-0.053794,0.491030
790552934849587,left,260719.802000,1.365029,-2.930175,-0.139350,-3.473832,-1.573125,2.490512,0.000000,0.000000,-0.000000,-0.000000,0.000000,0.729912,-1.606646,4.511146,1.264645,-0.251002,-0.044624,0.455045
790552942846023,left,260719.810000,1.365065,-2.930212,-0.139350,-3.473844,-1.573138,2.496384,0.000000,0.000000,-0.000000,-0.000000,0.000000,0.742311,-1.562664,4.548516,1.312414,-0.227714,-0.040655,0.417790
790552950850132,left,260719.818000,1.365053,-2.930175,-0.139338,-3.473844,-1.573150,2.502330,0.000000,0.000000,-0.000000,-0.000000,0.000000,0.746270,-1.575316,4.520721,1.292725,-0.225166,-0.044788,0.436230
790552958849978,left,260719.826000,1.365029,-2.930212,-0.139350,-3.473797,-1.573125,2.508366,0.000000,0.000000,-0.000000,-0.000000,0.000000,0.751485,-1.613816,4.538047,1.302978,-0.235006,-0.048797,0.446423
790552966852169,left,260719.834000,1.365053,-2.930200,-0.139338,-3.473832,-1.573150,2.514499,0.000000,0.000000,-0.000000,-0.000000,0.000000,0.755783,-1.577574,4.542611,1.288818,-0.246277,-0.039486,0.419066
790552974855274,left,260719.842000,1.365041,-2.930175,-0.139362,-3.473832,-1.573138,2.520510,0.000000,0.000000,-0.000000,-0.000000,0.000000,0.761162,-1.565371,4.540732,1.302660,-0.244000,-0.046657,0.451719
790552982849852,left,260719.850000,1.365053,-2.930175,-0.139350,-3.473832,-1.573125,2.526596,0.000000,0.000000,-0.000000,-0.000000,0.000000,0.772105,-1.549110,4.562516,1.286312,-0.240297,-0.051729,0.430230
790552990851603,left,260719.858000,1.365029,-2.930236,-0.139327,-3.473856,-1.573198,2.532765,0.000000,0.000000,-0.000000,-0.000000,0.000000,0.775527,-1.596194,4.542239,1.277998,-0.247141,-0.041103,0.496416
790552998847051,left,260719.866000,1.365077,-2.930212,-0.139315,-3.473820,-1.573125,2.539063,0.000000,0.000000,-0.000000,-0.000000,0.000000,0.783583,-1.556083,4.608409,1.328530,-0.244608,-0.050369,0.438087
790553006848403,left,260719.874000,1.365041,-2.930175,-0.139350,-3.473820,-1.573161,2.545458,0.000000,0.000000,-0.000000,-0.000000,0.000000,0.786850,-1.551582,4.530954,1.318607,-0.245761,-0.037909,0.439700
790553014846337,left,260719.882000,1.365029,-2.930187,-0.139362,-3.473844,-1.573138,2.551757,0.000000,0.000000,-0.000000,-0.000000,0.000000,0.792831,-1.589576,4.515606,1.274694,-0.240211,-0.039171,0.458080
790553022851676,left,260719.890000,1.365053,-2.930200,-0.139338,-3.473844,-1.573150,2.558035,0.000000,0.000000,-0.000000,-0.000000,0.000000,0.803438,-1.576161,4.574539,1.311171,-0.237237,-0.040492,0.445568
790553030847924,left,260719.898000,1.365053,-2.930175,-0.139374,-3.473832,-1.573150,2.564511,0.000000,0.000000,-0.000000,-0.000000,0.000000,0.808829,-1.563880,4.549186,1.302477,-0.242705,-0.041633,0.476969
790553038849407,left,260719.906000,1.365017,-2.930200,-0.139350,-3.473820,-1.573173,2.571062,0.000000,0.000000,-0.000000,-0.000000,0.000000,0.814471,-1.561296,4.561501,1.320251,-0.248401,-0.044014,0.485821
790553046848432,left,260719.914000,1.365053,-2.930212,-0.139327,-3.473808,-1.573173,2.577707,0.000000,0.000000,-0.000000,-0.000000,0.000000,0.817460,-1.600698,4.562965,1.344729,-0.222632,-0.054784,0.473806
790553054856465,left,260719.922000,1.365029,-2.930200,-0.139350,-3.473844,-1.573125,2.584221,0.000000,0.000000,-0.000000,-0.000000,0.000000,0.824703,-1.598981,4.579047,1.292941,-0.243351,-0.052040,0.475906
790553062845971,left,260719.930000,1.365065,-2.930175,-0.139362,-3.473844,-1.573125,2.590798,0.000000,0.000000,-0.000000,-0.000000,0.000000,0.836785,-1.608823,4.572579,1.304825,-0.247954,-0.048267,0.425004
790553070857196,left,260719.938000,1.365053,-2.930224,-0.139362,-3.473832,-1.573138,2.597466,0.000000,0.000000,-0.000000,-0.000000,0.000000,0.840634,-1.604212,4.589538,1.314696,-0.220399,-0.039978,0.456815
790553078847871,left,260719.946000,1.365017,-2.930200,-0.139338,-3.473808,-1.573125,2.604338,0.000000,0.000000,-0.000000,-0.000000,0.000000,0.846813,-1.566834,4.527328,1.348953,-0.241142,-0.041190,0.474005
790553086846685,left,260719.954000,1.365029,-2.930212,-0.139374,-3.473808,-1.573161,2.611235,0.000000,0.000000,-0.000000,-0.000000,0.000000,0.852187,-1.558374,4.555769,1.322696,-0.237722,-0.048666,0.451428
790553094872781,left,260719.962000,1.365017,-2.930187,-0.139374,-3.473832,-1.573185,2.617939,0.000000,0.000000,-0.000000,-0.000000,0.000000,0.857161,-1.596880,4.556544,1.311265,-0.241866,-0.052118,0.476749
790553102858159,left,260719.970000,1.365089,-2.930187,-0.139362,-3.473832,-1.573173,2.624744,0.000000,0.000000,-0.000000,-0.000000,0.000000,0.867283,-1.582066,4.565691,1.300378,-0.234808,-0.038282,0.475471
790553110850705,left,260719.978000,1.365041,-2.930200,-0.139362,-3.473820,-1.573161,2.631755,0.000000,0.000000,-0.000000,-0.000000,0.000000,0.874983,-1.599618,4.536715,1.307253,-0.240165,-0.046084,0.476979
790553118846660,left,260719.986000,1.365041,-2.930187,-0.139362,-3.473797,-1.573185,2.638949,0.000000,0.000000,-0.000000,-0.000000,0.000000,0.880548,-1.549844,4.568059,1.354833,-0.238678,-0.046351,0.443507
790553126850330,left,260719.994000,1.365065,-2.930212,-0.139350,-3.473820,-1.573161,2.645936,0.000000,0.000000,-0.000000,-0.000000,0.000000,0.883169,-1.551553,4.614342,1.343020,-0.245521,-0.057117,0.469176
790553134845147,left,260720.002000,1.365053,-2.930187,-0.139362,-3.473856,-1.573161,2.652964,0.000000,0.000000,-0.000000,-0.000000,0.000000,0.893360,-1.584410,4.566085,1.286016,-0.250602,-0.053592,0.454366
790553142850560,left,260720.010000,1.365053,-2.930175,-0.139374,-3.473820,-1.573125,2.660098,0.000000,0.000000,-0.000000,-0.000000,0.000000,0.899250,-1.561565,4.565388,1.347078,-0.226387,-0.044541,0.503628
790553150850421,left,260720.018000,1.365053,-2.930212,-0.139350,-3.473797,-1.573150,2.667457,0.000000,0.000000,-0.000000,-0.000000,0.000000,0.909002,-1.530942,4.583535,1.294423,-0.240737,-0.055258,0.464072
790553158849308,left,260720.026000,1.365029,-2.930224,-0.139338,-3.473844,-1.573161,2.674817,0.000000,0.000000,-0.000000,-0.000000,0.000000,0.909094,-1.594644,4.528143,1.299926,-0.236602,-0.049415,0.492289
790553166845365,left,260720.034000,1.365041,-2.930224,-0.139362,-3.473832,-1.573161,2.681985,0.000000,0.000000,-0.000000,-0.000000,0.000000,0.915842,-1.575535,4.495276,1.308554,-0.242492,-0.050019,0.509939
790553174846315,left,260720.042000,1.365017,-2.930187,-0.139338,-3.473820,-1.573173,2.689301,0.000000,0.000000,-0.000000,-0.000000,0.000000,0.924563,-1.582944,4.539170,1.308390,-0.237887,-0.056623,0.481329
790553182843921,left,260720.050000,1.365065,-2.930200,-0.139338,-3.473832,-1.573125,2.696743,0.000000,0.000000,-0.000000,-0.000000,0.000000,0.932682,-1.586484,4.527921,1.350820,-0.231926,-0.048847,0.480222
790553190850561,left,260720.058000,1.365053,-2.930187,-0.139350,-3.473820,-1.573138,2.704327,0.000000,0.000000,-0.000000,-0.000000,0.000000,0.936804,-1.579618,4.554534,1.322967,-0.238792,-0.056897,0.476592
790553198859398,left,260720.066000,1.365065,-2.930224,-0.139350,-3.473844,-1.573150,2.711738,0.000000,0.000000,-0.000000,-0.000000,0.000000,0.940856,-1.547880,4.551952,1.355075,-0.242488,-0.039330,0.496067
790553206848472,left,260720.074000,1.365053,-2.930200,-0.139338,-3.473808,-1.573138,2.719274,0.000000,0.000000,-0.000000,-0.000000,0.000000,0.949468,-1.620296,4.573318,1.294018,-0.242939,-0.039635,0.525533
790553214845165,left,260720.082000,1.365041,-2.930224,-0.139327,-3.473844,-1.573138,2.726928,0.000000,0.000000,-0.000000,-0.000000,0.000000,0.957196,-1.590390,4.559954,1.330588,-0.237868,-0.034196,0.540287
790553222856330,left,260720.090000,1.365053,-2.930187,-0.139327,-3.473832,-1.573150,2.734703,0.000000,0.000000,-0.000000,-0.000000,0.000000,0.962692,-1.586464,4.551099,1.328397,-0.243344,-0.037907,0.463308
790553230847384,left,260720.098000,1.365041,-2.930200,-0.139362,-3.473808,-1.573161,2.742355,0.000000,0.000000,-0.000000,-0.000000,0.000000,0.966323,-1.582293,4.554488,1.295657,-0.226746,-0.033774,0.513179
790553238843625,left,260720.106000,1.365017,-2.930224,-0.139350,-3.473808,-1.573173,2.750082,0.000000,0.000000,-0.000000,-0.000000,0.000000,0.974961,-1.537398,4.568841,1.318192,-0.230783,-0.036579,0.495393
790553246846628,left,260720.114000,1.365017,-2.930200,-0.139327,-3.473820,-1.573173,2.757939,0.000000,0.000000,-0.000000,-0.000000,0.000000,0.981984,-1.598328,4.573884,1.292797,-0.248432,-0.039260,0.507548
790553254848963,left,260720.122000,1.365017,-2.930200,-0.139350,-3.473832,-1.573173,2.765988,0.000000,0.000000,-0.000000,-0.000000,0.000000,0.988328,-1.547971,4.534741,1.352864,-0.236002,-0.034739,0.460871
790553262854861,left,260720.130000,1.365077,-2.930187,-0.139327,-3.473808,-1.573150,2.773856,0.000000,0.000000,-0.000000,-0.000000,0.000000,0.992051,-1.596977,4.547785,1.328988,-0.244617,-0.045578,0.503167
790553270843867,left,260720.138000,1.365029,-2.930212,-0.139327,-3.473832,-1.573150,2.781667,0.000000,0.000000,-0.000000,-0.000000,0.000000,0.999861,-1.559297,4.547520,1.351901,-0.243763,-0.045951,0.536224
790553278846522,left,260720.146000,1.365053,-2.930200,-0.139350,-3.473820,-1.573161,2.789763,0.000000,0.000000,-0.000000,-0.000000,0.000000,1.007830,-1.602116,4.577612,1.334391,-0.232634,-0.032729,0.500711
790553286848632,left,260720.154000,1.365029,-2.930224,-0.139350,-3.473808,-1.573138,2.798005,0.000000,0.000000,-0.000000,-0.000000,0.000000,1.015002,-1.571300,4.571314,1.353705,-0.245937,-0.030090,0.441095
790553294846269,left,260720.162000,1.365041,-2.930212,-0.139338,-3.473832,-1.573150,2.806028,0.000000,0.000000,-0.000000,-0.000000,0.000000,1.017553,-1.581220,4.580373,1.330378,-0.251022,-0.042831,0.532748
790553302844471,left,260720.170000,1.365053,-2.930200,-0.139350,-3.473832,-1.573173,2.814152,0.000000,0.000000,-0.000000,-0.000000,0.000000,1.025950,-1.562672,4.542645,1.316909,-0.236325,-0.035949,0.514672
790553310844271,left,260720.178000,1.365029,-2.930200,-0.139362,-3.473808,-1.573173,2.822475,0.000000,0.000000,-0.000000,-0.000000,0.000000,1.033003,-1.582418,4.585308,1.346570,-0.235888,-0.048369,0.502240
790553318846934,left,260720.186000,1.365053,-2.930187,-0.139303,-3.473808,-1.573161,2.830818,0.000000,0.000000,-0.000000,-0.000000,0.000000,1.037668,-1.573089,4.594083,1.365137,-0.243747,-0.044084,0.509741
790553326849365,left,260720.194000,1.365029,-2.930200,-0.139327,-3.473844,-1.573150,2.839067,0.000000,0.000000,-0.000000,-0.000000,0.000000,1.044959,-1.611927,4.560922,1.293376,-0.233669,-0.044698,0.491212
790553334847269,left,260720.202000,1.365029,-2.930200,-0.139350,-3.473844,-1.573185,2.847411,0.000000,0.000000,-0.000000,-0.000000,0.000000,1.052469,-1.619130,4.603563,1.325654,-0.237887,-0.045356,0.534073
790553342859065,left,260720.210000,1.365053,-2.930212,-0.139338,-3.473844,-1.573150,2.855983,0.000000,0.000000,-0.000000,-0.000000,0.000000,1.062442,-1.605965,4.572136,1.319630,-0.233589,-0.038405,0.472926
790553350850531,left,260720.218000,1.365029,-2.930187,-0.139327,-3.473808,-1.573173,2.864552,0.000000,0.000000,-0.000000,-0.000000,0.000000,1.062197,-1.569253,4.602599,1.351020,-0.241202,-0.025993,0.516546
790553358846246,left,260720.226000,1.365029,-2.930175,-0.139338,-3.473820,-1.573150,2.872969,0.000000,0.000000,-0.000000,-0.000000,0.000000,1.070000,-1.545880,4.552916,1.307426,-0.250263,-0.027192,0.517993
790553366848148,left,260720.234000,1.365053,-2.930212,-0.139315,-3.473808,-1.573173,2.881517,0.000000,0.000000,-0.000000,-0.000000,0.000000,1.078663,-1.585666,4.553637,1.341111,-0.242410,-0.038992,0.528205
790553374849948,left,260720.242000,1.365065,-2.930200,-0.139338,-3.473844,-1.573150,2.890369,0.000000,0.000000,-0.000000,-0.000000,0.000000,1.084921,-1.588660,4.573868,1.309382,-0.228460,-0.030759,0.487768
790553382848224,left,260720.250000,1.365065,-2.930187,-0.139327,-3.473832,-1.573150,2.899003,0.000000,0.000000,-0.000000,-0.000000,0.000000,1.088376,-1.572047,4.571405,1.363258,-0.228791,-0.023407,0.525075
790553390847523,left,260720.258000,1.365041,-2.930187,-0.139338,-3.473820,-1.573185,2.907614,0.000000,0.000000,-0.000000,-0.000000,0.000000,1.095807,-1.585082,4.562729,1.304197,-0.236502,-0.027900,0.523978
790553398848292,left,260720.266000,1.365041,-2.930175,-0.139327,-3.473832,-1.573150,2.916487,0.000000,0.000000,-0.000000,-0.000000,0.000000,1.105458,-1.570673,4.588520,1.270277,-0.230984,-0.035415,0.550932
790553406845964,left,260720.274000,1.365029,-2.930187,-0.139350,-3.473820,-1.573150,2.925455,0.000000,0.000000,-0.000000,-0.000000,0.000000,1.109340,-1.570697,4.619087,1.348659,-0.237325,-0.040948,0.488112
790553414844882,left,260720.282000,1.365053,-2.930200,-0.139350,-3.473832,-1.573161,2.934220,0.000000,0.000000,-0.000000,-0.000000,0.000000,1.113642,-1.549917,4.544767,1.337230,-0.241777,-0.026178,0.586017
790553422850041,left,260720.290000,1.365053,-2.930200,-0.139338,-3.473797,-1.573150,2.943140,0.000000,0.000000,-0.000000,-0.000000,0.000000,1.123025,-1.597096,4.598732,1.350190,-0.236762,-0.022394,0.534539
790553430845317,left,260720.298000,1.365041,-2.930164,-0.139338,-3.473844,-1.573150,2.952283,0.000000,0.000000,-0.000000,-0.000000,0.000000,1.131112,-1.560576,4.536965,1.364883,-0.244568,-0.033685,0.484285
790553438859793,left,260720.306000,1.365029,-2.930175,-0.139338,-3.473820,-1.573125,2.961364,0.000000,0.000000,-0.000000,-0.000000,0.000000,1.133375,-1.559073,4.619683,1.347209,-0.241878,-0.021698,0.544805
790553446848147,left,260720.314000,1.365029,-2.930200,-0.139350,-3.473820,-1.573138,2.970383,0.000000,0.000000,0.000000,-0.000000,0.000000,1.138861,-1.624487,4.571025,1.314284,-0.238806,-0.031027,0.549831
790553454836543,left,260720.322000,1.365041,-2.930200,-0.139350,-3.473797,-1.573161,2.979537,0.000000,0.000000,0.000000,-0.000000,0.000000,1.149427,-1.571786,4.572439,1.325463,-0.245110,-0.017612,0.540135
790553462835527,left,260720.330000,1.365041,-2.930224,-0.139362,-3.473820,-1.573161,2.988854,0.000000,0.000000,0.000000,-0.000000,0.000000,1.152505,-1.566053,4.567497,1.358088,-0.241203,-0.029788,0.402525
790553470836662,left,260720.338000,1.365053,-2.930175,-0.139338,-3.473832,-1.573138,2.997881,0.000000,0.000000,0.000000,-0.000000,0.000000,1.140343,-1.543532,4.592046,1.314634,-0.247160,-0.048345,0.504545
790553478849845,left,260720.346000,1.365029,-2.930187,-0.139374,-3.473820,-1.573161,3.006944,0.000000,0.000000,0.000000,-0.000000,0.000000,1.137072,-1.596167,4.615008,1.377069,-0.226824,-0.023536,0.521868
790553486850309,left,260720.354000,1.365065,-2.930200,-0.139350,-3.473844,-1.573125,3.016200,0.000000,0.000000,0.000000,-0.000000,0.000000,1.131511,-1.578831,4.540198,1.358019,-0.233684,-0.026701,0.408265
790553494849066,left,260720.362000,1.365089,-2.930212,-0.139338,-3.473820,-1.573150,3.025131,0.000000,0.000000,-0.000000,-0.000000,0.000000,1.121181,-1.557258,4.556872,1.330211,-0.242430,-0.024320,0.468324
790553502838224,left,260720.370000,1.365065,-2.930212,-0.139350,-3.473820,-1.573138,3.034029,0.000000,0.000000,-0.000000,-0.000000,0.000000,1.117344,-1.581433,4.540575,1.318942,-0.232999,-0.032304,0.528631
790553510841628,left,260720.378000,1.365053,-2.930175,-0.139362,-3.473820,-1.573125,3.042937,0.000000,0.000000,-0.000000,-0.000000,0.000000,1.113895,-1.592847,4.577915,1.337419,-0.252593,-0.023079,0.451879
790553518852083,left,260720.386000,1.365065,-2.930175,-0.139350,-3.473856,-1.573185,3.051903,0.000000,0.000000,-0.000000,-0.000000,0.000000,1.102998,-1.574356,4.593655,1.342446,-0.237910,-0.037584,0.477078
790553526853415,left,260720.394000,1.365053,-2.930187,-0.139338,-3.473844,-1.573125,3.060548,0.000000,0.000000,-0.000000,-0.000000,0.000000,1.097505,-1.567102,4.574279,1.347727,-0.239975,-0.027332,0.461143
790553534848207,left,260720.402000,1.365053,-2.930187,-0.139327,-3.473832,-1.573150,3.069320,0.000000,0.000000,-0.000000,-0.000000,0.000000,1.092927,-1.601658,4.606977,1.325414,-0.244252,-0.038758,0.469822
790553542848936,left,260720.410000,1.365065,-2.930187,-0.139338,-3.473844,-1.573138,3.078212,0.000000,0.000000,-0.000000,-0.000000,0.000000,1.088455,-1.553512,4.603063,1.286286,-0.254516,-0.033203,0.409717
790553550849862,left,260720.418000,1.365053,-2.930212,-0.139338,-3.473832,-1.573150,3.086779,0.000000,0.000000,-0.000000,-0.000000,0.000000,1.076677,-1.572052,4.559900,1.344156,-0.235142,-0.020246,0.452255
790553558846513,left,260720.426000,1.365041,-2.930175,-0.139350,-3.473856,-1.573161,3.095313,0.000000,0.000000,-0.000000,-0.000000,0.000000,1.073384,-1.602048,4.580891,1.326504,-0.240589,-0.016804,0.471168
790553566854778,left,260720.434000,1.365041,-2.930200,-0.139350,-3.473844,-1.573173,3.103909,0.000000,0.000000,-0.000000,-0.000000,0.000000,1.070372,-1.572518,4.606876,1.324632,-0.236188,-0.042267,0.459657
790553574848835,left,260720.442000,1.365029,-2.930175,-0.139374,-3.473844,-1.573161,3.112559,0.000000,0.000000,-0.000000,-0.000000,0.000000,1.060868,-1.568607,4.630060,1.333488,-0.234901,-0.020157,0.399781
790553583035264,left,260720.450000,1.365065,-2.930200,-0.139362,-3.473820,-1.573138,3.120816,0.000000,0.000000,-0.000000,-0.000000,0.000000,1.050998,-1.593516,4.580213,1.332415,-0.230382,-0.023997,0.510068
790553590845362,left,260720.458000,1.365053,-2.930200,-0.139362,-3.473832,-1.573185,3.129150,0.000000,0.000000,-0.000000,-0.000000,0.000000,1.048899,-1.570469,4.601678,1.327276,-0.250335,-0.025975,0.468715
790553598849692,left,260720.466000,1.365041,-2.930175,-0.139362,-3.473820,-1.573185,3.137619,0.000000,0.000000,-0.000000,-0.000000,0.000000,1.044076,-1.575672,4.584069,1.332041,-0.235438,-0.020197,0.470181
790553606857177,left,260720.474000,1.365029,-2.930200,-0.139338,-3.473820,-1.573138,3.146011,0.000000,0.000000,-0.000000,-0.000000,0.000000,1.033541,-1.619124,4.564964,1.365319,-0.245922,-0.012481,0.411548
790553614850020,left,260720.482000,1.365041,-2.930212,-0.139350,-3.473832,-1.573150,3.154146,0.000000,0.000000,-0.000000,-0.000000,0.000000,1.026881,-1.602445,4.582827,1.353110,-0.242023,-0.017117,0.454914
790553622848799,left,260720.490000,1.365029,-2.930187,-0.139327,-3.473856,-1.573161,3.162313,0.000000,0.000000,-0.000000,-0.000000,0.000000,1.020534,-1.597679,4.536051,1.379353,-0.239727,-0.018507,0.529643
790553630848152,left,260720.498000,1.365053,-2.930187,-0.139327,-3.473856,-1.573173,3.170590,0.000000,0.000000,-0.000000,-0.000000,0.000000,1.020285,-1.614700,4.578743,1.338586,-0.237546,-0.019907,0.405869
790553638845879,left,260720.506000,1.365053,-2.930200,-0.139350,-3.473832,-1.573150,3.178721,0.000000,0.000000,-0.000000,-0.000000,0.000000,1.007483,-1.638639,4.583990,1.298622,-0.243598,-0.021046,0.427039
790553646846406,left,260720.514000,1.365053,-2.930187,-0.139338,-3.473820,-1.573161,3.186610,0.000000,0.000000,-0.000000,-0.000000,0.000000,1.003263,-1.542194,4.590924,1.363359,-0.244344,-0.019474,0.469954
790553654848104,left,260720.522000,1.365065,-2.930187,-0.139315,-3.473844,-1.573185,3.194556,0.000000,0.000000,-0.000000,-0.000000,0.000000,0.996956,-1.570210,4.572317,1.284416,-0.241491,-0.009310,0.478186
790553662846694,left,260720.530000,1.365017,-2.930212,-0.139327,-3.473808,-1.573138,3.202622,0.000000,0.000000,-0.000000,-0.000000,0.000000,0.994015,-1.606958,4.604931,1.369769,-0.235500,-0.023175,0.400783
790553670845824,left,260720.538000,1.365053,-2.930175,-0.139303,-3.473820,-1.573125,3.210529,0.000000,0.000000,-0.000000,-0.000000,0.000000,0.983899,-1.574211,4.604632,1.351763,-0.239850,-0.003816,0.447319
790553678844702,left,260720.546000,1.365053,-2.930200,-0.139315,-3.473832,-1.573185,3.218247,0.000000,0.000000,-0.000000,-0.000000,0.000000,0.977023,-1.595177,4.569639,1.352107,-0.245215,-0.014563,0.461171
790553686849184,left,260720.554000,1.365065,-2.930164,-0.139291,-3.473797,-1.573150,3.225997,0.000000,0.000000,-0.000000,-0.000000,0.000000,0.971336,-1.555070,4.587336,1.339472,-0.248464,-0.010819,0.473453
790553694845482,left,260720.562000,1.365029,-2.930187,-0.139362,-3.473844,-1.573150,3.233957,0.000000,0.000000,-0.000000,-0.000000,0.000000,0.968944,-1.591603,4.614797,1.362364,-0.237197,-0.012771,0.402357
790553702846848,left,260720.570000,1.365041,-2.930175,-0.139338,-3.473844,-1.573150,3.241657,0.000000,0.000000,-0.000000,-0.000000,0.000000,0.954731,-1.595428,4.563440,1.298578,-0.238218,-0.004829,0.440649
790553710845164,left,260720.578000,1.365053,-2.930187,-0.139303,-3.473808,-1.573185,3.249141,0.000000,0.000000,-0.000000,-0.000000,0.000000,0.950423,-1.598909,4.548900,1.367323,-0.249910,-0.001772,0.455622
790553718848773,left,260720.586000,1.365077,-2.930200,-0.139315,-3.473844,-1.573150,3.256722,0.000000,0.000000,-0.000000,-0.000000,0.000000,0.945374,-1.560830,4.599178,1.392648,-0.250022,-0.006719,0.467537
790553726846222,left,260720.594000,1.365029,-2.930175,-0.139350,-3.473832,-1.573150,3.264350,0.000000,0.000000,-0.000000,-0.000000,0.000000,0.941927,-1.592733,4.575617,1.374952,-0.230748,-0.008494,0.407993
790553734845692,left,260720.602000,1.365029,-2.930236,-0.139303,-3.473868,-1.573150,3.271853,0.000000,0.000000,-0.000000,-0.000000,0.000000,0.932855,-1.573455,4.614485,1.337320,-0.220641,0.005217,0.411869
790553742847100,left,260720.610000,1.365029,-2.930187,-0.139350,-3.473832,-1.573185,3.279191,0.000000,0.000000,-0.000000,-0.000000,0.000000,0.924069,-1.566881,4.599065,1.354723,-0.248569,-0.014680,0.469470
790553750845753,left,260720.618000,1.365029,-2.930187,-0.139338,-3.473844,-1.573161,3.286483,0.000000,0.000000,-0.000000,-0.000000,0.000000,0.919719,-1.594407,4.604474,1.347465,-0.234691,0.002778,0.488657
790553758845451,left,260720.626000,1.365053,-2.930187,-0.139303,-3.473832,-1.573161,3.293867,0.000000,0.000000,-0.000000,-0.000000,0.000000,0.916094,-1.554529,4.585536,1.366663,-0.243460,-0.008294,0.435145
790553766845997,left,260720.634000,1.365053,-2.930187,-0.139303,-3.473856,-1.573185,3.301264,0.000000,0.000000,-0.000000,-0.000000,0.000000,0.904763,-1.627997,4.598904,1.344334,-0.240095,-0.008608,0.424046
790553774845860,left,260720.642000,1.365017,-2.930187,-0.139362,-3.473820,-1.573150,3.308387,0.000000,0.000000,-0.000000,-0.000000,0.000000,0.899077,-1.602788,4.607021,1.338124,-0.239316,-0.012644,0.427081
790553782845858,left,260720.650000,1.365029,-2.930187,-0.139303,-3.473832,-1.573138,3.315454,0.000000,0.000000,-0.000000,-0.000000,0.000000,0.895097,-1.592175,4.621140,1.323466,-0.243811,-0.007817,0.416977
790553790847306,left,260720.658000,1.365041,-2.930224,-0.139362,-3.473820,-1.573185,3.322668,0.000000,0.000000,-0.000000,-0.000000,0.000000,0.890758,-1.567477,4.601554,1.367538,-0.245749,-0.015641,0.422993
790553798846656,left,260720.666000,1.365077,-2.930212,-0.139338,-3.473832,-1.573198,3.329891,0.000000,0.000000,-0.000000,-0.000000,0.000000,0.884459,-1.585443,4.603940,1.368790,-0.253047,0.008567,0.362764
790553806848626,left,260720.674000,1.365041,-2.930212,-0.139350,-3.473820,-1.573185,3.336861,0.000000,0.000000,-0.000000,-0.000000,0.000000,0.873325,-1.589642,4.608056,1.369918,-0.244326,-0.003120,0.399912
790553814847287,left,260720.682000,1.365041,-2.930187,-0.139303,-3.473832,-1.573125,3.343704,0.000000,0.000000,-0.000000,-0.000000,0.000000,0.868724,-1.566155,4.580929,1.327105,-0.233245,0.004718,0.415153
790553822850889,left,260720.690000,1.365065,-2.930212,-0.139362,-3.473844,-1.573138,3.350617,0.000000,0.000000,-0.000000,-0.000000,0.000000,0.863649,-1.596854,4.583230,1.312249,-0.247390,-0.006519,0.446238
790553830847441,left,260720.698000,1.365053,-2.930175,-0.139350,-3.473820,-1.573185,3.357554,0.000000,0.000000,-0.000000,-0.000000,0.000000,0.862107,-1.578951,4.583762,1.341957,-0.225611,-0.005086,0.365703
790553838846162,left,260720.706000,1.365041,-2.930175,-0.139315,-3.473820,-1.573150,3.364474,0.000000,0.000000,-0.000000,-0.000000,0.000000,0.848130,-1.586957,4.622819,1.330697,-0.239865,0.009645,0.388501
790553846846505,left,260720.714000,1.365029,-2.930187,-0.139315,-3.473832,-1.573173,3.371101,0.000000,0.000000,-0.000000,-0.000000,0.000000,0.841036,-1.576771,4.630712,1.331067,-0.242727,-0.003863,0.413131
790553854846540,left,260720.722000,1.365041,-2.930212,-0.139315,-3.473856,-1.573138,3.377728,0.000000,0.000000,-0.000000,-0.000000,0.000000,0.837539,-1.608014,4.576798,1.363708,-0.239839,0.007785,0.421400
790553862848767,left,260720.730000,1.365041,-2.930187,-0.139315,-3.473844,-1.573138,3.384382,0.000000,0.000000,-0.000000,-0.000000,0.000000,0.835322,-1.573957,4.640843,1.370495,-0.253444,0.004058,0.414547
790553870848037,left,260720.738000,1.365041,-2.930187,-0.139374,-3.473797,-1.573198,3.391108,0.000000,0.000000,-0.000000,-0.000000,0.000000,0.828954,-1.599568,4.614069,1.358832,-0.233279,0.009021,0.359662
790553878846565,left,260720.746000,1.365053,-2.930175,-0.139338,-3.473844,-1.573150,3.397710,0.000000,0.000000,-0.000000,-0.000000,0.000000,0.816467,-1.584132,4.587162,1.353443,-0.237053,-0.000570,0.382346
790553886848388,left,260720.754000,1.365041,-2.930200,-0.139338,-3.473856,-1.573150,3.404123,0.000000,0.000000,-0.000000,-0.000000,0.000000,0.807316,-1.584762,4.633640,1.374051,-0.250126,0.001186,0.466451
790553894843270,left,260720.762000,1.365029,-2.930212,-0.139350,-3.473856,-1.573173,3.410513,0.000000,0.000000,-0.000000,-0.000000,0.000000,0.803388,-1.557181,4.627628,1.355027,-0.233800,-0.006819,0.481293
790553902847142,left,260720.770000,1.365041,-2.930175,-0.139338,-3.473844,-1.573125,3.416975,0.000000,0.000000,0.000006,-0.000000,0.000000,0.800863,-1.611959,4.587715,1.343123,-0.237028,0.003012,0.419111
790553910847321,left,260720.778000,1.365077,-2.930200,-0.139315,-3.473844,-1.573138,3.423482,0.000000,0.000000,0.000000,-0.000000,0.000000,0.793939,-1.595378,4.614832,1.336258,-0.243295,-0.002206,0.342841
790553918848576,left,260720.786000,1.365041,-2.930212,-0.139327,-3.473832,-1.573161,3.429786,0.000000,0.000000,0.000000,-0.000000,0.000000,0.781577,-1.590789,4.577468,1.355309,-0.253741,0.003001,0.404843
790553926846345,left,260720.794000,1.365029,-2.930175,-0.139327,-3.473820,-1.573173,3.435930,0.000000,0.000000,0.000000,-0.000000,0.000000,0.777870,-1.622645,4.593056,1.386513,-0.246064,0.002535,0.408158
790553934846525,left,260720.802000,1.365053,-2.930200,-0.139338,-3.473832,-1.573198,3.442102,0.000000,0.000000,0.000000,-0.000000,0.000000,0.771694,-1.575953,4.586932,1.376936,-0.249653,0.012876,0.440090
790553942845273,left,260720.810000,1.365053,-2.930200,-0.139350,-3.473832,-1.573161,3.448296,0.000000,0.000000,0.000000,-0.000000,0.000000,0.768276,-1.625024,4.572550,1.368314,-0.246597,0.015008,0.381824
790553950849697,left,260720.818000,1.365065,-2.930200,-0.139338,-3.473844,-1.573173,3.454514,0.000000,0.000000,-0.000000,-0.000000,0.000000,0.762447,-1.595755,4.590331,1.341748,-0.240444,0.000374,0.338075
790553958892825,left,260720.826000,1.365053,-2.930164,-0.139362,-3.473844,-1.573161,3.460549,0.000000,0.000000,-0.000000,-0.000000,0.000000,0.752001,-1.581327,4.608593,1.347769,-0.239376,0.012193,0.355653
790553966857156,left,260720.834000,1.365029,-2.930212,-0.139327,-3.473832,-1.573161,3.466417,0.000000,0.000000,-0.000000,-0.000000,0.000000,0.743757,-1.587185,4.643059,1.287803,-0.236011,0.016337,0.436975
790553974864716,left,260720.842000,1.365029,-2.930187,-0.139350,-3.473844,-1.573138,3.472311,0.000000,0.000000,-0.000000,-0.000000,0.000000,0.739628,-1.566757,4.613197,1.349501,-0.252103,0.001228,0.417815
790553982851421,left,260720.850000,1.365053,-2.930175,-0.139327,-3.473856,-1.573161,3.478217,0.000000,0.000000,-0.000000,-0.000000,0.000000,0.735905,-1.588637,4.607018,1.383982,-0.229354,0.004987,0.397099
790553990849662,left,260720.858000,1.365041,-2.930212,-0.139338,-3.473856,-1.573198,3.484231,0.000000,0.000000,-0.000000,-0.000000,0.000000,0.731646,-1.565588,4.613527,1.355258,-0.229407,0.007353,0.333734
790553998849063,left,260720.866000,1.365065,-2.930200,-0.139338,-3.473856,-1.573150,3.490063,0.000000,0.000000,-0.000000,-0.000000,0.000000,0.720105,-1.572365,4.630796,1.340273,-0.235466,0.006098,0.362345
790554006845429,left,260720.874000,1.365017,-2.930224,-0.139315,-3.473832,-1.573161,3.495583,0.000000,0.000000,-0.000000,-0.000000,0.000000,0.682670,-1.612356,4.576628,1.334280,-0.238682,0.003937,-1.535176
790554014846979,left,260720.882000,1.365017,-2.930175,-0.139315,-3.473832,-1.573161,3.499140,0.000000,0.000000,-0.000000,-0.000000,0.000000,0.360726,-1.576682,4.586597,1.328182,-0.239208,0.016866,-0.491982
790554022848778,left,260720.890000,1.365065,-2.930200,-0.139350,-3.473856,-1.573150,3.500835,0.000000,0.000000,-0.000000,-0.000000,0.000000,0.130597,-1.593943,4.611191,1.396408,-0.238304,0.015351,-0.646360
790554030846302,left,260720.898000,1.365017,-2.930200,-0.139338,-3.473844,-1.573161,3.500773,0.000000,0.000000,-0.000000,-0.000000,0.000000,-0.074250,-1.561134,4.634942,1.336968,-0.239032,0.024325,0.990553
790554038845210,left,260720.906000,1.365029,-2.930200,-0.139315,-3.473844,-1.573161,3.500837,0.000000,0.000398,-0.000000,-0.000000,0.000000,0.002755,-1.581442,4.595697,1.365234,-0.224230,0.012454,-0.182975
790554046847828,left,260720.914000,1.365029,-2.930200,-0.139327,-3.473820,-1.573198,3.500727,0.000000,0.000107,-0.000000,-0.000000,0.000000,-0.007929,-1.567632,4.604976,1.327485,-0.235020,0.007140,-0.103541
790554054847662,left,260720.922000,1.365065,-2.930224,-0.139350,-3.473808,-1.573173,3.500640,0.000000,0.000002,-0.000000,-0.000000,0.000000,-0.016886,-1.598703,4.588444,1.372700,-0.227155,-0.003153,-0.104697
790554062845925,left,260720.930000,1.365053,-2.930224,-0.139315,-3.473856,-1.573198,3.500494,0.000000,0.000000,-0.000000,-0.000000,0.000000,-0.024449,-1.595672,4.603274,1.358849,-0.208819,0.012640,-0.135227
790554070864397,left,260720.938000,1.365065,-2.930212,-0.139338,-3.473868,-1.573138,3.500288,0.000000,0.000000,-0.000000,-0.000000,0.000000,-0.030552,-1.575318,4.626640,1.381002,-0.231577,0.020960,-0.171249
790554078856922,left,260720.946000,1.365017,-2.930164,-0.139350,-3.473856,-1.573173,3.500022,0.000000,0.000000,-0.000000,-0.000000,0.000000,-0.040917,-1.621571,4.630146,1.388893,-0.229556,0.018218,-0.162047
790554086851175,left,260720.954000,1.365053,-2.930187,-0.139315,-3.473844,-1.573161,3.499661,0.000000,0.000000,-0.000000,-0.000000,0.000000,-0.048241,-1.585564,4.602705,1.371135,-0.224253,0.012008,-0.162936
790554094847502,left,260720.962000,1.365029,-2.930164,-0.139374,-3.473844,-1.573185,3.499277,0.000000,0.000000,-0.000000,-0.000000,0.000000,-0.053177,-1.586756,4.656572,1.354887,-0.223941,0.003430,-0.191285
790554102844558,left,260720.970000,1.365077,-2.930175,-0.139338,-3.473856,-1.573161,3.498832,0.000000,0.000000,-0.000000,-0.000000,0.000000,-0.060700,-1.601482,4.619430,1.344721,-0.219653,0.016002,-0.183361
790554110854385,left,260720.978000,1.365065,-2.930175,-0.139350,-3.473820,-1.573125,3.498292,0.000000,0.000000,-0.000000,-0.000000,0.000000,-0.067180,-1.599773,4.617507,1.372603,-0.218074,0.010936,-0.202383
790554118851684,left,260720.986000,1.365065,-2.930187,-0.139338,-3.473856,-1.573150,3.497728,0.000000,0.000000,-0.000000,-0.000000,0.000000,-0.073287,-1.576997,4.608255,1.372946,-0.225288,0.012413,-0.206866
790554126847393,left,260720.994000,1.365041,-2.930175,-0.139338,-3.473820,-1.573150,3.497091,0.000000,0.000000,-0.000000,-0.000000,0.000000,-0.081336,-1.623820,4.607190,1.327942,-0.231546,0.017420,-0.202450
790554134845610,left,260721.002000,1.365029,-2.930175,-0.139338,-3.473820,-1.573161,3.496456,0.000000,0.000000,-0.000000,-0.000000,0.000000,-0.086030,-1.574743,4.609153,1.349643,-0.228461,0.012166,-0.201149
790554142845336,left,260721.010000,1.365065,-2.930175,-0.139327,-3.473820,-1.573185,3.495772,0.000000,0.000000,-0.000000,-0.000000,0.000000,-0.093882,-1.602692,4.637767,1.367812,-0.225094,0.013734,-0.187818
790554150848895,left,260721.018000,1.365053,-2.930175,-0.139338,-3.473832,-1.573161,3.495018,0.000000,0.000000,-0.000000,-0.000000,0.000000,-0.099798,-1.580964,4.623682,1.356335,-0.221564,0.003827,-0.213074
790554158848173,left,260721.026000,1.365017,-2.930187,-0.139327,-3.473844,-1.573185,3.494153,0.000000,0.000000,-0.000000,-0.000000,0.000000,-0.105754,-1.622290,4.614067,1.389200,-0.230575,0.011216,-0.222598
790554166848024,left,260721.034000,1.365041,-2.930200,-0.139350,-3.473820,-1.573138,3.493300,0.000000,0.000000,-0.000000,-0.000000,0.000000,-0.111511,-1.593719,4.628809,1.327082,-0.223863,0.022697,-0.217759
790554174849465,left,260721.042000,1.365041,-2.930152,-0.139327,-3.473856,-1.573125,3.492398,0.000000,0.000000,-0.000000,-0.000000,0.000000,-0.119137,-1.569712,4.626086,1.351630,-0.208658,0.026950,-0.206361
790554182848514,left,260721.050000,1.365053,-2.930200,-0.139303,-3.473832,-1.573161,3.491425,0.000000,0.000000,-0.000000,-0.000000,0.000000,-0.125335,-1.600283,4.600913,1.346023,-0.214406,0.022947,-0.226798
790554190851069,left,260721.058000,1.365077,-2.930175,-0.139303,-3.473832,-1.573185,3.490440,0.000000,0.000000,-0.000000,-0.000000,0.000000,-0.131772,-1.600759,4.596343,1.339351,-0.213060,0.020210,-0.223409
790554198850272,left,260721.066000,1.365053,-2.930200,-0.139327,-3.473868,-1.573161,3.489311,0.000000,0.000000,-0.000000,-0.000000,0.000000,-0.137770,-1.571384,4.625966,1.396824,-0.230032,0.021049,-0.229424
790554206848650,left,260721.074000,1.365029,-2.930175,-0.139338,-3.473868,-1.573125,3.488219,0.000000,0.000000,-0.000000,-0.000000,0.000000,-0.143899,-1.632944,4.593268,1.364454,-0.211890,0.020483,-0.242356
790554214844954,left,260721.082000,1.365041,-2.930175,-0.139338,-3.473844,-1.573138,3.486982,0.000000,0.000000,-0.000000,-0.000000,0.000000,-0.150735,-1.620692,4.638704,1.319794,-0.226106,0.008695,-0.246092
790554222847210,left,260721.090000,1.365053,-2.930200,-0.139338,-3.473832,-1.573185,3.485746,0.000000,0.000000,-0.000000,-0.000000,0.000000,-0.156499,-1.618363,4.594998,1.393361,-0.211751,0.017338,-0.234110
790554230846413,left,260721.098000,1.365053,-2.930175,-0.139315,-3.473832,-1.573150,3.484425,0.000000,0.000000,-0.000000,-0.000000,0.000000,-0.161690,-1.571254,4.650601,1.349979,-0.208842,0.027982,-0.236783
790554238844982,left,260721.106000,1.365053,-2.930187,-0.139338,-3.473808,-1.573161,3.483129,0.000000,0.000000,-0.000000,-0.000000,0.000000,-0.168696,-1.554122,4.600310,1.390247,-0.211112,0.024781,-0.212571
790554246846203,left,260721.114000,1.365053,-2.930200,-0.139327,-3.473868,-1.573161,3.481713,0.000000,0.000000,-0.000000,-0.000000,0.000000,-0.172969,-1.595873,4.613106,1.383645,-0.214502,0.023746,-0.250216
790554254848632,left,260721.122000,1.365053,-2.930200,-0.139338,-3.473844,-1.573150,3.480226,0.000000,0.000000,-0.000000,-0.000000,0.000000,-0.178910,-1.580001,4.696693,1.344056,-0.215312,0.017980,-0.256463
790554262847774,left,260721.130000,1.365077,-2.930212,-0.139350,-3.473832,-1.573138,3.478749,0.000000,0.000000,-0.000000,-0.000000,0.000000,-0.184258,-1.566404,4.633408,1.345961,-0.194236,0.018710,-0.257432
790554270871597,left,260721.138000,1.365041,-2.930152,-0.139315,-3.473856,-1.573161,3.477237,0.000000,0.000000,-0.000000,-0.000000,0.000000,-0.192356,-1.571945,4.639679,1.368011,-0.195477,0.028975,-0.266467
790554278844722,left,260721.146000,1.365065,-2.930212,-0.139315,-3.473856,-1.573125,3.475664,0.000000,0.000000,-0.000000,-0.000000,0.000000,-0.198407,-1.610960,4.620565,1.320979,-0.206926,0.028140,-0.277026
790554286846315,left,260721.154000,1.365029,-2.930212,-0.139350,-3.473844,-1.573138,3.474068,0.000000,0.000000,-0.000000,-0.000000,0.000000,-0.205370,-1.610257,4.606566,1.342379,-0.188830,0.014038,-0.282225
790554294847696,left,260721.162000,1.365041,-2.930212,-0.139315,-3.473856,-1.573185,3.472387,0.000000,0.000000,-0.000000,-0.000000,0.000000,-0.213964,-1.583705,4.586104,1.368002,-0.195800,0.011703,-0.253094
790554302851500,left,260721.170000,1.365053,-2.930175,-0.139350,-3.473832,-1.573185,3.470624,0.000000,0.000000,-0.000000,-0.000000,0.000000,-0.219592,-1.599581,4.621675,1.361320,-0.203778,0.025328,-0.257603
790554310845967,left,260721.178000,1.365053,-2.930175,-0.139327,-3.473844,-1.573173,3.468824,0.000000,0.000000,-0.000000,-0.000000,0.000000,-0.225940,-1.575278,4.610604,1.359625,-0.199292,0.018882,-0.256925
790554318849230,left,260721.186000,1.365053,-2.930175,-0.139303,-3.473832,-1.573161,3.467060,0.000000,0.000000,-0.000000,-0.000000,0.000000,-0.230917,-1.602631,4.612419,1.387973,-0.207271,0.023250,-0.294450
790554326849669,left,260721.194000,1.365053,-2.930187,-0.139303,-3.473880,-1.573161,3.465164,0.000000,0.000000,-0.000000,-0.000000,0.000000,-0.239160,-1.615968,4.606584,1.351196,-0.206906,0.020878,-0.271311
790554334846108,left,260721.202000,1.365065,-2.930128,-0.139327,-3.473832,-1.573150,3.463232,0.000000,0.000000,-0.000000,-0.000000,0.000000,-0.246575,-1.581061,4.627151,1.355007,-0.198110,0.025781,-0.279827
790554342845428,left,260721.210000,1.365053,-2.930187,-0.139362,-3.473868,-1.573150,3.461289,0.000000,0.000000,-0.000000,-0.000000,0.000000,-0.252562,-1.558878,4.640012,1.374236,-0.196388,0.012586,-0.286099
790554350852676,left,260721.218000,1.365065,-2.930187,-0.139315,-3.473844,-1.573125,3.459261,0.000000,0.000000,-0.000000,-0.000000,0.000002,-0.260382,-1.604473,4.599468,1.358192,-0.187809,0.019029,-0.281900
790554358850715,left,260721.226000,1.365053,-2.930200,-0.139327,-3.473832,-1.573161,3.457150,0.000000,0.000000,-0.000000,-0.000000,0.000000,-0.266440,-1.608264,4.593515,1.338673,-0.210451,0.021089,-0.298147
790554366848370,left,260721.234000,1.365053,-2.930164,-0.139327,-3.473832,-1.573138,3.455002,0.000000,0.000000,-0.000000,-0.000000,0.000000,-0.274086,-1.590595,4.590840,1.360623,-0.194551,0.024214,-0.268995
790554374870988,left,260721.242000,1.365077,-2.930187,-0.139315,-3.473820,-1.573138,3.452760,0.000000,0.000000,-0.000000,-0.000000,0.000000,-0.278115,-1.614897,4.604993,1.412120,-0.194366,0.021801,-0.311597
790554382854584,left,260721.250000,1.365041,-2.930175,-0.139350,-3.473820,-1.573150,3.450433,0.000000,0.000000,-0.000000,-0.000000,0.000000,-0.283566,-1.598277,4.652464,1.374504,-0.190001,0.022762,-0.313267
790554390860026,left,260721.258000,1.365065,-2.930200,-0.139315,-3.473820,-1.573138,3.448118,0.000000,0.000000,-0.000000,-0.000000,0.000000,-0.289457,-1.567221,4.625268,1.361446,-0.177530,0.015558,-0.273186
790554398854652,left,260721.266000,1.365041,-2.930175,-0.139327,-3.473820,-1.573113,3.445755,0.000000,0.000000,-0.000000,-0.000000,0.000000,-0.296015,-1.584559,4.632015,1.336833,-0.175969,0.022415,-0.311550
790554406848597,left,260721.274000,1.365077,-2.930175,-0.139338,-3.473856,-1.573161,3.443321,0.000000,0.000000,-0.000000,-0.000000,0.000000,-0.300427,-1.572868,4.662570,1.379842,-0.185629,0.034499,-0.304700
790554414855360,left,260721.282000,1.365065,-2.930187,-0.139338,-3.473832,-1.573125,3.440886,0.000000,0.000000,-0.000000,-0.000000,0.000000,-0.308051,-1.567450,4.620577,1.370477,-0.185212,0.016140,-0.290011
790554422848791,left,260721.290000,1.365065,-2.930187,-0.139327,-3.473856,-1.573125,3.438428,0.000000,0.000000,-0.000000,-0.000000,0.000000,-0.314326,-1.597027,4.648095,1.366089,-0.173614,0.015766,-0.295827
790554430846533,left,260721.298000,1.365065,-2.930187,-0.139350,-3.473868,-1.573138,3.435909,0.000000,0.000000,-0.000000,-0.000000,0.000000,-0.320171,-1.578398,4.611593,1.373010,-0.181287,0.027877,-0.319711
790554438849525,left,260721.306000,1.365053,-2.930200,-0.139303,-3.473844,-1.573161,3.433317,0.000000,0.000000,-0.000000,-0.000000,0.000000,-0.327139,-1.588422,4.637031,1.367755,-0.178589,0.003557,-0.329357
790554446849518,left,260721.314000,1.365053,-2.930187,-0.139291,-3.473832,-1.573138,3.430724,0.000000,0.000000,-0.000000,-0.000000,0.000000,-0.335864,-1.587319,4.606030,1.349288,-0.184301,0.008979,-0.313978
790554454847680,left,260721.322000,1.365077,-2.930175,-0.139338,-3.473832,-1.573138,3.427988,0.000000,0.000000,-0.000000,-0.000000,0.000000,-0.343698,-1.582608,4.608257,1.358903,-0.181767,0.023835,-0.301282
790554462847801,left,260721.330000,1.365029,-2.930212,-0.139327,-3.473820,-1.573150,3.425204,0.000000,0.000000,-0.000000,-0.000000,0.000000,-0.348684,-1.599433,4.570796,1.331142,-0.181087,-0.000517,-0.339114
790554470848315,left,260721.338000,1.365041,-2.930187,-0.139350,-3.473844,-1.573125,3.422359,0.000000,0.000000,-0.000000,-0.000000,0.000000,-0.355533,-1.565909,4.619395,1.367429,-0.178350,0.014152,-0.305303
790554478868071,left,260721.346000,1.365053,-2.930175,-0.139338,-3.473820,-1.573150,3.419433,0.000000,0.000000,-0.000000,-0.000000,0.000000,-0.358570,-1.593628,4.646117,1.389400,-0.173597,0.019092,-0.323439
790554486849441,left,260721.354000,1.365053,-2.930175,-0.139315,-3.473844,-1.573161,3.416468,0.000000,0.000000,0.000000,-0.000000,0.000000,-0.365686,-1.603480,4.623623,1.343661,-0.176916,0.008136,-0.304070
790554494850055,left,260721.362000,1.365041,-2.930175,-0.139338,-3.473832,-1.573125,3.413540,0.000000,0.000000,0.000000,-0.000000,0.000000,-0.371775,-1.566749,4.627276,1.392238,-0.148988,-0.009003,-0.312258
790554502845115,left,260721.370000,1.365029,-2.930187,-0.139315,-3.473844,-1.573138,3.410563,0.000000,0.000000,0.000000,-0.000000,0.000000,-0.379388,-1.571795,4.645618,1.364061,-0.156288,0.015920,-0.324125
790554510845796,left,260721.378000,1.365041,-2.930212,-0.139350,-3.473856,-1.573150,3.407503,0.000000,0.000000,0.000000,-0.000000,0.000000,-0.386132,-1.602878,4.607370,1.345352,-0.163183,0.015011,-0.317347
790554518851281,left,260721.386000,1.365053,-2.930187,-0.139327,-3.473844,-1.573161,3.404407,0.000000,0.000000,0.000000,-0.000000,0.000000,-0.390768,-1.627862,4.640755,1.354972,-0.164355,0.004203,-0.352634
790554526845479,left,260721.394000,1.365065,-2.930212,-0.139338,-3.473868,-1.573138,3.401263,0.000000,0.000000,0.000000,-0.000000,0.000000,-0.398928,-1.564816,4.597843,1.413259,-0.162595,0.010833,-0.356219
790554534847630,left,260721.402000,1.365017,-2.930187,-0.139327,-3.473868,-1.573138,3.398070,0.000000,0.000000,-0.000000,-0.000000,0.000000,-0.405982,-1.585101,4.605081,1.401820,-0.161846,0.009190,-0.352069
790554542848159,left,260721.410000,1.365041,-2.930175,-0.139338,-3.473844,-1.573113,3.394807,0.000000,0.000000,-0.000000,-0.000003,0.000000,-0.412141,-1.611419,4.617191,1.395965,-0.144809,0.017676,-0.345891
790554550848376,left,260721.418000,1.365041,-2.930212,-0.139303,-3.473856,-1.573138,3.391459,0.000000,0.000000,-0.000000,-0.000000,0.000000,-0.420186,-1.619393,4.635175,1.339327,-0.151527,0.019387,-0.330202
790554558846861,left,260721.426000,1.365041,-2.930175,-0.139338,-3.473832,-1.573150,3.388039,0.000000,0.000000,-0.000000,-0.000000,0.000000,-0.425064,-1.565588,4.633373,1.355752,-0.151063,0.010041,-0.361288
790554566843280,left,260721.434000,1.365053,-2.930212,-0.139327,-3.473844,-1.573161,3.384501,0.000000,0.000000,-0.000000,-0.000000,0.000000,-0.429242,-1.594296,4.627069,1.380432,-0.141014,0.003343,-0.332670
790554574847540,left,260721.442000,1.365041,-2.930187,-0.139338,-3.473844,-1.573125,3.381093,0.000000,0.000000,-0.000000,-0.000000,0.000000,-0.434594,-1.610008,4.663065,1.409709,-0.151858,0.001087,-0.351536
790554582846752,left,260721.450000,1.365041,-2.930212,-0.139315,-3.473868,-1.573173,3.377577,0.000000,0.000000,-0.000000,-0.000000,0.000000,-0.443245,-1.621454,4.593776,1.346419,-0.137969,0.001044,-0.338829
790554590848772,left,260721.458000,1.365053,-2.930200,-0.139315,-3.473856,-1.573150,3.373980,0.000000,0.000000,-0.000000,-0.000000,0.000000,-0.448637,-1.605107,4.624308,1.345396,-0.132535,-0.008700,-0.343609
790554598847079,left,260721.466000,1.365053,-2.930187,-0.139315,-3.473856,-1.573161,3.370449,0.000000,0.000000,-0.000000,-0.000000,0.000000,-0.454610,-1.629159,4.647556,1.354237,-0.156579,0.017468,-0.364995
790554606846860,left,260721.474000,1.365029,-2.930187,-0.139315,-3.473868,-1.573150,3.366803,0.000000,0.000000,-0.000000,-0.000000,0.000000,-0.464973,-1.577193,4.652116,1.354400,-0.142695,-0.003264,-0.365570
790554614853299,left,260721.482000,1.365017,-2.930175,-0.139338,-3.473844,-1.573185,3.363121,0.000000,0.000000,-0.000000,-0.000000,0.000000,-0.471880,-1.591395,4.611051,1.364608,-0.149558,0.007087,-0.362095
790554622848620,left,260721.490000,1.365029,-2.930164,-0.139327,-3.473832,-1.573173,3.359236,0.000000,0.000000,-0.000000,-0.000000,0.000000,-0.479343,-1.614930,4.650001,1.397669,-0.141964,0.006866,-0.358949
790554630846665,left,260721.498000,1.365065,-2.930187,-0.139327,-3.473856,-1.573138,3.355292,0.000000,0.000000,-0.000000,-0.000000,0.000000,-0.482732,-1.589742,4.662413,1.365730,-0.152104,0.007567,-0.359176
790554638856926,left,260721.506000,1.365041,-2.930187,-0.139303,-3.473844,-1.573173,3.351360,0.000000,0.000000,-0.000000,-0.000000,0.000000,-0.487691,-1.598919,4.647923,1.342834,-0.140991,0.003536,-0.344910
790554646849112,left,260721.514000,1.365089,-2.930212,-0.139303,-3.473856,-1.573138,3.347486,0.000000,0.000000,-0.000000,-0.000000,0.000000,-0.494901,-1.624346,4.633965,1.351321,-0.129542,0.005253,-0.336130
790554654847909,left,260721.522000,1.365065,-2.930200,-0.139315,-3.473820,-1.573150,3.343541,0.000000,0.000000,-0.000000,-0.000000,0.000000,-0.500461,-1.602979,4.624281,1.340021,-0.135476,0.008468,-0.346676
790554662846106,left,260721.530000,1.365053,-2.930175,-0.139315,-3.473856,-1.573138,3.339500,0.000000,0.000000,-0.000000,-0.000000,0.000000,-0.506371,-1.596217,4.620604,1.385070,-0.144244,0.012694,-0.397267
790554670846123,left,260721.538000,1.365029,-2.930187,-0.139338,-3.473832,-1.573173,3.335495,0.000000,0.000000,-0.000000,-0.000000,0.000000,-0.514889,-1.637565,4.581732,1.372099,-0.130301,0.008508,-0.390275
790554678847241,left,260721.546000,1.365041,-2.930187,-0.139315,-3.473808,-1.573150,3.331383,0.000000,0.000000,-0.000000,-0.000000,0.000000,-0.520958,-1.597062,4.590543,1.365789,-0.130877,0.009287,-0.424296
790554686888772,left,260721.554000,1.365029,-2.930175,-0.139279,-3.473844,-1.573150,3.327100,0.000000,0.000000,-0.000000,-0.000000,0.000000,-0.530507,-1.577288,4.632178,1.381844,-0.133759,0.005708,-0.339970
790554694847093,left,260721.562000,1.365077,-2.930212,-0.139327,-3.473856,-1.573125,3.322712,0.000000,0.000000,-0.000000,-0.000000,0.000000,-0.534536,-1.578814,4.658041,1.346262,-0.125381,0.010555,-0.337842
790554702845828,left,260721.570000,1.365053,-2.930175,-0.139327,-3.473832,-1.573113,3.318386,0.000000,0.000000,-0.000000,-0.000000,0.000000,-0.537610,-1.642962,4.609808,1.430360,-0.140611,0.004757,-0.381217
790554710848852,left,260721.578000,1.365029,-2.930187,-0.139338,-3.473844,-1.573161,3.314131,0.000000,0.000000,-0.000000,-0.000000,0.000000,-0.544264,-1.615708,4.611511,1.371394,-0.138623,0.007763,-0.395146
790554718848059,left,260721.586000,1.365077,-2.930175,-0.139303,-3.473868,-1.573150,3.309727,0.000000,0.000000,-0.000000,-0.000000,0.000000,-0.551828,-1.639958,4.634366,1.349373,-0.123723,0.007333,-0.351747
790554726846758,left,260721.594000,1.365065,-2.930175,-0.139315,-3.473844,-1.573173,3.305366,0.000000,0.000000,-0.000000,-0.000000,0.000000,-0.557074,-1.638808,4.632165,1.348048,-0.130909,0.011494,-0.418475
790554734848030,left,260721.602000,1.365065,-2.930175,-0.139327,-3.473820,-1.573161,3.300848,0.000000,0.000000,-0.000000,-0.000000,0.000000,-0.566774,-1.632619,4.592702,1.418325,-0.129910,0.005967,-0.399346
790554742847848,left,260721.610000,1.365041,-2.930175,-0.139303,-3.473844,-1.573138,3.296294,0.000000,0.000000,-0.000000,-0.000000,0.000000,-0.575905,-1.642241,4.602434,1.379061,-0.123350,0.019234,-0.363195
790554750850381,left,260721.618000,1.365017,-2.930152,-0.139291,-3.473856,-1.573161,3.291576,0.000000,0.000000,-0.000000,-0.000000,0.000000,-0.578322,-1.624507,4.597124,1.345913,-0.128444,0.010671,-0.376649
790554758846961,left,260721.626000,1.365065,-2.930164,-0.139338,-3.473844,-1.573138,3.286954,0.000000,0.000000,-0.000000,0.000000,0.000000,-0.579881,-1.576291,4.680913,1.376340,-0.141060,0.008393,-0.427154
790554766848123,left,260721.634000,1.365029,-2.930164,-0.139327,-3.473844,-1.573138,3.282290,0.000000,0.000000,-0.000000,0.000000,0.000000,-0.591639,-1.606488,4.610017,1.420411,-0.125310,0.016809,-0.370957
790554774847291,left,260721.642000,1.365053,-2.930212,-0.139315,-3.473808,-1.573161,3.277572,0.000000,0.000000,-0.000000,0.000000,0.000000,-0.595533,-1.594369,4.609414,1.353865,-0.119684,0.010822,-0.422553
790554782845243,left,260721.650000,1.365053,-2.930187,-0.139338,-3.473820,-1.573138,3.272850,0.000000,0.000000,-0.000000,0.000000,0.000000,-0.603490,-1.629982,4.600801,1.384533,-0.119047,-0.003521,-0.430969
790554790850646,left,260721.658000,1.365065,-2.930187,-0.139315,-3.473808,-1.573138,3.267998,0.000000,0.000000,-0.000000,0.000000,0.000000,-0.613890,-1.649844,4.637302,1.384200,-0.130200,-0.001634,-0.411466
790554798845328,left,260721.666000,1.365065,-2.930200,-0.139350,-3.473820,-1.573185,3.262991,0.000000,0.000000,-0.000000,0.000000,0.000000,-0.618829,-1.590514,4.615132,1.375611,-0.123189,0.018514,-0.403730
790554806848558,left,260721.674000,1.365053,-2.930200,-0.139303,-3.473856,-1.573138,3.257924,0.000000,0.000000,-0.000000,0.000000,0.000000,-0.623592,-1.636746,4.612513,1.357719,-0.129596,0.012798,-0.371370
790554814843273,left,260721.682000,1.365065,-2.930175,-0.139327,-3.473868,-1.573173,3.252906,0.000000,0.000000,-0.000000,0.000000,0.000000,-0.629257,-1.591159,4.611100,1.394161,-0.131844,0.001076,-0.375803
790554822858862,left,260721.690000,1.365017,-2.930187,-0.139315,-3.473820,-1.573113,3.247837,0.000000,0.000000,-0.000000,0.000000,0.000000,-0.635398,-1.581406,4.597521,1.363820,-0.132336,0.003056,-0.401122
790554830848497,left,260721.698000,1.365089,-2.930175,-0.139362,-3.473868,-1.573150,3.242766,0.000000,0.000000,-0.000000,0.000000,0.000000,-0.640357,-1.586891,4.621412,1.392298,-0.126895,0.011641,-0.436348
790554838848922,left,260721.706000,1.365053,-2.930175,-0.139350,-3.473856,-1.573138,3.237695,0.000000,0.000000,-0.000000,0.000000,0.000000,-0.647395,-1.635241,4.602751,1.326779,-0.127051,0.010846,-0.444068
790554846852705,left,260721.714000,1.365053,-2.930187,-0.139338,-3.473820,-1.573161,3.232418,0.000000,0.000000,-0.000000,0.000000,0.000000,-0.656768,-1.611454,4.650080,1.373909,-0.122644,0.009371,-0.403775
790554854899537,left,260721.722000,1.365041,-2.930187,-0.139338,-3.473832,-1.573125,3.227011,0.000000,0.000000,-0.000000,0.000000,0.000000,-0.661051,-1.618543,4.653427,1.329358,-0.112372,-0.003942,-0.378779
790554862849893,left,260721.730000,1.365053,-2.930200,-0.139327,-3.473808,-1.573150,3.221697,0.000000,0.000000,-0.000000,0.000000,0.000000,-0.666368,-1.646270,4.620708,1.361048,-0.116550,0.000008,-0.395503
790554870850649,left,260721.738000,1.365029,-2.930175,-0.139327,-3.473844,-1.573138,3.216387,0.000000,0.000000,-0.000000,0.000000,0.000000,-0.670191,-1.631094,4.622104,1.357725,-0.118051,0.006072,-0.398579
790554878855924,left,260721.746000,1.365053,-2.930212,-0.139362,-3.473832,-1.573173,3.211003,0.000000,0.000000,-0.000000,0.000000,0.000000,-0.677400,-1.644546,4.605254,1.345741,-0.113651,-0.001523,-0.456580
790554886850274,left,260721.754000,1.365041,-2.930187,-0.139338,-3.473856,-1.573198,3.205606,0.000000,0.000000,-0.000000,0.000000,0.000000,-0.687668,-1.626247,4.646334,1.339812,-0.138387,-0.003338,-0.438428
790554894849113,left,260721.762000,1.365065,-2.930187,-0.139327,-3.473856,-1.573150,3.200005,0.000000,0.000000,-0.000000,0.000000,0.000000,-0.695221,-1.648007,4.590602,1.374461,-0.115450,-0.003054,-0.429600
790554902846551,left,260721.770000,1.365053,-2.930187,-0.139315,-3.473844,-1.573113,3.194334,0.000000,0.000000,-0.000000,0.000000,0.000000,-0.698271,-1.601282,4.610593,1.334826,-0.117069,-0.009134,-0.404100
790554910847560,left,260721.778000,1.365029,-2.930175,-0.139350,-3.473844,-1.573173,3.188750,0.000000,0.000000,-0.000000,0.000000,0.000000,-0.705091,-1.590038,4.600452,1.377987,-0.120297,0.007693,-0.415207
790554918847282,left,260721.786000,1.365041,-2.930164,-0.139303,-3.473832,-1.573150,3.183136,0.000000,0.000000,-0.000000,0.000000,0.000000,-0.710372,-1.610255,4.575382,1.349336,-0.119667,-0.003198,-0.436301
790554926845681,left,260721.794000,1.365053,-2.930200,-0.139291,-3.473856,-1.573161,3.177504,0.000000,0.000000,-0.000000,0.000000,0.000000,-0.720179,-1.613908,4.592200,1.384963,-0.117164,0.002359,-0.428191
790554934845384,left,260721.802000,1.365041,-2.930200,-0.139327,-3.473844,-1.573150,3.171701,0.000000,0.000000,-0.000000,0.000000,0.000000,-0.730831,-1.624292,4.647308,1.374904,-0.122397,0.002080,-0.414299
790554942847378,left,260721.810000,1.365065,-2.930175,-0.139315,-3.473808,-1.573161,3.165746,0.000000,0.000000,-0.000000,0.000000,0.000000,-0.732045,-1.603551,4.618581,1.338021,-0.115422,-0.000560,-0.447088
790554950835956,left,260721.818000,1.365065,-2.930200,-0.139350,-3.473820,-1.573161,3.159852,0.000000,0.000000,-0.000000,0.000000,0.000000,-0.737307,-1.640220,4.637108,1.388746,-0.120142,0.001541,-0.437278
790554958851377,left,260721.826000,1.365041,-2.930175,-0.139327,-3.473832,-1.573161,3.153896,0.000000,0.000000,-0.000000,0.000000,0.000000,-0.742242,-1.632761,4.623424,1.376723,-0.118362,-0.005587,-0.419611
790554966847220,left,260721.834000,1.365029,-2.930187,-0.139338,-3.473856,-1.573125,3.147999,0.000000,0.000000,-0.000000,0.000000,0.000000,-0.749687,-1.595105,4.613373,1.394340,-0.112453,-0.020857,-0.461642
790554974851845,left,260721.842000,1.365065,-2.930212,-0.139327,-3.473797,-1.573138,3.142006,0.000000,0.000000,-0.000000,0.000000,0.000000,-0.758418,-1.640050,4.637022,1.381297,-0.110133,-0.003199,-0.448931
790554982848337,left,260721.850000,1.365053,-2.930152,-0.139315,-3.473832,-1.573138,3.135774,0.000000,0.000000,-0.000000,0.000000,0.000000,-0.765871,-1.607673,4.618771,1.363440,-0.116565,0.013315,-0.406375
790554990849293,left,260721.858000,1.365065,-2.930175,-0.139291,-3.473844,-1.573185,3.129594,0.000000,0.000000,-0.000000,0.000000,0.000000,-0.767246,-1.646216,4.647436,1.367881,-0.123536,0.011507,-0.431062
790554998849754,left,260721.866000,1.365029,-2.930175,-0.139315,-3.473844,-1.573161,3.123432,0.000000,0.000000,-0.000000,0.000000,0.000000,-0.774252,-1.624818,4.584092,1.401310,-0.125690,0.016860,-0.456653
790555006941956,left,260721.874000,1.365041,-2.930212,-0.139327,-3.473856,-1.573161,3.117334,0.000000,0.000000,-0.000000,0.000000,0.000000,-0.782053,-1.638689,4.623653,1.423561,-0.115894,-0.009441,-0.464991
790555014911679,left,260721.882000,1.365041,-2.930187,-0.139303,-3.473844,-1.573138,3.111106,0.000000,0.000000,-0.000000,0.000000,0.000000,-0.791567,-1.601500,4.612972,1.340547,-0.118811,0.017768,-0.443546
790555022867404,left,260721.890000,1.365053,-2.930187,-0.139350,-3.473832,-1.573150,3.104616,0.000000,0.000000,-0.000000,0.000000,0.000000,-0.797543,-1.662793,4.636664,1.400874,-0.106904,0.002570,-0.433666
790555030853035,left,260721.898000,1.365029,-2.930224,-0.139327,-3.473844,-1.573161,3.098174,0.000000,0.000000,-0.000000,0.000000,0.000000,-0.801858,-1.621702,4.654370,1.400422,-0.120217,-0.002913,-0.406779
790555038902266,left,260721.906000,1.365041,-2.930224,-0.139338,-3.473844,-1.573101,3.091718,0.000000,0.000000,-0.000000,0.000000,0.000000,-0.807183,-1.624014,4.625610,1.372788,-0.116830,0.009632,-0.420382
790555046841303,left,260721.914000,1.365017,-2.930212,-0.139303,-3.473844,-1.573138,3.085336,0.000000,0.000000,-0.000000,0.000000,0.000000,-0.813474,-1.642989,4.620829,1.357048,-0.118293,0.008922,-0.459036
790555054836306,left,260721.922000,1.365053,-2.930187,-0.139315,-3.473832,-1.573150,3.078844,0.000000,0.000000,-0.000000,0.000000,0.000000,-0.824526,-1.595538,4.602332,1.358678,-0.113628,0.000051,-0.476052
790555062834755,left,260721.930000,1.365041,-2.930164,-0.139291,-3.473856,-1.573161,3.072126,0.000000,0.000000,-0.000000,0.000000,0.000000,-0.831258,-1.633367,4.647573,1.393938,-0.111080,0.001064,-0.479790
790555070835440,left,260721.938000,1.365077,-2.930140,-0.139338,-3.473844,-1.573138,3.065426,0.000000,0.000000,-0.000000,0.000000,0.000000,-0.832585,-1.624036,4.650147,1.391262,-0.120918,-0.008882,-0.471832
790555078836064,left,260721.946000,1.365029,-2.930187,-0.139315,-3.473832,-1.573173,3.058727,0.000000,0.000000,-0.000000,0.000000,0.000000,-0.838763,-1.647166,4.625270,1.379292,-0.115723,0.007335,-0.475201
790555086836293,left,260721.954000,1.365041,-2.930187,-0.139350,-3.473820,-1.573185,3.052092,0.000000,0.000000,-0.000000,0.000000,0.000000,-0.845872,-1.629050,4.651038,1.370215,-0.107091,0.002912,-0.472703
790555094842403,left,260721.962000,1.365053,-2.930187,-0.139315,-3.473820,-1.573173,3.045276,0.000000,0.000000,-0.000000,0.000000,0.000000,-0.856631,-1.662971,4.616250,1.372849,-0.116410,0.003663,-0.445898
790555102835733,left,260721.970000,1.365041,-2.930212,-0.139327,-3.473820,-1.573173,3.038297,0.000000,0.000000,-0.000000,0.000000,0.000000,-0.859793,-1.656226,4.602633,1.381257,-0.110154,0.006008,-0.432408
790555110852674,left,260721.978000,1.365053,-2.930212,-0.139350,-3.473797,-1.573138,3.031375,0.000000,0.000000,-0.000000,0.000000,0.000000,-0.866703,-1.650168,4.634292,1.360458,-0.106867,0.006678,-0.432474
790555118839643,left,260721.986000,1.365005,-2.930175,-0.139315,-3.473844,-1.573161,3.024499,0.000000,0.000000,-0.000000,0.000000,0.000000,-0.871018,-1.682240,4.624052,1.377410,-0.098028,-0.008495,-0.475905
790555126835104,left,260721.994000,1.365053,-2.930164,-0.139291,-3.473844,-1.573125,3.017578,0.000000,0.000000,-0.000000,0.000000,0.000000,-0.880805,-1.646393,4.663045,1.342675,-0.106648,0.003709,-0.472805
790555134834905,left,260722.002000,1.365077,-2.930175,-0.139315,-3.473832,-1.573161,3.010392,0.000000,0.000000,-0.000000,0.000000,0.000000,-0.888301,-1.635888,4.606243,1.371104,-0.103844,-0.011394,-0.466029
790555142836327,left,260722.010000,1.365053,-2.930187,-0.139338,-3.473832,-1.573173,3.003175,0.000000,0.000000,-0.000000,0.000000,0.000000,-0.891117,-1.607256,4.645056,1.362103,-0.111878,0.002158,-0.481885
790555150837202,left,260722.018000,1.365053,-2.930152,-0.139338,-3.473844,-1.573150,2.996130,0.000000,0.000000,-0.000000,0.000000,0.000000,-0.896247,-1.657755,4.626729,1.350216,-0.104186,-0.001673,-0.509077
790555158833956,left,260722.026000,1.365017,-2.930152,-0.139303,-3.473856,-1.573161,2.988959,0.000000,0.000000,-0.000000,0.000000,0.000000,-0.903824,-1.672677,4.629172,1.369259,-0.097884,-0.010174,-0.508360
790555166832605,left,260722.034000,1.365029,-2.930187,-0.139350,-3.473808,-1.573150,2.981678,0.000000,0.000000,-0.000000,0.000000,0.000000,-0.913087,-1.630695,4.594183,1.368446,-0.104832,0.003502,-0.464141
790555174834180,left,260722.042000,1.365053,-2.930164,-0.139362,-3.473832,-1.573161,2.974267,0.000000,0.000000,-0.000000,0.000000,0.000000,-0.917132,-1.647116,4.625063,1.384390,-0.104811,0.000566,-0.453883
790555182833512,left,260722.050000,1.365065,-2.930200,-0.139315,-3.473797,-1.573150,2.966917,0.000000,0.000000,-0.000000,0.000000,0.000000,-0.923261,-1.639803,4.622026,1.367218,-0.102421,-0.004096,-0.462544
790555190833435,left,260722.058000,1.365053,-2.930175,-0.139362,-3.473844,-1.573138,2.959602,0.000000,0.000000,-0.000000,0.000000,0.000000,-0.929345,-1.683346,4.623312,1.369185,-0.108821,0.007667,-0.504403
790555198833837,left,260722.066000,1.365053,-2.930187,-0.139338,-3.473808,-1.573185,2.952130,0.000000,0.000000,-0.000000,0.000000,0.000000,-0.938731,-1.669664,4.640147,1.389518,-0.113651,0.001359,-0.490501
790555206833720,left,260722.074000,1.365029,-2.930164,-0.139350,-3.473820,-1.573150,2.944480,0.000000,0.000000,-0.000000,0.000000,0.000000,-0.943306,-1.657828,4.614982,1.386510,-0.099988,-0.027457,-0.472184
790555214833790,left,260722.082000,1.365041,-2.930187,-0.139327,-3.473797,-1.573150,2.936888,0.000000,0.000000,-0.000000,0.000001,0.000000,-0.947499,-1.645366,4.638879,1.385132,-0.098117,0.004686,-0.492122
790555222873896,left,260722.090000,1.365029,-2.930152,-0.139350,-3.473832,-1.573138,2.929368,0.000000,0.000000,-0.000000,0.000000,0.000000,-0.953831,-1.674248,4.610998,1.399260,-0.108044,-0.001201,-0.489470
790555230856722,left,260722.098000,1.365041,-2.930200,-0.139291,-3.473844,-1.573150,2.921739,0.000000,0.000000,-0.000000,0.000000,0.000000,-0.965278,-1.653650,4.656295,1.365563,-0.114471,-0.001848,-0.441208
790555238869962,left,260722.106000,1.365029,-2.930140,-0.139303,-3.473856,-1.573138,2.913909,0.000000,0.000000,-0.000000,0.000000,0.000000,-0.968224,-1.677471,4.659657,1.334081,-0.098918,-0.004796,-0.441287
790555246870973,left,260722.114000,1.365077,-2.930164,-0.139303,-3.473820,-1.573138,2.906092,0.000000,0.000000,-0.000000,0.000000,0.000000,-0.972098,-1.674471,4.648472,1.378732,-0.116335,0.006003,-0.529561
790555254850054,left,260722.122000,1.365065,-2.930187,-0.139350,-3.473844,-1.573150,2.898345,0.000000,0.000000,-0.000000,0.000000,0.000000,-0.979566,-1.669449,4.646309,1.383371,-0.093589,0.004712,-0.483397
790555262843453,left,260722.130000,1.365041,-2.930175,-0.139338,-3.473820,-1.573138,2.890558,0.000000,0.000000,-0.000000,0.000000,0.000000,-0.991193,-1.651515,4.603110,1.371463,-0.109378,-0.006288,-0.484564
790555270879032,left,260722.138000,1.365041,-2.930175,-0.139327,-3.473808,-1.573138,2.882456,0.000000,0.000000,-0.000000,0.000000,0.000000,-0.997029,-1.642975,4.670639,1.376918,-0.107943,0.000068,-0.488586
790555278902107,left,260722.146000,1.365065,-2.930175,-0.139327,-3.473820,-1.573150,2.874420,0.000000,0.000000,-0.000000,0.000000,0.000000,-1.000379,-1.662478,4.600389,1.405793,-0.099515,0.007080,-0.475181
790555286935672,left,260722.154000,1.365029,-2.930175,-0.139303,-3.473832,-1.573138,2.866502,0.000000,0.000000,-0.000000,0.000000,0.000000,-1.004109,-1.691028,4.601991,1.364057,-0.107495,-0.006108,-0.503783
790555294946650,left,260722.162000,1.365065,-2.930187,-0.139315,-3.473808,-1.573150,2.858443,0.000000,0.000000,-0.000000,0.000000,0.000000,-1.015608,-1.667516,4.635794,1.388752,-0.097905,-0.000578,-0.486516
790555302936394,left,260722.170000,1.365077,-2.930187,-0.139291,-3.473832,-1.573138,2.850172,0.000000,0.000000,-0.000000,0.000000,0.000000,-1.019408,-1.650674,4.609381,1.352366,-0.103032,-0.000506,-0.465854
790555310887795,left,260722.178000,1.365053,-2.930152,-0.139303,-3.473844,-1.573161,2.841949,0.000000,0.000000,-0.000000,0.000000,0.000000,-1.023061,-1.661593,4.582268,1.367810,-0.098738,-0.012112,-0.486346
790555318894561,left,260722.186000,1.365065,-2.930187,-0.139338,-3.473844,-1.573161,2.833873,0.000000,0.000000,-0.000000,0.000000,0.000000,-1.026155,-1.646326,4.608636,1.400473,-0.101775,-0.001283,-0.537873
790555326844941,left,260722.194000,1.365041,-2.930187,-0.139303,-3.473844,-1.573150,2.825633,0.000000,0.000000,-0.000000,0.000000,0.000000,-1.041772,-1.661665,4.611436,1.401463,-0.094775,-0.004085,-0.477310
790555334896097,left,260722.202000,1.365089,-2.930200,-0.139338,-3.473820,-1.573150,2.817160,0.000000,0.000000,-0.000000,0.000000,0.000000,-1.047758,-1.654011,4.624599,1.422151,-0.092912,0.000706,-0.457986
790555342900404,left,260722.210000,1.365029,-2.930175,-0.139291,-3.473808,-1.573150,2.808783,0.000000,0.000000,-0.000000,0.000000,0.000000,-1.050515,-1.636401,4.604233,1.388115,-0.094023,-0.007723,-0.476042
790555350948255,left,260722.218000,1.365017,-2.930187,-0.139315,-3.473844,-1.573138,2.800422,0.000000,0.000000,-0.000000,0.000000,0.000000,-1.056596,-1.686882,4.625651,1.381779,-0.091443,-0.009136,-0.532936
790555358888579,left,260722.226000,1.365065,-2.930175,-0.139338,-3.473820,-1.573125,2.791909,0.000000,0.000000,-0.000000,0.000000,0.000000,-1.066743,-1.652124,4.643783,1.364656,-0.103699,-0.005677,-0.524814
790555366941422,left,260722.234000,1.365041,-2.930175,-0.139327,-3.473820,-1.573173,2.783260,0.000000,0.000000,-0.000000,0.000000,0.000000,-1.070811,-1.617023,4.633012,1.381722,-0.091241,0.012576,-0.467804
790555374956204,left,260722.242000,1.365029,-2.930164,-0.139315,-3.473797,-1.573138,2.774734,0.000000,0.000000,-0.000000,0.000000,0.000000,-1.073836,-1.633246,4.634166,1.388170,-0.102888,0.002740,-0.558681
790555382909591,left,260722.250000,1.365065,-2.930200,-0.139338,-3.473808,-1.573138,2.766205,0.000000,0.000000,-0.000000,0.000000,0.000000,-1.084466,-1.681563,4.619056,1.350083,-0.094774,0.001680,-0.529746
790555390883803,left,260722.258000,1.365029,-2.930187,-0.139315,-3.473820,-1.573173,2.757354,0.000000,0.000000,-0.000000,0.000000,0.000000,-1.092168,-1.669767,4.637382,1.405905,-0.099091,0.000544,-0.520241
790555398990995,left,260722.266000,1.365041,-2.930200,-0.139338,-3.473797,-1.573150,2.748526,0.000000,0.000000,-0.000000,0.000000,0.000000,-1.095561,-1.645760,4.642286,1.376359,-0.105172,-0.001464,-0.479392
790555406937692,left,260722.274000,1.365065,-2.930175,-0.139315,-3.473797,-1.573125,2.739882,0.000000,0.000000,-0.000000,0.000000,0.000000,-1.100587,-1.671987,4.651502,1.358141,-0.092289,-0.016601,-0.539480
790555414898073,left,260722.282000,1.365065,-2.930164,-0.139327,-3.473797,-1.573150,2.731004,0.000000,0.000000,-0.000000,0.000000,0.000000,-1.111121,-1.661545,4.569710,1.360086,-0.090401,-0.005472,-0.504988
790555422909071,left,260722.290000,1.365053,-2.930200,-0.139338,-3.473797,-1.573161,2.722008,0.000000,0.000000,-0.000000,0.000000,0.000000,-1.115736,-1.701754,4.593162,1.419856,-0.094334,-0.009506,-0.486398
790555430970459,left,260722.298000,1.365089,-2.930200,-0.139327,-3.473820,-1.573150,2.713123,0.000000,0.000000,-0.000000,0.000000,0.000000,-1.118852,-1.669444,4.663209,1.377933,-0.090551,-0.009488,-0.565981
790555438903371,left,260722.306000,1.365029,-2.930175,-0.139315,-3.473856,-1.573138,2.704223,0.000000,0.000000,-0.000000,0.000000,0.000000,-1.129055,-1.622203,4.579362,1.361586,-0.094286,0.006900,-0.533320
790555446940657,left,260722.314000,1.365077,-2.930152,-0.139338,-3.473820,-1.573150,2.695049,0.000000,0.000000,-0.000000,0.000000,0.000000,-1.137141,-1.667207,4.614800,1.382591,-0.081729,0.002104,-0.509459
790555454849990,left,260722.322000,1.365077,-2.930212,-0.139315,-3.473820,-1.573125,2.685897,0.000000,0.000000,-0.000000,0.000000,0.000000,-1.139839,-1.704259,4.622207,1.369947,-0.099636,0.007741,-0.499437
790555462981194,left,260722.330000,1.365041,-2.930175,-0.139315,-3.473832,-1.573138,2.676869,0.000000,0.000000,-0.000000,0.000000,0.000000,-1.145862,-1.681908,4.646941,1.366706,-0.097540,-0.007463,-0.545783
790555470862634,left,260722.338000,1.365041,-2.930212,-0.139315,-3.473808,-1.573138,2.667609,0.000000,0.000000,-0.000000,0.000000,0.000000,-1.154807,-1.716642,4.618412,1.381383,-0.086336,-0.008509,-0.451795
790555478866751,left,260722.346000,1.365041,-2.930187,-0.139338,-3.473808,-1.573161,2.658348,0.000000,0.000000,-0.000000,0.000000,0.000000,-1.140737,-1.671536,4.594940,1.385627,-0.090461,-0.006168,-0.444995
790555486891270,left,260722.354000,1.365029,-2.930175,-0.139327,-3.473844,-1.573125,2.649311,0.000000,0.000000,-0.000000,0.000000,0.000000,-1.132330,-1.697777,4.588814,1.360693,-0.089436,0.002484,-0.484338
790555494898935,left,260722.362000,1.365053,-2.930152,-0.139303,-3.473832,-1.573125,2.640343,0.000000,0.000000,-0.000000,0.000000,0.000000,-1.132705,-1.699154,4.613389,1.371094,-0.079559,0.004045,-0.498862
790555502851367,left,260722.370000,1.365053,-2.930175,-0.139315,-3.473808,-1.573173,2.631177,0.000000,0.000000,-0.000000,0.000000,0.000000,-1.126088,-1.672451,4.585389,1.376834,-0.097324,0.006938,-0.448722
790555510885233,left,260722.378000,1.365053,-2.930212,-0.139303,-3.473832,-1.573113,2.622238,0.000000,0.000000,-0.000000,0.000000,0.000000,-1.114886,-1.690194,4.599567,1.410584,-0.085764,-0.001952,-0.463510
790555518841686,left,260722.386000,1.365041,-2.930152,-0.139362,-3.473797,-1.573125,2.613494,0.000000,0.000000,-0.000000,0.000000,0.000000,-1.108909,-1.682423,4.637378,1.409286,-0.084127,-0.003725,-0.506738
790555526950840,left,260722.394000,1.365053,-2.930187,-0.139350,-3.473832,-1.573125,2.604648,0.000000,0.000000,-0.000000,0.000000,0.000000,-1.108706,-1.717635,4.608669,1.391576,-0.084753,-0.001302,-0.427839
790555534895544,left,260722.402000,1.365053,-2.930187,-0.139362,-3.473808,-1.573138,2.595672,0.000000,0.000000,-0.000000,0.000000,0.000000,-1.098709,-1.670110,4.637097,1.379359,-0.101790,-0.013782,-0.457478
790555542862457,left,260722.410000,1.365041,-2.930187,-0.139338,-3.473797,-1.573138,2.586977,0.000000,0.000000,-0.000000,0.000000,0.000000,-1.088469,-1.693461,4.673357,1.398182,-0.078341,-0.005087,-0.482387
790555550898281,left,260722.418000,1.365053,-2.930164,-0.139362,-3.473844,-1.573150,2.578454,0.000000,0.000000,-0.000000,0.000000,0.000000,-1.088090,-1.692003,4.631371,1.371405,-0.084065,-0.014757,-0.492052
790555558845329,left,260722.426000,1.365065,-2.930187,-0.139327,-3.473832,-1.573150,2.569648,0.000000,0.000000,-0.000000,0.000000,0.000000,-1.081768,-1.676301,4.635125,1.394292,-0.072566,-0.010447,-0.441185
790555566841287,left,260722.434000,1.365041,-2.930175,-0.139338,-3.473844,-1.573150,2.560924,0.000000,0.000000,-0.000000,0.000000,0.000000,-1.070512,-1.689679,4.644952,1.380035,-0.078139,-0.006610,-0.495721
790555574841104,left,260722.442000,1.365053,-2.930140,-0.139303,-3.473797,-1.573185,2.552536,0.000000,0.000000,-0.000000,0.000000,0.000000,-1.062908,-1.711623,4.631759,1.386955,-0.087182,0.004516,-0.474676
790555582838315,left,260722.450000,1.365053,-2.930175,-0.139315,-3.473772,-1.573138,2.544073,0.000000,0.000000,-0.000000,0.000000,0.000000,-1.062136,-1.713207,4.634422,1.387369,-0.080148,0.007026,-0.460855
790555590840466,left,260722.458000,1.365065,-2.930187,-0.139338,-3.473832,-1.573113,2.535477,0.000000,0.000000,-0.000000,0.000000,0.000000,-1.054558,-1.731210,4.601098,1.360376,-0.081115,-0.002917,-0.415279
790555598837510,left,260722.466000,1.365017,-2.930175,-0.139338,-3.473808,-1.573125,2.527077,0.000000,0.000000,-0.000000,0.000000,0.000000,-1.042706,-1.696738,4.627856,1.383012,-0.067687,-0.008363,-0.485147
790555606877430,left,260722.474000,1.365065,-2.930175,-0.139338,-3.473832,-1.573125,2.518901,0.000000,0.000000,-0.000000,0.000000,0.000000,-1.039986,-1.681843,4.632031,1.373863,-0.075956,-0.006837,-0.486680
790555614846339,left,260722.482000,1.365041,-2.930187,-0.139327,-3.473808,-1.573138,2.510547,0.000000,0.000000,-0.000000,0.000000,0.000000,-1.039026,-1.712351,4.602710,1.392417,-0.079277,0.000977,-0.419717
790555622879107,left,260722.490000,1.365065,-2.930224,-0.139327,-3.473808,-1.573150,2.502187,0.000000,0.000000,-0.000000,0.000000,0.000000,-1.027174,-1.721660,4.624750,1.376328,-0.073530,0.001477,-0.446030
790555630837888,left,260722.498000,1.365017,-2.930164,-0.139327,-3.473820,-1.573113,2.494033,0.000000,0.000000,-0.000000,0.000000,0.000000,-1.018605,-1.722540,4.601336,1.405522,-0.070760,-0.004761,-0.452214
790555638874990,left,260722.506000,1.365029,-2.930187,-0.139362,-3.473844,-1.573125,2.485996,0.000000,0.000000,-0.000000,0.000000,0.000000,-1.014946,-1.719499,4.598731,1.373993,-0.079608,-0.005659,-0.450345
790555646873218,left,260722.514000,1.365029,-2.930175,-0.139362,-3.473808,-1.573138,2.477839,0.000000,0.000000,-0.000000,0.000069,0.000000,-1.008977,-1.698640,4.629623,1.382999,-0.069887,-0.013572,-0.478977
790555654876456,left,260722.522000,1.365041,-2.930152,-0.139327,-3.473808,-1.573113,2.469718,0.000000,0.000000,-0.000000,0.000065,0.000000,-1.000188,-1.710946,4.621848,1.423269,-0.086191,-0.008629,-0.413970
790555662836710,left,260722.530000,1.365053,-2.930175,-0.139315,-3.473808,-1.573138,2.461802,0.000000,0.000000,-0.000000,0.000061,0.000000,-0.992896,-1.705078,4.651140,1.353417,-0.088704,-0.004106,-0.455941
790555670875775,left,260722.538000,1.365041,-2.930187,-0.139315,-3.473832,-1.573125,2.453990,0.000000,0.000000,-0.000000,0.000058,0.000000,-0.991244,-1.734753,4.638342,1.394607,-0.073190,0.002293,-0.467251
790555678873361,left,260722.546000,1.365065,-2.930187,-0.139291,-3.473797,-1.573125,2.446016,0.000000,0.000000,-0.000000,0.000055,0.000000,-0.985603,-1.748774,4.622084,1.396140,-0.078894,-0.001038,-0.411631
790555686839374,left,260722.554000,1.365041,-2.930175,-0.139338,-3.473808,-1.573138,2.438071,0.000000,0.000000,-0.000000,0.000053,0.000000,-0.977717,-1.714632,4.632133,1.416220,-0.091908,0.001464,-0.387151
790555694841926,left,260722.562000,1.365017,-2.930175,-0.139327,-3.473797,-1.573161,2.430435,0.000000,0.000000,-0.000000,0.000050,0.000000,-0.967394,-1.709526,4.594619,1.358264,-0.073047,-0.001241,-0.429216
790555702842320,left,260722.570000,1.365053,-2.930175,-0.139315,-3.473820,-1.573150,2.422792,0.000000,0.000000,-0.000000,0.000000,0.000000,-0.965522,-1.709414,4.593172,1.372840,-0.072182,-0.007614,-0.467129
790555710839180,left,260722.578000,1.365029,-2.930175,-0.139315,-3.473820,-1.573150,2.415044,0.000000,0.000000,-0.000000,0.000000,0.000000,-0.962072,-1.676634,4.613982,1.360779,-0.076802,-0.020763,-0.423828
790555718855602,left,260722.586000,1.365029,-2.930175,-0.139303,-3.473797,-1.573125,2.407287,0.000000,0.000000,-0.000000,0.000000,0.000000,-0.950752,-1.690051,4.622680,1.375703,-0.076802,-0.021517,-0.417179
790555726858717,left,260722.594000,1.365053,-2.930175,-0.139315,-3.473820,-1.573138,2.399733,0.000000,0.000000,-0.000000,0.000000,0.000000,-0.941468,-1.739280,4.611833,1.380419,-0.092223,0.001647,-0.446188
790555734840661,left,260722.602000,1.365053,-2.930200,-0.139338,-3.473797,-1.573161,2.392296,0.000000,0.000000,-0.000000,0.000000,0.000000,-0.938680,-1.727435,4.608143,1.397932,-0.074378,-0.011113,-0.463077
790555742877131,left,260722.610000,1.365065,-2.930164,-0.139315,-3.473784,-1.573113,2.384825,0.000000,0.000000,-0.000000,0.000000,0.000000,-0.935631,-1.713342,4.586307,1.373145,-0.069088,0.001172,-0.422388
790555750968019,left,260722.618000,1.365029,-2.930212,-0.139291,-3.473844,-1.573125,2.377280,0.000000,0.000000,-0.000000,0.000000,0.000000,-0.925676,-1.707536,4.597294,1.363768,-0.082010,-0.017324,-0.446335
790555758962565,left,260722.626000,1.365041,-2.930200,-0.139291,-3.473772,-1.573161,2.369958,0.000000,0.000000,-0.000000,0.000000,0.000000,-0.916983,-1.764210,4.638722,1.364439,-0.074166,-0.008528,-0.449568
790555766947751,left,260722.634000,1.365041,-2.930200,-0.139303,-3.473797,-1.573125,2.362730,0.000000,0.000000,-0.000000,0.000000,0.000000,-0.914543,-1.728112,4.621716,1.374332,-0.078262,-0.012157,-0.447401
790555774938248,left,260722.642000,1.365053,-2.930175,-0.139303,-3.473820,-1.573150,2.355478,0.000000,0.000000,-0.000000,0.000000,0.000000,-0.911909,-1.698717,4.633866,1.358758,-0.089388,-0.005199,-0.380278
790555782917682,left,260722.650000,1.365029,-2.930187,-0.139338,-3.473797,-1.573150,2.348108,0.000000,0.000000,-0.000000,0.000000,0.000000,-0.902102,-1.763278,4.614848,1.368727,-0.066516,-0.024767,-0.393669
790555790890421,left,260722.658000,1.365089,-2.930175,-0.139315,-3.473797,-1.573138,2.340954,0.000000,0.000000,-0.000000,0.000000,0.000000,-0.892130,-1.737698,4.647121,1.392134,-0.070758,-0.006128,-0.414876
790555798904664,left,260722.666000,1.365017,-2.930187,-0.139303,-3.473797,-1.573113,2.333908,0.000000,0.000000,-0.000000,0.000000,0.000000,-0.884142,-1.741039,4.622380,1.375361,-0.070686,-0.018101,-0.459307
790555806904890,left,260722.674000,1.365029,-2.930164,-0.139279,-3.473797,-1.573113,2.326931,0.000000,0.000000,-0.000000,0.000000,0.000000,-0.882612,-1.707838,4.541863,1.391309,-0.072021,-0.008160,-0.418334
790555814843057,left,260722.682000,1.365041,-2.930175,-0.139315,-3.473820,-1.573125,2.319835,0.000000,0.000000,-0.000000,0.000000,0.000000,-0.877024,-1.781109,4.609229,1.350231,-0.081522,-0.007865,-0.415759
790555822888706,left,260722.690000,1.365029,-2.930164,-0.139279,-3.473832,-1.573138,2.312788,0.000000,0.000000,-0.000000,0.000000,0.000000,-0.867209,-1.727035,4.581985,1.363162,-0.079228,-0.006746,-0.405469
790555830891818,left,260722.698000,1.365029,-2.930164,-0.139315,-3.473784,-1.573138,2.305904,0.000000,0.000000,-0.000000,0.000000,0.000000,-0.859676,-1.720438,4.613779,1.361886,-0.075702,0.001148,-0.420694
790555838839526,left,260722.706000,1.365077,-2.930164,-0.139315,-3.473797,-1.573161,2.299175,0.000000,0.000000,-0.000000,0.000000,0.000000,-0.855132,-1.709035,4.633292,1.380667,-0.083721,0.000783,-0.429448
790555846837602,left,260722.714000,1.365065,-2.930175,-0.139303,-3.473808,-1.573138,2.292347,0.000000,0.000000,-0.000000,0.000000,0.000000,-0.853783,-1.730340,4.616525,1.341532,-0.085032,-0.004267,-0.376361
790555854838103,left,260722.722000,1.365053,-2.930187,-0.139338,-3.473808,-1.573125,2.285475,0.000000,0.000000,-0.000000,0.000000,0.000000,-0.843767,-1.751124,4.641593,1.399000,-0.091211,-0.003350,-0.367665
790555862837712,left,260722.730000,1.365053,-2.930175,-0.139338,-3.473808,-1.573125,2.278698,0.000000,0.000000,-0.000000,0.000000,0.000000,-0.834020,-1.713960,4.600423,1.375845,-0.081033,-0.007119,-0.416527
790555870837306,left,260722.738000,1.365041,-2.930187,-0.139327,-3.473832,-1.573150,2.272126,0.000000,0.000000,-0.000000,0.000000,0.000000,-0.827048,-1.715050,4.605952,1.382002,-0.079073,-0.008766,-0.446316
790555878872907,left,260722.746000,1.365029,-2.930175,-0.139303,-3.473808,-1.573113,2.265587,0.000000,0.000000,-0.000000,0.000000,0.000000,-0.823433,-1.770010,4.604721,1.420982,-0.078912,-0.019927,-0.405785
790555886836954,left,260722.754000,1.365029,-2.930212,-0.139303,-3.473808,-1.573150,2.259051,0.000000,0.000000,-0.000000,0.000000,0.000000,-0.819280,-1.785185,4.635570,1.371369,-0.078600,-0.012250,-0.387202
790555894876340,left,260722.762000,1.365029,-2.930200,-0.139327,-3.473808,-1.573150,2.252393,0.000000,0.000000,-0.000000,0.000000,0.000000,-0.811365,-1.777094,4.633680,1.437011,-0.076903,0.003862,-0.396356
790555902872917,left,260722.770000,1.365041,-2.930175,-0.139338,-3.473797,-1.573125,2.246008,0.000000,0.000001,-0.000000,0.000000,0.000000,-0.803242,-1.761294,4.659093,1.421288,-0.075387,-0.009604,-0.413201
790555910837443,left,260722.778000,1.365041,-2.930175,-0.139327,-3.473808,-1.573113,2.239698,0.000000,0.000000,-0.000000,0.000000,0.000000,-0.795449,-1.754792,4.633989,1.397856,-0.074833,-0.009571,-0.434153
790555918838328,left,260722.786000,1.365041,-2.930187,-0.139327,-3.473784,-1.573138,2.233445,0.000000,0.000000,-0.000000,0.000000,0.000000,-0.792300,-1.752171,4.615803,1.366483,-0.083868,0.002648,-0.418733
790555926876216,left,260722.794000,1.365065,-2.930140,-0.139350,-3.473797,-1.573113,2.227099,0.000000,0.000000,-0.000000,0.000000,0.000000,-0.787640,-1.770048,4.610735,1.365945,-0.074120,-0.014033,-0.383795
790555934873556,left,260722.802000,1.365041,-2.930187,-0.139338,-3.473797,-1.573161,2.220692,0.000000,0.000000,-0.000000,0.000000,0.000000,-0.778751,-1.769337,4.576902,1.390644,-0.074585,-0.008666,-0.383721
790555942836825,left,260722.810000,1.365041,-2.930187,-0.139327,-3.473797,-1.573138,2.214537,0.000000,0.000000,-0.000000,0.000000,0.000000,-0.771380,-1.758559,4.609361,1.364592,-0.082181,-0.005013,-0.398895
790555950872279,left,260722.818000,1.365041,-2.930175,-0.139315,-3.473844,-1.573125,2.208419,0.000000,0.000000,-0.000000,0.000000,0.000000,-0.763851,-1.726801,4.584158,1.377151,-0.076310,0.007033,-0.457287
790555958838424,left,260722.826000,1.365053,-2.930128,-0.139303,-3.473832,-1.573138,2.202454,0.000000,0.000000,-0.000000,0.000000,0.000000,-0.761398,-1.809180,4.639709,1.362317,-0.068613,-0.011897,-0.398329
790555966874528,left,260722.834000,1.365029,-2.930212,-0.139291,-3.473808,-1.573150,2.196346,0.000000,0.000000,-0.000000,0.000000,0.000000,-0.755569,-1.750248,4.624866,1.347857,-0.059216,-0.003300,-0.378044
790555974836871,left,260722.842000,1.365041,-2.930164,-0.139327,-3.473784,-1.573150,2.190202,0.000000,0.000000,-0.000000,0.000000,0.000000,-0.748023,-1.781413,4.609286,1.422916,-0.068324,-0.011288,-0.384232
790555982873975,left,260722.850000,1.365029,-2.930175,-0.139291,-3.473797,-1.573150,2.184302,0.000000,0.000000,-0.000000,0.000000,0.000000,-0.738429,-1.736595,4.632405,1.405333,-0.077211,0.003602,-0.397648
790555990876827,left,260722.858000,1.365053,-2.930152,-0.139350,-3.473832,-1.573125,2.178435,0.000000,0.000000,-0.000000,0.000000,0.000000,-0.730837,-1.777997,4.603500,1.401392,-0.066103,-0.003420,-0.412056
790555998874911,left,260722.866000,1.365053,-2.930175,-0.139315,-3.473844,-1.573138,2.172713,0.000000,0.000000,-0.000000,0.000000,0.000000,-0.727827,-1.797990,4.637727,1.382244,-0.058456,-0.006305,-0.383671
790556006839390,left,260722.874000,1.365041,-2.930175,-0.139327,-3.473784,-1.573150,2.166920,0.000000,0.000000,-0.000000,0.000000,0.000000,-0.721445,-1.801151,4.633786,1.434485,-0.069437,-0.012572,-0.417914
790556014839101,left,260722.882000,1.365065,-2.930152,-0.139338,-3.473797,-1.573113,2.161043,0.000000,0.000000,-0.000000,0.000000,0.000000,-0.714237,-1.785883,4.615638,1.406156,-0.073026,-0.002024,-0.011888
790556022878967,left,260722.890000,1.365065,-2.930140,-0.139350,-3.473820,-1.573150,2.156810,0.000000,0.000000,-0.000000,0.000000,0.000000,-0.404248,-1.823755,4.599585,1.332185,-0.077025,0.004801,0.374402
790556030839321,left,260722.898000,1.365053,-2.930175,-0.139315,-3.473820,-1.573125,2.154638,0.000000,0.000000,-0.000000,0.000000,0.000000,-0.186042,-1.774111,4.581502,1.364605,-0.081019,-0.008905,0.641903
790556038875673,left,260722.906000,1.365041,-2.930164,-0.139338,-3.473797,-1.573161,2.154327,0.000000,0.000000,-0.000000,0.000000,0.000000,0.047467,-1.783113,4.369185,1.355087,-0.081829,-0.001193,0.514628
790556046856714,left,260722.914000,1.365053,-2.930187,-0.139315,-3.473797,-1.573173,2.154444,0.000000,-0.000000,-0.000000,0.000000,0.000000,-0.016705,-1.746289,4.615470,1.362710,-0.071645,-0.024226,0.294565
790556054846071,left,260722.922000,1.365053,-2.930175,-0.139338,-3.473797,-1.573138,2.154587,0.000000,-0.000000,-0.000000,0.000000,0.000000,0.014335,-1.711251,4.604362,1.376268,-0.069450,-0.002281,0.004396
790556062843436,left,260722.930000,1.365053,-2.930152,-0.139315,-3.473797,-1.573150,2.154661,0.000000,-0.000000,-0.000000,0.000000,0.000000,0.017328,-1.792962,4.648829,1.391894,-0.080802,0.002324,0.097154
790556070847038,left,260722.938000,1.365017,-2.930175,-0.139315,-3.473784,-1.573173,2.154806,0.000000,-0.000000,-0.000000,0.000000,0.000000,0.024361,-1.752794,4.606506,1.339599,-0.069837,0.002273,0.106127
790556078979700,left,260722.946000,1.365029,-2.930175,-0.139303,-3.473760,-1.573101,2.155025,0.000000,-0.000000,-0.000000,0.000000,0.000000,0.031476,-1.808537,4.622202,1.392145,-0.089479,-0.009270,0.143167
790556086976897,left,260722.954000,1.365041,-2.930164,-0.139303,-3.473797,-1.573138,2.155267,0.000000,-0.000000,-0.000000,0.000000,0.000000,0.037504,-1.794181,4.618998,1.383084,-0.077258,-0.003121,0.167478
790556094984527,left,260722.962000,1.365065,-2.930187,-0.139315,-3.473797,-1.573150,2.155605,0.000000,0.000000,-0.000000,0.000000,0.000000,0.046061,-1.785603,4.633909,1.359193,-0.073313,-0.004757,0.174203
790556103022963,left,260722.970000,1.365065,-2.930187,-0.139338,-3.473820,-1.573173,2.156015,0.000000,0.000000,-0.000000,0.000000,0.000000,0.053253,-1.770728,4.592081,1.360461,-0.089512,-0.007180,0.157970
790556110921910,left,260722.978000,1.365041,-2.930200,-0.139327,-3.473797,-1.573138,2.156460,0.000000,0.000000,-0.000000,0.000000,0.000000,0.058530,-1.798215,4.616435,1.399512,-0.079830,-0.005084,0.185395
790556118944361,left,260722.986000,1.365053,-2.930164,-0.139303,-3.473820,-1.573150,2.156989,0.000000,0.000000,-0.000000,0.000000,0.000000,0.065820,-1.775968,4.599425,1.366912,-0.081037,0.007279,0.174348
790556126970409,left,260722.994000,1.365041,-2.930187,-0.139338,-3.473797,-1.573101,2.157567,0.000000,0.000000,-0.000000,0.000000,0.000000,0.072792,-1.811583,4.596061,1.427551,-0.074943,-0.007346,0.171776
790556134987800,left,260723.002000,1.365065,-2.930164,-0.139315,-3.473784,-1.573125,2.158179,0.000000,0.000000,-0.000000,0.000000,0.000000,0.078053,-1.813738,4.622460,1.351956,-0.088843,-0.007854,0.188717
790556143012126,left,260723.010000,1.365053,-2.930187,-0.139350,-3.473797,-1.573150,2.158792,0.000000,0.000000,-0.000000,0.000000,0.000000,0.084928,-1.842667,4.604691,1.344408,-0.083976,-0.025111,0.173079
790556150994707,left,260723.018000,1.365041,-2.930175,-0.139327,-3.473820,-1.573113,2.159513,0.000000,0.000000,-0.000000,0.000000,0.000000,0.090873,-1.789947,4.619012,1.387775,-0.092945,-0.000310,0.175207
790556158969824,left,260723.026000,1.365053,-2.930164,-0.139338,-3.473784,-1.573150,2.160305,0.000000,0.000000,-0.000000,0.000000,0.000000,0.095147,-1.802628,4.612926,1.359361,-0.097575,-0.008312,0.204263
790556166975555,left,260723.034000,1.365029,-2.930152,-0.139315,-3.473797,-1.573138,2.161110,0.000000,0.000000,-0.000000,0.000000,0.000000,0.102512,-1.813717,4.651548,1.375775,-0.086436,-0.012438,0.194954
790556174974390,left,260723.042000,1.365029,-2.930175,-0.139315,-3.473797,-1.573161,2.161998,0.000000,0.000000,-0.000000,0.000000,0.000000,0.107930,-1.854937,4.586936,1.384132,-0.071368,-0.011939,0.201984
790556182973081,left,260723.050000,1.365017,-2.930175,-0.139338,-3.473797,-1.573125,2.162874,0.000000,0.000000,-0.000000,0.000000,0.000000,0.113717,-1.824608,4.660785,1.403682,-0.077218,-0.012269,0.214897
790556190975864,left,260723.058000,1.365029,-2.930187,-0.139303,-3.473797,-1.573150,2.163846,0.000000,0.000000,-0.000000,0.000000,0.000000,0.120284,-1.813435,4.659528,1.391293,-0.085911,-0.010525,0.226837
790556198983613,left,260723.066000,1.365029,-2.930152,-0.139362,-3.473820,-1.573150,2.164855,0.000000,0.000000,-0.000000,0.000000,0.000000,0.126551,-1.829917,4.603673,1.362595,-0.080437,-0.014653,0.224657
790556206985866,left,260723.074000,1.365041,-2.930175,-0.139338,-3.473797,-1.573150,2.165935,0.000000,0.000000,-0.000000,0.000000,0.000000,0.133949,-1.849610,4.600413,1.391853,-0.083413,-0.013200,0.232289
790556214972788,left,260723.082000,1.365053,-2.930164,-0.139338,-3.473797,-1.573150,2.166991,0.000000,0.000000,-0.000000,0.000000,0.000000,0.138957,-1.833020,4.632739,1.382591,-0.088012,-0.021348,0.262183
790556222982820,left,260723.090000,1.365041,-2.930200,-0.139315,-3.473797,-1.573138,2.168179,0.000000,0.000000,-0.000000,0.000000,0.000000,0.146269,-1.866963,4.603023,1.377776,-0.085721,-0.010611,0.243447
790556230980365,left,260723.098000,1.365029,-2.930187,-0.139350,-3.473797,-1.573150,2.169390,0.000000,0.000000,-0.000000,0.000000,0.000000,0.152307,-1.829147,4.599753,1.394217,-0.074730,-0.015855,0.254051
790556239013007,left,260723.106000,1.365029,-2.930212,-0.139327,-3.473772,-1.573113,2.170614,0.000000,0.000000,-0.000000,0.000000,0.000000,0.157846,-1.850418,4.616627,1.371660,-0.088893,-0.011701,0.258686
790556246991426,left,260723.114000,1.365041,-2.930175,-0.139350,-3.473808,-1.573161,2.171934,-0.000000,0.000000,-0.000000,0.000000,0.000000,0.165542,-1.815156,4.578745,1.362698,-0.086468,0.006086,0.283690
790556254997434,left,260723.122000,1.365041,-2.930175,-0.139327,-3.473797,-1.573138,2.173266,-0.000000,0.000000,-0.000000,0.000000,0.000000,0.172528,-1.824697,4.585690,1.408775,-0.098949,-0.014048,0.272471
790556262896085,left,260723.130000,1.365053,-2.930175,-0.139338,-3.473820,-1.573150,2.174669,-0.000000,0.000000,-0.000000,0.000000,0.000000,0.178323,-1.828765,4.589871,1.375469,-0.094182,-0.016199,0.286402
790556270904456,left,260723.138000,1.365029,-2.930140,-0.139315,-3.473832,-1.573138,2.176144,-0.000000,0.000000,-0.000000,0.000000,0.000000,0.186501,-1.801424,4.641427,1.410529,-0.096294,0.005172,0.276677
790556278891680,left,260723.146000,1.365029,-2.930175,-0.139291,-3.473797,-1.573113,2.177679,-0.000000,0.000000,-0.000000,0.000000,0.000000,0.192643,-1.826298,4.639886,1.384697,-0.079509,-0.019068,0.270540
790556286882458,left,260723.154000,1.365041,-2.930187,-0.139327,-3.473832,-1.573173,2.179215,-0.000000,0.000000,-0.000000,0.000000,0.000000,0.200782,-1.851590,4.619845,1.350265,-0.091172,-0.001082,0.270592
790556294889023,left,260723.162000,1.365041,-2.930164,-0.139315,-3.473760,-1.573150,2.180858,0.000000,0.000000,-0.000000,0.000000,0.000000,0.206833,-1.834339,4.616285,1.357735,-0.102349,-0.004994,0.266067
790556302862753,left,260723.170000,1.365017,-2.930187,-0.139291,-3.473797,-1.573150,2.182560,0.000000,0.000000,-0.000000,0.000000,0.000000,0.212889,-1.824655,4.622572,1.395269,-0.093730,-0.004330,0.276187
790556310923150,left,260723.178000,1.365041,-2.930152,-0.139338,-3.473808,-1.573150,2.184276,0.000000,0.000000,-0.000000,0.000000,0.000000,0.219705,-1.808811,4.611416,1.372166,-0.095930,-0.010253,0.248606
790556318921491,left,260723.186000,1.365029,-2.930175,-0.139327,-3.473820,-1.573101,2.186013,0.000000,0.000000,-0.000000,0.000000,0.000000,0.224838,-1.841703,4.626873,1.370939,-0.101378,-0.001813,0.274239
790556326844423,left,260723.194000,1.365041,-2.930187,-0.139315,-3.473797,-1.573125,2.187897,0.000000,0.000000,-0.000000,0.000000,0.000000,0.232929,-1.849314,4.587719,1.404128,-0.094024,-0.014601,0.240854
790556334884400,left,260723.202000,1.365065,-2.930200,-0.139315,-3.473797,-1.573150,2.189802,0.000000,0.000000,-0.000000,0.000000,0.000000,0.236326,-1.831182,4.570705,1.395166,-0.091475,-0.004019,0.255130
790556342845010,left,260723.210000,1.365053,-2.930164,-0.139315,-3.473797,-1.573161,2.191733,0.000000,0.000000,-0.000000,0.000000,0.000000,0.242476,-1.825269,4.625996,1.402893,-0.098003,-0.019121,0.286066
790556350891565,left,260723.218000,1.365041,-2.930187,-0.139327,-3.473784,-1.573138,2.193759,-0.000017,0.000000,-0.000000,0.000000,0.000000,0.249358,-1.791376,4.587386,1.384519,-0.100723,-0.003065,0.282117
790556358942574,left,260723.226000,1.365041,-2.930187,-0.139291,-3.473820,-1.573138,2.195834,-0.000016,0.000000,-0.000000,0.000000,0.000000,0.253955,-1.824365,4.588158,1.377671,-0.111029,-0.002966,0.299666
790556367019310,left,260723.234000,1.365005,-2.930200,-0.139303,-3.473797,-1.573125,2.197909,-0.000015,0.000000,-0.000000,0.000000,0.000000,0.259885,-1.844369,4.621141,1.372281,-0.094563,-0.017869,0.319260
790556374969429,left,260723.242000,1.365029,-2.930175,-0.139303,-3.473797,-1.573185,2.200043,-0.000014,0.000000,-0.000000,0.000000,0.000000,0.265052,-1.805526,4.626329,1.375330,-0.105884,0.002511,0.311725
790556382927552,left,260723.250000,1.365053,-2.930175,-0.139350,-3.473820,-1.573150,2.202228,-0.000013,0.000000,-0.000000,0.000000,0.000000,0.274371,-1.817590,4.628699,1.367347,-0.108399,0.008473,0.280735
790556390976885,left,260723.258000,1.365041,-2.930200,-0.139327,-3.473808,-1.573150,2.204374,-0.000012,0.000000,-0.000000,0.000000,0.000000,0.280243,-1.846295,4.654984,1.420556,-0.122530,0.001867,0.335187
790556398974241,left,260723.266000,1.365077,-2.930187,-0.139327,-3.473797,-1.573150,2.206653,-0.000012,0.000000,-0.000000,0.000000,0.000000,0.288224,-1.824895,4.592528,1.330601,-0.097288,-0.019684,0.318976
790556406920874,left,260723.274000,1.365041,-2.930212,-0.139338,-3.473797,-1.573150,2.208955,-0.000011,0.000000,-0.000000,0.000000,0.000000,0.296127,-1.833218,4.622108,1.378799,-0.106158,-0.016510,0.309025
790556414935271,left,260723.282000,1.365041,-2.930187,-0.139315,-3.473808,-1.573161,2.211319,-0.000011,0.000000,-0.000000,0.000000,0.000000,0.303952,-1.814131,4.606043,1.407012,-0.097253,-0.009473,0.321553
790556422968474,left,260723.290000,1.365041,-2.930164,-0.139303,-3.473784,-1.573125,2.213801,-0.000010,0.000000,-0.000000,0.000000,0.000000,0.311113,-1.825276,4.584808,1.387699,-0.096001,-0.004414,0.265832
790556430963869,left,260723.298000,1.365065,-2.930187,-0.139327,-3.473820,-1.573125,2.216282,-0.000000,0.000000,-0.000000,0.000000,0.000000,0.314769,-1.819890,4.648621,1.391972,-0.113360,-0.013916,0.284466
790556438980834,left,260723.306000,1.365041,-2.930200,-0.139327,-3.473772,-1.573150,2.218837,-0.000000,0.000000,-0.000000,0.000000,0.000000,0.322230,-1.840977,4.630597,1.360162,-0.113301,-0.005855,0.295371
790556446890632,left,260723.314000,1.365041,-2.930164,-0.139315,-3.473772,-1.573138,2.221414,-0.000000,0.000000,-0.000000,0.000000,0.000000,0.327748,-1.799197,4.635884,1.346560,-0.123985,-0.019260,0.315942
790556454868537,left,260723.322000,1.365041,-2.930152,-0.139338,-3.473772,-1.573150,2.224076,-0.000000,0.000000,-0.000000,0.000000,0.000000,0.332815,-1.836348,4.627967,1.400489,-0.107849,-0.012390,0.323145
790556462853649,left,260723.330000,1.365017,-2.930164,-0.139291,-3.473832,-1.573125,2.226869,-0.000000,0.000000,-0.000000,0.000000,0.000000,0.336970,-1.830482,4.632943,1.358908,-0.105004,-0.011682,0.304264
790556470867719,left,260723.338000,1.364993,-2.930187,-0.139315,-3.473797,-1.573138,2.229626,0.000000,0.000000,-0.000000,0.000000,0.000000,0.343670,-1.841128,4.608129,1.414487,-0.118546,-0.008147,0.316261
790556478891666,left,260723.346000,1.365017,-2.930175,-0.139315,-3.473772,-1.573125,2.232383,0.000000,0.000000,-0.000000,0.000000,0.000000,0.349573,-1.819933,4.627502,1.393824,-0.117187,-0.007529,0.346518
790556486980416,left,260723.354000,1.365005,-2.930175,-0.139338,-3.473772,-1.573150,2.235190,0.000000,0.000000,-0.000000,0.000000,0.000000,0.357054,-1.823899,4.624983,1.372796,-0.102627,-0.014348,0.356430
790556495015161,left,260723.362000,1.365029,-2.930187,-0.139303,-3.473808,-1.573138,2.238043,0.000000,0.000000,-0.000000,0.000000,0.000000,0.364147,-1.830876,4.636299,1.400529,-0.109089,-0.007976,0.378784
790556502995765,left,260723.370000,1.365053,-2.930200,-0.139338,-3.473772,-1.573125,2.240994,0.000000,0.000000,-0.000000,0.000000,0.000000,0.372840,-1.812958,4.656888,1.410923,-0.101178,-0.019403,0.356018
790556511017284,left,260723.378000,1.365041,-2.930187,-0.139291,-3.473784,-1.573138,2.243980,0.000000,0.000000,-0.000000,0.000000,0.000000,0.384075,-1.824988,4.605923,1.363860,-0.121623,0.001237,0.314045
790556518997808,left,260723.386000,1.365053,-2.930152,-0.139350,-3.473797,-1.573161,2.247049,0.000000,0.000000,-0.000000,0.000000,0.000000,0.388290,-1.839008,4.626566,1.383582,-0.112635,-0.022129,0.327506
790556526978865,left,260723.394000,1.365053,-2.930175,-0.139303,-3.473820,-1.573161,2.250142,0.000000,0.000000,-0.000000,0.000000,0.000000,0.394791,-1.837155,4.586011,1.398393,-0.114039,0.005731,0.315588
790556534974465,left,260723.402000,1.365029,-2.930152,-0.139327,-3.473772,-1.573173,2.253333,0.000000,0.000000,-0.000000,0.000000,0.000000,0.400232,-1.837379,4.588146,1.378507,-0.104416,-0.017999,0.305160
790556542901709,left,260723.410000,1.365041,-2.930164,-0.139303,-3.473784,-1.573101,2.256634,0.000000,0.000000,-0.000000,0.000000,0.000000,0.404461,-1.828016,4.606336,1.391247,-0.118109,-0.012314,0.342011
790556550959296,left,260723.418000,1.365053,-2.930164,-0.139315,-3.473772,-1.573138,2.259923,0.000000,0.000000,-0.000000,0.000000,0.000000,0.406596,-1.833115,4.612079,1.404171,-0.116765,0.002272,0.361026
790556558981242,left,260723.426000,1.365041,-2.930187,-0.139338,-3.473797,-1.573113,2.263238,0.000000,0.000000,-0.000000,0.000000,0.000000,0.413255,-1.779800,4.611645,1.377342,-0.120599,0.003091,0.381217
790556566981525,left,260723.434000,1.365005,-2.930152,-0.139338,-3.473784,-1.573113,2.266576,0.000000,0.000000,-0.000000,0.000000,0.000000,0.419445,-1.821656,4.589167,1.382989,-0.105532,-0.011904,0.403095
790556574971060,left,260723.442000,1.365065,-2.930175,-0.139291,-3.473820,-1.573150,2.269903,0.000000,0.000000,-0.000000,0.000000,0.000000,0.428116,-1.827664,4.629506,1.375655,-0.120997,-0.004834,0.400893
790556582947614,left,260723.450000,1.365029,-2.930200,-0.139315,-3.473797,-1.573161,2.273326,0.000000,0.000000,-0.000000,0.000000,0.000000,0.436516,-1.845938,4.606100,1.383506,-0.110684,-0.000908,0.373140
790556590984950,left,260723.458000,1.365053,-2.930152,-0.139303,-3.473797,-1.573125,2.276845,0.000000,0.000000,-0.000000,0.000000,0.000000,0.445298,-1.808749,4.594107,1.376011,-0.121765,0.006925,0.336061
790556598982995,left,260723.466000,1.365053,-2.930164,-0.139350,-3.473784,-1.573113,2.280422,0.000000,0.000000,-0.000000,0.000000,0.000000,0.448845,-1.815769,4.595803,1.381208,-0.108485,0.004581,0.381745
790556606984156,left,260723.474000,1.365029,-2.930187,-0.139315,-3.473797,-1.573125,2.284072,0.000000,0.000000,-0.000000,0.000000,0.000000,0.455922,-1.826080,4.612762,1.346474,-0.115977,0.003048,0.367832
790556614980191,left,260723.482000,1.365041,-2.930164,-0.139315,-3.473808,-1.573150,2.287830,0.000000,0.000000,-0.000000,0.000000,0.000000,0.461249,-1.849914,4.601948,1.371629,-0.125583,0.009052,0.358693
790556622996601,left,260723.490000,1.365029,-2.930152,-0.139315,-3.473832,-1.573173,2.291600,0.000000,0.000000,-0.000000,0.000000,0.000000,0.465978,-1.836075,4.581765,1.408274,-0.116424,0.011639,0.350645
790556630972289,left,260723.498000,1.365029,-2.930164,-0.139303,-3.473832,-1.573138,2.295404,0.000000,0.000000,-0.000000,0.000000,0.000000,0.470598,-1.821158,4.621500,1.360469,-0.110859,-0.004833,0.358606
790556638990765,left,260723.506000,1.365041,-2.930164,-0.139279,-3.473820,-1.573138,2.299151,0.000000,0.000000,-0.000000,0.000000,0.000000,0.477890,-1.850520,4.603713,1.404786,-0.124312,0.000964,0.375216
790556646981519,left,260723.514000,1.365029,-2.930164,-0.139303,-3.473820,-1.573125,2.302957,0.000000,0.000000,-0.000000,0.000000,0.000000,0.486656,-1.832170,4.611893,1.389840,-0.122444,0.009091,0.401016
790556654983670,left,260723.522000,1.365041,-2.930175,-0.139350,-3.473797,-1.573125,2.306813,0.000000,0.000000,-0.000000,0.000000,0.000000,0.496276,-1.854009,4.571242,1.354174,-0.120742,0.008425,0.344149
790556663015962,left,260723.530000,1.365041,-2.930187,-0.139291,-3.473820,-1.573113,2.310822,0.000000,0.000000,-0.000000,0.000000,0.000000,0.500398,-1.839642,4.617938,1.395821,-0.119473,0.013956,0.381272
790556670971452,left,260723.538000,1.365041,-2.930175,-0.139338,-3.473808,-1.573138,2.314841,0.000000,0.000000,-0.000000,0.000000,0.000000,0.506656,-1.816855,4.613891,1.381130,-0.116182,0.007629,0.409478
790556678970968,left,260723.546000,1.365017,-2.930224,-0.139315,-3.473808,-1.573138,2.319006,0.000000,0.000000,-0.000000,0.000000,0.000000,0.514100,-1.796516,4.623666,1.353101,-0.133413,0.009120,0.367868
790556686979487,left,260723.554000,1.365041,-2.930175,-0.139291,-3.473797,-1.573125,2.323234,0.000000,0.000000,-0.000000,0.000000,0.000000,0.518454,-1.859123,4.590129,1.402936,-0.127384,0.014361,0.364568
790556694981027,left,260723.562000,1.365029,-2.930236,-0.139362,-3.473797,-1.573113,2.327388,0.000000,0.000000,-0.000000,0.000000,0.000000,0.521002,-1.841162,4.591818,1.375265,-0.123231,0.020933,0.393086
790556702993787,left,260723.570000,1.365065,-2.930187,-0.139327,-3.473808,-1.573161,2.331568,0.000000,0.000000,-0.000000,0.000000,0.000000,0.527864,-1.854027,4.619092,1.360383,-0.119675,0.018582,0.401940
790556710977440,left,260723.578000,1.365041,-2.930164,-0.139303,-3.473808,-1.573113,2.335785,0.000000,0.000000,-0.000000,0.000000,0.000000,0.537477,-1.813715,4.612457,1.382665,-0.133206,0.015846,0.417367
790556718999528,left,260723.586000,1.365041,-2.930164,-0.139338,-3.473808,-1.573138,2.340074,0.000000,0.000000,-0.000000,0.000000,0.000000,0.546576,-1.834312,4.604186,1.369906,-0.129969,0.014446,0.371319
790556726966242,left,260723.594000,1.365065,-2.930200,-0.139338,-3.473820,-1.573161,2.344468,0.000000,0.000000,-0.000000,0.000000,0.000000,0.551784,-1.864008,4.601742,1.384245,-0.135918,0.013109,0.383141
790556734975762,left,260723.602000,1.365041,-2.930152,-0.139315,-3.473797,-1.573138,2.348972,0.000000,0.000000,-0.000000,0.000000,0.000000,0.559069,-1.875814,4.647800,1.347906,-0.120918,0.009678,0.388006
790556742969123,left,260723.610000,1.365017,-2.930187,-0.139327,-3.473808,-1.573138,2.353545,0.000000,0.000000,-0.000000,0.000000,0.000000,0.563410,-1.801355,4.577897,1.397864,-0.131838,0.014974,0.395163
790556750979959,left,260723.618000,1.365041,-2.930187,-0.139291,-3.473797,-1.573150,2.358069,0.000000,0.000000,-0.000000,0.000000,0.000000,0.566749,-1.824212,4.621758,1.404409,-0.136248,0.011939,0.384233
790556758975795,left,260723.626000,1.365053,-2.930212,-0.139315,-3.473808,-1.573125,2.362608,0.000000,0.000000,-0.000000,0.000000,0.000000,0.573589,-1.810184,4.625759,1.416315,-0.134258,0.017738,0.415276
790556766988249,left,260723.634000,1.365029,-2.930164,-0.139315,-3.473797,-1.573125,2.367195,0.000000,0.000000,-0.000000,0.000000,0.000000,0.582541,-1.829542,4.620830,1.393671,-0.131573,0.027019,0.445305
790556774973038,left,260723.642000,1.365017,-2.930175,-0.139350,-3.473797,-1.573113,2.371880,0.000000,0.000000,-0.000000,0.000000,0.000000,0.593263,-1.825348,4.608390,1.387088,-0.132476,0.023993,0.371456
790556782973447,left,260723.650000,1.365017,-2.930175,-0.139327,-3.473784,-1.573113,2.376645,0.000000,0.000000,-0.000000,0.000000,0.000000,0.595766,-1.806073,4.556843,1.353081,-0.138991,0.024444,0.409893
790556790968822,left,260723.658000,1.365065,-2.930187,-0.139338,-3.473760,-1.573138,2.381510,0.000000,0.000000,-0.000000,0.000000,0.000000,0.602953,-1.836434,4.631928,1.400783,-0.121661,0.020768,0.393556
790556798993186,left,260723.666000,1.365053,-2.930212,-0.139327,-3.473784,-1.573150,2.386398,0.000000,0.000000,-0.000000,0.000000,0.000000,0.606940,-1.796912,4.627595,1.400922,-0.133959,0.026733,0.401775
790556806974616,left,260723.674000,1.365017,-2.930175,-0.139291,-3.473784,-1.573138,2.391275,0.000000,0.000000,-0.000000,0.000000,0.000000,0.610788,-1.826004,4.590647,1.402491,-0.134002,0.026026,0.476709
790556814985366,left,260723.682000,1.365029,-2.930175,-0.139338,-3.473820,-1.573138,2.396141,0.000000,0.000000,-0.000000,0.000000,0.000000,0.619998,-1.822645,4.603720,1.369080,-0.144010,0.020694,0.417058
790556822991582,left,260723.690000,1.365017,-2.930187,-0.139338,-3.473784,-1.573125,2.401128,0.000000,0.000000,-0.000000,0.000000,0.000000,0.632308,-1.822884,4.595997,1.363306,-0.135571,0.033711,0.385725
790556830983302,left,260723.698000,1.365041,-2.930152,-0.139338,-3.473797,-1.573125,2.406196,0.000000,0.000000,-0.000000,0.000000,0.000000,0.635280,-1.825473,4.585870,1.389218,-0.124781,0.019653,0.423253
790556838996487,left,260723.706000,1.365041,-2.930200,-0.139338,-3.473784,-1.573138,2.411326,0.000000,0.000000,-0.000000,0.000000,0.000000,0.642291,-1.812637,4.600225,1.374228,-0.140370,0.026345,0.396884
790556846979672,left,260723.714000,1.365029,-2.930200,-0.139303,-3.473820,-1.573161,2.416606,0.000000,0.000000,-0.000000,0.000000,0.000000,0.646514,-1.866884,4.616277,1.379944,-0.125632,0.009894,0.390516
790556854957581,left,260723.722000,1.365041,-2.930152,-0.139338,-3.473832,-1.573150,2.421807,0.000000,0.000000,-0.000000,0.000000,0.000002,0.648552,-1.847940,4.589704,1.355518,-0.138152,0.041882,0.448895
790556862983495,left,260723.730000,1.365053,-2.930164,-0.139291,-3.473797,-1.573150,2.426972,0.000000,0.000000,-0.000000,0.000000,0.000000,0.657239,-1.831264,4.612127,1.360542,-0.139276,0.022470,0.421279
790556871015583,left,260723.738000,1.365041,-2.930212,-0.139303,-3.473820,-1.573113,2.432198,0.000000,0.000000,-0.000000,0.000000,0.000000,0.668174,-1.860161,4.592779,1.381889,-0.127343,0.029526,0.402154
790556878977788,left,260723.746000,1.365041,-2.930175,-0.139315,-3.473808,-1.573138,2.437566,0.000000,0.000000,-0.000000,0.000000,0.000000,0.675598,-1.817445,4.600117,1.359392,-0.129043,0.034018,0.403519
790556886967007,left,260723.754000,1.365041,-2.930164,-0.139315,-3.473808,-1.573138,2.442966,0.000000,0.000000,-0.000000,0.000000,0.000000,0.682367,-1.808375,4.611705,1.391559,-0.133968,0.031210,0.437010
790556894991225,left,260723.762000,1.365029,-2.930175,-0.139291,-3.473784,-1.573101,2.448586,0.000000,0.000000,-0.000000,0.000000,0.000000,0.686781,-1.848017,4.588598,1.387879,-0.141611,0.024644,0.406193
790556903025346,left,260723.770000,1.365089,-2.930164,-0.139315,-3.473808,-1.573113,2.454117,0.000000,0.000000,-0.000000,0.000000,0.000000,0.686876,-1.817923,4.642164,1.354506,-0.138169,0.013789,0.474642
790556910970800,left,260723.778000,1.365041,-2.930175,-0.139315,-3.473784,-1.573173,2.459568,0.000000,0.000000,-0.000000,0.000000,0.000000,0.696900,-1.843739,4.615534,1.337775,-0.133716,0.025598,0.456023
790556918982144,left,260723.786000,1.365053,-2.930175,-0.139338,-3.473808,-1.573138,2.465068,0.000000,0.000000,-0.000000,0.000000,0.000000,0.707216,-1.829152,4.592537,1.401782,-0.138526,0.020730,0.406630
790556926879733,left,260723.794000,1.365053,-2.930152,-0.139315,-3.473808,-1.573138,2.470768,0.000000,0.000000,-0.000000,0.000000,0.000000,0.711103,-1.831426,4.627717,1.409996,-0.135049,0.031613,0.478968
790556934857921,left,260723.802000,1.365041,-2.930175,-0.139327,-3.473797,-1.573138,2.476566,0.000000,0.000000,-0.000000,0.000000,0.000000,0.718565,-1.828189,4.574396,1.382664,-0.139280,0.031751,0.410158
790556942848038,left,260723.810000,1.365065,-2.930152,-0.139327,-3.473808,-1.573161,2.482412,0.000000,0.000000,-0.000000,0.000000,0.000000,0.723786,-1.821897,4.597929,1.385814,-0.137192,0.023950,0.417031
790556950842807,left,260723.818000,1.365065,-2.930175,-0.139291,-3.473808,-1.573138,2.488209,0.000000,0.000000,-0.000000,0.000000,0.000000,0.726816,-1.818206,4.577827,1.378241,-0.140068,0.026702,0.492531
790556958859130,left,260723.826000,1.365053,-2.930175,-0.139303,-3.473784,-1.573138,2.493960,0.000000,0.000000,-0.000000,0.000000,0.000086,0.738365,-1.804126,4.609191,1.385444,-0.130551,0.028247,0.431981
790556966854850,left,260723.834000,1.365029,-2.930175,-0.139315,-3.473808,-1.573173,2.499902,0.000000,0.000000,-0.000000,0.000000,0.000080,0.744764,-1.866723,4.640399,1.385700,-0.145344,0.028874,0.419426
790556974984888,left,260723.842000,1.365017,-2.930187,-0.139327,-3.473808,-1.573125,2.505924,0.000000,0.000000,-0.000000,0.000000,0.000074,0.750342,-1.827530,4.600199,1.414305,-0.143455,0.032072,0.443313
790556982998401,left,260723.850000,1.365065,-2.930164,-0.139327,-3.473772,-1.573113,2.512080,0.000000,0.000000,-0.000000,0.000000,0.000070,0.754489,-1.790695,4.581576,1.402383,-0.144263,0.030797,0.444055
790556990990007,left,260723.858000,1.365065,-2.930187,-0.139315,-3.473797,-1.573125,2.518151,0.000000,0.000000,-0.000000,0.000000,0.000066,0.757980,-1.837667,4.616011,1.372052,-0.138500,0.028739,0.439068
790556998977502,left,260723.866000,1.365029,-2.930175,-0.139327,-3.473797,-1.573138,2.524187,0.000000,0.000000,-0.000000,0.000000,0.000062,0.766263,-1.829175,4.612044,1.387732,-0.137602,0.018415,0.480633
790557006962023,left,260723.874000,1.365053,-2.930175,-0.139338,-3.473808,-1.573113,2.530323,0.000000,0.000000,-0.000000,0.000000,0.000059,0.776422,-1.851645,4.635937,1.407043,-0.139877,0.022613,0.451267
790557014984135,left,260723.882000,1.365077,-2.930175,-0.139291,-3.473797,-1.573113,2.536526,0.000000,0.000000,-0.000000,0.000000,0.000056,0.781949,-1.800772,4.613912,1.358949,-0.138735,0.023255,0.474830
790557022984676,left,260723.890000,1.365005,-2.930164,-0.139315,-3.473820,-1.573138,2.542956,0.000000,0.000000,-0.000000,0.000000,0.000053,0.789939,-1.861921,4.622255,1.410181,-0.155745,0.034788,0.447368
790557030979619,left,260723.898000,1.365065,-2.930164,-0.139327,-3.473808,-1.573138,2.549255,0.000000,0.000000,-0.000000,0.000000,0.000051,0.792189,-1.808268,4.616631,1.380083,-0.130137,0.039196,0.440459
790557038982069,left,260723.906000,1.365053,-2.930175,-0.139327,-3.473808,-1.573101,2.555555,0.000000,0.000000,-0.000000,0.000000,0.000000,0.799674,-1.806966,4.593336,1.366311,-0.148006,0.036062,0.486773
790557047016764,left,260723.914000,1.365029,-2.930187,-0.139303,-3.473797,-1.573138,2.561975,0.000000,0.000000,-0.000000,0.000000,0.000000,0.808849,-1.840388,4.609648,1.368520,-0.145400,0.019100,0.440597
790557054982355,left,260723.922000,1.365029,-2.930164,-0.139350,-3.473797,-1.573150,2.568511,0.000000,0.000000,-0.000000,0.000000,0.000000,0.813560,-1.831510,4.618374,1.358722,-0.144010,0.040959,0.451875
790557062995039,left,260723.930000,1.365041,-2.930152,-0.139338,-3.473808,-1.573138,2.575144,0.000000,0.000000,-0.000000,0.000000,0.000000,0.817364,-1.825130,4.581727,1.385393,-0.139214,0.039871,0.467499
790557071016094,left,260723.938000,1.365041,-2.930200,-0.139338,-3.473808,-1.573150,2.581693,0.000000,0.000000,-0.000000,0.000000,0.000000,0.821274,-1.869190,4.589925,1.366015,-0.144692,0.032238,0.524107
790557078982715,left,260723.946000,1.365041,-2.930187,-0.139315,-3.473820,-1.573125,2.588209,0.000000,0.000000,-0.000000,0.000000,0.000000,0.832996,-1.834496,4.595725,1.408116,-0.148456,0.034246,0.500911
790557086962732,left,260723.954000,1.365053,-2.930164,-0.139315,-3.473784,-1.573125,2.594903,0.000000,0.000000,-0.000000,0.000000,0.000000,0.840410,-1.821601,4.619113,1.379185,-0.152210,0.026590,0.505352
790557094978916,left,260723.962000,1.365017,-2.930187,-0.139315,-3.473820,-1.573125,2.601668,0.000000,0.000000,-0.000000,0.000000,0.000000,0.845846,-1.855288,4.626321,1.382707,-0.139522,0.032096,0.493670
790557102980015,left,260723.970000,1.365053,-2.930175,-0.139315,-3.473784,-1.573150,2.608552,0.000000,0.000000,-0.000000,0.000000,0.000000,0.848750,-1.819576,4.643420,1.386590,-0.147199,0.025504,0.485117
790557111014610,left,260723.978000,1.365017,-2.930175,-0.139327,-3.473832,-1.573161,2.615375,0.000000,0.000000,-0.000000,0.000000,0.000000,0.853598,-1.791591,4.611880,1.377072,-0.148220,0.024176,0.492745
790557118889834,left,260723.986000,1.365029,-2.930164,-0.139338,-3.473820,-1.573173,2.622142,0.000000,0.000000,-0.000000,0.000000,0.000000,0.865624,-1.818433,4.639752,1.392401,-0.149315,0.043094,0.467739
790557126959985,left,260723.994000,1.365065,-2.930140,-0.139327,-3.473808,-1.573138,2.629062,0.000000,0.000000,-0.000000,0.000000,0.000000,0.874060,-1.839250,4.615445,1.389615,-0.158815,0.029980,0.472645
790557134983333,left,260724.002000,1.365053,-2.930175,-0.139315,-3.473797,-1.573125,2.636197,0.000000,0.000000,-0.000000,0.000000,0.000000,0.879710,-1.815804,4.591528,1.406277,-0.161695,0.044858,0.446861
790557142972339,left,260724.010000,1.365041,-2.930200,-0.139327,-3.473784,-1.573113,2.643270,0.000000,0.000000,-0.000000,0.000000,0.000000,0.880857,-1.811658,4.613205,1.399784,-0.148597,0.042339,0.505047
790557150999693,left,260724.018000,1.365041,-2.930175,-0.139327,-3.473772,-1.573125,2.650282,0.000000,0.000000,-0.000000,0.000000,0.000000,0.890533,-1.827875,4.647000,1.372313,-0.176789,0.047009,0.500369
790557158976022,left,260724.026000,1.365017,-2.930164,-0.139338,-3.473784,-1.573150,2.657368,0.000000,0.000000,-0.000000,0.000000,0.000000,0.896326,-1.844880,4.638425,1.385774,-0.154192,0.036364,0.529647
790557166973931,left,260724.034000,1.365041,-2.930175,-0.139350,-3.473797,-1.573138,2.664670,0.000000,0.000000,-0.000000,0.000000,0.000000,0.904162,-1.823867,4.607043,1.397417,-0.156394,0.031669,0.528993
790557174954803,left,260724.042000,1.365029,-2.930200,-0.139315,-3.473808,-1.573113,2.672087,0.000000,0.000000,-0.000000,0.000000,0.000000,0.906450,-1.826544,4.646160,1.401013,-0.153819,0.041619,0.478830
790557182983398,left,260724.050000,1.365029,-2.930212,-0.139338,-3.473808,-1.573101,2.679281,0.000000,0.000000,-0.000000,0.000000,0.000000,0.911874,-1.843687,4.618457,1.353312,-0.153556,0.029219,0.485373
790557190972937,left,260724.058000,1.365017,-2.930164,-0.139327,-3.473797,-1.573101,2.686559,0.000000,0.000000,-0.000000,0.000000,0.000000,0.923460,-1.860570,4.624022,1.419668,-0.163213,0.045048,0.453574
790557198970654,left,260724.066000,1.365041,-2.930175,-0.139315,-3.473797,-1.573125,2.693936,0.000000,0.000000,-0.000000,0.000000,0.000000,0.930825,-1.831134,4.634501,1.396408,-0.167588,0.033413,0.473498
790557206943707,left,260724.074000,1.365041,-2.930175,-0.139338,-3.473797,-1.573150,2.701544,0.000000,0.000000,-0.000000,0.000000,0.000000,0.935415,-1.813326,4.621113,1.382674,-0.162255,0.045336,0.464147
790557214998811,left,260724.082000,1.365041,-2.930187,-0.139338,-3.473832,-1.573125,2.708980,0.000000,0.000000,-0.000000,0.000000,0.000000,0.939224,-1.803095,4.637241,1.366945,-0.156477,0.042871,0.515731
790557222973893,left,260724.090000,1.365065,-2.930187,-0.139315,-3.473832,-1.573138,2.716458,0.000000,0.000000,-0.000000,0.000000,0.000000,0.947751,-1.811496,4.629811,1.403522,-0.148164,0.036432,0.507814
790557230986517,left,260724.098000,1.365053,-2.930175,-0.139315,-3.473797,-1.573138,2.724039,0.000000,0.000000,-0.000000,0.000000,0.000000,0.955333,-1.804758,4.623611,1.384920,-0.148272,0.034924,0.505829
790557238944770,left,260724.106000,1.365041,-2.930212,-0.139327,-3.473797,-1.573138,2.731884,0.000000,0.000000,-0.000000,0.000000,0.000000,0.962627,-1.802543,4.609663,1.406311,-0.153114,0.040976,0.453438
790557246893009,left,260724.114000,1.365041,-2.930175,-0.139350,-3.473820,-1.573113,2.739546,0.000000,0.000000,-0.000000,0.000000,0.000000,0.964831,-1.796047,4.635990,1.406091,-0.163127,0.037344,0.474895
790557254883024,left,260724.122000,1.365029,-2.930175,-0.139303,-3.473797,-1.573125,2.747202,0.000000,0.000000,-0.000000,0.000000,0.000000,0.972765,-1.818724,4.565641,1.354777,-0.146559,0.050652,0.550316
790557262851575,left,260724.130000,1.365041,-2.930200,-0.139338,-3.473820,-1.573101,2.755024,0.000000,0.000000,-0.000000,0.000000,0.000000,0.979088,-1.804752,4.605614,1.357464,-0.149741,0.064795,0.510299
790557270844336,left,260724.138000,1.365041,-2.930187,-0.139315,-3.473808,-1.573125,2.763062,0.000000,0.000000,-0.000000,0.000000,0.000000,0.988460,-1.831028,4.578516,1.383902,-0.153144,0.042490,0.467892
790557278843413,left,260724.146000,1.365065,-2.930187,-0.139315,-3.473820,-1.573113,2.770953,0.000000,0.000000,-0.000000,0.000000,0.000000,0.990644,-1.835747,4.605960,1.378465,-0.145445,0.046883,0.491084
790557286852489,left,260724.154000,1.365041,-2.930164,-0.139303,-3.473808,-1.573101,2.778788,0.000000,0.000000,-0.000000,0.000000,0.000000,0.997417,-1.811598,4.585731,1.386863,-0.143229,0.036300,0.512839
790557294847496,left,260724.162000,1.364993,-2.930152,-0.139338,-3.473808,-1.573113,2.786803,0.000000,0.000000,-0.000000,0.000000,0.000000,1.008008,-1.819322,4.588088,1.323865,-0.156129,0.046598,0.522470
790557302845437,left,260724.170000,1.365017,-2.930152,-0.139327,-3.473808,-1.573138,2.795043,0.000000,0.000000,-0.000000,0.000000,0.000000,1.013439,-1.875748,4.646713,1.349936,-0.169525,0.045287,0.464251
790557310845776,left,260724.178000,1.365041,-2.930164,-0.139327,-3.473797,-1.573138,2.803158,0.000000,0.000000,-0.000000,0.000000,0.000000,1.013000,-1.813483,4.622384,1.332044,-0.166688,0.053160,0.532721
790557318848524,left,260724.186000,1.365017,-2.930164,-0.139338,-3.473808,-1.573138,2.811224,0.000000,0.000000,-0.000000,0.000000,0.000000,1.024641,-1.826619,4.638756,1.362370,-0.147252,0.039621,0.496598
790557326849373,left,260724.194000,1.365053,-2.930164,-0.139338,-3.473808,-1.573125,2.819408,0.000000,0.000000,-0.000000,0.000000,0.000000,1.032691,-1.814588,4.627112,1.416391,-0.145444,0.038239,0.517340
790557334845746,left,260724.202000,1.365017,-2.930175,-0.139315,-3.473797,-1.573125,2.827849,0.000000,0.000000,-0.000000,0.000000,0.000000,1.038252,-1.788680,4.614700,1.387515,-0.157086,0.039126,0.480578
790557342846827,left,260724.210000,1.365041,-2.930175,-0.139327,-3.473784,-1.573138,2.836061,0.000000,0.000000,-0.000000,0.000000,0.000065,1.042295,-1.833649,4.628958,1.401940,-0.147788,0.053593,0.500964
790557350854855,left,260724.218000,1.365041,-2.930187,-0.139327,-3.473797,-1.573138,2.844368,0.000000,0.000000,-0.000000,0.000000,0.000063,1.050626,-1.785240,4.580228,1.390621,-0.154808,0.049781,0.529208
790557358857025,left,260724.226000,1.365017,-2.930175,-0.139338,-3.473832,-1.573138,2.852880,0.000000,0.000000,-0.000000,0.000000,0.000060,1.057647,-1.782362,4.644664,1.410620,-0.148723,0.044844,0.509394
790557366856454,left,260724.234000,1.365017,-2.930128,-0.139303,-3.473808,-1.573125,2.861512,0.000000,0.000000,-0.000000,0.000000,0.000057,1.061884,-1.819486,4.631367,1.383492,-0.151259,0.040123,0.517651
790557374855773,left,260724.242000,1.365041,-2.930175,-0.139315,-3.473772,-1.573113,2.869927,0.000000,0.000000,-0.000000,0.000000,0.000054,1.066552,-1.789703,4.675541,1.360963,-0.145021,0.046184,0.515077
790557382981174,left,260724.250000,1.365029,-2.930152,-0.139303,-3.473808,-1.573113,2.878429,0.000000,0.000000,-0.000000,0.000000,0.000051,1.075131,-1.813348,4.612654,1.415154,-0.172358,0.039653,0.559012
790557390946390,left,260724.258000,1.365041,-2.930152,-0.139291,-3.473820,-1.573125,2.887222,0.000000,0.000000,-0.000000,0.000000,0.000003,1.085433,-1.806120,4.661679,1.385113,-0.149999,0.042867,0.479645
790557398987197,left,260724.266000,1.365029,-2.930187,-0.139315,-3.473784,-1.573089,2.895972,0.000000,0.000000,-0.000000,0.000000,0.000000,1.086434,-1.810014,4.628901,1.367853,-0.159249,0.045340,0.524769
790557406980298,left,260724.274000,1.365041,-2.930152,-0.139303,-3.473797,-1.573125,2.904537,0.000000,0.000000,-0.000000,0.000000,0.000000,1.094661,-1.772867,4.631849,1.360066,-0.162827,0.064601,0.503472
790557414940514,left,260724.282000,1.365029,-2.930200,-0.139315,-3.473808,-1.573125,2.913304,0.000000,0.000000,-0.000000,0.000000,0.000000,1.101963,-1.786605,4.623008,1.414015,-0.157371,0.041737,0.571818
790557422945549,left,260724.290000,1.365029,-2.930164,-0.139362,-3.473820,-1.573138,2.922320,0.000000,0.000000,-0.000000,0.000000,0.000000,1.109934,-1.786575,4.634714,1.367233,-0.161905,0.048575,0.460091
790557430970529,left,260724.298000,1.365029,-2.930187,-0.139327,-3.473784,-1.573161,2.931096,0.000000,0.000000,-0.000000,0.000000,0.000000,1.112623,-1.783057,4.642673,1.369553,-0.159718,0.036256,0.515995
790557438963761,left,260724.306000,1.365041,-2.930164,-0.139350,-3.473808,-1.573101,2.939960,0.000000,0.000000,-0.000000,0.000000,0.000000,1.119082,-1.789282,4.634220,1.352230,-0.155671,0.052034,0.565422
790557446970256,left,260724.314000,1.365053,-2.930200,-0.139338,-3.473797,-1.573113,2.949047,0.000000,0.000000,-0.000000,0.000000,0.000000,1.129997,-1.775255,4.669012,1.386511,-0.161165,0.042376,0.498197
790557454952335,left,260724.322000,1.365053,-2.930152,-0.139315,-3.473808,-1.573125,2.958196,0.000000,0.000000,-0.000000,0.000000,0.000000,1.131792,-1.824307,4.634036,1.385271,-0.157096,0.056268,0.544745
790557462982807,left,260724.330000,1.365077,-2.930200,-0.139315,-3.473797,-1.573138,2.967187,0.000000,0.000000,-0.000000,0.000000,0.000000,1.137649,-1.820266,4.578656,1.367607,-0.158360,0.047218,0.522006
790557470977610,left,260724.338000,1.365041,-2.930187,-0.139315,-3.473808,-1.573125,2.976297,0.000000,0.000000,-0.000000,0.000000,0.000000,1.145800,-1.838376,4.663895,1.398588,-0.162099,0.065474,0.540393
790557478987965,left,260724.346000,1.365041,-2.930187,-0.139327,-3.473808,-1.573101,2.985630,0.000000,0.000000,-0.000000,0.000000,0.000000,1.152682,-1.797212,4.624264,1.388264,-0.162416,0.058406,0.475585
790557487017026,left,260724.354000,1.365017,-2.930175,-0.139350,-3.473808,-1.573113,2.994729,0.000000,0.000000,-0.000000,0.000000,0.000000,1.139025,-1.800739,4.639387,1.402714,-0.158840,0.059545,0.472277
790557494948558,left,260724.362000,1.365029,-2.930175,-0.139315,-3.473820,-1.573113,3.003721,0.000000,0.000000,-0.000000,0.000000,0.000000,1.136120,-1.831033,4.607598,1.427847,-0.153824,0.057361,0.502934
790557502961457,left,260724.370000,1.365065,-2.930175,-0.139291,-3.473784,-1.573078,3.012895,0.000000,0.000000,-0.000000,0.000000,0.000000,1.132469,-1.836012,4.635652,1.401364,-0.161286,0.065233,0.470684
790557510862054,left,260724.378000,1.365053,-2.930187,-0.139338,-3.473808,-1.573125,3.021969,0.000000,0.000000,-0.000000,0.000000,0.000000,1.122025,-1.806999,4.626858,1.374887,-0.159910,0.080448,0.482855
790557518856151,left,260724.386000,1.365041,-2.930152,-0.139315,-3.473808,-1.573113,3.030796,0.000000,0.000000,-0.000000,0.000000,0.000000,1.116263,-1.783393,4.609409,1.389470,-0.161558,0.063487,0.526210
790557526853894,left,260724.394000,1.365053,-2.930175,-0.139338,-3.473820,-1.573125,3.039706,0.000000,0.000000,-0.000000,0.000000,0.000000,1.112465,-1.817983,4.643592,1.384733,-0.164999,0.064445,0.501511
790557534858951,left,260724.402000,1.365029,-2.930140,-0.139315,-3.473820,-1.573089,3.048675,0.000000,0.000000,-0.000000,0.000000,0.000000,1.107717,-1.823700,4.597001,1.393018,-0.163236,0.068756,0.434286
790557542853881,left,260724.410000,1.365053,-2.930175,-0.139327,-3.473808,-1.573138,3.057434,0.000000,0.000000,-0.000000,0.000000,0.000000,1.095479,-1.782227,4.612458,1.385263,-0.148224,0.060064,0.475564
790557550861390,left,260724.418000,1.365029,-2.930187,-0.139315,-3.473820,-1.573101,3.066117,0.000000,0.000000,-0.000000,0.000000,0.000000,1.091976,-1.827549,4.664016,1.404690,-0.165105,0.063936,0.491006
790557558963402,left,260724.426000,1.365029,-2.930152,-0.139315,-3.473797,-1.573138,3.074952,0.000000,0.000000,-0.000000,0.000000,0.000000,1.088892,-1.812529,4.632676,1.369637,-0.152499,0.065131,0.431594
790557566971970,left,260724.434000,1.365041,-2.930164,-0.139327,-3.473797,-1.573125,3.083672,0.000000,0.000000,-0.000000,0.000000,0.000000,1.076653,-1.737318,4.624301,1.384713,-0.153473,0.074910,0.469592
790557574977490,left,260724.442000,1.365041,-2.930175,-0.139279,-3.473820,-1.573150,3.092136,0.000000,0.000000,-0.000000,0.000000,0.000000,1.073082,-1.806882,4.655119,1.385420,-0.157153,0.068414,0.465021
790557582993018,left,260724.450000,1.365053,-2.930200,-0.139327,-3.473772,-1.573089,3.100693,0.000000,0.000000,-0.000000,0.000000,0.000000,1.068870,-1.837652,4.593608,1.378514,-0.154402,0.076004,0.480909
790557590987237,left,260724.458000,1.365053,-2.930175,-0.139303,-3.473820,-1.573089,3.109383,0.000000,0.000000,-0.000000,0.000000,0.000000,1.064483,-1.802737,4.603982,1.370690,-0.151353,0.063282,0.406380
790557599042192,left,260724.466000,1.365065,-2.930187,-0.139303,-3.473784,-1.573113,3.117781,0.000000,0.000000,0.000000,0.000000,0.000000,1.051191,-1.814902,4.643167,1.393450,-0.167403,0.058825,0.468356
790557606876385,left,260724.474000,1.365017,-2.930175,-0.139315,-3.473820,-1.573089,3.125990,0.000000,0.000000,0.000000,0.000000,0.000125,1.048027,-1.738801,4.619770,1.396412,-0.162494,0.046570,0.471798
790557614849717,left,260724.482000,1.365077,-2.930212,-0.139315,-3.473808,-1.573161,3.134378,0.000000,0.000000,0.000000,0.000000,0.000118,1.043001,-1.803634,4.641509,1.380465,-0.147792,0.060847,0.507178
790557622966380,left,260724.490000,1.365029,-2.930175,-0.139303,-3.473784,-1.573089,3.142870,0.000000,0.000000,0.000000,0.000000,0.000107,1.036829,-1.807764,4.668286,1.364984,-0.162528,0.056882,0.423566
790557630991240,left,260724.498000,1.365029,-2.930175,-0.139327,-3.473808,-1.573089,3.151037,0.000000,0.000000,0.000000,0.000000,0.000097,1.027011,-1.780257,4.619820,1.401421,-0.142900,0.062597,0.465978
790557638968808,left,260724.506000,1.365041,-2.930175,-0.139338,-3.473832,-1.573125,3.159170,0.000000,0.000000,-0.000000,0.000000,0.000090,1.022229,-1.816075,4.656935,1.409241,-0.156908,0.061634,0.470340
790557646958109,left,260724.514000,1.365053,-2.930200,-0.139303,-3.473808,-1.573125,3.167374,0.000000,0.000000,-0.000000,0.000000,0.000100,1.018849,-1.806301,4.596059,1.394096,-0.167118,0.054708,0.442222
790557654980996,left,260724.522000,1.365053,-2.930152,-0.139291,-3.473808,-1.573101,3.175576,0.000000,0.000000,-0.000000,0.000000,0.000093,1.008944,-1.779139,4.639338,1.386616,-0.148488,0.057360,0.458097
790557662976995,left,260724.530000,1.365017,-2.930187,-0.139315,-3.473797,-1.573101,3.183579,0.000000,0.000000,-0.000000,0.000000,0.000087,1.000250,-1.792076,4.663212,1.399755,-0.147763,0.061921,0.468021
790557671021406,left,260724.538000,1.365041,-2.930187,-0.139327,-3.473808,-1.573089,3.191459,0.000000,0.000000,-0.000000,0.000000,0.000082,0.998490,-1.816800,4.634127,1.432543,-0.151102,0.064390,0.462064
790557678991579,left,260724.546000,1.365041,-2.930187,-0.139327,-3.473797,-1.573125,3.199428,0.000000,0.000000,-0.000000,0.000000,0.000077,0.993417,-1.818056,4.608803,1.400357,-0.172449,0.060699,0.445372
790557686986822,left,260724.554000,1.365041,-2.930152,-0.139327,-3.473808,-1.573101,3.207435,0.000000,0.000000,-0.000000,0.000000,0.000073,0.983036,-1.771339,4.625836,1.377633,-0.152784,0.063888,0.418160
790557694981964,left,260724.562000,1.365041,-2.930175,-0.139327,-3.473784,-1.573138,3.215176,0.000000,0.000000,-0.000000,0.000000,0.000069,0.977022,-1.806591,4.653605,1.384420,-0.153599,0.068040,0.469333
790557703017695,left,260724.570000,1.365053,-2.930175,-0.139327,-3.473797,-1.573113,3.222877,0.000000,0.000000,-0.000000,0.000000,0.000066,0.971520,-1.795362,4.640796,1.401066,-0.160585,0.058079,0.445474
790557710970576,left,260724.578000,1.365065,-2.930164,-0.139327,-3.473797,-1.573101,3.230744,0.000000,0.000000,-0.000000,0.000000,0.000063,0.969100,-1.761997,4.645014,1.370577,-0.158301,0.065798,0.446498
790557718999766,left,260724.586000,1.365065,-2.930152,-0.139303,-3.473808,-1.573125,3.238573,0.000000,0.000000,-0.000000,0.000000,0.000060,0.955956,-1.777054,4.640452,1.378515,-0.164773,0.050282,0.441308
790557726967142,left,260724.594000,1.365053,-2.930212,-0.139315,-3.473797,-1.573150,3.246090,0.000000,0.000000,0.000000,0.000000,0.000000,0.950599,-1.781656,4.651576,1.386162,-0.153604,0.059313,0.451855
790557734973919,left,260724.602000,1.365053,-2.930152,-0.139315,-3.473832,-1.573101,3.253605,0.000000,0.000000,0.000000,0.000000,0.000000,0.945970,-1.772137,4.646065,1.358668,-0.165279,0.062509,0.451254
790557742971717,left,260724.610000,1.365017,-2.930164,-0.139327,-3.473808,-1.573078,3.261223,0.000000,0.000000,0.000000,0.000000,0.000000,0.940457,-1.779433,4.653652,1.395915,-0.163671,0.062449,0.414568
790557750967582,left,260724.618000,1.365041,-2.930200,-0.139327,-3.473808,-1.573089,3.268856,0.000000,0.000000,0.000000,0.000000,0.000000,0.932688,-1.777766,4.638823,1.400260,-0.166704,0.066606,0.399332
790557758988712,left,260724.626000,1.365053,-2.930164,-0.139327,-3.473820,-1.573101,3.276196,0.000000,0.000000,0.000000,0.000000,0.000000,0.921271,-1.774976,4.625685,1.406696,-0.162448,0.048156,0.478554
790557766970558,left,260724.634000,1.365029,-2.930175,-0.139338,-3.473797,-1.573101,3.283439,0.000000,0.000000,0.000000,0.000000,0.000000,0.920523,-1.818412,4.623361,1.393373,-0.150528,0.052615,0.446270
790557774980939,left,260724.642000,1.365053,-2.930187,-0.139350,-3.473832,-1.573125,3.290751,0.000000,0.000000,-0.000000,0.000000,0.000000,0.916980,-1.817228,4.659695,1.409024,-0.159928,0.059745,0.408796
790557782984460,left,260724.650000,1.365053,-2.930200,-0.139303,-3.473820,-1.573138,3.298149,0.000000,0.000000,-0.000000,0.000000,0.000000,0.909084,-1.752934,4.633967,1.382229,-0.168914,0.047717,0.374349
790557790959678,left,260724.658000,1.365029,-2.930175,-0.139303,-3.473832,-1.573150,3.305381,0.000000,0.000000,-0.000000,0.000000,0.000000,0.898061,-1.792902,4.628337,1.381337,-0.161617,0.068244,0.425661
790557798980084,left,260724.666000,1.365041,-2.930187,-0.139303,-3.473797,-1.573138,3.312452,0.000000,0.000000,-0.000000,0.000000,0.000000,0.893143,-1.765148,4.652957,1.455386,-0.150975,0.062124,0.462556
790557806980858,left,260724.674000,1.365053,-2.930164,-0.139338,-3.473797,-1.573113,3.319572,0.000000,0.000000,-0.000000,0.000000,0.000000,0.889521,-1.740683,4.675095,1.377469,-0.170292,0.065925,0.443858
790557814982085,left,260724.682000,1.365053,-2.930152,-0.139338,-3.473808,-1.573113,3.326773,0.000000,0.000000,-0.000000,0.000000,0.000000,0.885953,-1.792387,4.643828,1.385321,-0.152448,0.059475,0.377350
790557822972642,left,260724.690000,1.365041,-2.930164,-0.139338,-3.473797,-1.573125,3.333875,0.000000,0.000000,-0.000000,0.000000,0.000000,0.873882,-1.786660,4.662959,1.430645,-0.169326,0.079442,0.413272
790557830979365,left,260724.698000,1.365041,-2.930152,-0.139338,-3.473797,-1.573125,3.340741,0.000000,0.000000,-0.000000,0.000000,0.000000,0.865751,-1.773637,4.641195,1.365511,-0.174372,0.062557,0.438110
790557838968165,left,260724.706000,1.365053,-2.930200,-0.139338,-3.473820,-1.573089,3.347510,0.000000,0.000000,-0.000000,0.000000,0.000000,0.861308,-1.805045,4.657207,1.357844,-0.161390,0.064977,0.426440
790557846978491,left,260724.714000,1.365041,-2.930187,-0.139338,-3.473808,-1.573101,3.354459,0.000000,0.000000,-0.000000,0.000000,0.000000,0.857303,-1.791451,4.647932,1.365625,-0.168814,0.064756,0.412235
790557854991966,left,260724.722000,1.365065,-2.930175,-0.139303,-3.473808,-1.573113,3.361382,0.000000,0.000000,-0.000000,0.000000,0.000000,0.851581,-1.770198,4.640737,1.390166,-0.165610,0.057996,0.353035
790557862987023,left,260724.730000,1.365041,-2.930175,-0.139338,-3.473820,-1.573125,3.368115,0.000000,0.000000,-0.000000,0.000000,0.000000,0.839786,-1.749588,4.641039,1.396160,-0.171908,0.065412,0.419738
790557870981974,left,260724.738000,1.365053,-2.930187,-0.139327,-3.473784,-1.573138,3.374714,0.000000,0.000000,-0.000000,0.000000,0.000000,0.836322,-1.775544,4.621849,1.369016,-0.166929,0.064992,0.434409
790557878990905,left,260724.746000,1.365029,-2.930212,-0.139338,-3.473808,-1.573101,3.381360,0.000000,0.000000,-0.000000,0.000000,0.000000,0.831244,-1.761173,4.643013,1.406202,-0.173074,0.071517,0.451212
790557886985809,left,260724.754000,1.365065,-2.930164,-0.139315,-3.473797,-1.573089,3.388026,0.000000,0.000000,-0.000000,0.000000,0.000000,0.829180,-1.775352,4.628056,1.349220,-0.171431,0.056737,0.383857
790557894976251,left,260724.762000,1.365041,-2.930152,-0.139303,-3.473820,-1.573101,3.394700,0.000000,0.000000,-0.000000,0.000000,0.000143,0.817936,-1.749397,4.680199,1.402503,-0.157035,0.065992,0.366960
790557902976461,left,260724.770000,1.365029,-2.930200,-0.139315,-3.473784,-1.573089,3.401149,0.000000,0.000000,-0.000000,0.000000,0.000153,0.808492,-1.784053,4.601408,1.355586,-0.168920,0.066310,0.436050
790557910971528,left,260724.778000,1.365041,-2.930164,-0.139338,-3.473820,-1.573101,3.407538,0.000000,0.000000,-0.000000,0.000000,0.000137,0.805046,-1.777366,4.647021,1.375074,-0.158416,0.054107,0.419209
790557918949518,left,260724.786000,1.365053,-2.930164,-0.139315,-3.473797,-1.573078,3.413928,0.000000,0.000000,-0.000000,0.000000,0.000145,0.800737,-1.748533,4.673546,1.399214,-0.163167,0.054533,0.444361
790557926890575,left,260724.794000,1.365029,-2.930200,-0.139303,-3.473832,-1.573041,3.420377,0.000000,0.000000,-0.000000,0.000000,0.000133,0.796380,-1.779108,4.624165,1.390208,-0.163239,0.051248,0.373303
790557934980219,left,260724.802000,1.365017,-2.930187,-0.139327,-3.473808,-1.573101,3.426813,0.000000,0.000000,-0.000000,0.000000,0.000123,0.787429,-1.749040,4.627819,1.379635,-0.156335,0.058997,0.358675
790557943014805,left,260724.810000,1.365053,-2.930164,-0.139279,-3.473808,-1.573125,3.432997,0.000000,0.000000,-0.000000,0.000000,0.000126,0.777814,-1.803164,4.645145,1.354663,-0.157936,0.056844,0.407103
790557950949721,left,260724.818000,1.365053,-2.930187,-0.139327,-3.473808,-1.573078,3.439106,0.000000,0.000000,-0.000000,0.000000,0.000121,0.773625,-1.768724,4.653809,1.408526,-0.174226,0.050583,0.397714
790557958943014,left,260724.826000,1.365029,-2.930200,-0.139327,-3.473797,-1.573078,3.445251,0.000000,0.000000,-0.000000,0.000000,0.000114,0.765869,-1.766780,4.646095,1.373573,-0.171314,0.042112,0.458598
790557966886367,left,260724.834000,1.365053,-2.930175,-0.139338,-3.473797,-1.573101,3.451458,0.000000,0.000000,-0.000000,0.000000,0.000107,0.762952,-1.747018,4.647350,1.403932,-0.169950,0.058955,0.364958
790557974849180,left,260724.842000,1.365053,-2.930164,-0.139350,-3.473820,-1.573113,3.457623,0.000000,0.000000,-0.000000,0.000000,0.000101,0.752442,-1.779827,4.649787,1.383109,-0.161021,0.057746,0.392402
790557982867498,left,260724.850000,1.365041,-2.930164,-0.139327,-3.473784,-1.573089,3.463495,0.000000,0.000000,-0.000000,0.000000,0.000096,0.744527,-1.767962,4.686777,1.380800,-0.156384,0.044227,0.424395
790557990851325,left,260724.858000,1.365053,-2.930164,-0.139303,-3.473820,-1.573101,3.469340,0.000000,0.000000,-0.000000,0.000000,0.000091,0.741479,-1.767016,4.655405,1.375007,-0.169990,0.050065,0.411640
790557998848491,left,260724.866000,1.365041,-2.930164,-0.139279,-3.473797,-1.573078,3.475222,0.000000,0.000000,-0.000000,0.000000,0.000086,0.736541,-1.810737,4.697152,1.351671,-0.167508,0.051935,0.403997
790558006866165,left,260724.874000,1.365053,-2.930175,-0.139338,-3.473797,-1.573125,3.481142,0.000000,0.000000,-0.000000,0.000000,0.000082,0.733426,-1.781902,4.661174,1.383009,-0.167997,0.027040,0.342304
790558014869862,left,260724.882000,1.365053,-2.930200,-0.139362,-3.473784,-1.573113,3.487067,0.000000,0.000000,-0.000000,0.000000,0.000010,0.721595,-1.767707,4.662974,1.365467,-0.161891,0.019921,0.379238
790558022850119,left,260724.890000,1.365053,-2.930200,-0.139338,-3.473820,-1.573125,3.492779,0.000000,0.000000,-0.000000,0.000000,0.000000,0.711718,-1.811713,4.670565,1.387347,-0.169806,0.029877,0.392448
790558030826356,left,260724.898000,1.365053,-2.930164,-0.139338,-3.473808,-1.573078,3.497520,0.000000,0.000000,-0.000000,0.000000,0.000000,0.465427,-1.742013,4.655824,1.409496,-0.164677,0.040327,-0.506480
790558038846563,left,260724.906000,1.365029,-2.930175,-0.139315,-3.473797,-1.573089,3.500086,0.000000,0.000000,-0.000000,0.000000,0.000000,0.248073,-1.809907,4.661691,1.401397,-0.162911,0.036502,-0.632548
790558046844230,left,260724.914000,1.365041,-2.930187,-0.139315,-3.473820,-1.573078,3.500901,0.000000,0.000000,-0.000000,0.000000,0.000000,0.019749,-1.765869,4.680232,1.387554,-0.174021,0.052984,-0.724463
790558054864109,left,260724.922000,1.365077,-2.930164,-0.139291,-3.473797,-1.573125,3.500667,0.000000,0.000000,-0.000000,0.000000,0.000000,0.020069,-1.812374,4.662515,1.413114,-0.181266,0.028931,-0.105605
790558062851917,left,260724.930000,1.365017,-2.930175,-0.139315,-3.473797,-1.573101,3.500605,0.000000,0.000000,-0.000000,0.000000,0.000000,-0.016565,-1.821585,4.643054,1.345683,-0.168687,0.035966,0.052862
790558070858448,left,260724.938000,1.365041,-2.930187,-0.139315,-3.473784,-1.573041,3.500546,0.000000,0.000000,-0.000000,0.000000,0.000000,-0.012150,-1.811514,4.674821,1.390532,-0.181427,0.024445,-0.114394
790558078848861,left,260724.946000,1.365005,-2.930140,-0.139362,-3.473797,-1.573041,3.500400,0.000000,0.000000,-0.000000,0.000000,0.000000,-0.020671,-1.804734,4.645195,1.384300,-0.159406,0.019440,-0.125491
790558087016251,left,260724.954000,1.365029,-2.930116,-0.139338,-3.473797,-1.573113,3.500219,0.000000,0.000000,-0.000000,0.000000,0.000000,-0.026658,-1.796713,4.668134,1.386064,-0.170368,0.022881,-0.168566
790558094846610,left,260724.962000,1.365041,-2.930187,-0.139315,-3.473832,-1.573113,3.499988,0.000000,0.000000,-0.000000,0.000000,0.000000,-0.036082,-1.832211,4.657812,1.396367,-0.168798,0.014256,-0.157039
790558102844966,left,260724.970000,1.365029,-2.930187,-0.139303,-3.473797,-1.573125,3.499711,0.000000,0.000000,-0.000000,-0.000000,0.000000,-0.043911,-1.804769,4.703164,1.411297,-0.172763,0.032406,-0.188861
790558110843698,left,260724.978000,1.365029,-2.930187,-0.139350,-3.473820,-1.573125,3.499326,0.000000,0.000000,-0.000000,-0.000000,0.000000,-0.050212,-1.841247,4.642434,1.390005,-0.162784,0.032250,-0.198586
790558118853303,left,260724.986000,1.365041,-2.930152,-0.139303,-3.473808,-1.573089,3.498893,0.000000,0.000000,-0.000000,-0.000000,0.000000,-0.057682,-1.809001,4.646857,1.401804,-0.179580,0.025077,-0.199386
790558126869375,left,260724.994000,1.365041,-2.930187,-0.139291,-3.473808,-1.573065,3.498413,0.000000,0.000000,-0.000000,-0.000000,0.000000,-0.064379,-1.802777,4.661171,1.354747,-0.171668,0.025241,-0.209145
790558134849257,left,260725.002000,1.365041,-2.930175,-0.139327,-3.473820,-1.573101,3.497885,0.000000,0.000000,-0.000000,-0.000000,0.000000,-0.071017,-1.790830,4.673782,1.426950,-0.172744,0.028889,-0.202310
790558142844791,left,260725.010000,1.365065,-2.930140,-0.139315,-3.473820,-1.573125,3.497320,0.000000,0.000000,-0.000000,-0.000000,0.000000,-0.077171,-1.840512,4.641165,1.373081,-0.178795,0.031583,-0.204814
790558150842044,left,260725.018000,1.365053,-2.930175,-0.139303,-3.473856,-1.573078,3.496637,0.000000,0.000000,-0.000000,-0.000000,0.000000,-0.083304,-1.803973,4.667572,1.360469,-0.172061,0.027121,-0.200337
790558158857785,left,260725.026000,1.365017,-2.930200,-0.139303,-3.473808,-1.573113,3.495954,0.000000,0.000000,-0.000000,-0.000000,0.000000,-0.089256,-1.815937,4.659070,1.353239,-0.166943,0.027608,-0.223218
790558166853571,left,260725.034000,1.365041,-2.930152,-0.139338,-3.473797,-1.573065,3.495210,0.000000,0.000000,-0.000000,-0.000000,0.000000,-0.096473,-1.792908,4.679414,1.415346,-0.169610,0.029988,-0.212085
790558174844651,left,260725.042000,1.365005,-2.930152,-0.139291,-3.473808,-1.573125,3.494417,0.000000,0.000000,-0.000000,-0.000000,0.000000,-0.102830,-1.742064,4.660144,1.419619,-0.179651,0.048407,-0.213941
790558182844243,left,260725.050000,1.365041,-2.930175,-0.139303,-3.473808,-1.573078,3.493576,0.000000,0.000000,-0.000000,-0.000000,0.000000,-0.108982,-1.809103,4.655455,1.396077,-0.166824,0.026695,-0.215325
790558190854045,left,260725.058000,1.365065,-2.930175,-0.139315,-3.473784,-1.573065,3.492663,0.000000,0.000000,-0.000000,-0.000000,0.000000,-0.115917,-1.799861,4.611973,1.376161,-0.173968,0.022475,-0.217984
790558198848559,left,260725.066000,1.365053,-2.930164,-0.139327,-3.473760,-1.573101,3.491762,0.000000,0.000000,-0.000000,-0.000000,0.000000,-0.122310,-1.784124,4.646122,1.394480,-0.168018,0.025352,-0.245014
790558206846943,left,260725.074000,1.365065,-2.930212,-0.139327,-3.473832,-1.573125,3.490717,0.000000,0.000000,-0.000000,-0.000000,0.000000,-0.128545,-1.788109,4.665005,1.375470,-0.173480,0.024075,-0.222825
790558214842275,left,260725.082000,1.365041,-2.930164,-0.139338,-3.473832,-1.573113,3.489697,0.000000,0.000000,-0.000000,-0.000000,0.000000,-0.133936,-1.829057,4.645175,1.395695,-0.172164,0.024459,-0.231707
790558222855547,left,260725.090000,1.365041,-2.930175,-0.139338,-3.473820,-1.573089,3.488615,0.000000,0.000000,-0.000000,-0.000000,0.000000,-0.140721,-1.760253,4.680749,1.356836,-0.167928,0.023139,-0.234014
790558230845123,left,260725.098000,1.365029,-2.930175,-0.139362,-3.473808,-1.573078,3.487450,0.000000,0.000000,-0.000000,-0.000000,0.000000,-0.147974,-1.801219,4.634074,1.402994,-0.156088,0.018931,-0.237120
790558238842224,left,260725.106000,1.365029,-2.930200,-0.139303,-3.473820,-1.573078,3.486214,0.000000,0.000000,-0.000000,-0.000000,0.000000,-0.152420,-1.815927,4.640337,1.373632,-0.162030,0.025932,-0.228361
790558246844679,left,260725.114000,1.365041,-2.930140,-0.139315,-3.473820,-1.573125,3.484942,0.000000,0.000000,-0.000000,-0.000000,0.000000,-0.159173,-1.799771,4.666277,1.390235,-0.157302,0.008751,-0.246171
790558254869484,left,260725.122000,1.365017,-2.930164,-0.139315,-3.473820,-1.573125,3.483609,0.000000,0.000000,-0.000000,-0.000000,0.000000,-0.165920,-1.818540,4.649674,1.425966,-0.158784,0.019528,-0.241574
790558262849287,left,260725.130000,1.365029,-2.930164,-0.139315,-3.473820,-1.573113,3.482242,0.000000,0.000000,-0.000000,-0.000000,0.000000,-0.169467,-1.764180,4.665258,1.387635,-0.167274,0.022424,-0.265195
790558270843462,left,260725.138000,1.365017,-2.930187,-0.139338,-3.473797,-1.573101,3.480802,0.000000,0.000000,-0.000000,-0.000000,0.000000,-0.175229,-1.807085,4.678160,1.441792,-0.164189,0.003157,-0.271121
790558278848944,left,260725.146000,1.365029,-2.930152,-0.139338,-3.473832,-1.573089,3.479325,0.000000,0.000000,-0.000000,-0.000000,0.000000,-0.182612,-1.806103,4.651432,1.416132,-0.151409,0.003236,-0.244545
790558286932809,left,260725.154000,1.365029,-2.930175,-0.139291,-3.473832,-1.573113,3.477825,0.000000,0.000000,-0.000000,-0.000000,0.000000,-0.187804,-1.791247,4.647084,1.384272,-0.159829,0.000982,-0.275187
790558294846541,left,260725.162000,1.365053,-2.930175,-0.139327,-3.473808,-1.573101,3.476289,0.000000,0.000000,-0.000000,-0.000000,0.000000,-0.194996,-1.785692,4.644940,1.406234,-0.161849,0.030735,-0.272444
790558302843454,left,260725.170000,1.365053,-2.930187,-0.139362,-3.473808,-1.573138,3.474704,0.000000,0.000000,-0.000000,-0.000000,0.000000,-0.202150,-1.777181,4.684229,1.391521,-0.157128,0.004434,-0.294737
790558310844098,left,260725.178000,1.365053,-2.930152,-0.139338,-3.473797,-1.573101,3.473048,0.000000,0.000000,-0.000000,-0.000000,0.000000,-0.209168,-1.794653,4.668479,1.408285,-0.164929,0.023240,-0.267660
790558318843223,left,260725.186000,1.365029,-2.930152,-0.139303,-3.473784,-1.573089,3.471332,0.000000,0.000000,-0.000000,-0.000000,0.000000,-0.215520,-1.790868,4.662086,1.410474,-0.161931,0.006878,-0.282915
790558326845355,left,260725.194000,1.365041,-2.930187,-0.139315,-3.473820,-1.573113,3.469592,0.000000,0.000000,-0.000000,-0.000000,0.000000,-0.221781,-1.784577,4.682352,1.400784,-0.159543,0.013457,-0.258329
790558334845937,left,260725.202000,1.365041,-2.930140,-0.139315,-3.473832,-1.573101,3.467781,0.000000,0.000000,-0.000000,-0.000000,0.000000,-0.225860,-1.777821,4.657027,1.395615,-0.155402,-0.001469,-0.281680
790558342843251,left,260725.210000,1.365041,-2.930187,-0.139303,-3.473797,-1.573113,3.465956,0.000000,0.000000,-0.000000,-0.000000,0.000000,-0.234121,-1.761731,4.680574,1.367334,-0.168793,0.021377,-0.271615
790558350847109,left,260725.218000,1.365053,-2.930175,-0.139315,-3.473797,-1.573078,3.464037,0.000000,0.000000,-0.000000,-0.000000,0.000000,-0.240622,-1.785728,4.676452,1.423132,-0.158356,0.014356,-0.304227
790558358847990,left,260725.226000,1.365053,-2.930152,-0.139315,-3.473797,-1.573089,3.462129,0.000000,0.000000,-0.000000,-0.000000,0.000000,-0.248799,-1.768091,4.695022,1.397385,-0.152504,0.012274,-0.286254
790558366844357,left,260725.234000,1.365017,-2.930164,-0.139338,-3.473832,-1.573113,3.460100,0.000000,0.000000,-0.000000,-0.000000,0.000000,-0.257004,-1.794803,4.688011,1.386738,-0.159398,0.010911,-0.300795
790558374880197,left,260725.242000,1.365053,-2.930164,-0.139338,-3.473797,-1.573101,3.458061,0.000000,0.000000,-0.000000,-0.000000,0.000000,-0.262738,-1.777708,4.668044,1.357568,-0.159871,0.008263,-0.267206
790558382851783,left,260725.250000,1.365041,-2.930164,-0.139315,-3.473808,-1.573113,3.455902,0.000000,0.000000,-0.000000,-0.000000,0.000000,-0.269694,-1.770466,4.705600,1.409253,-0.158999,0.009874,-0.323543
790558390848579,left,260725.258000,1.365029,-2.930140,-0.139315,-3.473797,-1.573078,3.453671,0.000000,0.000000,-0.000000,-0.000000,0.000000,-0.274381,-1.820063,4.676058,1.385343,-0.156261,0.003714,-0.287761
790558398843614,left,260725.266000,1.365017,-2.930164,-0.139303,-3.473832,-1.573065,3.451440,0.000000,0.000000,-0.000000,-0.000000,0.000000,-0.280782,-1.772974,4.655372,1.384178,-0.150976,0.024118,-0.282113
790558406848732,left,260725.274000,1.365053,-2.930152,-0.139338,-3.473797,-1.573065,3.449149,0.000000,0.000000,-0.000000,-0.000000,0.000000,-0.286025,-1.751227,4.672583,1.397535,-0.163818,-0.002489,-0.301609
790558414843661,left,260725.282000,1.365017,-2.930175,-0.139327,-3.473808,-1.573125,3.446763,0.000000,0.000000,-0.000000,-0.000000,0.000000,-0.290903,-1.776027,4.680539,1.366679,-0.169680,0.006813,-0.295232
790558422846063,left,260725.290000,1.365041,-2.930164,-0.139303,-3.473808,-1.573089,3.444388,0.000000,0.000000,-0.000000,-0.000000,0.000000,-0.296839,-1.743909,4.654061,1.374859,-0.161636,0.004970,-0.289982
790558430842803,left,260725.298000,1.365053,-2.930175,-0.139315,-3.473844,-1.573113,3.441988,0.000000,0.000000,-0.000000,-0.000000,0.000000,-0.303507,-1.776518,4.664132,1.368883,-0.159565,0.005336,-0.290659
790558438865231,left,260725.306000,1.365041,-2.930175,-0.139303,-3.473797,-1.573089,3.439494,0.000000,0.000000,-0.000000,-0.000000,0.000000,-0.311193,-1.804741,4.683597,1.446067,-0.164994,0.003652,-0.291934
790558446842308,left,260725.314000,1.365041,-2.930140,-0.139315,-3.473820,-1.573101,3.436999,0.000000,0.000000,-0.000000,-0.000000,0.000000,-0.318565,-1.779506,4.683272,1.396722,-0.161919,-0.004749,-0.297993
790558454845247,left,260725.322000,1.365041,-2.930187,-0.139315,-3.473820,-1.573089,3.434443,0.000000,0.000000,-0.000000,-0.000000,0.000000,-0.326007,-1.785426,4.681806,1.374714,-0.151066,0.001839,-0.291422
790558462845502,left,260725.330000,1.365053,-2.930175,-0.139291,-3.473820,-1.573101,3.431840,0.000000,0.000000,-0.000000,-0.000000,0.000000,-0.332743,-1.767094,4.683390,1.391783,-0.159160,0.003302,-0.331026
790558470843577,left,260725.338000,1.365041,-2.930175,-0.139338,-3.473784,-1.573065,3.429175,0.000000,0.000000,-0.000000,-0.000000,0.000000,-0.339413,-1.806659,4.658704,1.357204,-0.164204,-0.003756,-0.332344
790558478847296,left,260725.346000,1.365029,-2.930140,-0.139315,-3.473784,-1.573113,3.426415,0.000000,0.000000,-0.000000,-0.000000,0.000000,-0.345349,-1.758229,4.637569,1.418623,-0.153646,-0.005066,-0.322314
790558486848711,left,260725.354000,1.365029,-2.930152,-0.139303,-3.473832,-1.573089,3.423618,0.000000,0.000000,-0.000000,-0.000000,0.000000,-0.353360,-1.775654,4.645736,1.393928,-0.163287,0.008844,-0.290868
790558494849369,left,260725.362000,1.365053,-2.930152,-0.139303,-3.473797,-1.573089,3.420749,0.000000,0.000000,-0.000000,-0.000000,0.000000,-0.360056,-1.771538,4.652723,1.353112,-0.159676,0.008622,-0.293618
790558502843233,left,260725.370000,1.365053,-2.930164,-0.139338,-3.473844,-1.573138,3.417799,0.000000,0.000000,-0.000000,-0.000000,0.000000,-0.362907,-1.796773,4.685343,1.408470,-0.144894,-0.000412,-0.311688
790558510841833,left,260725.378000,1.365029,-2.930152,-0.139327,-3.473820,-1.573113,3.414835,0.000000,0.000000,-0.000000,-0.000000,0.000000,-0.368117,-1.763925,4.677018,1.388458,-0.138922,0.002274,-0.317533
790558518866834,left,260725.386000,1.365041,-2.930152,-0.139338,-3.473820,-1.573089,3.411836,0.000000,0.000000,-0.000000,-0.000000,0.000000,-0.372954,-1.754194,4.696191,1.393457,-0.156675,-0.001721,-0.345955
790558526847306,left,260725.394000,1.365017,-2.930200,-0.139327,-3.473797,-1.573101,3.408848,0.000000,0.000000,-0.000000,-0.000000,0.000000,-0.380069,-1.811070,4.650062,1.393754,-0.155472,0.008302,-0.333487
790558534845752,left,260725.402000,1.365065,-2.930175,-0.139362,-3.473797,-1.573065,3.405798,0.000000,0.000000,-0.000000,-0.000000,0.000000,-0.388334,-1.796980,4.687290,1.390337,-0.159091,0.003933,-0.310098
790558542843465,left,260725.410000,1.365077,-2.930152,-0.139303,-3.473832,-1.573089,3.402665,0.000000,0.000000,-0.000000,-0.000000,0.000000,-0.395018,-1.760661,4.646032,1.402238,-0.150381,-0.000288,-0.331908
790558550841919,left,260725.418000,1.365041,-2.930140,-0.139362,-3.473820,-1.573065,3.399510,0.000000,0.000000,-0.000000,-0.000000,0.000000,-0.402576,-1.805224,4.665419,1.407256,-0.142328,0.001942,-0.334354
790558558859870,left,260725.426000,1.365029,-2.930164,-0.139315,-3.473808,-1.573113,3.396280,0.000000,0.000000,-0.000000,-0.000000,0.000000,-0.410963,-1.780358,4.679286,1.396146,-0.154344,0.001125,-0.317375
790558566844639,left,260725.434000,1.365053,-2.930152,-0.139303,-3.473832,-1.573113,3.392945,0.000000,0.000000,-0.000000,-0.000000,0.000000,-0.418560,-1.777653,4.657283,1.407773,-0.145855,0.003023,-0.328043
790558574844576,left,260725.442000,1.365041,-2.930140,-0.139327,-3.473832,-1.573089,3.389560,0.000000,0.000000,-0.000000,-0.000000,0.000000,-0.422838,-1.746123,4.681600,1.417876,-0.147521,-0.005412,-0.336953
790558582843270,left,260725.450000,1.365041,-2.930152,-0.139315,-3.473808,-1.573101,3.386071,0.000000,0.000000,-0.000000,-0.000000,0.000000,-0.427979,-1.808976,4.667858,1.414916,-0.140566,-0.003354,-0.336574
790558590864230,left,260725.458000,1.365053,-2.930152,-0.139303,-3.473820,-1.573078,3.382640,0.000000,0.000000,-0.000000,-0.000000,0.000000,-0.432417,-1.785896,4.666538,1.349735,-0.151881,-0.005255,-0.334844
790558598848375,left,260725.466000,1.365017,-2.930140,-0.139327,-3.473820,-1.573101,3.379172,0.000000,0.000000,-0.000000,-0.000000,0.000000,-0.438900,-1.769521,4.630343,1.389719,-0.154883,0.003664,-0.333336
790558606848500,left,260725.474000,1.365041,-2.930164,-0.139327,-3.473808,-1.573113,3.375621,0.000000,0.000000,-0.000000,-0.000000,0.000000,-0.445256,-1.792279,4.624690,1.393385,-0.157354,-0.005833,-0.350014
790558614844208,left,260725.482000,1.365065,-2.930187,-0.139291,-3.473797,-1.573113,3.372053,0.000000,0.000000,-0.000000,-0.000000,0.000000,-0.455031,-1.766408,4.673507,1.409822,-0.145088,-0.008366,-0.339366
790558622892422,left,260725.490000,1.365017,-2.930164,-0.139338,-3.473820,-1.573089,3.368467,0.000000,0.000000,-0.000000,-0.000000,0.000000,-0.460430,-1.781879,4.646393,1.364326,-0.137466,-0.007342,-0.356902
790558630851046,left,260725.498000,1.365053,-2.930175,-0.139327,-3.473797,-1.573113,3.364786,0.000000,0.000000,-0.000000,-0.000000,0.000000,-0.468200,-1.767932,4.668310,1.404196,-0.151338,-0.007324,-0.347772
790558638845260,left,260725.506000,1.365053,-2.930187,-0.139291,-3.473832,-1.573125,3.360996,0.000000,0.000000,-0.000000,-0.000000,0.000000,-0.475177,-1.780379,4.693247,1.399445,-0.149380,-0.006910,-0.351652
790558646841473,left,260725.514000,1.365017,-2.930164,-0.139338,-3.473820,-1.573089,3.357111,0.000000,0.000000,-0.000000,-0.000000,0.000000,-0.479824,-1.771603,4.627644,1.422944,-0.138782,0.015118,-0.358945
790558654846044,left,260725.522000,1.365029,-2.930164,-0.139303,-3.473832,-1.573125,3.353217,0.000000,0.000000,-0.000000,-0.000000,0.000000,-0.483376,-1.778876,4.661275,1.412112,-0.138244,0.005549,-0.348920
790558662845835,left,260725.530000,1.365041,-2.930152,-0.139291,-3.473797,-1.573065,3.349295,0.000000,0.000000,-0.000000,-0.000000,0.000000,-0.487035,-1.756555,4.693258,1.384526,-0.138794,-0.010443,-0.392801
790558670842287,left,260725.538000,1.365041,-2.930152,-0.139279,-3.473832,-1.573065,3.345337,0.000000,0.000000,-0.000000,-0.000000,0.000000,-0.497494,-1.769759,4.646748,1.374114,-0.145893,-0.010470,-0.371667
790558678842806,left,260725.546000,1.365029,-2.930164,-0.139327,-3.473808,-1.573125,3.341368,0.000000,0.000000,-0.000000,-0.000000,0.000000,-0.501863,-1.791463,4.655675,1.387252,-0.133599,0.002530,-0.399036
790558686852765,left,260725.554000,1.365041,-2.930200,-0.139291,-3.473797,-1.573101,3.337362,0.000000,0.000000,-0.000000,-0.000000,0.000000,-0.512312,-1.770504,4.657837,1.359265,-0.139316,0.000080,-0.383797
790558694847293,left,260725.562000,1.365041,-2.930187,-0.139315,-3.473820,-1.573125,3.333298,0.000000,0.000000,-0.000000,-0.000000,0.000000,-0.520634,-1.723650,4.669744,1.386742,-0.134663,0.004718,-0.368190
790558702841711,left,260725.570000,1.365041,-2.930175,-0.139303,-3.473820,-1.573065,3.329100,0.000000,0.000000,-0.000000,-0.000000,0.000000,-0.527250,-1.781039,4.675350,1.392280,-0.153185,-0.011910,-0.365123
790558710844457,left,260725.578000,1.365065,-2.930152,-0.139315,-3.473820,-1.573089,3.324723,0.000000,0.000000,-0.000000,-0.000000,0.000000,-0.532091,-1.735828,4.677786,1.369824,-0.142432,-0.014796,-0.381794
790558718842312,left,260725.586000,1.365065,-2.930152,-0.139315,-3.473797,-1.573113,3.320433,0.000000,0.000000,-0.000000,-0.000000,0.000000,-0.535764,-1.767749,4.675918,1.391550,-0.137884,0.003699,-0.355089
790558726848091,left,260725.594000,1.365053,-2.930152,-0.139327,-3.473797,-1.573089,3.316081,0.000000,0.000000,-0.000000,-0.000000,0.000000,-0.541555,-1.766302,4.673215,1.364566,-0.137596,-0.013490,-0.346204
790558734846238,left,260725.602000,1.365029,-2.930187,-0.139327,-3.473784,-1.573078,3.311778,0.000000,0.000000,-0.000000,-0.000000,0.000000,-0.547068,-1.761487,4.661972,1.367096,-0.131592,0.008232,-0.379418
790558742841057,left,260725.610000,1.365041,-2.930175,-0.139315,-3.473760,-1.573101,3.307374,0.000000,0.000000,-0.000000,-0.000000,0.000000,-0.554105,-1.743787,4.656014,1.358629,-0.124996,-0.001297,-0.412026
790558750867096,left,260725.618000,1.365029,-2.930187,-0.139315,-3.473808,-1.573101,3.302942,0.000000,0.000000,-0.000000,-0.000000,0.000000,-0.563251,-1.799532,4.692902,1.393710,-0.140412,0.000525,-0.356439
790558758846700,left,260725.626000,1.365053,-2.930152,-0.139338,-3.473808,-1.573150,3.298423,0.000000,0.000000,-0.000000,-0.000000,0.000000,-0.569984,-1.799674,4.643501,1.375482,-0.135994,-0.000950,-0.385003
790558766842421,left,260725.634000,1.365017,-2.930140,-0.139327,-3.473820,-1.573078,3.293740,0.000000,0.000000,-0.000000,-0.000000,0.000000,-0.576020,-1.797279,4.687346,1.418427,-0.143103,0.003432,-0.389018
790558774844421,left,260725.642000,1.365065,-2.930152,-0.139303,-3.473832,-1.573101,3.289068,0.000000,0.000000,-0.000000,-0.000000,0.000000,-0.581310,-1.770349,4.629173,1.430214,-0.134276,-0.004573,-0.375398
790558782845058,left,260725.650000,1.365053,-2.930128,-0.139279,-3.473797,-1.573089,3.284445,0.000000,0.000000,-0.000000,-0.000000,0.000000,-0.585808,-1.774956,4.665378,1.381819,-0.136438,-0.014019,-0.401223
790558790850441,left,260725.658000,1.365077,-2.930175,-0.139338,-3.473808,-1.573078,3.279736,0.000000,0.000000,-0.000000,-0.000000,0.000000,-0.592495,-1.762357,4.681189,1.437726,-0.136502,-0.012445,-0.424068
790558798846234,left,260725.666000,1.365041,-2.930175,-0.139327,-3.473832,-1.573138,3.275003,0.000000,0.000000,-0.000000,-0.000000,0.000000,-0.601228,-1.757637,4.655465,1.380630,-0.144628,-0.004915,-0.402466
790558806843051,left,260725.674000,1.365065,-2.930164,-0.139350,-3.473820,-1.573101,3.270247,0.000000,0.000000,-0.000000,-0.000000,0.000000,-0.608579,-1.811579,4.702405,1.377950,-0.127183,-0.019569,-0.415381
790558814845112,left,260725.682000,1.365029,-2.930164,-0.139315,-3.473820,-1.573089,3.265321,0.000000,0.000000,-0.000000,-0.000000,0.000000,-0.616358,-1.742874,4.659759,1.411489,-0.135551,-0.005202,-0.389076
790558822874288,left,260725.690000,1.365017,-2.930164,-0.139303,-3.473797,-1.573089,3.260303,0.000000,0.000000,-0.000000,-0.000000,0.000000,-0.621011,-1.750188,4.653263,1.395463,-0.132409,-0.003935,-0.388997
790558830842802,left,260725.698000,1.365065,-2.930152,-0.139350,-3.473820,-1.573078,3.255259,0.000000,0.000000,-0.000000,-0.000000,0.000000,-0.626799,-1.738841,4.682148,1.410344,-0.137409,0.001673,-0.404424
790558838843157,left,260725.706000,1.365041,-2.930152,-0.139315,-3.473808,-1.573138,3.250196,0.000000,0.000000,-0.000000,-0.000000,0.000000,-0.632315,-1.745199,4.672154,1.370380,-0.126630,-0.020420,-0.381536
790558846842519,left,260725.714000,1.365041,-2.930152,-0.139327,-3.473832,-1.573125,3.245173,0.000000,0.000000,-0.000000,-0.000000,0.000000,-0.636398,-1.757038,4.650190,1.384910,-0.128952,-0.000319,-0.446413
790558854850235,left,260725.722000,1.365041,-2.930175,-0.139327,-3.473844,-1.573113,3.240099,0.000000,0.000000,-0.000000,-0.000000,0.000000,-0.646671,-1.751181,4.698032,1.350759,-0.131685,0.002400,-0.407928
790558862847546,left,260725.730000,1.365053,-2.930140,-0.139303,-3.473832,-1.573125,3.234882,0.000000,0.000000,-0.000000,-0.000000,0.000000,-0.654694,-1.770990,4.678826,1.383825,-0.131330,-0.009864,-0.415794
790558870843313,left,260725.738000,1.365029,-2.930152,-0.139338,-3.473856,-1.573101,3.229535,0.000000,0.000000,-0.000000,-0.000000,0.000000,-0.658603,-1.734796,4.661829,1.379394,-0.133527,-0.005628,-0.404254
790558878844860,left,260725.746000,1.365017,-2.930152,-0.139315,-3.473808,-1.573113,3.224189,0.000000,0.000000,-0.000000,-0.000000,0.000000,-0.659376,-1.791137,4.631598,1.398624,-0.127892,-0.011408,-0.465032
790558886843206,left,260725.754000,1.365029,-2.930187,-0.139303,-3.473797,-1.573089,3.218864,0.000000,0.000000,-0.000000,-0.000000,0.000000,-0.668212,-1.763914,4.665497,1.398622,-0.131312,-0.002081,-0.365849
790558894848173,left,260725.762000,1.365017,-2.930152,-0.139327,-3.473772,-1.573113,3.213526,0.000000,0.000000,-0.000000,-0.000000,0.000000,-0.675603,-1.743890,4.688288,1.408449,-0.118031,-0.000144,-0.429251
790558902846293,left,260725.770000,1.365041,-2.930175,-0.139338,-3.473808,-1.573101,3.208191,0.000000,0.000000,-0.000000,-0.000000,0.000000,-0.683540,-1.741269,4.655807,1.388935,-0.120512,-0.007781,-0.433125
790558910844149,left,260725.778000,1.365077,-2.930164,-0.139338,-3.473797,-1.573113,3.202638,0.000000,0.000000,-0.000000,-0.000000,0.000000,-0.693134,-1.748650,4.638231,1.375422,-0.126369,-0.007211,-0.403077
790558918842647,left,260725.786000,1.365029,-2.930164,-0.139303,-3.473844,-1.573078,3.196991,0.000000,0.000000,-0.000000,-0.000000,0.000000,-0.698524,-1.762657,4.689603,1.397691,-0.119480,-0.018724,-0.404231
790558926848672,left,260725.794000,1.365029,-2.930152,-0.139315,-3.473844,-1.573101,3.191405,0.000000,0.000000,-0.000000,-0.000000,0.000000,-0.702359,-1.753384,4.679665,1.413186,-0.126686,-0.014932,-0.392470
790558934846330,left,260725.802000,1.365041,-2.930187,-0.139291,-3.473808,-1.573078,3.185768,0.000000,0.000000,-0.000000,-0.000000,0.000000,-0.707387,-1.733329,4.683411,1.397527,-0.118602,0.003097,-0.445702
790558942841907,left,260725.810000,1.365041,-2.930175,-0.139327,-3.473808,-1.573089,3.180171,0.000000,0.000000,-0.000000,-0.000000,0.000000,-0.715060,-1.753156,4.668694,1.394774,-0.140632,-0.006461,-0.462808
790558950842732,left,260725.818000,1.365053,-2.930152,-0.139338,-3.473808,-1.573065,3.174418,0.000000,0.000000,-0.000000,-0.000000,0.000000,-0.723382,-1.772467,4.673252,1.412313,-0.129267,-0.004428,-0.420561
790558958846158,left,260725.826000,1.365053,-2.930187,-0.139315,-3.473808,-1.573078,3.168522,0.000000,0.000000,-0.000000,-0.000000,0.000000,-0.730077,-1.754689,4.696365,1.375168,-0.127151,-0.001944,-0.421208
790558966841827,left,260725.834000,1.365029,-2.930175,-0.139291,-3.473832,-1.573078,3.162568,0.000000,0.000000,-0.000000,-0.000000,0.000000,-0.731440,-1.736174,4.681287,1.400333,-0.117408,0.000099,-0.432236
790558974843556,left,260725.842000,1.365029,-2.930187,-0.139315,-3.473820,-1.573078,3.156705,0.000000,0.000000,-0.000000,-0.000000,0.000000,-0.741096,-1.742937,4.667971,1.403452,-0.122591,-0.012519,-0.390828
790558982854077,left,260725.850000,1.365029,-2.930164,-0.139315,-3.473808,-1.573089,3.150785,0.000000,0.000000,-0.000000,-0.000000,0.000000,-0.745145,-1.781301,4.651205,1.421412,-0.135136,0.006796,-0.439492
790558990847963,left,260725.858000,1.365029,-2.930164,-0.139315,-3.473797,-1.573113,3.144852,0.000000,0.000000,-0.000000,-0.000000,0.000000,-0.753115,-1.778101,4.679173,1.360053,-0.115636,-0.003384,-0.476224
790558998843511,left,260725.866000,1.365029,-2.930152,-0.139303,-3.473808,-1.573101,3.138738,0.000000,0.000000,-0.000000,-0.000000,0.000000,-0.762944,-1.745336,4.690969,1.420860,-0.125865,-0.006146,-0.432183
790559006858179,left,260725.874000,1.365017,-2.930152,-0.139362,-3.473808,-1.573101,3.132485,0.000000,0.000000,-0.000000,-0.000000,0.000000,-0.767704,-1.767454,4.662746,1.382609,-0.119680,-0.003709,-0.430532
790559014846747,left,260725.882000,1.365053,-2.930140,-0.139291,-3.473797,-1.573101,3.126343,0.000000,0.000000,-0.000000,-0.000000,0.000000,-0.770211,-1.734617,4.661627,1.395584,-0.127233,-0.005353,-0.407518
790559022855171,left,260725.890000,1.364993,-2.930175,-0.139303,-3.473797,-1.573078,3.120214,0.000000,0.000000,-0.000000,-0.000000,0.000000,-0.776701,-1.781437,4.668802,1.430067,-0.106162,-0.007261,-0.477663
790559030846398,left,260725.898000,1.365029,-2.930140,-0.139291,-3.473760,-1.573113,3.114070,0.000000,0.000000,-0.000000,-0.000000,0.000000,-0.787409,-1.759258,4.665723,1.410049,-0.109853,-0.007738,-0.465971
790559038844951,left,260725.906000,1.365029,-2.930116,-0.139315,-3.473832,-1.573113,3.107697,0.000000,0.000000,-0.000000,-0.000000,0.000000,-0.795993,-1.734186,4.637118,1.370098,-0.115314,-0.006911,-0.422005
790559046846549,left,260725.914000,1.365077,-2.930175,-0.139338,-3.473820,-1.573113,3.101184,0.000000,0.000000,-0.000000,-0.000000,0.000000,-0.800810,-1.783190,4.660666,1.387271,-0.124591,-0.005981,-0.403217
790559054855201,left,260725.922000,1.365029,-2.930152,-0.139303,-3.473808,-1.573101,3.094776,0.000000,0.000000,-0.000000,-0.000000,0.000000,-0.805882,-1.752579,4.659270,1.402848,-0.113115,-0.012068,-0.400007
790559062846118,left,260725.930000,1.365029,-2.930152,-0.139327,-3.473772,-1.573113,3.088372,0.000000,0.000000,-0.000000,-0.000000,0.000000,-0.808985,-1.754035,4.665250,1.401802,-0.125188,-0.010761,-0.454833
790559070844092,left,260725.938000,1.365041,-2.930175,-0.139338,-3.473797,-1.573125,3.081941,0.000000,0.000000,-0.000000,-0.000000,0.000000,-0.818181,-1.757263,4.666195,1.385675,-0.113928,-0.003692,-0.510747
790559078845050,left,260725.946000,1.365053,-2.930200,-0.139315,-3.473797,-1.573078,3.075292,0.000000,0.000000,-0.000000,-0.000000,0.000000,-0.827652,-1.785641,4.659300,1.384127,-0.121032,0.004001,-0.457630
790559086844310,left,260725.954000,1.365053,-2.930140,-0.139327,-3.473832,-1.573101,3.068587,0.000000,0.000000,-0.000000,-0.000000,0.000000,-0.831977,-1.781709,4.669000,1.425009,-0.123122,-0.005397,-0.441114
790559094846682,left,260725.962000,1.365017,-2.930140,-0.139315,-3.473844,-1.573125,3.061899,0.000000,0.000000,-0.000000,-0.000000,0.000000,-0.835443,-1.738878,4.713183,1.392837,-0.118105,-0.014269,-0.473041
790559102842599,left,260725.970000,1.365053,-2.930140,-0.139315,-3.473844,-1.573089,3.055240,0.000000,0.000000,-0.000000,-0.000000,0.000000,-0.840815,-1.777071,4.673623,1.382052,-0.122747,-0.005894,-0.487373
790559110843403,left,260725.978000,1.365029,-2.930152,-0.139338,-3.473808,-1.573078,3.048522,0.000000,0.000000,-0.000000,-0.000000,0.000000,-0.850885,-1.701540,4.669887,1.379466,-0.109934,0.003077,-0.471095
790559118849800,left,260725.986000,1.365053,-2.930128,-0.139350,-3.473820,-1.573138,3.041600,0.000000,0.000000,-0.000000,-0.000000,0.000000,-0.857902,-1.790628,4.654552,1.429917,-0.113619,0.002648,-0.453445
790559126856234,left,260725.994000,1.365053,-2.930152,-0.139303,-3.473797,-1.573089,3.034665,0.000000,0.000000,-0.000000,-0.000000,0.000000,-0.861096,-1.723267,4.644466,1.397439,-0.121351,-0.006537,-0.452159
790559134845507,left,260726.002000,1.365029,-2.930152,-0.139315,-3.473797,-1.573065,3.027720,0.000000,0.000000,-0.000000,-0.000000,0.000000,-0.867411,-1.699536,4.629690,1.402506,-0.118238,-0.009273,-0.471905
790559142845085,left,260726.010000,1.365053,-2.930164,-0.139315,-3.473820,-1.573101,3.020871,0.000000,0.000000,-0.000000,-0.000000,0.000000,-0.875207,-1.792682,4.675967,1.382417,-0.114681,-0.006575,-0.470349
790559150843633,left,260726.018000,1.365053,-2.930164,-0.139350,-3.473820,-1.573078,3.013862,0.000000,0.000000,-0.000000,-0.000000,0.000000,-0.885702,-1.776319,4.646945,1.417104,-0.107032,-0.002580,-0.463157
790559158846925,left,260726.026000,1.365041,-2.930152,-0.139327,-3.473832,-1.573113,3.006593,0.000000,0.000000,-0.000000,-0.000000,0.000000,-0.889140,-1.726802,4.663113,1.413161,-0.112147,0.001593,-0.462429
790559166845385,left,260726.034000,1.365065,-2.930175,-0.139303,-3.473832,-1.573078,2.999469,0.000000,0.000000,-0.000000,-0.000000,0.000000,-0.890489,-1.763683,4.670615,1.398694,-0.120230,0.005782,-0.508832
790559174842921,left,260726.042000,1.365041,-2.930140,-0.139303,-3.473820,-1.573101,2.992421,0.000000,0.000000,-0.000000,-0.000000,0.000000,-0.899437,-1.729013,4.637670,1.387873,-0.119226,-0.010733,-0.517949
790559182843688,left,260726.050000,1.365029,-2.930152,-0.139303,-3.473832,-1.573113,2.985235,0.000000,0.000000,-0.000000,-0.000000,0.000000,-0.912155,-1.733839,4.624536,1.437734,-0.128435,-0.006534,-0.454325
790559190850083,left,260726.058000,1.365029,-2.930187,-0.139327,-3.473797,-1.573041,2.977790,0.000000,0.000000,-0.000000,-0.000000,0.000000,-0.916857,-1.738535,4.670056,1.410819,-0.113311,0.004931,-0.423177
790559198843064,left,260726.066000,1.365017,-2.930187,-0.139315,-3.473820,-1.573065,2.970439,0.000000,0.000000,-0.000000,-0.000000,0.000000,-0.920657,-1.723885,4.659440,1.386129,-0.119682,-0.007150,-0.454818
790559206842431,left,260726.074000,1.365029,-2.930152,-0.139303,-3.473772,-1.573113,2.963113,0.000000,0.000000,-0.000000,-0.000000,0.000000,-0.924369,-1.726995,4.641089,1.403555,-0.120115,-0.009754,-0.490862
790559214846142,left,260726.082000,1.365077,-2.930187,-0.139279,-3.473797,-1.573089,2.955699,0.000000,0.000000,-0.000000,-0.000000,0.000000,-0.935575,-1.724431,4.668578,1.384298,-0.120662,-0.001598,-0.478984
790559222845602,left,260726.090000,1.365029,-2.930164,-0.139291,-3.473808,-1.573089,2.948121,0.000000,0.000000,-0.000000,-0.000000,0.000000,-0.942113,-1.752584,4.643268,1.402121,-0.109923,-0.003540,-0.476405
790559230846015,left,260726.098000,1.365041,-2.930212,-0.139315,-3.473797,-1.573078,2.940525,0.000000,0.000000,-0.000000,-0.000000,0.000000,-0.944215,-1.703804,4.650730,1.403941,-0.119630,-0.006666,-0.495658
790559238842700,left,260726.106000,1.365017,-2.930152,-0.139315,-3.473797,-1.573125,2.932942,0.000000,0.000000,-0.000000,-0.000000,0.000000,-0.950275,-1.715907,4.657825,1.388134,-0.110419,-0.008976,-0.451313
790559246859145,left,260726.114000,1.365029,-2.930140,-0.139315,-3.473797,-1.573101,2.925423,0.000000,0.000000,-0.000000,-0.000000,0.000000,-0.958747,-1.778721,4.676998,1.374521,-0.107917,-0.007998,-0.503896
790559254846748,left,260726.122000,1.365053,-2.930140,-0.139315,-3.473820,-1.573078,2.917678,0.000000,0.000000,-0.000000,-0.000000,0.000000,-0.966195,-1.774734,4.667881,1.395755,-0.114386,-0.000132,-0.467835
790559262848678,left,260726.130000,1.365053,-2.930140,-0.139303,-3.473820,-1.573029,2.909834,0.000000,0.000000,-0.000000,-0.000000,0.000000,-0.972541,-1.731277,4.595479,1.364571,-0.105286,-0.000904,-0.496455
790559270841326,left,260726.138000,1.365029,-2.930164,-0.139291,-3.473820,-1.573065,2.902077,0.000000,0.000000,-0.000000,-0.000000,0.000000,-0.975472,-1.758062,4.626670,1.414238,-0.106182,-0.005271,-0.481846
790559278843113,left,260726.146000,1.365041,-2.930164,-0.139315,-3.473820,-1.573041,2.894291,0.000000,0.000000,-0.000000,-0.000000,0.000000,-0.985533,-1.748625,4.637346,1.390578,-0.116543,-0.007301,-0.503424
790559286842518,left,260726.154000,1.365065,-2.930152,-0.139327,-3.473820,-1.573078,2.886366,0.000000,0.000000,-0.000000,-0.000000,0.000000,-0.993547,-1.781494,4.655529,1.386277,-0.094518,0.000953,-0.465862
790559294843595,left,260726.162000,1.365041,-2.930164,-0.139303,-3.473820,-1.573089,2.878279,0.000000,0.000000,-0.000000,-0.000000,0.000000,-0.997232,-1.718516,4.644044,1.399893,-0.113191,-0.006019,-0.502770
790559302842298,left,260726.170000,1.365041,-2.930140,-0.139327,-3.473844,-1.573078,2.870296,0.000000,0.000000,-0.000000,-0.000000,0.000000,-1.001630,-1.757957,4.683388,1.376190,-0.107088,-0.007084,-0.441114
790559310842413,left,260726.178000,1.365053,-2.930164,-0.139303,-3.473832,-1.573125,2.862373,0.000000,0.000000,-0.000000,-0.000000,0.000000,-1.010428,-1.732433,4.644979,1.420142,-0.110360,0.001297,-0.525268
790559318841915,left,260726.186000,1.365041,-2.930164,-0.139327,-3.473797,-1.573101,2.854161,0.000000,0.000000,-0.000000,-0.000000,0.000000,-1.017510,-1.724440,4.647075,1.399207,-0.096558,-0.002372,-0.505725
790559326844098,left,260726.194000,1.365053,-2.930187,-0.139279,-3.473820,-1.573089,2.845877,0.000000,0.000000,-0.000000,-0.000000,0.000000,-1.022040,-1.725249,4.695802,1.402748,-0.103194,0.007147,-0.468310
790559334848843,left,260726.202000,1.365053,-2.930187,-0.139338,-3.473797,-1.573065,2.837762,0.000000,0.000000,-0.000000,-0.000000,0.000000,-1.025493,-1.704338,4.652192,1.414462,-0.101368,0.011940,-0.520781
790559342841619,left,260726.210000,1.365041,-2.930140,-0.139315,-3.473832,-1.573113,2.829597,0.000000,0.000000,-0.000000,-0.000000,0.000000,-1.036189,-1.774509,4.679652,1.381145,-0.106796,0.004532,-0.506096
790559350841600,left,260726.218000,1.365041,-2.930187,-0.139303,-3.473844,-1.573089,2.821219,0.000000,0.000000,-0.000000,-0.000000,0.000000,-1.041969,-1.738597,4.657970,1.395413,-0.107096,-0.005929,-0.498170
790559358844412,left,260726.226000,1.365041,-2.930187,-0.139315,-3.473797,-1.573101,2.812768,0.000000,0.000000,-0.000000,-0.000000,0.000000,-1.045909,-1.751358,4.657687,1.416516,-0.113654,-0.005034,-0.546768
790559366844912,left,260726.234000,1.365017,-2.930140,-0.139315,-3.473832,-1.573101,2.804459,0.000000,0.000000,-0.000000,-0.000000,0.000000,-1.054853,-1.768324,4.657073,1.385657,-0.113272,0.002265,-0.491658
790559374949533,left,260726.242000,1.365041,-2.930187,-0.139315,-3.473808,-1.573078,2.796041,0.000000,0.000000,-0.000000,-0.000000,0.000000,-1.064231,-1.741752,4.633296,1.386049,-0.109577,0.004934,-0.516347
790559382973560,left,260726.250000,1.365041,-2.930152,-0.139338,-3.473808,-1.573089,2.787370,0.000000,0.000000,-0.000000,-0.000000,0.000000,-1.068476,-1.771770,4.621903,1.385611,-0.118053,-0.002823,-0.469675
790559390877059,left,260726.258000,1.365041,-2.930152,-0.139315,-3.473797,-1.573089,2.778795,0.000000,0.000000,-0.000000,-0.000000,0.000000,-1.070460,-1.718918,4.654456,1.369495,-0.111579,-0.003132,-0.520509
790559398964020,left,260726.266000,1.365041,-2.930187,-0.139327,-3.473820,-1.573078,2.770375,0.000000,0.000000,-0.000000,-0.000000,0.000000,-1.078943,-1.737623,4.664804,1.370688,-0.110874,-0.011476,-0.551404
790559406978501,left,260726.274000,1.365029,-2.930140,-0.139327,-3.473808,-1.573101,2.761652,0.000000,0.000000,-0.000000,-0.000000,0.000000,-1.091920,-1.775361,4.672090,1.349617,-0.107250,0.000450,-0.491385
790559414975137,left,260726.282000,1.365053,-2.930152,-0.139327,-3.473772,-1.573101,2.752773,0.000000,0.000000,-0.000000,-0.000000,0.000000,-1.093641,-1.726264,4.679218,1.387899,-0.118698,0.003164,-0.477197
790559422879850,left,260726.290000,1.365041,-2.930175,-0.139327,-3.473797,-1.573065,2.744001,0.000000,0.000000,-0.000000,-0.000000,0.000000,-1.097939,-1.732380,4.608056,1.409447,-0.110103,-0.001229,-0.525945
790559430848923,left,260726.298000,1.365065,-2.930187,-0.139303,-3.473808,-1.573101,2.735304,0.000000,0.000000,-0.000000,-0.000000,0.000000,-1.107588,-1.761326,4.677808,1.385079,-0.118705,-0.004138,-0.497400
790559438845758,left,260726.306000,1.365029,-2.930164,-0.139315,-3.473797,-1.573089,2.726333,0.000000,0.000000,-0.000000,-0.000000,0.000000,-1.112956,-1.731776,4.714665,1.359249,-0.105847,0.007976,-0.533062
790559446842971,left,260726.314000,1.365053,-2.930164,-0.139315,-3.473820,-1.573078,2.717386,0.000000,0.000000,-0.000000,-0.000000,0.000000,-1.116944,-1.735756,4.656551,1.412485,-0.110055,0.001569,-0.518982
790559454849181,left,260726.322000,1.365041,-2.930164,-0.139327,-3.473772,-1.573078,2.708511,0.000000,0.000000,-0.000000,-0.000000,0.000000,-1.122610,-1.730633,4.597449,1.391224,-0.120691,-0.002103,-0.563098
790559462845480,left,260726.330000,1.365053,-2.930140,-0.139327,-3.473832,-1.573101,2.699501,0.000000,0.000000,-0.000000,-0.000000,0.000000,-1.136589,-1.714349,4.683538,1.359883,-0.112278,-0.000461,-0.511138
790559470844897,left,260726.338000,1.365053,-2.930140,-0.139327,-3.473808,-1.573113,2.690297,0.000000,0.000000,-0.000000,-0.000000,0.000000,-1.139921,-1.737028,4.657725,1.383388,-0.098426,0.005535,-0.510159
790559478844030,left,260726.346000,1.365053,-2.930187,-0.139327,-3.473832,-1.573065,2.681214,0.000000,0.000000,-0.000000,-0.000000,0.000000,-1.142650,-1.748398,4.659019,1.348471,-0.106974,0.007236,-0.560498
790559486850177,left,260726.354000,1.365029,-2.930164,-0.139327,-3.473808,-1.573089,2.672074,0.000000,0.000000,-0.000000,-0.000000,0.000000,-1.153461,-1.711448,4.618187,1.412401,-0.118603,0.007237,-0.525392
790559494845686,left,260726.362000,1.365053,-2.930152,-0.139315,-3.473808,-1.573101,2.662775,0.000000,0.000000,-0.000000,-0.000000,0.000000,-1.145943,-1.740908,4.648708,1.371261,-0.107382,-0.001415,-0.463547
790559502842559,left,260726.370000,1.365017,-2.930152,-0.139303,-3.473784,-1.573101,2.653593,0.000000,0.000000,-0.000000,-0.000000,0.000000,-1.136966,-1.724347,4.604885,1.352158,-0.112104,0.010132,-0.508705
790559510908618,left,260726.378000,1.365053,-2.930175,-0.139315,-3.473797,-1.573101,2.644678,0.000000,0.000000,-0.000000,-0.000000,0.000000,-1.132036,-1.761238,4.620109,1.366193,-0.120095,0.007889,-0.506115
790559518924218,left,260726.386000,1.365053,-2.930128,-0.139327,-3.473760,-1.573089,2.635604,0.000000,0.000000,-0.000000,-0.000000,0.000000,-1.131504,-1.718608,4.642443,1.380948,-0.104443,0.000057,-0.411454
790559526879784,left,260726.394000,1.365053,-2.930140,-0.139303,-3.473797,-1.573041,2.626536,0.000000,0.000000,-0.000000,-0.000000,0.000000,-1.120363,-1.751800,4.649522,1.372442,-0.093898,0.000277,-0.485002
790559534934259,left,260726.402000,1.365065,-2.930164,-0.139315,-3.473832,-1.573101,2.617634,0.000000,0.000000,-0.000000,-0.000000,0.000000,-1.113037,-1.732440,4.621627,1.359106,-0.113706,0.001718,-0.479201
790559542864088,left,260726.410000,1.365053,-2.930164,-0.139338,-3.473820,-1.573113,2.608872,0.000000,0.000000,-0.000000,-0.000000,0.000000,-1.110676,-1.743620,4.661467,1.407954,-0.115280,0.004701,-0.514080
790559550847974,left,260726.418000,1.365041,-2.930164,-0.139327,-3.473784,-1.573078,2.599921,0.000000,0.000000,-0.000000,-0.000000,0.000000,-1.102765,-1.730740,4.622290,1.403372,-0.097266,0.004934,-0.478189
790559558857714,left,260726.426000,1.365065,-2.930116,-0.139315,-3.473797,-1.573125,2.591104,0.000000,0.000000,-0.000000,-0.000000,0.000000,-1.093949,-1.758173,4.604334,1.387789,-0.113923,0.014800,-0.473554
790559566849782,left,260726.434000,1.365029,-2.930152,-0.139279,-3.473772,-1.573125,2.582487,0.000000,0.000000,-0.000000,-0.000000,0.000000,-1.087926,-1.720674,4.648578,1.391779,-0.099409,-0.000678,-0.495294
790559574856593,left,260726.442000,1.365017,-2.930140,-0.139327,-3.473797,-1.573065,2.573811,0.000000,0.000000,-0.000000,-0.000000,0.000000,-1.087233,-1.770303,4.649579,1.391482,-0.114217,0.001148,-0.429422
790559582843690,left,260726.450000,1.365041,-2.930164,-0.139338,-3.473797,-1.573101,2.565044,0.000000,0.000000,-0.000000,-0.000000,0.000000,-1.077759,-1.726044,4.650560,1.376418,-0.112398,0.001373,-0.436806
790559590853669,left,260726.458000,1.365041,-2.930164,-0.139315,-3.473820,-1.573113,2.556436,0.000000,0.000000,-0.000000,-0.000000,0.000000,-1.068534,-1.735048,4.661027,1.403169,-0.114307,-0.000735,-0.461313
790559598844634,left,260726.466000,1.365053,-2.930164,-0.139315,-3.473808,-1.573078,2.548045,0.000000,0.000000,-0.000000,-0.000000,0.000000,-1.064592,-1.735903,4.672606,1.406973,-0.112296,-0.001420,-0.460721
790559606855220,left,260726.474000,1.365041,-2.930164,-0.139315,-3.473797,-1.573065,2.539450,0.000000,0.000000,-0.000000,-0.000000,0.000000,-1.058170,-1.720994,4.590781,1.406116,-0.112687,0.008402,-0.477459
790559614850498,left,260726.482000,1.365041,-2.930152,-0.139279,-3.473808,-1.573101,2.530976,0.000000,0.000000,-0.000000,-0.000000,0.000000,-1.049091,-1.677599,4.664938,1.393547,-0.113983,-0.008393,-0.458281
790559622888300,left,260726.490000,1.365053,-2.930164,-0.139303,-3.473784,-1.573089,2.522685,0.000000,0.000000,-0.000000,-0.000000,0.000000,-1.040069,-1.720553,4.628027,1.372990,-0.095033,0.012713,-0.514805
790559630865220,left,260726.498000,1.365053,-2.930152,-0.139327,-3.473832,-1.573078,2.514449,0.000000,0.000000,-0.000000,-0.000000,0.000000,-1.040564,-1.726053,4.625395,1.407255,-0.111915,0.003051,-0.462793
790559638843405,left,260726.506000,1.365041,-2.930175,-0.139327,-3.473844,-1.573101,2.506060,0.000000,0.000000,-0.000000,-0.000000,0.000000,-1.033141,-1.764623,4.642165,1.381389,-0.115468,0.005401,-0.443551
790559646842274,left,260726.514000,1.365041,-2.930152,-0.139315,-3.473772,-1.573065,2.497797,0.000000,0.000000,-0.000000,-0.000000,0.000000,-1.024329,-1.727806,4.627454,1.390856,-0.109881,0.018493,-0.428444
790559654848741,left,260726.522000,1.365041,-2.930164,-0.139315,-3.473844,-1.573078,2.489665,0.000000,0.000000,-0.000000,-0.000000,0.000000,-1.015337,-1.738591,4.671487,1.380318,-0.111939,-0.001213,-0.488473
790559662847692,left,260726.530000,1.365029,-2.930152,-0.139338,-3.473784,-1.573101,2.481615,0.000000,0.000000,-0.000000,-0.000000,0.000000,-1.013551,-1.756165,4.635917,1.380085,-0.097844,-0.006505,-0.474526
790559670842212,left,260726.538000,1.365041,-2.930116,-0.139315,-3.473820,-1.573101,2.473446,0.000000,0.000000,-0.000000,-0.000000,0.000000,-1.006748,-1.729197,4.672404,1.397167,-0.103473,0.006826,-0.437578
790559678842207,left,260726.546000,1.365041,-2.930175,-0.139303,-3.473797,-1.573089,2.465375,0.000000,0.000000,-0.000000,-0.000000,0.000000,-0.997307,-1.780127,4.657050,1.415706,-0.107459,-0.012614,-0.434898
790559686842792,left,260726.554000,1.365041,-2.930140,-0.139327,-3.473820,-1.573078,2.457566,0.000000,0.000000,-0.000000,-0.000000,0.000000,-0.990241,-1.752071,4.652247,1.401040,-0.110245,0.004401,-0.500385
790559694849096,left,260726.562000,1.365041,-2.930175,-0.139315,-3.473808,-1.573065,2.449697,0.000000,0.000000,-0.000000,-0.000000,0.000000,-0.990499,-1.751992,4.683889,1.380904,-0.110218,0.004086,-0.432722
790559702847514,left,260726.570000,1.365041,-2.930140,-0.139303,-3.473808,-1.573101,2.441687,0.000000,0.000000,-0.000000,-0.000000,0.000000,-0.982680,-1.730957,4.663928,1.400316,-0.105356,-0.007700,-0.428685
790559710842644,left,260726.578000,1.365053,-2.930175,-0.139327,-3.473808,-1.573089,2.433881,0.000000,0.000000,-0.000000,-0.000000,0.000000,-0.971707,-1.742876,4.656277,1.381959,-0.105700,0.002274,-0.424173
790559718842158,left,260726.586000,1.365017,-2.930152,-0.139338,-3.473772,-1.573089,2.426267,0.000000,0.000000,-0.000000,-0.000000,0.000000,-0.965178,-1.717943,4.635077,1.399561,-0.104542,0.006371,-0.509734
790559726845048,left,260726.594000,1.365053,-2.930175,-0.139291,-3.473797,-1.573113,2.418554,0.000000,0.000000,-0.000000,-0.000000,0.000000,-0.965327,-1.752297,4.683751,1.372496,-0.118837,-0.002559,-0.435368
790559734842856,left,260726.602000,1.365053,-2.930187,-0.139303,-3.473832,-1.573041,2.410780,0.000000,0.000000,-0.000000,-0.000000,0.000000,-0.958700,-1.732317,4.610023,1.401750,-0.114932,0.010219,-0.391710
790559742843160,left,260726.610000,1.365053,-2.930116,-0.139303,-3.473797,-1.573078,2.403109,0.000000,0.000000,-0.000000,-0.000000,0.000000,-0.947345,-1.753489,4.628490,1.396332,-0.114664,0.001006,-0.428514
790559750843023,left,260726.618000,1.365041,-2.930164,-0.139315,-3.473820,-1.573113,2.395615,0.000000,0.000000,-0.000000,-0.000000,0.000000,-0.938728,-1.718629,4.639449,1.381234,-0.112570,0.002592,-0.461373
790559758844977,left,260726.626000,1.365005,-2.930152,-0.139315,-3.473808,-1.573125,2.388130,0.000000,0.000000,-0.000000,-0.000000,0.000000,-0.938769,-1.744963,4.669863,1.391290,-0.116297,0.019742,-0.456411
790559766846588,left,260726.634000,1.365053,-2.930152,-0.139327,-3.473844,-1.573113,2.380661,0.000000,0.000000,-0.000000,-0.000000,0.000000,-0.930716,-1.737478,4.642165,1.352933,-0.105060,0.019633,-0.442317
790559774841976,left,260726.642000,1.365029,-2.930152,-0.139303,-3.473797,-1.573089,2.373199,0.000000,0.000000,-0.000000,-0.000000,0.000000,-0.922812,-1.730722,4.644649,1.342271,-0.110990,0.007306,-0.390039
790559782845621,left,260726.650000,1.365065,-2.930187,-0.139327,-3.473844,-1.573101,2.365914,0.000000,0.000000,-0.000000,-0.000000,0.000000,-0.913940,-1.715416,4.655515,1.362511,-0.101771,0.012191,-0.437692
790559790845852,left,260726.658000,1.365041,-2.930152,-0.139327,-3.473832,-1.573065,2.358638,0.000000,0.000000,-0.000000,-0.000000,0.000000,-0.911343,-1.698425,4.620831,1.379073,-0.102185,0.008233,-0.433563
790559798843137,left,260726.666000,1.365041,-2.930140,-0.139338,-3.473844,-1.573089,2.351351,0.000000,0.000000,-0.000000,-0.000000,0.000000,-0.904724,-1.735534,4.640647,1.415496,-0.105548,0.015315,-0.413328
790559806843219,left,260726.674000,1.365065,-2.930175,-0.139291,-3.473844,-1.573101,2.344077,0.000000,0.000000,-0.000000,-0.000000,0.000000,-0.896323,-1.754544,4.647740,1.395298,-0.117701,0.015951,-0.404881
790559814842113,left,260726.682000,1.365041,-2.930164,-0.139338,-3.473808,-1.573113,2.336983,0.000000,0.000000,-0.000000,-0.000000,0.000000,-0.889203,-1.731079,4.668476,1.388099,-0.112462,0.018273,-0.415343
790559822846444,left,260726.690000,1.365041,-2.930164,-0.139315,-3.473797,-1.573089,2.329994,0.000000,0.000000,-0.000000,-0.000000,0.000000,-0.885323,-1.729526,4.662306,1.416052,-0.110901,0.006082,-0.434733
790559830842932,left,260726.698000,1.365053,-2.930152,-0.139303,-3.473820,-1.573113,2.322935,0.000000,0.000000,-0.000000,-0.000000,0.000000,-0.882372,-1.717566,4.612144,1.406437,-0.118433,0.011632,-0.416007
790559838841447,left,260726.706000,1.365041,-2.930140,-0.139327,-3.473808,-1.573065,2.315808,0.000000,0.000000,-0.000000,-0.000000,0.000000,-0.872280,-1.750180,4.618563,1.379121,-0.108509,0.011880,-0.408492
790559846841940,left,260726.714000,1.365065,-2.930164,-0.139315,-3.473808,-1.573089,2.308891,0.000000,0.000000,-0.000000,-0.000000,0.000000,-0.864481,-1.743413,4.635319,1.337657,-0.105931,0.008460,-0.426819
790559854885874,left,260726.722000,1.365029,-2.930164,-0.139338,-3.473784,-1.573101,2.302090,0.000000,0.000000,-0.000000,-0.000000,0.000000,-0.855956,-1.737428,4.633642,1.347626,-0.118193,0.017211,-0.466056
790559862859818,left,260726.730000,1.365053,-2.930164,-0.139338,-3.473797,-1.573089,2.295288,0.000000,0.000000,-0.000000,-0.000000,0.000000,-0.853859,-1.732319,4.644159,1.418986,-0.113023,0.006872,-0.439154
790559870840864,left,260726.738000,1.365041,-2.930152,-0.139315,-3.473820,-1.573101,2.288366,0.000000,0.000000,-0.000000,-0.000000,0.000000,-0.848595,-1.710228,4.671124,1.415965,-0.120751,0.012812,-0.410113
790559878842071,left,260726.746000,1.365053,-2.930152,-0.139350,-3.473797,-1.573101,2.281566,0.000000,0.000000,-0.000000,-0.000000,0.000000,-0.837718,-1.726907,4.652713,1.411817,-0.107044,0.002019,-0.414923
790559886859439,left,260726.754000,1.365041,-2.930175,-0.139327,-3.473832,-1.573101,2.274898,0.000000,0.000000,-0.000000,-0.000000,0.000000,-0.830929,-1.751967,4.652966,1.403108,-0.118298,0.008877,-0.404651
790559894849972,left,260726.762000,1.365041,-2.930152,-0.139291,-3.473797,-1.573078,2.268324,0.000000,0.000000,-0.000000,-0.000000,0.000000,-0.824536,-1.710386,4.660710,1.376572,-0.112586,0.011312,-0.441312
790559902846508,left,260726.770000,1.365041,-2.930140,-0.139315,-3.473832,-1.573113,2.261811,0.000000,0.000000,-0.000000,-0.000000,0.000000,-0.822985,-1.735743,4.647529,1.360170,-0.104949,0.010080,-0.389382
790559910845602,left,260726.778000,1.365053,-2.930175,-0.139315,-3.473808,-1.573089,2.255191,0.000000,0.000000,-0.000000,-0.000000,0.000000,-0.817007,-1.707549,4.651321,1.378220,-0.112971,0.007961,-0.385013
790559918842857,left,260726.786000,1.365029,-2.930164,-0.139338,-3.473784,-1.573101,2.248690,0.000000,0.000000,-0.000000,-0.000000,0.000000,-0.805904,-1.722791,4.668315,1.389466,-0.113676,0.000169,-0.375257
790559926846335,left,260726.794000,1.365041,-2.930128,-0.139315,-3.473832,-1.573065,2.242286,0.000000,0.000000,-0.000000,-0.000000,0.000000,-0.797550,-1.746460,4.658121,1.411613,-0.111911,0.008737,-0.432420
790559934844592,left,260726.802000,1.365017,-2.930200,-0.139315,-3.473784,-1.573101,2.235961,0.000000,0.000000,-0.000000,-0.000000,0.000000,-0.796230,-1.759854,4.678726,1.388426,-0.097696,0.015085,-0.445412
790559942843895,left,260726.810000,1.365053,-2.930175,-0.139315,-3.473784,-1.573101,2.229685,0.000000,0.000000,-0.000000,-0.000000,0.000000,-0.793476,-1.729063,4.633562,1.426437,-0.117376,-0.004743,-0.364347
790559950842089,left,260726.818000,1.365041,-2.930152,-0.139279,-3.473820,-1.573089,2.223314,0.000000,0.000000,-0.000000,-0.000000,0.000000,-0.784879,-1.724354,4.667372,1.379043,-0.123807,0.013174,-0.364030
790559958859559,left,260726.826000,1.365029,-2.930164,-0.139327,-3.473820,-1.573078,2.217077,0.000000,0.000000,-0.000000,-0.000000,0.000000,-0.773829,-1.763023,4.630392,1.395238,-0.122123,0.004071,-0.415200
790559966868819,left,260726.834000,1.365041,-2.930187,-0.139303,-3.473820,-1.573065,2.210887,0.000000,0.000000,-0.000000,-0.000000,0.000000,-0.765900,-1.723679,4.664114,1.404057,-0.111067,-0.004684,-0.424625
790559974847095,left,260726.842000,1.365041,-2.930140,-0.139338,-3.473797,-1.573078,2.204886,0.000000,0.000000,-0.000000,-0.000000,0.000000,-0.762900,-1.738338,4.658233,1.393089,-0.120538,0.002732,-0.435803
790559982869715,left,260726.850000,1.365041,-2.930152,-0.139315,-3.473820,-1.573089,2.198851,0.000000,0.000000,-0.000000,-0.000000,0.000000,-0.760082,-1.756910,4.631990,1.383730,-0.113133,-0.006892,-0.373267
790559990856399,left,260726.858000,1.365041,-2.930152,-0.139315,-3.473820,-1.573113,2.192637,0.000000,0.000000,-0.000000,-0.000000,0.000000,-0.753359,-1.732878,4.685661,1.388641,-0.111849,0.010262,-0.373595
790559998849292,left,260726.866000,1.365029,-2.930140,-0.139315,-3.473797,-1.573078,2.186613,0.000000,0.000000,-0.000000,-0.000000,0.000000,-0.741657,-1.739777,4.652073,1.402230,-0.109451,-0.001672,-0.374698
790560006870705,left,260726.874000,1.365029,-2.930140,-0.139327,-3.473784,-1.573065,2.180762,0.000000,0.000000,-0.000000,-0.000000,0.000000,-0.734265,-1.770638,4.654188,1.375485,-0.120060,-0.000043,-0.423746
790560014849559,left,260726.882000,1.365065,-2.930140,-0.139315,-3.473808,-1.573125,2.174943,0.000000,0.000000,-0.000000,-0.000000,0.000000,-0.729282,-1.712142,4.668574,1.421359,-0.112439,0.011126,-0.414289
790560022850851,left,260726.890000,1.365029,-2.930140,-0.139303,-3.473797,-1.573101,2.169231,0.000000,0.000000,-0.000000,-0.000000,0.000000,-0.728010,-1.745998,4.683107,1.390029,-0.108994,0.000662,-0.366879
790560030847582,left,260726.898000,1.365041,-2.930187,-0.139303,-3.473808,-1.573041,2.163341,0.000000,0.000000,-0.000000,-0.000000,0.000000,-0.721102,-1.719913,4.626945,1.393003,-0.109700,0.008618,-0.378060
790560038843700,left,260726.906000,1.365041,-2.930164,-0.139327,-3.473797,-1.573101,2.157849,0.000000,-0.000047,-0.000000,-0.000000,0.000000,-0.562381,-1.734282,4.596372,1.380889,-0.120224,-0.014198,1.066819
790560046844342,left,260726.914000,1.365029,-2.930152,-0.139291,-3.473808,-1.573089,2.154891,0.000000,-0.000040,-0.000000,-0.000000,0.000000,-0.302881,-1.779673,4.632005,1.345213,-0.119674,-0.015538,0.568280
790560054845665,left,260726.922000,1.365053,-2.930140,-0.139303,-3.473820,-1.573078,2.153660,0.000000,-0.000034,-0.000000,-0.000000,0.000000,-0.072465,-1.736675,4.598649,1.379440,-0.122686,-0.011377,0.731912
790560062847263,left,260726.930000,1.365053,-2.930175,-0.139303,-3.473808,-1.573089,2.153882,0.000000,-0.000088,-0.000000,-0.000000,0.000000,0.023386,-1.708899,4.654844,1.364673,-0.116961,0.001021,-0.478924
790560070842776,left,260726.938000,1.365053,-2.930175,-0.139350,-3.473797,-1.573078,2.153835,0.000000,-0.000000,-0.000000,-0.000000,0.000000,0.016166,-1.727504,4.650593,1.366787,-0.114092,0.000534,0.055565
790560078843261,left,260726.946000,1.365053,-2.930152,-0.139303,-3.473808,-1.573078,2.153976,0.000000,-0.000000,-0.000000,-0.000000,0.000000,0.010633,-1.716396,4.666789,1.353613,-0.118165,0.001580,0.125393
790560086843054,left,260726.954000,1.365017,-2.930164,-0.139338,-3.473820,-1.573029,2.154124,0.000000,-0.000000,-0.000000,-0.000000,0.000000,0.020829,-1.760895,4.649487,1.320365,-0.123069,-0.015092,0.098218
790560094844244,left,260726.962000,1.365041,-2.930140,-0.139279,-3.473797,-1.573065,2.154269,0.000000,-0.000000,-0.000000,-0.000000,0.000000,0.026679,-1.734324,4.653654,1.341936,-0.117697,-0.007893,0.133007
790560102844643,left,260726.970000,1.365029,-2.930140,-0.139291,-3.473808,-1.573089,2.154523,0.000000,-0.000000,-0.000000,-0.000000,0.000000,0.033852,-1.734338,4.668311,1.333537,-0.117090,-0.011231,0.155445
790560110842577,left,260726.978000,1.365029,-2.930175,-0.139338,-3.473820,-1.573078,2.154790,0.000000,0.000000,-0.000000,-0.000000,0.000000,0.042451,-1.731407,4.661584,1.329699,-0.114658,0.002079,0.156502
790560118848469,left,260726.986000,1.365029,-2.930175,-0.139350,-3.473820,-1.573041,2.155152,0.000000,0.000000,-0.000000,-0.000000,0.000000,0.049408,-1.759210,4.632334,1.347758,-0.120891,-0.000595,0.166549
790560126846073,left,260726.994000,1.365041,-2.930164,-0.139315,-3.473772,-1.573113,2.155561,0.000000,0.000000,-0.000000,-0.000000,0.000000,0.056173,-1.684479,4.670640,1.348245,-0.124429,0.003018,0.185021
790560134843232,left,260727.002000,1.365029,-2.930152,-0.139279,-3.473797,-1.573113,2.156054,0.000000,0.000000,-0.000000,-0.000000,0.000000,0.062045,-1.746691,4.657106,1.404868,-0.114758,0.000693,0.181497
790560142846273,left,260727.010000,1.365041,-2.930128,-0.139338,-3.473797,-1.573113,2.156584,0.000000,0.000000,-0.000000,-0.000000,0.000000,0.068536,-1.728628,4.657424,1.330023,-0.115534,-0.006061,0.199377
790560150847719,left,260727.018000,1.365017,-2.930152,-0.139303,-3.473784,-1.573113,2.157161,0.000000,0.000000,-0.000000,-0.000000,0.000000,0.075700,-1.762237,4.587588,1.376469,-0.122077,-0.007732,0.180304
790560158845654,left,260727.026000,1.365053,-2.930175,-0.139303,-3.473797,-1.573101,2.157775,0.000000,0.000000,-0.000000,-0.000000,0.000000,0.082698,-1.745009,4.620715,1.377973,-0.120137,-0.003737,0.195771
790560166843491,left,260727.034000,1.365029,-2.930164,-0.139338,-3.473784,-1.573113,2.158472,0.000000,0.000000,-0.000000,-0.000000,0.000000,0.087711,-1.727844,4.668676,1.339562,-0.130624,0.001621,0.185682
790560174839598,left,260727.042000,1.365029,-2.930140,-0.139315,-3.473797,-1.573041,2.159216,0.000000,0.000000,-0.000000,-0.000000,0.000000,0.094322,-1.708471,4.650756,1.365191,-0.119390,0.001379,0.187011
790560182866758,left,260727.050000,1.365017,-2.930164,-0.139315,-3.473784,-1.573065,2.160057,0.000000,0.000000,-0.000000,-0.000000,0.000000,0.101544,-1.735221,4.633557,1.362369,-0.124973,-0.005004,0.183249
790560190849152,left,260727.058000,1.365053,-2.930140,-0.139291,-3.473808,-1.573089,2.160861,0.000000,0.000000,-0.000000,-0.000000,0.000000,0.105074,-1.770572,4.665198,1.303725,-0.130894,0.005330,0.206682
790560198846123,left,260727.066000,1.365041,-2.930164,-0.139315,-3.473797,-1.573041,2.161773,0.000000,0.000000,-0.000000,-0.000000,0.000000,0.112406,-1.749430,4.590084,1.370313,-0.124044,-0.010326,0.200115
790560206841958,left,260727.074000,1.365017,-2.930187,-0.139315,-3.473808,-1.573089,2.162697,0.000000,0.000000,-0.000000,-0.000000,0.000000,0.116421,-1.697983,4.632128,1.354017,-0.116142,-0.011921,0.209659
790560214841588,left,260727.082000,1.365053,-2.930152,-0.139327,-3.473832,-1.573101,2.163706,0.000000,0.000000,-0.000000,-0.000000,0.000000,0.124026,-1.736278,4.627171,1.340761,-0.139106,-0.001943,0.207973
790560222845630,left,260727.090000,1.365041,-2.930152,-0.139279,-3.473820,-1.573113,2.164727,0.000000,0.000000,-0.000000,-0.000000,0.000000,0.130660,-1.734292,4.626825,1.387675,-0.125843,-0.007525,0.233307
790560230846287,left,260727.098000,1.365029,-2.930140,-0.139315,-3.473808,-1.573089,2.165783,0.000000,0.000000,-0.000000,-0.000000,0.000000,0.137181,-1.767758,4.640760,1.352749,-0.123812,0.004468,0.230922
790560238842023,left,260727.106000,1.365029,-2.930175,-0.139303,-3.473808,-1.573089,2.166945,0.000000,0.000000,-0.000000,-0.000000,0.000000,0.141585,-1.733635,4.643529,1.334542,-0.130913,0.006879,0.253620
790560246842390,left,260727.114000,1.365053,-2.930140,-0.139338,-3.473797,-1.573125,2.168147,0.000000,0.000000,-0.000000,-0.000000,0.000000,0.150048,-1.715313,4.626364,1.366052,-0.143971,-0.004725,0.254037
790560254847625,left,260727.122000,1.365077,-2.930152,-0.139350,-3.473808,-1.573125,2.169370,0.000000,0.000000,-0.000000,-0.000000,0.000000,0.155556,-1.760326,4.606353,1.338153,-0.143488,-0.004572,0.253825
790560262848045,left,260727.130000,1.365029,-2.930175,-0.139327,-3.473820,-1.573125,2.170665,0.000000,0.000000,-0.000000,-0.000000,0.000000,0.160904,-1.752764,4.619844,1.343740,-0.130082,0.001046,0.252683
790560270841134,left,260727.138000,1.365065,-2.930152,-0.139315,-3.473797,-1.573078,2.171973,0.000000,0.000000,-0.000000,-0.000000,0.000000,0.168194,-1.738430,4.633124,1.335498,-0.121787,0.000032,0.292396
790560278844568,left,260727.146000,1.365029,-2.930140,-0.139327,-3.473808,-1.573065,2.173317,0.000000,0.000000,-0.000000,-0.000000,0.000000,0.175613,-1.731310,4.615654,1.341801,-0.138397,0.014254,0.270497
790560286842378,left,260727.154000,1.365053,-2.930128,-0.139303,-3.473784,-1.573078,2.174768,0.000000,0.000000,-0.000000,-0.000000,0.000000,0.181954,-1.715244,4.644613,1.379236,-0.132674,0.009977,0.279831
790560294844932,left,260727.162000,1.365029,-2.930116,-0.139303,-3.473832,-1.573125,2.176256,0.000000,0.000000,-0.000000,-0.000000,0.000000,0.190464,-1.781611,4.634585,1.384015,-0.127562,-0.003044,0.272647
790560302842052,left,260727.170000,1.365065,-2.930187,-0.139315,-3.473820,-1.573078,2.177816,0.000000,0.000000,-0.000000,-0.000000,0.000000,0.196120,-1.729543,4.618174,1.335526,-0.136588,0.003459,0.288385
790560310846565,left,260727.178000,1.365029,-2.930152,-0.139279,-3.473784,-1.573101,2.179363,0.000000,0.000000,-0.000000,-0.000000,0.000000,0.203928,-1.720887,4.647336,1.333185,-0.133252,0.001079,0.272638
790560318841263,left,260727.186000,1.365065,-2.930152,-0.139327,-3.473797,-1.573089,2.181018,0.000000,0.000000,-0.000000,-0.000000,0.000000,0.211102,-1.717898,4.627172,1.297629,-0.148737,0.000086,0.268650
790560326844202,left,260727.194000,1.365053,-2.930103,-0.139291,-3.473808,-1.573089,2.182709,0.000000,0.000000,-0.000000,-0.000000,0.000000,0.216378,-1.739909,4.599934,1.338385,-0.128839,0.012153,0.245917
790560334841863,left,260727.202000,1.365041,-2.930140,-0.139327,-3.473820,-1.573113,2.184531,0.000000,0.000000,-0.000000,-0.000000,0.000000,0.222716,-1.729060,4.643459,1.344384,-0.140307,-0.003996,0.248794
790560342842445,left,260727.210000,1.365041,-2.930128,-0.139327,-3.473797,-1.573078,2.186306,0.000000,0.000000,-0.000000,-0.000000,0.000000,0.228832,-1.691318,4.634670,1.375640,-0.131373,-0.007617,0.271258
790560350841539,left,260727.218000,1.365065,-2.930175,-0.139338,-3.473797,-1.573078,2.188188,0.000000,0.000000,-0.000000,-0.000000,0.000000,0.234632,-1.748294,4.653216,1.347199,-0.147590,0.008433,0.239152
790560358846919,left,260727.226000,1.365041,-2.930164,-0.139327,-3.473820,-1.573065,2.190108,0.000000,0.000000,-0.000000,-0.000000,0.000000,0.241132,-1.746171,4.630289,1.346816,-0.142894,-0.006203,0.265202
790560366843736,left,260727.234000,1.365065,-2.930164,-0.139327,-3.473820,-1.573089,2.192084,0.000000,0.000000,-0.000000,-0.000000,0.000000,0.244891,-1.724738,4.597507,1.359454,-0.144469,0.002522,0.289056
790560374844422,left,260727.242000,1.365053,-2.930164,-0.139315,-3.473820,-1.573065,2.194099,0.000000,0.000000,-0.000000,-0.000000,0.000000,0.250404,-1.765113,4.645206,1.341315,-0.132803,0.003774,0.296991
790560382844338,left,260727.250000,1.365065,-2.930140,-0.139315,-3.473820,-1.573065,2.196222,0.000000,0.000000,-0.000000,-0.000000,0.000000,0.256495,-1.762051,4.604577,1.359277,-0.139861,0.003315,0.278290
790560390862646,left,260727.258000,1.365065,-2.930164,-0.139291,-3.473797,-1.573078,2.198321,0.000000,0.000000,-0.000000,-0.000000,0.000000,0.262843,-1.761425,4.630994,1.340455,-0.139944,0.003197,0.309916
790560398846436,left,260727.266000,1.365065,-2.930175,-0.139303,-3.473784,-1.573078,2.200468,0.000000,0.000000,-0.000000,-0.000000,0.000000,0.269164,-1.747785,4.624605,1.355990,-0.139275,0.001520,0.306521
790560406842071,left,260727.274000,1.365029,-2.930175,-0.139327,-3.473808,-1.573101,2.202627,0.000000,0.000000,-0.000000,-0.000000,0.000000,0.275733,-1.706182,4.635078,1.378992,-0.130458,0.013261,0.315309
790560414844153,left,260727.282000,1.365065,-2.930175,-0.139291,-3.473832,-1.573089,2.204883,0.000000,0.000000,-0.000000,-0.000000,0.000000,0.284139,-1.707166,4.617900,1.342935,-0.139434,0.011760,0.313568
790560422892178,left,260727.290000,1.365041,-2.930116,-0.139315,-3.473797,-1.573078,2.207149,0.000000,0.000000,-0.000000,-0.000000,0.000000,0.290762,-1.724154,4.607727,1.303486,-0.128770,0.002981,0.311434
790560430844446,left,260727.298000,1.365017,-2.930152,-0.139338,-3.473808,-1.573089,2.209488,0.000000,0.000000,-0.000000,-0.000000,0.000000,0.298866,-1.741956,4.607730,1.276933,-0.138319,0.002320,0.319383
790560438839710,left,260727.306000,1.365029,-2.930152,-0.139291,-3.473808,-1.573113,2.211912,0.000000,0.000000,-0.000000,-0.000000,0.000000,0.308251,-1.713460,4.630813,1.363417,-0.145331,-0.007470,0.297697
790560446843349,left,260727.314000,1.365017,-2.930175,-0.139350,-3.473832,-1.573065,2.214358,0.000000,0.000000,-0.000000,-0.000000,0.000000,0.313251,-1.730200,4.624325,1.306846,-0.132637,0.013479,0.289755
790560455052813,left,260727.322000,1.365029,-2.930092,-0.139303,-3.473797,-1.573089,2.216887,0.000000,0.000000,-0.000000,-0.000000,0.000000,0.318114,-1.694466,4.635101,1.363444,-0.150467,-0.006158,0.294586
790560462974843,left,260727.330000,1.365041,-2.930164,-0.139303,-3.473820,-1.573065,2.219465,0.000000,0.000000,-0.000000,-0.000000,0.000000,0.325511,-1.702745,4.642388,1.357680,-0.148948,-0.008765,0.301346
790560470969786,left,260727.338000,1.365041,-2.930152,-0.139338,-3.473784,-1.573101,2.222090,0.000000,0.000000,-0.000000,-0.000000,0.000000,0.329592,-1.731858,4.643926,1.349441,-0.134526,0.003919,0.316310
790560478973861,left,260727.346000,1.365041,-2.930175,-0.139315,-3.473844,-1.573125,2.224860,0.000000,0.000000,-0.000000,-0.000000,0.000000,0.336960,-1.747916,4.640628,1.357604,-0.150356,-0.004871,0.309230
790560486966135,left,260727.354000,1.365041,-2.930175,-0.139303,-3.473820,-1.573089,2.227629,0.000000,0.000000,-0.000000,-0.000000,0.000000,0.339931,-1.730736,4.607879,1.357717,-0.144085,0.000519,0.324721
790560494951426,left,260727.362000,1.365053,-2.930140,-0.139327,-3.473797,-1.573089,2.230410,0.000000,0.000000,-0.000000,-0.000000,0.000000,0.345032,-1.766518,4.615051,1.404360,-0.138329,-0.007713,0.345640
790560502966578,left,260727.370000,1.365041,-2.930140,-0.139315,-3.473844,-1.573089,2.233204,0.000000,0.000000,-0.000000,-0.000000,0.000000,0.353104,-1.721131,4.653146,1.348860,-0.136499,0.001714,0.319222
790560510964588,left,260727.378000,1.365029,-2.930175,-0.139327,-3.473820,-1.573089,2.235998,0.000000,0.000000,-0.000000,-0.000000,0.000000,0.360221,-1.739242,4.657848,1.322512,-0.144769,0.001360,0.362885
790560518976120,left,260727.386000,1.365041,-2.930187,-0.139303,-3.473797,-1.573078,2.238876,0.000000,0.000000,-0.000000,-0.000000,0.000000,0.367917,-1.711488,4.608115,1.325935,-0.149490,-0.001204,0.374680
790560526943942,left,260727.394000,1.365053,-2.930128,-0.139303,-3.473820,-1.573065,2.241838,0.000000,0.000000,-0.000000,-0.000000,0.000000,0.376899,-1.734701,4.624558,1.340574,-0.141374,-0.003685,0.355757
790560534943409,left,260727.402000,1.365041,-2.930175,-0.139303,-3.473832,-1.573089,2.244849,0.000000,0.000000,-0.000000,-0.000000,0.000000,0.385056,-1.732296,4.634536,1.350555,-0.148978,-0.009263,0.323284
790560542975965,left,260727.410000,1.365029,-2.930152,-0.139303,-3.473832,-1.573089,2.247905,0.000000,0.000000,-0.000000,-0.000000,0.000000,0.389225,-1.729674,4.575610,1.333495,-0.132076,0.002730,0.341140
790560550962690,left,260727.418000,1.365041,-2.930140,-0.139315,-3.473797,-1.573101,2.251083,0.000000,0.000000,-0.000000,-0.000000,0.000000,0.395747,-1.727825,4.631864,1.369989,-0.139587,0.002042,0.330696
790560558992938,left,260727.426000,1.365005,-2.930140,-0.139315,-3.473832,-1.573089,2.254335,0.000000,0.000000,-0.000000,-0.000000,0.000000,0.402116,-1.737473,4.628221,1.366346,-0.140316,0.005897,0.321815
790560566968132,left,260727.434000,1.365053,-2.930152,-0.139315,-3.473784,-1.573101,2.257590,0.000000,0.000000,-0.000000,-0.000000,0.000000,0.407102,-1.694775,4.630617,1.355749,-0.142130,-0.009611,0.325213
790560574990407,left,260727.442000,1.365029,-2.930152,-0.139338,-3.473820,-1.573078,2.260891,0.000000,0.000000,-0.000000,-0.000000,0.000000,0.411797,-1.728541,4.604618,1.370564,-0.144806,0.009488,0.332013
790560582990008,left,260727.450000,1.365041,-2.930140,-0.139303,-3.473772,-1.573101,2.264253,0.000000,0.000000,-0.000000,-0.000000,0.000000,0.419338,-1.721182,4.601336,1.325712,-0.140363,0.015060,0.356900
790560590878413,left,260727.458000,1.365029,-2.930152,-0.139303,-3.473832,-1.573065,2.267544,0.000000,0.000000,-0.000000,-0.000000,0.000000,0.424568,-1.719054,4.619207,1.363845,-0.139854,-0.005577,0.364900
790560598975010,left,260727.466000,1.365017,-2.930175,-0.139291,-3.473820,-1.573101,2.270992,0.000000,0.000000,-0.000000,-0.000000,0.000000,0.434199,-1.723971,4.627389,1.369072,-0.140051,-0.000840,0.356024
790560606979802,left,260727.474000,1.365029,-2.930152,-0.139303,-3.473808,-1.573029,2.274449,0.000000,0.000000,-0.000000,-0.000000,0.000000,0.440533,-1.712378,4.625738,1.341227,-0.133099,-0.007863,0.339848
790560614956278,left,260727.482000,1.365017,-2.930152,-0.139327,-3.473808,-1.573125,2.277967,0.000000,0.000000,-0.000000,-0.000000,0.000000,0.446225,-1.711652,4.600034,1.329440,-0.137527,-0.002612,0.326907
790560622873395,left,260727.490000,1.365029,-2.930128,-0.139303,-3.473797,-1.573089,2.281654,0.000000,0.000000,-0.000000,-0.000000,0.000000,0.454340,-1.734584,4.622554,1.368329,-0.139912,-0.003570,0.339189
790560630905396,left,260727.498000,1.365065,-2.930164,-0.139327,-3.473820,-1.573113,2.285292,0.000000,0.000000,-0.000000,-0.000000,0.000000,0.461031,-1.717339,4.671698,1.349580,-0.134582,0.009932,0.323534
790560638997028,left,260727.506000,1.365053,-2.930152,-0.139338,-3.473797,-1.573078,2.289014,0.000000,0.000000,-0.000000,-0.000000,0.000000,0.464715,-1.739117,4.646134,1.325266,-0.145271,0.002009,0.347086
790560646946412,left,260727.514000,1.365041,-2.930140,-0.139279,-3.473820,-1.573078,2.292853,0.000000,0.000000,-0.000000,-0.000000,0.000000,0.466295,-1.728755,4.644702,1.379162,-0.141585,-0.000068,0.381149
790560654884320,left,260727.522000,1.365053,-2.930175,-0.139315,-3.473820,-1.573125,2.296647,0.000000,0.000000,-0.000000,-0.000000,0.000000,0.471253,-1.739229,4.696594,1.330784,-0.140357,0.005445,0.396844
790560662852534,left,260727.530000,1.365041,-2.930140,-0.139350,-3.473772,-1.573078,2.300417,0.000000,0.000000,-0.000000,-0.000000,0.000000,0.480771,-1.717847,4.620115,1.346881,-0.140226,0.007921,0.394655
790560670843072,left,260727.538000,1.365053,-2.930128,-0.139315,-3.473832,-1.573101,2.304225,0.000000,0.000000,-0.000000,-0.000000,0.000000,0.490687,-1.768760,4.647450,1.349889,-0.140544,0.006512,0.389133
790560678845579,left,260727.546000,1.365005,-2.930175,-0.139291,-3.473820,-1.573101,2.308176,0.000000,0.000000,-0.000000,-0.000000,0.000000,0.498014,-1.711785,4.666055,1.330735,-0.141403,0.010762,0.390504
790560686843126,left,260727.554000,1.365041,-2.930140,-0.139291,-3.473808,-1.573078,2.312186,0.000000,0.000000,-0.000000,-0.000000,0.000000,0.505464,-1.740114,4.625327,1.345028,-0.136554,0.016591,0.374590
790560694853499,left,260727.562000,1.365041,-2.930175,-0.139338,-3.473844,-1.573113,2.316258,0.000000,0.000000,-0.000000,-0.000000,0.000000,0.511067,-1.742212,4.638106,1.348474,-0.147192,0.009277,0.344155
790560702846177,left,260727.570000,1.365017,-2.930164,-0.139327,-3.473797,-1.573078,2.320451,0.000000,0.000000,-0.000000,-0.000000,0.000000,0.517409,-1.761269,4.605691,1.355248,-0.146194,0.016729,0.360231
790560710841995,left,260727.578000,1.365053,-2.930175,-0.139291,-3.473820,-1.573113,2.324713,0.000000,0.000000,-0.000000,-0.000000,0.000000,0.518518,-1.733832,4.613152,1.320071,-0.134954,0.014808,0.370596
790560718844023,left,260727.586000,1.365053,-2.930152,-0.139315,-3.473808,-1.573041,2.328891,0.000000,0.000000,-0.000000,-0.000000,0.000000,0.522494,-1.719327,4.625203,1.319194,-0.148538,0.014746,0.425873
790560726854695,left,260727.594000,1.365053,-2.930164,-0.139303,-3.473832,-1.573078,2.333048,0.000000,0.000000,-0.000000,-0.000000,0.000000,0.532480,-1.763428,4.651735,1.337390,-0.143161,0.018200,0.417939
790560734847452,left,260727.602000,1.365041,-2.930140,-0.139291,-3.473797,-1.573078,2.337290,0.000000,0.000000,-0.000000,-0.000000,0.000000,0.543008,-1.719723,4.609499,1.336664,-0.137355,0.021112,0.399554
790560742874256,left,260727.610000,1.365053,-2.930152,-0.139338,-3.473820,-1.573078,2.341589,0.000000,0.000000,-0.000000,-0.000000,0.000000,0.549378,-1.736695,4.608196,1.364184,-0.141496,0.011654,0.367446
790560750857147,left,260727.618000,1.365041,-2.930175,-0.139327,-3.473808,-1.573089,2.346009,0.000000,0.000000,-0.000000,-0.000000,0.000000,0.555759,-1.728976,4.611209,1.337853,-0.154386,0.016449,0.399258
790560758854149,left,260727.626000,1.365053,-2.930152,-0.139315,-3.473808,-1.573078,2.350619,0.000000,0.000000,-0.000000,-0.000000,0.000000,0.561499,-1.733359,4.643090,1.378834,-0.150087,0.011288,0.383126
790560766855801,left,260727.634000,1.365029,-2.930140,-0.139327,-3.473797,-1.573113,2.355167,0.000000,0.000000,-0.000000,-0.000000,0.000000,0.565892,-1.749594,4.628709,1.328070,-0.136065,0.011216,0.388251
790560774848180,left,260727.642000,1.365017,-2.930187,-0.139315,-3.473808,-1.573101,2.359754,0.000000,0.000000,-0.000000,-0.000000,0.000000,0.569300,-1.720117,4.626467,1.357695,-0.135690,0.013471,0.434810
790560782875350,left,260727.650000,1.365041,-2.930187,-0.139291,-3.473808,-1.573089,2.364269,0.000000,0.000000,-0.000000,-0.000000,0.000000,0.579186,-1.738671,4.601906,1.371428,-0.145364,0.020391,0.394321
790560790861830,left,260727.658000,1.365041,-2.930164,-0.139315,-3.473820,-1.573089,2.368894,0.000000,0.000000,-0.000000,-0.000000,0.000000,0.589717,-1.742190,4.626637,1.354674,-0.148474,0.026591,0.374289
790560798846699,left,260727.666000,1.365053,-2.930140,-0.139338,-3.473832,-1.573089,2.373600,0.000000,0.000000,-0.000000,-0.000000,0.000000,0.593368,-1.707826,4.619433,1.346403,-0.145214,0.014483,0.419138
790560806858742,left,260727.674000,1.365041,-2.930164,-0.139327,-3.473797,-1.573078,2.378352,0.000000,0.000000,-0.000000,-0.000000,0.000000,0.600267,-1.736948,4.638494,1.364917,-0.143354,0.024531,0.396153
790560814856331,left,260727.682000,1.365041,-2.930175,-0.139327,-3.473832,-1.573078,2.383278,0.000000,0.000000,-0.000000,-0.000000,0.000000,0.605352,-1.704467,4.603230,1.369855,-0.134441,0.016357,0.382870
790560822862692,left,260727.690000,1.365041,-2.930152,-0.139338,-3.473797,-1.573078,2.388179,0.000000,0.000000,-0.000000,-0.000000,0.000000,0.608853,-1.748320,4.603042,1.350929,-0.140329,0.019213,0.437531
790560830846935,left,260727.698000,1.365029,-2.930175,-0.139315,-3.473820,-1.573113,2.393094,0.000000,0.000000,-0.000000,-0.000000,0.000000,0.615870,-1.717757,4.621518,1.334780,-0.136373,0.029865,0.440408
790560838845554,left,260727.706000,1.365005,-2.930152,-0.139291,-3.473820,-1.573101,2.397971,0.000000,0.000000,-0.000000,-0.000000,0.000000,0.624448,-1.702343,4.638434,1.317861,-0.141076,0.023952,0.443430
790560846846373,left,260727.714000,1.365029,-2.930140,-0.139291,-3.473797,-1.573078,2.403030,0.000000,0.000000,-0.000000,-0.000000,0.000000,0.634479,-1.762267,4.640067,1.354579,-0.120447,0.026063,0.401127
790560854862624,left,260727.722000,1.365041,-2.930164,-0.139291,-3.473820,-1.573101,2.408073,0.000000,0.000000,-0.000000,-0.000000,0.000000,0.637824,-1.742164,4.612192,1.346940,-0.130549,0.020324,0.435753
790560862843653,left,260727.730000,1.365053,-2.930164,-0.139303,-3.473820,-1.573041,2.413286,0.000000,0.000000,-0.000000,-0.000000,0.000000,0.644860,-1.735162,4.587706,1.354730,-0.143859,0.047925,0.401185
790560870948675,left,260727.738000,1.365041,-2.930152,-0.139303,-3.473808,-1.573065,2.418592,0.000000,0.000000,-0.000000,-0.000000,0.000000,0.648895,-1.714351,4.623287,1.331277,-0.136267,0.035345,0.386079
790560878978506,left,260727.746000,1.365053,-2.930152,-0.139315,-3.473797,-1.573078,2.423745,0.000000,0.000000,-0.000000,-0.000000,0.000000,0.653479,-1.729761,4.633810,1.365737,-0.146388,0.028502,0.416604
790560886891516,left,260727.754000,1.365065,-2.930116,-0.139303,-3.473797,-1.573078,2.428933,0.000000,0.000000,-0.000000,-0.000000,0.000000,0.660555,-1.728119,4.625867,1.336526,-0.144749,0.042261,0.450745
790560894950334,left,260727.762000,1.365017,-2.930140,-0.139279,-3.473856,-1.573065,2.434219,0.000000,0.000000,-0.000000,-0.000000,0.000000,0.672440,-1.701546,4.618550,1.343168,-0.138588,0.023988,0.408118
790560902870652,left,260727.770000,1.365053,-2.930103,-0.139338,-3.473808,-1.573078,2.439556,0.000000,0.000000,-0.000000,-0.000000,0.000000,0.678782,-1.711222,4.601559,1.345835,-0.134412,0.028926,0.449358
790560910964583,left,260727.778000,1.365029,-2.930175,-0.139303,-3.473797,-1.573113,2.445112,0.000000,0.000000,-0.000000,-0.000000,0.000000,0.685013,-1.703020,4.662142,1.346446,-0.141207,0.031741,0.399245
790560918963751,left,260727.786000,1.365065,-2.930175,-0.139315,-3.473832,-1.573041,2.450668,0.000000,0.000000,-0.000000,-0.000000,0.000000,0.685403,-1.725903,4.659444,1.355805,-0.140108,0.019977,0.446378
790560926895810,left,260727.794000,1.365029,-2.930175,-0.139338,-3.473832,-1.573101,2.456190,0.000000,0.000000,-0.000000,-0.000000,0.000000,0.691350,-1.727741,4.611169,1.369714,-0.125319,0.026040,0.439823
790560934860269,left,260727.802000,1.365053,-2.930175,-0.139327,-3.473832,-1.573138,2.461653,0.000000,0.000000,-0.000000,-0.000000,0.000000,0.700363,-1.749966,4.605474,1.359170,-0.143042,0.031737,0.453072
790560942846594,left,260727.810000,1.365065,-2.930152,-0.139327,-3.473797,-1.573041,2.467248,0.000000,0.000000,-0.000000,-0.000000,0.000000,0.707709,-1.739963,4.631152,1.310518,-0.142024,0.028242,0.466629
790560950846485,left,260727.818000,1.365041,-2.930140,-0.139327,-3.473820,-1.573138,2.472986,0.000000,0.000000,-0.000000,-0.000000,0.000000,0.714822,-1.740400,4.613803,1.322820,-0.140156,0.039376,0.432931
790560958855474,left,260727.826000,1.365065,-2.930152,-0.139315,-3.473808,-1.573101,2.478866,0.000000,0.000000,-0.000000,-0.000000,0.000000,0.720692,-1.731355,4.600537,1.320081,-0.131869,0.031980,0.421995
790560966860709,left,260727.834000,1.365041,-2.930152,-0.139338,-3.473784,-1.573089,2.484652,0.000000,0.000000,-0.000000,-0.000000,0.000000,0.724078,-1.724868,4.618147,1.354081,-0.138777,0.028569,0.476469
790560974861103,left,260727.842000,1.365065,-2.930152,-0.139303,-3.473797,-1.573101,2.490462,0.000000,0.000000,-0.000000,-0.000000,0.000000,0.731725,-1.748134,4.617517,1.323536,-0.132072,0.026320,0.441165
790560982894767,left,260727.850000,1.365077,-2.930152,-0.139315,-3.473820,-1.573089,2.496274,0.000000,0.000000,-0.000000,-0.000000,0.000000,0.743197,-1.739854,4.624126,1.282900,-0.134256,0.035415,0.413167
790560990897798,left,260727.858000,1.365041,-2.930140,-0.139303,-3.473797,-1.573078,2.502255,0.000000,0.000000,-0.000000,-0.000000,0.000000,0.748274,-1.762843,4.609792,1.318545,-0.139861,0.038169,0.441804
790560998852502,left,260727.866000,1.365053,-2.930140,-0.139315,-3.473797,-1.573078,2.508352,0.000000,0.000000,-0.000000,-0.000000,0.000000,0.753094,-1.756733,4.639060,1.345260,-0.140488,0.042022,0.421548
790561006844847,left,260727.874000,1.365053,-2.930140,-0.139315,-3.473808,-1.573041,2.514472,0.000000,0.000000,-0.000000,-0.000000,0.000000,0.756718,-1.755678,4.621406,1.359653,-0.140831,0.041411,0.419930
790561014844895,left,260727.882000,1.365041,-2.930128,-0.139350,-3.473797,-1.573078,2.520485,0.000000,0.000000,-0.000000,-0.000000,0.000000,0.763316,-1.721687,4.626893,1.362080,-0.141397,0.036943,0.440650
790561022857310,left,260727.890000,1.365017,-2.930164,-0.139291,-3.473808,-1.573089,2.526558,0.000000,0.000000,-0.000000,-0.000000,0.000000,0.773982,-1.779956,4.633794,1.306668,-0.151817,0.030828,0.434244
790561030845023,left,260727.898000,1.365053,-2.930164,-0.139303,-3.473808,-1.573113,2.532738,0.000000,0.000000,-0.000000,-0.000000,0.000000,0.777612,-1.751714,4.607145,1.344158,-0.142209,0.029107,0.473253
790561038839831,left,260727.906000,1.365077,-2.930152,-0.139362,-3.473797,-1.573065,2.539061,0.000000,0.000000,-0.000000,-0.000000,0.000000,0.784643,-1.733126,4.632920,1.310794,-0.134545,0.039291,0.441021
790561046871220,left,260727.914000,1.365041,-2.930116,-0.139327,-3.473797,-1.573089,2.545491,0.000000,0.000000,-0.000000,-0.000000,0.000000,0.788894,-1.719519,4.623659,1.345629,-0.146427,0.036864,0.448891
790561054855378,left,260727.922000,1.365029,-2.930152,-0.139315,-3.473772,-1.573089,2.551755,0.000000,0.000000,-0.000000,-0.000000,0.000000,0.795245,-1.733072,4.644444,1.349115,-0.139071,0.031257,0.452855
790561062851029,left,260727.930000,1.365053,-2.930200,-0.139303,-3.473820,-1.573113,2.558105,0.000000,0.000000,-0.000000,-0.000000,0.000000,0.806149,-1.757607,4.634454,1.350883,-0.144658,0.041709,0.434139
790561070843799,left,260727.938000,1.365017,-2.930140,-0.139303,-3.473797,-1.573089,2.564557,0.000000,0.000000,-0.000000,-0.000000,0.000000,0.810981,-1.738228,4.613391,1.361759,-0.129558,0.042253,0.467696
790561078894148,left,260727.946000,1.365017,-2.930152,-0.139303,-3.473820,-1.573089,2.571179,0.000000,0.000000,-0.000000,-0.000000,0.000000,0.817299,-1.741625,4.671370,1.332645,-0.142930,0.048862,0.478539
790561086852012,left,260727.954000,1.365017,-2.930152,-0.139338,-3.473797,-1.573125,2.577800,0.000000,0.000000,-0.000000,-0.000000,0.000000,0.818703,-1.737445,4.627797,1.322784,-0.127751,0.031740,0.489293
790561094851796,left,260727.962000,1.365041,-2.930164,-0.139315,-3.473784,-1.573078,2.584314,0.000000,0.000000,-0.000000,-0.000000,0.000000,0.826083,-1.736564,4.632834,1.356228,-0.141631,0.043656,0.472465
790561102845624,left,260727.970000,1.365029,-2.930128,-0.139315,-3.473820,-1.573065,2.590924,0.000000,0.000000,-0.000000,-0.000000,0.000000,0.837196,-1.744763,4.609354,1.325331,-0.126658,0.048268,0.441612
790561110858121,left,260727.978000,1.365017,-2.930187,-0.139315,-3.473797,-1.573101,2.597607,0.000000,0.000000,-0.000000,-0.000000,0.000000,0.843923,-1.734209,4.617300,1.274059,-0.136247,0.060911,0.460244
790561118854888,left,260727.986000,1.365053,-2.930152,-0.139303,-3.473808,-1.573078,2.604480,0.000000,0.000000,-0.000000,-0.000000,0.000000,0.851748,-1.755588,4.614594,1.350443,-0.128886,0.042230,0.442079
790561126969598,left,260727.994000,1.365017,-2.930175,-0.139338,-3.473797,-1.573101,2.611314,0.000000,0.000000,-0.000000,-0.000000,0.000000,0.852020,-1.740137,4.572731,1.356312,-0.131416,0.040392,0.455501
790561134997472,left,260728.002000,1.365077,-2.930164,-0.139303,-3.473820,-1.573089,2.618104,0.000000,0.000000,-0.000000,-0.000000,0.000000,0.861254,-1.749981,4.635343,1.336856,-0.141068,0.054660,0.474093
790561142983218,left,260728.010000,1.365077,-2.930175,-0.139303,-3.473797,-1.573113,2.624920,0.000000,0.000000,-0.000000,-0.000000,0.000000,0.870749,-1.718517,4.631939,1.345554,-0.144802,0.057094,0.457821
790561150896876,left,260728.018000,1.365041,-2.930152,-0.139303,-3.473808,-1.573078,2.631932,0.000000,0.000000,-0.000000,-0.000000,0.000000,0.878337,-1.759858,4.613177,1.338749,-0.138528,0.067617,0.450602
790561158971322,left,260728.026000,1.365029,-2.930128,-0.139303,-3.473832,-1.573089,2.639079,0.000000,0.000000,-0.000000,-0.000000,0.000000,0.881687,-1.723153,4.601568,1.343729,-0.127503,0.049093,0.438161
790561166907152,left,260728.034000,1.365053,-2.930187,-0.139315,-3.473797,-1.573089,2.646151,0.000000,0.000000,-0.000000,-0.000000,0.000000,0.885468,-1.716213,4.614300,1.352270,-0.136068,0.044731,0.454836
790561174980054,left,260728.042000,1.365041,-2.930152,-0.139338,-3.473797,-1.573113,2.653162,0.000000,0.000000,-0.000000,-0.000000,0.000000,0.894638,-1.727726,4.614062,1.364306,-0.123556,0.047525,0.467144
790561182950393,left,260728.050000,1.365017,-2.930164,-0.139327,-3.473797,-1.573089,2.660298,0.000000,0.000000,-0.000000,-0.000000,0.000000,0.901722,-1.753199,4.596654,1.320493,-0.129859,0.041090,0.494345
790561190877728,left,260728.058000,1.365029,-2.930187,-0.139303,-3.473808,-1.573125,2.667729,0.000000,0.000000,-0.000000,-0.000000,0.000000,0.910081,-1.733449,4.627290,1.342918,-0.120213,0.047995,0.440652
790561198848032,left,260728.066000,1.365041,-2.930128,-0.139315,-3.473784,-1.573089,2.675065,0.000000,0.000000,-0.000000,-0.000000,0.000000,0.909077,-1.757757,4.633273,1.330998,-0.139613,0.052160,0.505237
790561206843768,left,260728.074000,1.365041,-2.930128,-0.139327,-3.473797,-1.573101,2.682270,0.000000,0.000000,-0.000000,-0.000000,0.000000,0.917487,-1.731448,4.663115,1.307970,-0.135926,0.055385,0.498051
790561214844814,left,260728.082000,1.365053,-2.930128,-0.139291,-3.473808,-1.573078,2.689559,0.000000,0.000000,-0.000000,-0.000000,0.000000,0.925209,-1.748946,4.656375,1.337592,-0.137716,0.055808,0.486949
790561222850234,left,260728.090000,1.365065,-2.930175,-0.139338,-3.473820,-1.573029,2.697087,0.000000,0.000000,-0.000000,-0.000000,0.000000,0.932667,-1.731554,4.610814,1.314657,-0.137964,0.061276,0.495037
790561230843823,left,260728.098000,1.365053,-2.930164,-0.139315,-3.473797,-1.573089,2.704668,0.000000,0.000000,-0.000000,-0.000000,0.000000,0.936830,-1.738286,4.637114,1.310835,-0.124918,0.055488,0.473642
790561238844831,left,260728.106000,1.365041,-2.930140,-0.139327,-3.473808,-1.573089,2.712073,0.000000,0.000000,-0.000000,-0.000000,0.000000,0.944685,-1.740315,4.622599,1.346810,-0.138057,0.049518,0.501563
790561246842744,left,260728.114000,1.365029,-2.930152,-0.139303,-3.473820,-1.573089,2.719642,0.000000,0.000000,-0.000000,-0.000000,0.000000,0.951026,-1.753376,4.612509,1.304084,-0.121208,0.057363,0.515153
790561254844226,left,260728.122000,1.365053,-2.930140,-0.139327,-3.473808,-1.573078,2.727247,0.000000,0.000000,-0.000000,-0.000000,0.000000,0.959319,-1.698727,4.665397,1.358103,-0.100036,0.046638,0.497969
790561262847381,left,260728.130000,1.365005,-2.930140,-0.139315,-3.473808,-1.573078,2.735045,0.000000,0.000000,-0.000000,-0.000000,0.000000,0.964129,-1.752164,4.637385,1.344499,-0.108849,0.057442,0.464422
790561270845568,left,260728.138000,1.365041,-2.930140,-0.139279,-3.473797,-1.573101,2.742734,0.000000,0.000000,-0.000000,-0.000000,0.000088,0.968603,-1.724694,4.639194,1.296326,-0.119595,0.045793,0.498672
790561278843186,left,260728.146000,1.365017,-2.930128,-0.139315,-3.473784,-1.573113,2.750484,0.000000,0.000000,-0.000000,-0.000000,0.000086,0.977761,-1.734846,4.594261,1.314298,-0.123084,0.046368,0.503785
790561286842834,left,260728.154000,1.365065,-2.930140,-0.139315,-3.473808,-1.573078,2.758374,0.000000,0.000000,-0.000000,-0.000000,0.000080,0.983028,-1.753998,4.625854,1.283253,-0.118308,0.056773,0.498964
790561294845378,left,260728.162000,1.365041,-2.930152,-0.139303,-3.473808,-1.573041,2.766404,0.000000,0.000000,-0.000000,-0.000000,0.000075,0.989027,-1.738470,4.626534,1.279297,-0.111966,0.043060,0.484199
790561302841832,left,260728.170000,1.365029,-2.930152,-0.139303,-3.473808,-1.573089,2.774247,0.000000,0.000000,-0.000000,-0.000000,0.000070,0.994480,-1.753931,4.637021,1.285743,-0.124549,0.053107,0.509443
790561310841064,left,260728.178000,1.365065,-2.930175,-0.139338,-3.473797,-1.573065,2.782117,0.000000,0.000000,-0.000000,-0.000000,0.000077,1.003046,-1.750022,4.650714,1.330268,-0.112540,0.038139,0.510772
790561318842713,left,260728.186000,1.365053,-2.930152,-0.139338,-3.473797,-1.573078,2.790261,0.000000,0.000000,-0.000000,-0.000000,0.000075,1.010342,-1.758312,4.608954,1.321940,-0.128326,0.058594,0.483778
790561326846640,left,260728.194000,1.365041,-2.930200,-0.139327,-3.473820,-1.573065,2.798490,0.000000,0.000000,-0.000000,-0.000000,0.000071,1.014903,-1.767051,4.600778,1.315154,-0.120362,0.047503,0.447733
790561334845414,left,260728.202000,1.365053,-2.930164,-0.139303,-3.473808,-1.573065,2.806525,0.000000,0.000000,-0.000000,-0.000000,0.000067,1.019413,-1.762435,4.651826,1.305434,-0.126565,0.038372,0.514300
790561342865681,left,260728.210000,1.365029,-2.930140,-0.139303,-3.473820,-1.573029,2.814639,0.000000,0.000000,-0.000000,-0.000000,0.000064,1.027635,-1.771433,4.621685,1.269569,-0.124025,0.042912,0.517880
790561350841379,left,260728.218000,1.365041,-2.930187,-0.139327,-3.473832,-1.573078,2.822985,0.000000,0.000000,-0.000000,-0.000000,0.000061,1.034881,-1.771841,4.646710,1.336178,-0.114321,0.039232,0.517677
790561358847737,left,260728.226000,1.365029,-2.930152,-0.139303,-3.473832,-1.573041,2.831317,0.000000,0.000000,-0.000000,-0.000000,0.000001,1.039271,-1.744168,4.602457,1.323123,-0.123435,0.042559,0.495662
790561366844638,left,260728.234000,1.365041,-2.930164,-0.139327,-3.473797,-1.573078,2.839566,0.000000,0.000000,-0.000000,-0.000000,0.000000,1.047571,-1.744773,4.613996,1.305554,-0.109873,0.038086,0.491065
790561374840993,left,260728.242000,1.365041,-2.930175,-0.139303,-3.473832,-1.573089,2.847957,0.000000,0.000000,-0.000000,-0.000000,0.000000,1.054301,-1.762382,4.600762,1.302442,-0.110453,0.033942,0.512897
790561382866097,left,260728.250000,1.365041,-2.930152,-0.139303,-3.473820,-1.573089,2.856541,0.000000,0.000000,-0.000000,-0.000000,0.000000,1.062745,-1.784407,4.650743,1.333805,-0.121801,0.029927,0.459081
790561390853944,left,260728.258000,1.365029,-2.930140,-0.139291,-3.473797,-1.573078,2.865132,0.000000,0.000000,-0.000000,-0.000000,0.000000,1.062188,-1.766137,4.646105,1.329191,-0.125562,0.050434,0.548920
790561398847718,left,260728.266000,1.365017,-2.930152,-0.139303,-3.473797,-1.573089,2.873552,0.000000,0.000000,-0.000000,-0.000000,0.000000,1.071705,-1.756613,4.574927,1.313088,-0.112741,0.030458,0.517080
790561406841914,left,260728.274000,1.365053,-2.930140,-0.139315,-3.473784,-1.573101,2.882159,0.000000,0.000000,-0.000000,-0.000000,0.000000,1.080361,-1.732625,4.639630,1.314345,-0.116269,0.033907,0.526633
790561414845004,left,260728.282000,1.365017,-2.930152,-0.139303,-3.473784,-1.573065,2.890975,0.000000,0.000000,-0.000000,-0.000000,0.000000,1.086313,-1.745081,4.591287,1.322103,-0.117493,0.032908,0.480930
790561422847744,left,260728.290000,1.365005,-2.930140,-0.139338,-3.473808,-1.573017,2.899584,0.000000,0.000000,-0.000000,-0.000000,0.000000,1.089122,-1.755041,4.662724,1.327044,-0.112418,0.036232,0.542865
790561430844596,left,260728.298000,1.365065,-2.930152,-0.139291,-3.473820,-1.573078,2.908253,0.000000,0.000000,-0.000000,-0.000000,0.000000,1.097268,-1.748531,4.575049,1.346678,-0.114592,0.040009,0.521180
790561438842417,left,260728.306000,1.365041,-2.930140,-0.139303,-3.473784,-1.573078,2.917199,0.000000,0.000000,-0.000000,-0.000000,0.000000,1.106156,-1.766768,4.649309,1.315491,-0.117347,0.033314,0.503535
790561446842392,left,260728.314000,1.365029,-2.930140,-0.139315,-3.473808,-1.573101,2.926142,0.000000,0.000000,-0.000000,-0.000000,0.000000,1.110428,-1.718506,4.653389,1.315258,-0.108099,0.028336,0.479688
790561454843692,left,260728.322000,1.365041,-2.930187,-0.139327,-3.473820,-1.573065,2.934861,0.000000,0.000000,-0.000000,-0.000000,0.000000,1.116808,-1.756464,4.638088,1.309674,-0.115239,0.040096,0.525309
790561462865337,left,260728.330000,1.365017,-2.930164,-0.139315,-3.473820,-1.573065,2.943819,0.000000,0.000000,-0.000000,-0.000000,0.000000,1.125054,-1.722925,4.610732,1.313542,-0.100423,0.028799,0.528503
790561470842505,left,260728.338000,1.365017,-2.930152,-0.139327,-3.473832,-1.573101,2.953022,0.000000,0.000000,-0.000000,-0.000000,0.000000,1.132211,-1.748241,4.621374,1.303511,-0.105003,0.033622,0.496120
790561478843648,left,260728.346000,1.365005,-2.930164,-0.139315,-3.473797,-1.573078,2.962014,0.000000,0.000000,-0.000000,-0.000000,0.000000,1.133872,-1.760485,4.635331,1.318086,-0.108926,0.046516,0.528878
790561486842648,left,260728.354000,1.365053,-2.930140,-0.139315,-3.473832,-1.573113,2.971049,0.000000,0.000000,-0.000000,-0.000000,0.000000,1.141032,-1.762052,4.615155,1.298738,-0.109167,0.037788,0.524880
790561494846075,left,260728.362000,1.365029,-2.930200,-0.139303,-3.473797,-1.573065,2.980321,0.000000,0.000000,-0.000000,-0.000000,0.000000,1.151962,-1.767847,4.664732,1.313624,-0.113362,0.031377,0.492148
790561502845079,left,260728.370000,1.365053,-2.930140,-0.139291,-3.473797,-1.573078,2.989574,0.000000,0.000000,-0.000000,-0.000000,0.000000,1.144894,-1.749477,4.577562,1.294034,-0.102894,0.032566,0.465009
790561510842493,left,260728.378000,1.365017,-2.930152,-0.139327,-3.473784,-1.573041,2.998557,0.000000,0.000000,-0.000000,-0.000000,0.000000,1.137712,-1.740250,4.627344,1.327907,-0.103083,0.035939,0.457806
790561518845399,left,260728.386000,1.365029,-2.930164,-0.139303,-3.473797,-1.573065,3.007654,0.000000,0.000000,-0.000000,-0.000000,0.000000,1.134941,-1.764065,4.652296,1.309189,-0.105216,0.042656,0.491671
790561526845498,left,260728.394000,1.365029,-2.930152,-0.139338,-3.473820,-1.573041,3.016840,0.000000,0.000000,-0.000000,-0.000000,0.000000,1.128578,-1.757419,4.601971,1.320290,-0.094698,0.023957,0.478272
790561534848026,left,260728.402000,1.365053,-2.930152,-0.139303,-3.473797,-1.573089,3.025770,0.000000,0.000000,-0.000000,-0.000000,0.000000,1.120163,-1.750443,4.652509,1.314626,-0.090888,0.044272,0.487437
790561542834645,left,260728.410000,1.365029,-2.930164,-0.139315,-3.473832,-1.573078,3.034584,0.000000,0.000000,-0.000000,-0.000000,0.000000,1.114476,-1.780906,4.661909,1.309651,-0.103534,0.019510,0.477020
790561550845168,left,260728.418000,1.365017,-2.930175,-0.139303,-3.473808,-1.573041,3.043611,0.000000,0.000000,-0.000000,-0.000000,0.000000,1.110650,-1.763489,4.621716,1.301097,-0.098295,0.025172,0.441842
790561558844715,left,260728.426000,1.365053,-2.930164,-0.139350,-3.473784,-1.573089,3.052445,0.000000,0.000000,-0.000000,-0.000000,0.000000,1.099118,-1.729619,4.639096,1.301829,-0.102443,0.026174,0.456894
790561566836109,left,260728.434000,1.365029,-2.930164,-0.139327,-3.473797,-1.573078,3.061163,0.000000,0.000000,-0.000000,-0.000000,0.000000,1.094833,-1.736973,4.616473,1.264330,-0.101990,0.019602,0.472991
790561574841551,left,260728.442000,1.365041,-2.930152,-0.139338,-3.473832,-1.573113,3.069860,0.000000,0.000000,-0.000000,-0.000000,0.000000,1.090371,-1.750632,4.622624,1.263795,-0.104722,0.031281,0.465988
790561582849690,left,260728.450000,1.364981,-2.930187,-0.139338,-3.473820,-1.573029,3.078707,0.000000,0.000000,-0.000000,-0.000000,0.000000,1.085151,-1.753638,4.651851,1.286904,-0.099429,0.027120,0.422777
790561590853280,left,260728.458000,1.365065,-2.930152,-0.139303,-3.473797,-1.573041,3.087287,0.000000,0.000000,-0.000000,-0.000000,0.000000,1.074085,-1.761479,4.639750,1.337945,-0.096222,0.025318,0.454845
790561598850968,left,260728.466000,1.365017,-2.930175,-0.139303,-3.473832,-1.573041,3.095762,0.000000,0.000000,-0.000000,-0.000000,0.000000,1.071959,-1.754857,4.657237,1.304516,-0.089539,0.020545,0.462849
790561606847631,left,260728.474000,1.365065,-2.930164,-0.139315,-3.473820,-1.573089,3.104353,0.000000,0.000000,-0.000000,-0.000000,0.000000,1.068356,-1.739315,4.631397,1.298114,-0.083748,0.015378,0.435768
790561614847611,left,260728.482000,1.365053,-2.930175,-0.139338,-3.473797,-1.573029,3.112955,0.000000,0.000000,-0.000000,-0.000000,0.000000,1.057543,-1.780714,4.635760,1.311061,-0.089636,0.023067,0.404811
790561622852022,left,260728.490000,1.365041,-2.930175,-0.139327,-3.473808,-1.573078,3.121250,0.000000,0.000000,-0.000000,-0.000000,0.000000,1.048554,-1.752347,4.619037,1.312795,-0.098731,0.026211,0.494038
790561630850464,left,260728.498000,1.365041,-2.930152,-0.139291,-3.473808,-1.573041,3.129524,0.000000,0.000000,-0.000000,-0.000000,0.000000,1.047076,-1.772797,4.643399,1.284389,-0.090906,0.013386,0.462775
790561638845555,left,260728.506000,1.365053,-2.930152,-0.139315,-3.473832,-1.573101,3.137981,0.000000,0.000000,-0.000000,-0.000000,0.000000,1.042096,-1.753210,4.651295,1.310571,-0.092805,0.025537,0.448994
790561646848941,left,260728.514000,1.365005,-2.930175,-0.139350,-3.473844,-1.573089,3.146374,0.000000,0.000000,-0.000000,-0.000000,0.000000,1.030796,-1.770708,4.612366,1.287328,-0.095318,0.026828,0.448616
790561654844425,left,260728.522000,1.365053,-2.930128,-0.139315,-3.473844,-1.573041,3.154448,0.000000,0.000000,-0.000000,-0.000000,0.000000,1.024542,-1.738005,4.631552,1.302092,-0.092121,0.041355,0.471129
790561662847760,left,260728.530000,1.365077,-2.930164,-0.139315,-3.473784,-1.573089,3.162628,0.000000,0.000000,-0.000000,-0.000000,0.000000,1.018521,-1.749725,4.658391,1.254239,-0.077024,0.036798,0.498594
790561670845593,left,260728.538000,1.365053,-2.930140,-0.139315,-3.473808,-1.573041,3.170868,0.000000,0.000000,-0.000000,-0.000000,0.000000,1.016042,-1.749754,4.646905,1.297910,-0.089580,0.025262,0.386638
790561678845418,left,260728.546000,1.365053,-2.930140,-0.139327,-3.473797,-1.573065,3.178974,0.000000,0.000000,-0.000000,-0.000000,0.000000,1.004388,-1.744048,4.646767,1.290311,-0.082640,0.030665,0.446274
790561686845717,left,260728.554000,1.365029,-2.930152,-0.139338,-3.473772,-1.573065,3.186850,0.000000,0.000000,-0.000000,-0.000000,0.000000,0.998151,-1.727489,4.621619,1.291528,-0.078648,0.030636,0.459670
790561694846211,left,260728.562000,1.365041,-2.930140,-0.139350,-3.473784,-1.573101,3.194765,0.000000,0.000000,-0.000000,-0.000000,0.000000,0.994966,-1.757764,4.642775,1.307855,-0.079963,0.027207,0.488152
790561702849767,left,260728.570000,1.365041,-2.930187,-0.139315,-3.473797,-1.573101,3.202828,0.000000,0.000000,-0.000000,-0.000000,0.000000,0.989861,-1.754225,4.626771,1.309469,-0.082557,0.033018,0.396179
790561710843578,left,260728.578000,1.365041,-2.930175,-0.139315,-3.473820,-1.573078,3.210724,0.000000,0.000000,-0.000000,-0.000000,0.000000,0.980841,-1.790508,4.628783,1.302846,-0.074431,0.028061,0.453787
790561718842727,left,260728.586000,1.365029,-2.930080,-0.139315,-3.473808,-1.573078,3.218428,0.000000,0.000000,-0.000000,-0.000000,0.000000,0.974441,-1.761077,4.626891,1.265430,-0.086210,0.028600,0.463950
790561726849914,left,260728.594000,1.365017,-2.930164,-0.139338,-3.473797,-1.573113,3.226145,0.000000,0.000000,-0.000000,-0.000000,0.000000,0.968699,-1.762828,4.642882,1.276068,-0.076779,0.011839,0.483275
790561734842768,left,260728.602000,1.365017,-2.930175,-0.139338,-3.473784,-1.573113,3.234054,0.000000,0.000000,-0.000000,-0.000000,0.000000,0.965254,-1.779547,4.647545,1.279301,-0.083380,0.029319,0.395997
790561742844479,left,260728.610000,1.365041,-2.930152,-0.139291,-3.473797,-1.573041,3.241745,0.000000,0.000000,-0.000000,-0.000000,0.000000,0.952355,-1.749277,4.647062,1.317079,-0.081429,0.036313,0.436632
790561750842397,left,260728.618000,1.365065,-2.930152,-0.139327,-3.473797,-1.573101,3.249240,0.000000,0.000000,-0.000000,0.000000,0.000000,0.948526,-1.764168,4.625747,1.264002,-0.065953,0.035025,0.428563
790561758848326,left,260728.626000,1.365041,-2.930140,-0.139350,-3.473797,-1.573078,3.256797,0.000000,0.000000,-0.000000,0.000000,0.000000,0.942178,-1.758826,4.650835,1.277415,-0.079641,0.037109,0.455403
790561766841843,left,260728.634000,1.365053,-2.930164,-0.139327,-3.473808,-1.573101,3.264423,0.000000,0.000000,-0.000000,0.000000,0.000000,0.938437,-1.755053,4.616009,1.276122,-0.072643,0.035101,0.392155
790561774845480,left,260728.642000,1.365053,-2.930175,-0.139303,-3.473808,-1.573089,3.271928,0.000000,0.000000,-0.000000,0.000000,0.000000,0.929839,-1.768369,4.650007,1.273972,-0.080076,0.025963,0.390342
790561782843395,left,260728.650000,1.365017,-2.930164,-0.139291,-3.473832,-1.573089,3.279111,0.000000,0.000000,-0.000000,0.000000,0.000000,0.920903,-1.753906,4.640688,1.270714,-0.059193,0.041491,0.466863
790561790848641,left,260728.658000,1.365029,-2.930140,-0.139315,-3.473844,-1.573089,3.286451,0.000000,0.000000,-0.000000,0.000000,0.000000,0.917016,-1.757715,4.620506,1.267042,-0.075839,0.035625,0.488107
790561798844206,left,260728.666000,1.365065,-2.930152,-0.139338,-3.473797,-1.573065,3.293835,0.000000,0.000000,-0.000000,0.000000,0.000000,0.913715,-1.798212,4.616617,1.291608,-0.056993,0.023922,0.433292
790561806842133,left,260728.674000,1.365029,-2.930140,-0.139291,-3.473784,-1.573113,3.301219,0.000000,0.000000,-0.000000,0.000000,0.000000,0.902474,-1.733754,4.643118,1.300536,-0.054346,0.051913,0.408948
790561814841869,left,260728.682000,1.365029,-2.930140,-0.139315,-3.473808,-1.573101,3.308282,0.000000,0.000000,-0.000000,0.000000,0.000000,0.895939,-1.776592,4.638064,1.242451,-0.062205,0.025906,0.441476
790561822853337,left,260728.690000,1.365029,-2.930152,-0.139338,-3.473772,-1.573089,3.315409,0.000000,0.000000,-0.000000,0.000000,0.000000,0.892715,-1.759407,4.622378,1.267787,-0.079519,0.043104,0.427968
790561830846039,left,260728.698000,1.365029,-2.930187,-0.139315,-3.473797,-1.573101,3.322467,0.000000,0.000000,-0.000000,0.000000,0.000000,0.887883,-1.750552,4.607149,1.287331,-0.070747,0.031596,0.403995
790561838845312,left,260728.706000,1.365017,-2.930140,-0.139315,-3.473808,-1.573089,3.329702,0.000000,0.000000,-0.000000,0.000000,0.000000,0.881020,-1.766652,4.614236,1.271994,-0.077086,0.047247,0.351562
790561846845280,left,260728.714000,1.365041,-2.930175,-0.139338,-3.473808,-1.573078,3.336709,0.000000,0.000000,-0.000000,0.000000,0.000000,0.869018,-1.742155,4.633072,1.273058,-0.069785,0.045318,0.393433
790561854845162,left,260728.722000,1.365077,-2.930128,-0.139303,-3.473832,-1.573101,3.343526,0.000000,0.000000,-0.000000,0.000000,0.000000,0.864275,-1.772422,4.656909,1.273856,-0.062622,0.046061,0.417138
790561862844856,left,260728.730000,1.365029,-2.930128,-0.139338,-3.473784,-1.573101,3.350342,0.000000,0.000000,-0.000000,0.000000,0.000000,0.858789,-1.797135,4.615297,1.213708,-0.064614,0.050858,0.449562
790561870848624,left,260728.738000,1.365017,-2.930152,-0.139291,-3.473808,-1.573113,3.357293,0.000000,0.000000,-0.000000,0.000000,0.000000,0.857954,-1.763971,4.663037,1.232020,-0.070831,0.036741,0.383734
790561878847195,left,260728.746000,1.365029,-2.930164,-0.139327,-3.473797,-1.573089,3.364192,0.000000,0.000000,-0.000000,0.000000,0.000000,0.846861,-1.790850,4.643273,1.275465,-0.075599,0.039604,0.391518
790561886845901,left,260728.754000,1.365053,-2.930187,-0.139327,-3.473808,-1.573078,3.370793,0.000000,0.000000,-0.000000,0.000000,0.000000,0.838015,-1.766538,4.666888,1.278419,-0.063020,0.027652,0.416267
790561894855307,left,260728.762000,1.365041,-2.930164,-0.139315,-3.473808,-1.573065,3.377408,0.000000,0.000018,-0.000000,0.000000,0.000000,0.834970,-1.750469,4.597329,1.280950,-0.069739,0.037570,0.406268
790561902847064,left,260728.770000,1.365041,-2.930152,-0.139327,-3.473784,-1.573101,3.384051,0.000000,0.000017,-0.000000,0.000000,0.000000,0.831144,-1.771176,4.654586,1.242989,-0.063742,0.037746,0.412798
790561910845625,left,260728.778000,1.365053,-2.930140,-0.139327,-3.473832,-1.573078,3.390800,0.000000,0.000015,-0.000000,0.000000,0.000000,0.825672,-1.754761,4.634331,1.279133,-0.067219,0.042169,0.361326
790561918843606,left,260728.786000,1.365041,-2.930164,-0.139327,-3.473808,-1.573089,3.397331,0.000000,0.000014,-0.000000,0.000000,0.000000,0.814895,-1.774562,4.670226,1.287895,-0.056960,0.047397,0.386958
790561926845852,left,260728.794000,1.365041,-2.930116,-0.139338,-3.473784,-1.573029,3.403768,0.000000,0.000014,-0.000000,0.000000,0.000000,0.806143,-1.750264,4.658268,1.315773,-0.063879,0.050572,0.465646
790561934845894,left,260728.802000,1.365017,-2.930175,-0.139315,-3.473808,-1.573065,3.410096,0.000000,0.000013,-0.000000,0.000000,0.000000,0.800584,-1.744683,4.629590,1.256542,-0.077498,0.045595,0.426759
790561942842900,left,260728.810000,1.365017,-2.930140,-0.139315,-3.473797,-1.573078,3.416475,0.000000,0.000012,-0.000000,0.000000,0.000000,0.797300,-1.753719,4.672246,1.274686,-0.069397,0.055355,0.408211
790561950842175,left,260728.818000,1.365029,-2.930152,-0.139338,-3.473784,-1.573089,3.423033,0.000000,0.000012,-0.000000,0.000000,0.000000,0.792240,-1.744757,4.614786,1.280901,-0.070653,0.049385,0.354873
790561958847130,left,260728.826000,1.365041,-2.930175,-0.139315,-3.473784,-1.573089,3.429298,0.000000,0.000011,-0.000000,0.000000,0.000000,0.780773,-1.763333,4.619074,1.228138,-0.070591,0.056756,0.383466
790561966863239,left,260728.834000,1.365029,-2.930152,-0.139350,-3.473797,-1.573089,3.435408,0.000000,0.000010,-0.000000,0.000000,0.000000,0.774551,-1.786269,4.680718,1.261124,-0.065008,0.053045,0.421099
790561974846717,left,260728.842000,1.365017,-2.930140,-0.139338,-3.473797,-1.573078,3.441556,0.000000,0.000010,-0.000000,0.000000,0.000000,0.770424,-1.717931,4.634302,1.252461,-0.067770,0.058834,0.409436
790561982848837,left,260728.850000,1.365029,-2.930175,-0.139315,-3.473784,-1.573078,3.447725,0.000000,0.000000,-0.000000,0.000000,0.000000,0.764848,-1.779009,4.661342,1.242588,-0.081489,0.055295,0.382393
790561990871179,left,260728.858000,1.365053,-2.930152,-0.139315,-3.473797,-1.573041,3.453942,0.000000,0.000000,-0.000000,0.000000,0.000000,0.760631,-1.800774,4.609045,1.260322,-0.071959,0.050304,0.321469
790561998848077,left,260728.866000,1.365053,-2.930164,-0.139291,-3.473808,-1.573017,3.459977,0.000000,0.000000,-0.000000,0.000000,0.000210,0.748105,-1.774042,4.660200,1.262504,-0.070097,0.045434,0.370075
790562006846068,left,260728.874000,1.365041,-2.930175,-0.139350,-3.473808,-1.573041,3.465799,0.000000,0.000000,-0.000000,0.000000,0.000177,0.740969,-1.726002,4.590794,1.238099,-0.077484,0.049058,0.447668
790562014845764,left,260728.882000,1.365029,-2.930128,-0.139338,-3.473797,-1.573065,3.471694,0.000000,0.000000,-0.000000,0.000000,0.000184,0.738100,-1.754046,4.657991,1.297544,-0.081280,0.043309,0.390343
790562022846951,left,260728.890000,1.365029,-2.930128,-0.139303,-3.473797,-1.573041,3.477563,0.000000,0.000000,-0.000000,0.000000,0.000162,0.735041,-1.792715,4.657159,1.248808,-0.076235,0.056115,0.379779
790562030845581,left,260728.898000,1.365053,-2.930152,-0.139315,-3.473797,-1.573041,3.483505,0.000000,0.000000,-0.000000,0.000000,0.000144,0.727091,-1.787463,4.617980,1.288799,-0.073694,0.038453,0.388238
790562038844846,left,260728.906000,1.365041,-2.930140,-0.139327,-3.473784,-1.573089,3.489360,0.000000,0.000000,-0.000000,0.000000,0.000130,0.716459,-1.764310,4.611707,1.284253,-0.075684,0.036386,0.334191
790562046852013,left,260728.914000,1.365065,-2.930175,-0.139303,-3.473820,-1.573041,3.494657,0.000000,0.000000,-0.000000,0.000000,0.000119,0.569061,-1.790312,4.647076,1.263843,-0.073597,0.043829,-1.204001
790562054844518,left,260728.922000,1.365041,-2.930140,-0.139315,-3.473797,-1.573041,3.497612,0.000000,0.000000,-0.000000,0.000000,0.000078,0.305681,-1.787521,4.682431,1.265539,-0.070686,0.056601,-0.585062
790562062846558,left,260728.930000,1.365029,-2.930128,-0.139303,-3.473808,-1.573029,3.498866,0.000000,0.000000,-0.000000,0.000000,0.000078,0.073543,-1.798838,4.661098,1.257117,-0.074213,0.037236,-0.730177
790562070844927,left,260728.938000,1.365029,-2.930140,-0.139291,-3.473772,-1.573065,3.498598,0.000000,-0.000033,-0.000000,0.000000,0.000070,-0.023817,-1.701638,4.251808,1.270525,-0.071928,0.039212,0.482275
790562078844545,left,260728.946000,1.365041,-2.930175,-0.139315,-3.473820,-1.573041,3.498656,0.000000,0.000998,-0.000000,0.000000,0.000063,-0.017391,-1.712411,4.243531,1.297505,-0.079878,0.041852,0.001807
790562086843711,left,260728.954000,1.365029,-2.930140,-0.139327,-3.473808,-1.573065,3.498576,0.000000,0.000000,-0.000000,0.000000,-0.000053,-0.009527,-1.733268,4.271788,1.299700,-0.066664,0.021450,-0.135475
790562094845804,left,260728.962000,1.365017,-2.930175,-0.139315,-3.473820,-1.573041,3.498465,0.000000,-0.000292,-0.000000,0.000000,-0.000043,-0.018520,-1.688584,4.310177,1.271668,-0.083047,0.030651,-0.130835
790562102845290,left,260728.970000,1.365041,-2.930200,-0.139338,-3.473820,-1.573078,3.498284,0.000000,-0.000266,-0.000000,0.000000,-0.000036,-0.025458,-1.712868,4.296206,1.291503,-0.086016,0.021394,-0.173956
790562110842075,left,260728.978000,1.365041,-2.930164,-0.139315,-3.473832,-1.573041,3.498077,0.000000,0.000000,-0.000000,0.000000,-0.000031,-0.034171,-1.716367,4.294643,1.275973,-0.076817,0.023561,-0.179724
790562118842501,left,260728.986000,1.365041,-2.930152,-0.139315,-3.473808,-1.573065,3.497752,0.000000,0.000000,-0.000000,0.000000,-0.000027,-0.041664,-1.734690,4.331149,1.271363,-0.068193,0.024589,-0.186171
790562126845494,left,260728.994000,1.365029,-2.930152,-0.139362,-3.473784,-1.573078,3.497439,0.000000,0.000000,-0.000000,0.000000,-0.000024,-0.048584,-1.746844,4.316832,1.256102,-0.076013,0.026155,-0.175720
790562134843186,left,260729.002000,1.365053,-2.930175,-0.139338,-3.473820,-1.573078,3.496982,0.000000,0.000000,-0.000000,0.000000,-0.000022,-0.055675,-1.722667,4.339509,1.269470,-0.074478,0.018051,-0.177623
790562142844297,left,260729.010000,1.365029,-2.930187,-0.139327,-3.473808,-1.573041,3.496562,0.000000,0.000000,-0.000000,0.000000,-0.000020,-0.062412,-1.695449,4.305332,1.298664,-0.070194,0.018339,-0.195823
790562150846583,left,260729.018000,1.365017,-2.930128,-0.139315,-3.473808,-1.573017,3.496022,0.000000,0.000000,-0.000000,0.000000,-0.000018,-0.068385,-1.704526,4.309769,1.289313,-0.079184,0.022651,-0.201306
790562158848704,left,260729.026000,1.365041,-2.930175,-0.139338,-3.473820,-1.573089,3.495445,0.000000,0.000000,-0.000000,0.000000,-0.000017,-0.075657,-1.719313,4.311526,1.295870,-0.086736,0.013747,-0.197630
790562166853110,left,260729.034000,1.365017,-2.930175,-0.139327,-3.473808,-1.573089,3.494833,0.000000,0.000000,-0.000000,0.000000,-0.000016,-0.081570,-1.749101,4.314222,1.276310,-0.076648,0.031839,-0.211219
790562174843369,left,260729.042000,1.365017,-2.930187,-0.139338,-3.473772,-1.573041,3.494112,0.000000,0.000000,-0.000000,0.000000,-0.000015,-0.088487,-1.721861,4.324717,1.314577,-0.086430,0.005605,-0.207473
790562182845490,left,260729.050000,1.365077,-2.930175,-0.139315,-3.473772,-1.573078,3.493438,0.000000,0.000000,-0.000000,0.000000,-0.000014,-0.096100,-1.739016,4.350979,1.285609,-0.071532,0.003701,-0.187544
790562190846819,left,260729.058000,1.365065,-2.930140,-0.139327,-3.473772,-1.573029,3.492645,0.000000,0.000000,-0.000000,0.000000,-0.000013,-0.101998,-1.756092,4.305829,1.308961,-0.077063,0.011453,-0.188945
790562198843016,left,260729.066000,1.364993,-2.930175,-0.139338,-3.473808,-1.573078,3.491804,0.000000,0.000000,-0.000000,0.000000,-0.000012,-0.106794,-1.712617,4.289387,1.297201,-0.075359,0.019922,-0.222300
790562206842985,left,260729.074000,1.365041,-2.930152,-0.139303,-3.473832,-1.573065,3.490891,0.000000,0.000000,-0.000000,0.000000,-0.000012,-0.113114,-1.699958,4.299534,1.267487,-0.075561,0.018468,-0.209388
790562214843037,left,260729.082000,1.365065,-2.930175,-0.139303,-3.473797,-1.573089,3.489991,0.000000,0.000000,-0.000000,0.000000,-0.000011,-0.119226,-1.719365,4.319175,1.273193,-0.073060,0.023318,-0.211365
790562222848995,left,260729.090000,1.365041,-2.930164,-0.139327,-3.473784,-1.573065,3.488981,0.000000,0.000000,-0.000000,0.000000,-0.000011,-0.127304,-1.703078,4.275376,1.305054,-0.091573,0.031868,-0.243215
790562230844824,left,260729.098000,1.365041,-2.930152,-0.139315,-3.473808,-1.573089,3.487983,0.000000,0.000000,-0.000000,0.000000,-0.000010,-0.135571,-1.710083,4.295960,1.271074,-0.087685,0.008254,-0.222184
790562238851649,left,260729.106000,1.365041,-2.930175,-0.139303,-3.473832,-1.573065,3.486868,0.000000,0.000000,-0.000000,0.000000,-0.000000,-0.139352,-1.708511,4.301105,1.279921,-0.085993,0.015620,-0.220843
790562246843444,left,260729.114000,1.365029,-2.930187,-0.139350,-3.473808,-1.573078,3.485739,0.000000,0.000000,-0.000000,0.000000,-0.000000,-0.144857,-1.704841,4.310936,1.288188,-0.086573,0.013306,-0.234371
790562254843265,left,260729.122000,1.365065,-2.930175,-0.139303,-3.473808,-1.573041,3.484515,0.000000,0.000000,-0.000000,0.000000,-0.000000,-0.150198,-1.693725,4.341492,1.252617,-0.083684,0.009548,-0.251858
790562262854187,left,260729.130000,1.365041,-2.930152,-0.139315,-3.473808,-1.573089,3.483217,0.000000,0.000000,-0.000000,0.000000,-0.000000,-0.159552,-1.724382,4.324791,1.289254,-0.081112,0.002724,-0.227988
790562270844382,left,260729.138000,1.365053,-2.930164,-0.139303,-3.473784,-1.573041,3.481935,0.000000,0.000000,-0.000000,0.000000,-0.000000,-0.161822,-1.733378,4.322710,1.257599,-0.088054,0.007799,-0.250179
790562278840985,left,260729.146000,1.365065,-2.930175,-0.139327,-3.473784,-1.573125,3.480554,0.000000,0.000000,-0.000000,0.000000,-0.000000,-0.168852,-1.756572,4.315033,1.265760,-0.089418,0.020651,-0.230401
790562286841052,left,260729.154000,1.365041,-2.930175,-0.139315,-3.473844,-1.573041,3.479115,0.000000,0.000000,-0.000000,0.000000,-0.000000,-0.172482,-1.712394,4.310628,1.232991,-0.083064,0.003628,-0.246244
790562294854020,left,260729.162000,1.365029,-2.930212,-0.139303,-3.473797,-1.573089,3.477698,0.000000,0.000000,-0.000000,0.000000,-0.000000,-0.180617,-1.719271,4.303538,1.285333,-0.098395,0.012276,-0.263048
790562302843348,left,260729.170000,1.365041,-2.930187,-0.139315,-3.473808,-1.573078,3.476222,0.000000,0.000000,-0.000000,0.000000,-0.000000,-0.187008,-1.714195,4.328846,1.243173,-0.097260,0.009766,-0.257981
790562310842423,left,260729.178000,1.365017,-2.930187,-0.139327,-3.473797,-1.573041,3.474733,0.000000,0.000000,-0.000000,0.000000,-0.000000,-0.193812,-1.728133,4.348415,1.229892,-0.092388,0.016869,-0.286393
790562318845318,left,260729.186000,1.365041,-2.930175,-0.139315,-3.473784,-1.573065,3.473112,0.000000,0.000000,-0.000000,0.000000,-0.000000,-0.202275,-1.712420,4.349076,1.219478,-0.083302,0.019173,-0.259419
790562326859830,left,260729.194000,1.365053,-2.930164,-0.139303,-3.473797,-1.573029,3.471446,0.000000,0.000000,-0.000000,0.000000,-0.000000,-0.205120,-1.739316,4.302272,1.260294,-0.096201,-0.000657,-0.289855
790562334845204,left,260729.202000,1.365041,-2.930187,-0.139338,-3.473784,-1.573078,3.469800,0.000000,0.000000,-0.000000,0.000000,-0.000000,-0.214658,-1.733861,4.319159,1.265870,-0.091808,0.003702,-0.276287
790562342844805,left,260729.210000,1.365041,-2.930175,-0.139338,-3.473797,-1.573065,3.468073,0.000000,0.000000,-0.000000,0.000000,-0.000000,-0.219926,-1.731102,4.327117,1.269037,-0.097492,0.009667,-0.293721
790562350842718,left,260729.218000,1.365017,-2.930175,-0.139338,-3.473820,-1.573078,3.466308,0.000000,0.000000,-0.000000,0.000000,-0.000000,-0.228448,-1.753676,4.335126,1.266868,-0.097913,-0.008869,-0.290686
790562358856550,left,260729.226000,1.365053,-2.930175,-0.139315,-3.473797,-1.573089,3.464449,0.000000,0.000000,-0.000000,0.000000,-0.000000,-0.233779,-1.738722,4.355790,1.272571,-0.090019,0.005557,-0.270213
790562366844052,left,260729.234000,1.365053,-2.930140,-0.139303,-3.473772,-1.573029,3.462541,0.000000,0.000000,-0.000000,0.000000,-0.000000,-0.241499,-1.730297,4.329327,1.255169,-0.093479,0.003158,-0.271317
790562374844227,left,260729.242000,1.365041,-2.930164,-0.139315,-3.473760,-1.573113,3.460622,0.000000,0.000000,-0.000000,0.000000,-0.000000,-0.248151,-1.737246,4.344519,1.284025,-0.091257,-0.006313,-0.275587
790562382842762,left,260729.250000,1.365029,-2.930164,-0.139327,-3.473820,-1.573078,3.458617,0.000000,0.000000,-0.000000,0.000000,-0.000000,-0.255849,-1.761073,4.378478,1.270228,-0.100336,-0.000129,-0.256285
790562390855556,left,260729.258000,1.365029,-2.930140,-0.139338,-3.473784,-1.573078,3.456579,0.000000,0.000000,-0.000000,0.000000,-0.000000,-0.261126,-1.737228,4.312730,1.279380,-0.089769,-0.003776,-0.273156
790562398854669,left,260729.266000,1.365041,-2.930164,-0.139338,-3.473797,-1.573078,3.454443,0.000000,0.000000,-0.000000,0.000000,-0.000000,-0.266801,-1.717988,4.318460,1.261875,-0.088026,-0.002439,-0.266636
790562406848168,left,260729.274000,1.365017,-2.930164,-0.139350,-3.473772,-1.573041,3.452225,0.000000,0.000000,-0.000000,0.000000,-0.000000,-0.272797,-1.741901,4.307947,1.280204,-0.095280,-0.000475,-0.290462
790562414843946,left,260729.282000,1.365053,-2.930164,-0.139327,-3.473808,-1.573101,3.449945,0.000000,0.000000,-0.000000,0.000000,-0.000000,-0.279839,-1.735196,4.320923,1.266972,-0.092423,-0.010023,-0.265541
790562422853513,left,260729.290000,1.365017,-2.930140,-0.139303,-3.473820,-1.573078,3.447654,0.000000,0.000000,-0.000000,0.000000,-0.000000,-0.284680,-1.737705,4.333891,1.238592,-0.094406,-0.008442,-0.282270
790562430847171,left,260729.298000,1.365041,-2.930164,-0.139315,-3.473808,-1.573041,3.445377,0.000000,0.000000,-0.000000,0.000000,-0.000000,-0.289560,-1.719580,4.287707,1.286449,-0.103618,-0.001594,-0.293095
790562438848806,left,260729.306000,1.365029,-2.930200,-0.139350,-3.473797,-1.573041,3.442989,0.000000,0.000000,-0.000000,0.000000,-0.000000,-0.297325,-1.715773,4.344806,1.213955,-0.091190,-0.003198,-0.285067
790562446841480,left,260729.314000,1.365041,-2.930212,-0.139338,-3.473808,-1.573041,3.440578,0.000000,0.000000,-0.000000,0.000000,-0.000000,-0.303607,-1.735693,4.288690,1.255498,-0.096794,-0.008232,-0.295167
790562454841826,left,260729.322000,1.365029,-2.930164,-0.139338,-3.473797,-1.573078,3.438145,0.000000,0.000000,-0.000000,0.000000,-0.000000,-0.309780,-1.733096,4.365291,1.265267,-0.096842,-0.020440,-0.312809
790562462845805,left,260729.330000,1.365041,-2.930200,-0.139303,-3.473784,-1.573078,3.435650,0.000000,0.000000,-0.000000,0.000000,-0.000000,-0.315972,-1.727975,4.336165,1.235675,-0.096261,-0.004568,-0.333819
790562470843812,left,260729.338000,1.365053,-2.930152,-0.139315,-3.473784,-1.573089,3.433130,0.000000,0.000000,-0.000000,0.000000,-0.000000,-0.322502,-1.696698,4.322014,1.257345,-0.088348,-0.017177,-0.325497
790562478842364,left,260729.346000,1.365053,-2.930187,-0.139338,-3.473784,-1.573041,3.430573,0.000000,0.000000,-0.000000,0.000000,-0.000000,-0.331372,-1.723435,4.342496,1.236730,-0.102901,-0.007070,-0.293763
790562486840867,left,260729.354000,1.365017,-2.930164,-0.139338,-3.473772,-1.573089,3.427885,0.000000,0.000000,-0.000000,0.000000,-0.000000,-0.338830,-1.728008,4.353751,1.269921,-0.096846,-0.011172,-0.314339
790562494846187,left,260729.362000,1.365041,-2.930187,-0.139303,-3.473797,-1.573065,3.425125,0.000000,0.000000,-0.000000,0.000000,-0.000000,-0.343813,-1.743612,4.352399,1.246281,-0.101508,-0.007921,-0.331258
790562502841944,left,260729.370000,1.365017,-2.930175,-0.139327,-3.473797,-1.573029,3.422304,0.000000,0.000000,-0.000000,0.000000,-0.000000,-0.350056,-1.752014,4.370503,1.256957,-0.112635,-0.015170,-0.298550
790562510855483,left,260729.378000,1.365053,-2.930164,-0.139327,-3.473797,-1.573065,3.419402,0.000000,0.000000,-0.000000,0.000000,-0.000000,-0.353375,-1.721901,4.348139,1.264879,-0.097275,-0.006894,-0.332570
790562518843164,left,260729.386000,1.365041,-2.930164,-0.139303,-3.473772,-1.573078,3.416509,0.000000,0.000000,-0.000000,0.000000,-0.000000,-0.361093,-1.719115,4.341077,1.242504,-0.104050,-0.015018,-0.306462
790562526846566,left,260729.394000,1.365041,-2.930152,-0.139327,-3.473832,-1.573041,3.413617,0.000000,0.000000,-0.000000,0.000000,-0.000000,-0.366430,-1.714873,4.350011,1.260952,-0.110204,-0.008085,-0.316274
790562534842531,left,260729.402000,1.365041,-2.930175,-0.139338,-3.473808,-1.573041,3.410640,0.000000,0.000000,-0.000000,0.000000,-0.000000,-0.374152,-1.715017,4.312829,1.252314,-0.100816,-0.026863,-0.339633
790562542848318,left,260729.410000,1.365065,-2.930140,-0.139338,-3.473797,-1.573041,3.407628,0.000000,0.000000,-0.000000,0.000000,-0.000000,-0.381114,-1.722787,4.377650,1.253868,-0.099476,-0.010862,-0.327135
790562550841367,left,260729.418000,1.365053,-2.930175,-0.139327,-3.473808,-1.573065,3.404593,0.000000,0.000000,-0.000000,0.000000,-0.000000,-0.385563,-1.721733,4.362008,1.239010,-0.102335,-0.018492,-0.374062
790562558850819,left,260729.426000,1.365029,-2.930175,-0.139315,-3.473784,-1.573078,3.401472,0.000000,0.000000,-0.000000,0.000000,-0.000000,-0.393550,-1.745845,4.333860,1.277422,-0.110556,-0.027214,-0.351697
790562566844860,left,260729.434000,1.365053,-2.930152,-0.139327,-3.473784,-1.573089,3.398316,0.000000,0.000000,-0.000000,0.000000,-0.000000,-0.401540,-1.728683,4.354947,1.302535,-0.110381,-0.032990,-0.338152
790562574842589,left,260729.442000,1.365065,-2.930164,-0.139303,-3.473772,-1.573065,3.395113,0.000000,0.000000,-0.000000,0.000000,-0.000000,-0.407809,-1.677638,4.345492,1.234121,-0.105155,-0.026073,-0.349107
790562582851285,left,260729.450000,1.365029,-2.930175,-0.139338,-3.473797,-1.573078,3.391799,0.000000,0.000000,-0.000000,0.000000,-0.000000,-0.416402,-1.721346,4.317522,1.239759,-0.115667,-0.020966,-0.313118
790562590847565,left,260729.458000,1.365041,-2.930175,-0.139315,-3.473797,-1.573041,3.388417,0.000000,0.000000,-0.000000,0.000000,-0.000000,-0.418728,-1.745108,4.334640,1.241424,-0.105806,-0.012561,-0.346925
790562598847044,left,260729.466000,1.365017,-2.930175,-0.139327,-3.473844,-1.573089,3.384914,0.000000,0.000000,-0.000000,0.000000,-0.000000,-0.425030,-1.718949,4.396155,1.256645,-0.113922,-0.020605,-0.327419
790562606845088,left,260729.474000,1.365041,-2.930164,-0.139338,-3.473808,-1.573041,3.381495,0.000000,0.000000,-0.000000,0.000000,-0.000000,-0.429526,-1.742064,4.338407,1.293018,-0.117010,-0.018925,-0.352234
790562614841889,left,260729.482000,1.365065,-2.930187,-0.139327,-3.473808,-1.573078,3.378062,0.000000,0.000000,-0.000000,0.000000,-0.000000,-0.438291,-1.724822,4.343944,1.254837,-0.111947,-0.011840,-0.332446
790562622849873,left,260729.490000,1.365041,-2.930175,-0.139338,-3.473797,-1.573089,3.374536,0.000000,0.000000,-0.000000,0.000000,-0.000000,-0.444902,-1.741026,4.366406,1.257722,-0.113769,-0.009259,-0.332085
790562630844690,left,260729.498000,1.365005,-2.930175,-0.139350,-3.473797,-1.573041,3.371007,0.000000,0.000000,-0.000000,0.000000,-0.000000,-0.450205,-1.741351,4.322809,1.274637,-0.107048,-0.022130,-0.358440
790562638844605,left,260729.506000,1.365017,-2.930164,-0.139350,-3.473808,-1.573078,3.367383,0.000000,0.000000,-0.000000,0.000000,-0.000000,-0.458837,-1.719450,4.369049,1.258145,-0.109042,-0.024967,-0.368669
790562646843405,left,260729.514000,1.365029,-2.930175,-0.139327,-3.473760,-1.573065,3.363703,0.000000,0.000000,-0.000000,0.000000,-0.000000,-0.466278,-1.755705,4.350255,1.223662,-0.103231,-0.024852,-0.358435
790562654843247,left,260729.522000,1.365041,-2.930187,-0.139338,-3.473797,-1.573078,3.359936,0.000000,0.000000,-0.000000,0.000000,-0.000000,-0.473607,-1.779894,4.345997,1.207230,-0.111048,-0.022372,-0.346890
790562662847242,left,260729.530000,1.365053,-2.930175,-0.139291,-3.473797,-1.573089,3.356029,0.000000,0.000000,-0.000000,0.000000,-0.000000,-0.477915,-1.761721,4.367267,1.280994,-0.115950,-0.021781,-0.358532
790562670844847,left,260729.538000,1.365053,-2.930175,-0.139338,-3.473797,-1.573041,3.352120,0.000000,0.000000,-0.000000,0.000000,-0.000000,-0.483944,-1.723772,4.361589,1.259439,-0.115883,-0.027840,-0.367422
790562678850454,left,260729.546000,1.365029,-2.930175,-0.139303,-3.473784,-1.573101,3.348270,0.000000,0.000000,-0.000000,0.000000,-0.000000,-0.488138,-1.727437,4.327622,1.285135,-0.106686,-0.029291,-0.377168
790562686842732,left,260729.554000,1.365041,-2.930140,-0.139303,-3.473808,-1.573041,3.344373,0.000000,0.000000,-0.000000,0.000000,-0.000000,-0.496958,-1.719641,4.389758,1.261039,-0.111959,-0.029619,-0.363902
790562694845358,left,260729.562000,1.365053,-2.930175,-0.139350,-3.473820,-1.573113,3.340381,0.000000,0.000000,-0.000000,0.000000,-0.000000,-0.501817,-1.712888,4.369852,1.255546,-0.112492,-0.033882,-0.376372
790562702843952,left,260729.570000,1.365017,-2.930187,-0.139315,-3.473832,-1.573041,3.336423,0.000000,0.000000,-0.000000,0.000000,-0.000000,-0.511146,-1.699710,4.348393,1.258770,-0.124915,-0.030926,-0.372574
790562710841481,left,260729.578000,1.365065,-2.930152,-0.139291,-3.473844,-1.573089,3.332287,0.000000,0.000000,-0.000000,0.000000,-0.000000,-0.517427,-1.742417,4.365912,1.267385,-0.111120,-0.023743,-0.387176
790562718843222,left,260729.586000,1.365041,-2.930187,-0.139315,-3.473797,-1.573065,3.328113,0.000000,0.000000,-0.000000,0.000000,-0.000000,-0.524829,-1.751786,4.360204,1.284227,-0.119749,-0.031679,-0.384275
790562726846371,left,260729.594000,1.365029,-2.930152,-0.139327,-3.473797,-1.573065,3.323797,0.000000,0.000000,-0.000000,0.000000,-0.000000,-0.530077,-1.715005,4.351073,1.241568,-0.125882,-0.035791,-0.360200
790562734974873,left,260729.602000,1.365053,-2.930187,-0.139327,-3.473808,-1.573065,3.319494,0.000000,0.000000,-0.000000,0.000000,-0.000000,-0.532241,-1.754001,4.365826,1.221173,-0.114217,-0.028121,-0.380310
790562742987056,left,260729.610000,1.365029,-2.930164,-0.139315,-3.473808,-1.573041,3.315202,0.000000,0.000000,-0.000000,0.000000,-0.000000,-0.540215,-1.721061,4.378383,1.286496,-0.116008,-0.024604,-0.370851
790562750981676,left,260729.618000,1.365053,-2.930175,-0.139350,-3.473808,-1.573065,3.310876,0.000000,0.000000,-0.000000,0.000000,-0.000000,-0.545311,-1.734165,4.372084,1.250566,-0.120112,-0.038127,-0.406352
790562758967958,left,260729.626000,1.365029,-2.930164,-0.139327,-3.473784,-1.573078,3.306532,0.000000,0.000000,-0.000000,0.000000,-0.000000,-0.553356,-1.734993,4.370561,1.269687,-0.102582,-0.030282,-0.367924
790562766971544,left,260729.634000,1.365017,-2.930175,-0.139350,-3.473808,-1.573041,3.302099,0.000000,0.000000,-0.000000,0.000000,-0.000000,-0.562449,-1.740080,4.339113,1.214499,-0.124644,-0.039865,-0.365973
790562774994504,left,260729.642000,1.365029,-2.930212,-0.139338,-3.473797,-1.573078,3.297582,0.000000,0.000000,-0.000000,0.000000,-0.000000,-0.569520,-1.733152,4.351557,1.210263,-0.121554,-0.017723,-0.376245
790562782980314,left,260729.650000,1.365029,-2.930164,-0.139315,-3.473820,-1.573041,3.292900,0.000000,0.000000,-0.000000,0.000000,-0.000000,-0.572867,-1.729562,4.383645,1.235413,-0.124458,-0.023133,-0.387544
790562790864068,left,260729.658000,1.365077,-2.930187,-0.139338,-3.473808,-1.573101,3.288263,0.000000,0.000000,-0.000000,0.000000,-0.000000,-0.578561,-1.711102,4.360223,1.256451,-0.108529,-0.033139,-0.364008
790562798846897,left,260729.666000,1.365041,-2.930175,-0.139338,-3.473820,-1.573029,3.283591,0.000000,0.000000,-0.000000,0.000000,-0.000000,-0.586231,-1.737056,4.363646,1.286222,-0.113661,-0.029171,-0.377681
790562806841405,left,260729.674000,1.365065,-2.930140,-0.139338,-3.473820,-1.573017,3.278955,0.000000,0.000000,-0.000000,0.000000,-0.000000,-0.589536,-1.748521,4.347454,1.225810,-0.107286,-0.025042,-0.395869
790562814845981,left,260729.682000,1.365065,-2.930152,-0.139303,-3.473808,-1.573065,3.274246,0.000000,0.000000,-0.000000,0.000000,-0.000000,-0.599510,-1.735547,4.335382,1.231997,-0.115586,-0.025566,-0.406966
790562822843035,left,260729.690000,1.365041,-2.930140,-0.139327,-3.473797,-1.573078,3.269454,0.000000,0.000000,-0.000000,0.000000,-0.000000,-0.604932,-1.747008,4.389319,1.248897,-0.115068,-0.023653,-0.430658
790562830849916,left,260729.698000,1.365029,-2.930187,-0.139303,-3.473820,-1.573029,3.264530,0.000000,0.000000,-0.000000,0.000000,-0.000000,-0.614503,-1.718195,4.338473,1.301665,-0.119764,-0.021799,-0.377895
790562838845436,left,260729.706000,1.365005,-2.930175,-0.139338,-3.473772,-1.573089,3.259487,0.000000,0.000000,-0.000000,0.000000,-0.000000,-0.618693,-1.748156,4.380961,1.267714,-0.114484,-0.029617,-0.395590
790562846843944,left,260729.714000,1.365053,-2.930164,-0.139315,-3.473820,-1.573089,3.254506,0.000000,0.000000,-0.000000,0.000000,-0.000000,-0.623618,-1.693283,4.377356,1.264948,-0.114733,-0.015041,-0.386532
790562854844955,left,260729.722000,1.365029,-2.930152,-0.139303,-3.473797,-1.573078,3.249452,0.000000,0.000000,-0.000000,0.000000,-0.000000,-0.629794,-1.762090,4.357956,1.275854,-0.126945,-0.036439,-0.380883
790562862846248,left,260729.730000,1.365029,-2.930140,-0.139327,-3.473808,-1.573041,3.244427,0.000000,0.000000,-0.000000,0.000000,-0.000000,-0.634812,-1.755741,4.359929,1.254645,-0.116062,-0.035530,-0.421444
790562870844683,left,260729.738000,1.365041,-2.930175,-0.139338,-3.473784,-1.573078,3.239415,0.000000,0.000000,-0.000000,0.000000,-0.000000,-0.643861,-1.720644,4.346642,1.257630,-0.113695,-0.037909,-0.393298
790562878842458,left,260729.746000,1.365017,-2.930187,-0.139327,-3.473820,-1.573113,3.234163,0.000000,0.000000,-0.000000,0.000000,-0.000000,-0.652537,-1.727834,4.350956,1.293314,-0.124202,-0.033299,-0.404329
790562886843317,left,260729.754000,1.365029,-2.930152,-0.139327,-3.473808,-1.573029,3.228817,0.000000,0.000000,-0.000000,0.000000,-0.000000,-0.654707,-1.733467,4.314644,1.276330,-0.129365,-0.039123,-0.419361
790562894846394,left,260729.762000,1.365053,-2.930187,-0.139291,-3.473784,-1.573089,3.223516,0.000000,0.000000,-0.000000,0.000000,-0.000000,-0.660123,-1.725143,4.384705,1.238571,-0.123639,-0.038640,-0.423646
790562902850513,left,260729.770000,1.365041,-2.930140,-0.139350,-3.473808,-1.573078,3.218228,0.000000,0.000000,-0.000000,0.000000,-0.000000,-0.666418,-1.750214,4.387146,1.220822,-0.119145,-0.034552,-0.409989
790562910842304,left,260729.778000,1.365053,-2.930164,-0.139327,-3.473797,-1.573065,3.212903,0.000000,0.000000,-0.000000,0.000000,-0.000000,-0.673129,-1.720383,4.318516,1.270857,-0.123728,-0.038719,-0.433278
790562918842403,left,260729.786000,1.365041,-2.930175,-0.139303,-3.473808,-1.573089,3.207531,0.000000,0.000000,-0.000000,0.000000,-0.000000,-0.681555,-1.731894,4.377140,1.245492,-0.124102,-0.034371,-0.436968
790562926842973,left,260729.794000,1.365053,-2.930152,-0.139327,-3.473772,-1.573041,3.201978,0.000000,0.000000,-0.000000,0.000000,-0.000000,-0.690322,-1.733939,4.372943,1.246269,-0.120677,-0.023435,-0.402560
790562934848504,left,260729.802000,1.365065,-2.930164,-0.139327,-3.473820,-1.573101,3.196404,0.000000,0.000000,-0.000000,0.000000,-0.000000,-0.694979,-1.721257,4.356781,1.276740,-0.122882,-0.043195,-0.423627
790562942841597,left,260729.810000,1.365041,-2.930175,-0.139327,-3.473797,-1.573078,3.190829,0.000000,0.000000,-0.000000,0.000000,-0.000000,-0.700179,-1.712320,4.372284,1.264923,-0.130166,-0.030757,-0.413780
790562950841950,left,260729.818000,1.365041,-2.930140,-0.139327,-3.473784,-1.573041,3.185190,0.000000,0.000000,-0.000000,0.000000,-0.000000,-0.708421,-1.702855,4.396564,1.208485,-0.138370,-0.036403,-0.389116
790562958846337,left,260729.826000,1.365053,-2.930187,-0.139303,-3.473832,-1.573065,3.179620,0.000000,0.000000,-0.000000,0.000000,-0.000000,-0.713955,-1.726029,4.351854,1.233448,-0.126214,-0.034939,-0.464804
790562966844107,left,260729.834000,1.365053,-2.930164,-0.139327,-3.473797,-1.573078,3.173877,0.000000,0.000000,-0.000000,0.000000,-0.000000,-0.723486,-1.746650,4.336500,1.235451,-0.124405,-0.026532,-0.432600
790562974842292,left,260729.842000,1.365029,-2.930152,-0.139315,-3.473797,-1.573041,3.167981,0.000000,0.000000,-0.000000,0.000000,-0.000000,-0.729338,-1.714313,4.363328,1.239898,-0.139657,-0.036949,-0.380741
790562982844481,left,260729.850000,1.365005,-2.930200,-0.139303,-3.473797,-1.573089,3.162088,0.000000,0.000000,-0.000000,0.000000,-0.000000,-0.730300,-1.721373,4.393471,1.262160,-0.129369,-0.028826,-0.462784
790562990855530,left,260729.858000,1.365041,-2.930152,-0.139338,-3.473784,-1.573065,3.156168,0.000000,0.000000,-0.000000,0.000000,-0.000000,-0.738302,-1.705185,4.372711,1.213701,-0.129331,-0.040044,-0.418431
790562998847364,left,260729.866000,1.365053,-2.930152,-0.139327,-3.473797,-1.573113,3.150281,0.000000,0.000000,-0.000000,0.000000,-0.000000,-0.744027,-1.731200,4.391596,1.242666,-0.128928,-0.028018,-0.449209
790563006860420,left,260729.874000,1.365077,-2.930152,-0.139327,-3.473797,-1.573065,3.144349,0.000000,0.000000,-0.000000,0.000000,-0.000000,-0.751485,-1.762907,4.370792,1.262299,-0.122640,-0.040502,-0.496112
790563014847986,left,260729.882000,1.365029,-2.930164,-0.139315,-3.473808,-1.573065,3.138225,0.000000,0.000000,-0.000000,0.000000,-0.000000,-0.760995,-1.733339,4.381226,1.273371,-0.130483,-0.030147,-0.416232
790563022865412,left,260729.890000,1.365041,-2.930175,-0.139338,-3.473808,-1.573089,3.132029,0.000000,0.000000,-0.000000,0.000000,-0.000000,-0.765256,-1.732803,4.347050,1.260815,-0.124316,-0.027441,-0.409376
790563030857707,left,260729.898000,1.365029,-2.930187,-0.139315,-3.473797,-1.573041,3.125922,0.000000,0.000000,-0.000000,0.000000,-0.000000,-0.768790,-1.773201,4.381356,1.252494,-0.115876,-0.043790,-0.428517
790563038846279,left,260729.906000,1.365029,-2.930175,-0.139315,-3.473808,-1.573089,3.119784,0.000000,0.000000,-0.000000,0.000000,-0.000000,-0.774944,-1.747625,4.397186,1.258583,-0.123546,-0.025695,-0.435594
790563046843854,left,260729.914000,1.365041,-2.930152,-0.139350,-3.473797,-1.573089,3.113664,0.000000,0.000000,-0.000000,0.000000,-0.000000,-0.785144,-1.740827,4.340083,1.248677,-0.119859,-0.027553,-0.478910
790563054860581,left,260729.922000,1.365041,-2.930175,-0.139327,-3.473808,-1.573078,3.107279,0.000000,0.000000,-0.000000,0.000000,-0.000000,-0.795451,-1.699191,4.350592,1.258599,-0.120991,-0.041037,-0.442715
790563062863821,left,260729.930000,1.365053,-2.930164,-0.139338,-3.473797,-1.573065,3.100778,0.000000,0.000000,-0.000000,0.000000,-0.000000,-0.799484,-1.726076,4.367040,1.274941,-0.117794,-0.036551,-0.401824
790563070846500,left,260729.938000,1.365029,-2.930152,-0.139362,-3.473784,-1.573029,3.094396,0.000000,0.000000,-0.000000,0.000000,-0.000000,-0.802554,-1.726810,4.342155,1.238163,-0.137036,-0.040761,-0.410314
790563078845736,left,260729.946000,1.365029,-2.930152,-0.139303,-3.473797,-1.573089,3.088001,0.000000,0.000000,-0.000000,0.000000,-0.000000,-0.807866,-1.732934,4.380402,1.257423,-0.119726,-0.042136,-0.465029
790563086860918,left,260729.954000,1.365029,-2.930152,-0.139315,-3.473784,-1.573041,3.081605,0.000000,0.000000,-0.000000,0.000000,-0.000000,-0.817914,-1.732614,4.394406,1.242089,-0.148673,-0.031835,-0.454645
790563094860645,left,260729.962000,1.365017,-2.930187,-0.139291,-3.473797,-1.573125,3.074960,0.000000,0.000000,-0.000000,0.000000,-0.000000,-0.826154,-1.729371,4.357935,1.273728,-0.124062,-0.042288,-0.415760
790563102845802,left,260729.970000,1.365017,-2.930152,-0.139350,-3.473808,-1.573078,3.068244,0.000000,0.000000,-0.000000,0.000000,-0.000000,-0.828638,-1.754390,4.370423,1.283175,-0.128272,-0.047305,-0.451651
790563110842393,left,260729.978000,1.365041,-2.930175,-0.139303,-3.473784,-1.573078,3.061583,0.000000,0.000000,-0.000000,0.000000,-0.000000,-0.834765,-1.704990,4.357720,1.227380,-0.121330,-0.046641,-0.481731
790563118866880,left,260729.986000,1.365041,-2.930187,-0.139303,-3.473797,-1.573078,3.054966,0.000000,0.000000,-0.000000,0.000000,-0.000000,-0.840469,-1.728255,4.378622,1.233255,-0.126138,-0.030713,-0.515309
790563126862646,left,260729.994000,1.365053,-2.930164,-0.139303,-3.473797,-1.573089,3.048246,0.000000,0.000000,-0.000000,0.000000,-0.000000,-0.851699,-1.725529,4.353473,1.258216,-0.130384,-0.027401,-0.451568
790563134845205,left,260730.002000,1.365053,-2.930164,-0.139338,-3.473784,-1.573089,3.041336,0.000000,0.000000,-0.000000,0.000000,-0.000000,-0.854242,-1.742355,4.385464,1.252498,-0.131034,-0.037705,-0.487554
790563142846584,left,260730.010000,1.365041,-2.930164,-0.139303,-3.473784,-1.573101,3.034390,0.000000,0.000000,-0.000000,0.000000,-0.000000,-0.860568,-1.725744,4.382651,1.252279,-0.122001,-0.026693,-0.470847
790563150899531,left,260730.018000,1.365041,-2.930175,-0.139291,-3.473797,-1.573089,3.027494,0.000000,0.000000,-0.000000,0.000000,-0.000000,-0.865116,-1.704824,4.365773,1.259410,-0.128361,-0.038221,-0.480830
790563158867171,left,260730.026000,1.365029,-2.930152,-0.139315,-3.473772,-1.573041,3.020668,0.000000,0.000000,-0.000000,0.000000,-0.000000,-0.871160,-1.709276,4.370208,1.262679,-0.129534,-0.038424,-0.504263
790563166869787,left,260730.034000,1.365053,-2.930187,-0.139362,-3.473797,-1.573065,3.013577,0.000000,0.000000,-0.000000,0.000000,-0.000000,-0.883704,-1.751487,4.353727,1.258695,-0.121154,-0.051922,-0.475299
790563174972158,left,260730.042000,1.365017,-2.930175,-0.139362,-3.473797,-1.573089,3.006368,0.000000,0.000000,-0.000000,0.000000,-0.000000,-0.887892,-1.706187,4.372898,1.238723,-0.121544,-0.045478,-0.460357
790563182894478,left,260730.050000,1.365029,-2.930116,-0.139291,-3.473808,-1.573113,2.999266,0.000000,0.000000,-0.000000,0.000000,-0.000000,-0.891243,-1.746630,4.388382,1.287482,-0.122343,-0.040234,-0.482254
790563190969930,left,260730.058000,1.365077,-2.930175,-0.139315,-3.473784,-1.573089,2.992232,0.000000,0.000000,-0.000000,0.000000,-0.000000,-0.897420,-1.737049,4.377060,1.247006,-0.122864,-0.033779,-0.506012
790563198971590,left,260730.066000,1.365029,-2.930164,-0.139327,-3.473797,-1.573041,2.985010,0.000000,0.000000,-0.000000,0.000000,-0.000000,-0.910419,-1.728440,4.401666,1.282301,-0.133032,-0.034404,-0.456522
790563206987398,left,260730.074000,1.365029,-2.930152,-0.139303,-3.473784,-1.573041,2.977649,0.000000,0.000000,-0.000000,0.000000,-0.000000,-0.915456,-1.746651,4.355792,1.260140,-0.137775,-0.031594,-0.408861
790563214974157,left,260730.082000,1.365053,-2.930175,-0.139338,-3.473797,-1.573041,2.970261,0.000000,0.000000,-0.000000,0.000000,-0.000000,-0.919437,-1.695804,4.354637,1.245948,-0.138910,-0.022526,-0.425169
790563222976067,left,260730.090000,1.365053,-2.930212,-0.139350,-3.473820,-1.573113,2.962959,0.000000,0.000000,-0.000000,0.000000,-0.000000,-0.921918,-1.687601,4.377590,1.236163,-0.128446,-0.047449,-0.482488
790563230972525,left,260730.098000,1.365029,-2.930187,-0.139327,-3.473784,-1.573065,2.955597,0.000000,0.000000,-0.000000,0.000000,-0.000000,-0.931851,-1.739683,4.363785,1.259032,-0.127136,-0.043654,-0.477108
790563238975904,left,260730.106000,1.365029,-2.930175,-0.139338,-3.473808,-1.573089,2.948004,0.000000,0.000000,-0.000000,0.000000,-0.000000,-0.940816,-1.718908,4.385979,1.212069,-0.121222,-0.040107,-0.482443
790563246973998,left,260730.114000,1.365029,-2.930164,-0.139327,-3.473784,-1.573101,2.940430,0.000000,0.000000,-0.000000,0.000000,-0.000000,-0.941949,-1.705260,4.366066,1.217732,-0.122538,-0.035682,-0.482788
790563254953187,left,260730.122000,1.365017,-2.930200,-0.139303,-3.473820,-1.573113,2.932885,0.000000,0.000000,-0.000000,0.000000,-0.000000,-0.948463,-1.715240,4.403586,1.225810,-0.122731,-0.034991,-0.440962
790563262953103,left,260730.130000,1.365041,-2.930164,-0.139315,-3.473784,-1.573125,2.925331,0.000000,0.000000,-0.000000,0.000000,-0.000000,-0.957706,-1.736800,4.356351,1.244695,-0.128892,-0.037353,-0.495866
790563270973791,left,260730.138000,1.365041,-2.930152,-0.139327,-3.473820,-1.573089,2.917598,0.000000,0.000000,-0.000000,0.000000,-0.000000,-0.964233,-1.714493,4.370658,1.262164,-0.135387,-0.052492,-0.459421
790563278979954,left,260730.146000,1.365017,-2.930152,-0.139303,-3.473820,-1.573065,2.909765,0.000000,0.000000,-0.000000,0.000000,-0.000000,-0.970296,-1.731318,4.408295,1.253600,-0.141321,-0.031090,-0.497495
790563286940665,left,260730.154000,1.365041,-2.930200,-0.139315,-3.473797,-1.573101,2.902044,0.000000,0.000000,-0.000000,0.000000,-0.000000,-0.974030,-1.724406,4.378427,1.259619,-0.116905,-0.026086,-0.489848
790563294962685,left,260730.162000,1.365077,-2.930164,-0.139338,-3.473808,-1.573089,2.894295,0.000000,0.000000,-0.000000,0.000000,-0.000000,-0.984570,-1.720117,4.404400,1.240494,-0.126426,-0.037931,-0.502756
790563302982219,left,260730.170000,1.365041,-2.930164,-0.139315,-3.473772,-1.573125,2.886333,0.000000,0.000000,-0.000000,0.000000,-0.000000,-0.992449,-1.752388,4.394985,1.269151,-0.132559,-0.041542,-0.460699
790563310989920,left,260730.178000,1.365017,-2.930175,-0.139327,-3.473797,-1.573101,2.878317,0.000000,0.000000,-0.000000,0.000000,-0.000000,-0.995735,-1.702149,4.385746,1.251800,-0.120505,-0.054415,-0.494853
790563318951556,left,260730.186000,1.365041,-2.930187,-0.139327,-3.473784,-1.573041,2.870349,0.000000,0.000000,-0.000000,0.000000,-0.000000,-1.000561,-1.704798,4.418477,1.267543,-0.112953,-0.033188,-0.448330
790563326891534,left,260730.194000,1.365041,-2.930175,-0.139327,-3.473797,-1.573078,2.862377,0.000000,0.000000,-0.000000,0.000000,-0.000000,-1.009230,-1.721994,4.387379,1.275468,-0.138270,-0.045575,-0.501783
790563334976773,left,260730.202000,1.365029,-2.930175,-0.139327,-3.473797,-1.573101,2.854189,0.000000,0.000000,-0.000000,0.000000,-0.000000,-1.015672,-1.709430,4.376333,1.254097,-0.133115,-0.059231,-0.508911
790563342967002,left,260730.210000,1.365053,-2.930175,-0.139338,-3.473784,-1.573078,2.845965,0.000000,0.000000,-0.000000,0.000000,-0.000000,-1.020557,-1.724096,4.362180,1.238956,-0.138325,-0.037881,-0.462977
790563350888035,left,260730.218000,1.365029,-2.930164,-0.139338,-3.473760,-1.573078,2.837790,0.000000,0.000000,-0.000000,0.000000,-0.000000,-1.024521,-1.714770,4.397247,1.242396,-0.122312,-0.034392,-0.508475
790563358974246,left,260730.226000,1.365041,-2.930175,-0.139338,-3.473760,-1.573065,2.829661,0.000000,0.000000,-0.000000,0.000000,-0.000000,-1.034284,-1.740576,4.366519,1.203868,-0.138714,-0.033470,-0.505187
790563366981293,left,260730.234000,1.365041,-2.930140,-0.139327,-3.473784,-1.573078,2.821295,0.000000,0.000000,-0.000000,0.000000,-0.000000,-1.041863,-1.724437,4.448801,1.252494,-0.121035,-0.038775,-0.481439
790563375016688,left,260730.242000,1.365041,-2.930140,-0.139338,-3.473808,-1.573041,2.812927,0.000000,0.000000,-0.000000,0.000000,-0.000000,-1.045509,-1.719530,4.404822,1.183562,-0.141785,-0.046081,-0.514092
790563382893896,left,260730.250000,1.365029,-2.930187,-0.139338,-3.473820,-1.573101,2.804536,0.000000,0.000000,-0.000000,0.000000,-0.000000,-1.052121,-1.722512,4.409935,1.255945,-0.132367,-0.032871,-0.504059
790563390988583,left,260730.258000,1.365053,-2.930164,-0.139338,-3.473797,-1.573113,2.796201,0.000000,0.000000,-0.000000,0.000000,-0.000000,-1.062203,-1.705285,4.360106,1.239844,-0.133565,-0.031064,-0.503041
790563398953665,left,260730.266000,1.365029,-2.930175,-0.139327,-3.473797,-1.573078,2.787530,0.000000,0.000000,-0.000000,0.000000,-0.000000,-1.066602,-1.705239,4.353601,1.282422,-0.132038,-0.041700,-0.451217
790563406970672,left,260730.274000,1.365053,-2.930164,-0.139315,-3.473797,-1.573078,2.778944,0.000000,0.000000,-0.000000,0.000000,-0.000000,-1.069715,-1.735031,4.377136,1.237703,-0.135558,-0.038323,-0.530294
790563414987966,left,260730.282000,1.365065,-2.930187,-0.139303,-3.473784,-1.573078,2.770536,0.000000,0.000000,-0.000000,0.000000,-0.000000,-1.076154,-1.704622,4.351619,1.272609,-0.120437,-0.049792,-0.533538
790563422965142,left,260730.290000,1.365029,-2.930187,-0.139350,-3.473797,-1.573089,2.761826,0.000000,0.000000,-0.000000,0.000000,-0.000000,-1.088392,-1.714226,4.401448,1.259718,-0.139920,-0.036333,-0.508736
790563430941994,left,260730.298000,1.365041,-2.930187,-0.139327,-3.473797,-1.573078,2.752981,0.000000,0.000000,-0.000000,0.000000,-0.000000,-1.091933,-1.737343,4.391831,1.246529,-0.140465,-0.028805,-0.487970
790563438978333,left,260730.306000,1.365041,-2.930164,-0.139350,-3.473797,-1.573041,2.744222,0.000000,0.000000,-0.000000,0.000000,-0.000000,-1.095011,-1.738380,4.403856,1.274685,-0.131976,-0.041617,-0.532779
790563446977547,left,260730.314000,1.365041,-2.930175,-0.139338,-3.473808,-1.573065,2.735502,0.000000,0.000000,-0.000000,0.000000,-0.000000,-1.104673,-1.702506,4.383327,1.211015,-0.129583,-0.053453,-0.489298
790563454959993,left,260730.322000,1.365053,-2.930164,-0.139303,-3.473820,-1.573101,2.726604,0.000000,0.000000,-0.000000,0.000000,-0.000000,-1.109122,-1.727878,4.348723,1.271338,-0.125974,-0.058532,-0.537233
790563462978306,left,260730.330000,1.365053,-2.930175,-0.139350,-3.473820,-1.573041,2.717629,0.000000,0.000000,-0.000000,0.000000,-0.000000,-1.115569,-1.732886,4.395365,1.283844,-0.134730,-0.044280,-0.530588
790563470980592,left,260730.338000,1.365041,-2.930200,-0.139303,-3.473772,-1.573101,2.708781,0.000000,0.000000,-0.000000,0.000000,-0.000000,-1.120935,-1.702533,4.381224,1.264995,-0.142848,-0.044768,-0.566480
790563478994438,left,260730.346000,1.365041,-2.930175,-0.139279,-3.473808,-1.573113,2.699735,0.000000,0.000000,-0.000000,0.000000,-0.000000,-1.132084,-1.712131,4.388542,1.288170,-0.138510,-0.035146,-0.500722
790563486998606,left,260730.354000,1.365029,-2.930175,-0.139327,-3.473797,-1.573041,2.690542,0.000000,0.000000,-0.000000,0.000000,-0.000000,-1.136944,-1.719731,4.382542,1.249893,-0.131676,-0.036445,-0.500853
790563494942430,left,260730.362000,1.365053,-2.930175,-0.139315,-3.473784,-1.573101,2.681508,0.000000,0.000000,-0.000000,0.000000,-0.000000,-1.141605,-1.712214,4.360665,1.279357,-0.134732,-0.036117,-0.551129
790563502953139,left,260730.370000,1.365041,-2.930164,-0.139350,-3.473797,-1.573078,2.672417,0.000000,0.000000,-0.000000,0.000000,-0.000000,-1.152001,-1.737704,4.340338,1.271304,-0.131723,-0.053005,-0.503264
790563510972831,left,260730.378000,1.365029,-2.930140,-0.139350,-3.473820,-1.573078,2.663043,0.000000,0.000000,-0.000000,0.000000,-0.000000,-1.147606,-1.731567,4.378400,1.242346,-0.127930,-0.045202,-0.422007
790563518971459,left,260730.386000,1.365053,-2.930140,-0.139327,-3.473808,-1.573065,2.653911,0.000000,0.000000,-0.000000,0.000000,-0.000000,-1.137921,-1.697246,4.346880,1.267272,-0.133060,-0.044737,-0.504908
790563526968267,left,260730.394000,1.365053,-2.930175,-0.139350,-3.473820,-1.573089,2.644936,0.000000,0.000000,-0.000000,0.000000,-0.000000,-1.133524,-1.718216,4.322252,1.249466,-0.127060,-0.056244,-0.498379
790563534951872,left,260730.402000,1.365041,-2.930212,-0.139315,-3.473797,-1.573089,2.635898,0.000000,0.000000,-0.000000,0.000000,-0.000000,-1.131927,-1.718910,4.352151,1.223951,-0.139119,-0.037358,-0.431227
790563542968294,left,260730.410000,1.365077,-2.930152,-0.139315,-3.473797,-1.573065,2.626794,0.000000,0.000000,-0.000000,0.000000,-0.000000,-1.120507,-1.719362,4.381890,1.237553,-0.140817,-0.046622,-0.452743
790563550946893,left,260730.418000,1.365041,-2.930175,-0.139303,-3.473784,-1.573041,2.617936,0.000000,0.000000,-0.000000,0.000000,-0.000000,-1.113611,-1.701855,4.376187,1.276950,-0.137980,-0.040640,-0.470787
790563558911531,left,260730.426000,1.365053,-2.930187,-0.139338,-3.473820,-1.573101,2.609128,0.000000,0.000000,-0.000000,0.000000,-0.000000,-1.110643,-1.706952,4.372777,1.258165,-0.140736,-0.046136,-0.499606
790563566906593,left,260730.434000,1.365041,-2.930200,-0.139338,-3.473797,-1.573078,2.600142,0.000000,0.000000,-0.000000,0.000000,-0.000000,-1.104846,-1.670481,4.357610,1.290195,-0.126277,-0.044425,-0.450932
790563574950403,left,260730.442000,1.365053,-2.930187,-0.139315,-3.473797,-1.573101,2.591321,0.000000,0.000000,-0.000000,0.000000,-0.000000,-1.096090,-1.683160,4.382347,1.260696,-0.141310,-0.034789,-0.473712
790563582850946,left,260730.450000,1.365029,-2.930175,-0.139338,-3.473820,-1.573078,2.582696,0.000000,0.000000,-0.000000,0.000000,-0.000000,-1.087992,-1.687846,4.374495,1.253026,-0.126815,-0.046263,-0.495854
790563590847308,left,260730.458000,1.365053,-2.930200,-0.139327,-3.473797,-1.573078,2.574043,0.000000,0.000000,-0.000000,0.000000,-0.000000,-1.087635,-1.679687,4.404488,1.241395,-0.127065,-0.042392,-0.438816
790563598843772,left,260730.466000,1.365029,-2.930164,-0.139338,-3.473797,-1.573078,2.565312,0.000000,0.000000,-0.000000,0.000000,-0.000000,-1.077928,-1.705690,4.357558,1.256988,-0.127064,-0.039841,-0.433484
790563606847109,left,260730.474000,1.365017,-2.930175,-0.139327,-3.473797,-1.573101,2.556679,0.000000,0.000000,-0.000000,0.000000,-0.000000,-1.068211,-1.682491,4.396881,1.250982,-0.126919,-0.045913,-0.477106
790563614845129,left,260730.482000,1.365017,-2.930164,-0.139338,-3.473808,-1.573113,2.548289,0.000000,0.000000,-0.000000,0.000000,-0.000000,-1.064398,-1.696472,4.348666,1.248527,-0.133112,-0.044526,-0.461318
790563622846929,left,260730.490000,1.365053,-2.930212,-0.139327,-3.473797,-1.573125,2.539718,0.000000,0.000000,-0.000000,0.000000,-0.000000,-1.059838,-1.692851,4.418235,1.230850,-0.141280,-0.041248,-0.464263
790563630855256,left,260730.498000,1.365017,-2.930152,-0.139350,-3.473808,-1.573138,2.531173,0.000000,0.000000,-0.000000,0.000000,-0.000000,-1.049241,-1.734202,4.357469,1.276620,-0.133122,-0.033464,-0.466637
790563638847378,left,260730.506000,1.365041,-2.930152,-0.139327,-3.473832,-1.573113,2.522916,0.000000,0.000000,-0.000000,0.000000,-0.000000,-1.040679,-1.718192,4.373512,1.215765,-0.133095,-0.032470,-0.490135
790563646847853,left,260730.514000,1.365017,-2.930152,-0.139315,-3.473808,-1.573078,2.514678,0.000000,0.000000,-0.000000,0.000000,-0.000000,-1.041841,-1.680340,4.386607,1.269514,-0.144922,-0.024859,-0.439313
790563654844387,left,260730.522000,1.365029,-2.930187,-0.139338,-3.473784,-1.573101,2.506315,0.000000,0.000000,-0.000000,0.000000,-0.000000,-1.035592,-1.697863,4.371305,1.236670,-0.132799,-0.023536,-0.434810
790563662868948,left,260730.530000,1.365029,-2.930164,-0.139315,-3.473772,-1.573078,2.497957,0.000000,0.000000,-0.000000,0.000000,-0.000000,-1.025768,-1.690938,4.380823,1.278742,-0.124113,-0.047983,-0.456252
790563670844795,left,260730.538000,1.365029,-2.930140,-0.139327,-3.473797,-1.573078,2.489886,0.000000,0.000000,-0.000000,0.000000,-0.000000,-1.016746,-1.717762,4.360728,1.233017,-0.147355,-0.046713,-0.476890
790563678847580,left,260730.546000,1.365053,-2.930175,-0.139315,-3.473797,-1.573089,2.481823,0.000000,0.000000,-0.000000,0.000000,-0.000000,-1.014259,-1.725471,4.366834,1.248517,-0.135175,-0.044230,-0.436944
790563686846549,left,260730.554000,1.365029,-2.930187,-0.139338,-3.473760,-1.573089,2.473631,0.000000,0.000000,-0.000000,0.000000,-0.000000,-1.006015,-1.738546,4.345992,1.235065,-0.145152,-0.038391,-0.455639
790563694845907,left,260730.562000,1.365053,-2.930140,-0.139327,-3.473784,-1.573078,2.465593,0.000000,0.000000,-0.000000,0.000000,-0.000000,-0.998378,-1.667858,4.403486,1.248113,-0.149136,-0.052512,-0.445803
790563702843389,left,260730.570000,1.365053,-2.930200,-0.139315,-3.473797,-1.573078,2.457773,0.000000,0.000000,-0.000000,0.000000,-0.000000,-0.991596,-1.718676,4.360539,1.267268,-0.137625,-0.048571,-0.481220
790563710843516,left,260730.578000,1.365017,-2.930152,-0.139327,-3.473832,-1.573101,2.449853,0.000000,0.000000,-0.000000,0.000000,-0.000000,-0.993216,-1.700484,4.372985,1.264852,-0.131088,-0.054228,-0.449201
790563718842907,left,260730.586000,1.365041,-2.930140,-0.139303,-3.473797,-1.573101,2.441858,0.000000,0.000000,-0.000000,0.000000,-0.000000,-0.983486,-1.689286,4.406725,1.222181,-0.125896,-0.047860,-0.401197
790563726844789,left,260730.594000,1.365029,-2.930175,-0.139338,-3.473808,-1.573065,2.434014,0.000000,0.000000,-0.000000,0.000000,-0.000000,-0.973430,-1.654645,4.340666,1.228835,-0.118425,-0.045534,-0.436550
790563734843023,left,260730.602000,1.365041,-2.930164,-0.139315,-3.473808,-1.573101,2.426376,0.000000,0.000000,-0.000000,0.000000,-0.000000,-0.967418,-1.694658,4.373417,1.266117,-0.135653,-0.042844,-0.472505
790563742846817,left,260730.610000,1.365029,-2.930187,-0.139350,-3.473797,-1.573065,2.418735,0.000000,0.000000,-0.000000,0.000000,-0.000000,-0.967149,-1.698388,4.380165,1.280810,-0.126451,-0.046505,-0.457450
790563750863150,left,260730.618000,1.365053,-2.930164,-0.139338,-3.473820,-1.573101,2.410926,0.000000,0.000000,-0.000000,0.000000,-0.000000,-0.959866,-1.721434,4.404839,1.228217,-0.116190,-0.050969,-0.396683
790563758851770,left,260730.626000,1.365053,-2.930164,-0.139350,-3.473808,-1.573078,2.403243,0.000000,0.000000,-0.000000,0.000000,-0.000000,-0.947296,-1.697603,4.415475,1.245446,-0.133407,-0.057138,-0.433702
790563766856444,left,260730.634000,1.365029,-2.930175,-0.139338,-3.473772,-1.573101,2.395772,0.000000,0.000000,-0.000000,0.000000,-0.000000,-0.940341,-1.665665,4.348038,1.226388,-0.141026,-0.052420,-0.443042
790563774865568,left,260730.642000,1.364993,-2.930152,-0.139315,-3.473797,-1.573113,2.388287,0.000000,0.000000,-0.000000,0.000000,-0.000000,-0.938235,-1.691095,4.338069,1.243707,-0.124551,-0.046840,-0.455828
790563782853409,left,260730.650000,1.365017,-2.930164,-0.139315,-3.473820,-1.573089,2.380797,0.000000,0.000000,-0.000000,0.000000,-0.000000,-0.930454,-1.687440,4.355280,1.275529,-0.132970,-0.058798,-0.448227
790563790852952,left,260730.658000,1.365053,-2.930200,-0.139327,-3.473772,-1.573089,2.373333,0.000000,0.000000,-0.000000,0.000000,-0.000000,-0.920906,-1.703944,4.423735,1.281978,-0.124691,-0.059938,-0.412096
790563798847145,left,260730.666000,1.365017,-2.930164,-0.139362,-3.473797,-1.573113,2.366049,0.000000,0.000000,-0.000000,0.000000,-0.000000,-0.915082,-1.703007,4.365413,1.257157,-0.123972,-0.056007,-0.425939
790563806844310,left,260730.674000,1.365029,-2.930175,-0.139327,-3.473797,-1.573078,2.358796,0.000000,0.000000,-0.000000,0.000000,-0.000145,-0.912646,-1.649475,4.360092,1.240992,-0.134109,-0.061264,-0.408078
790563814855461,left,260730.682000,1.365053,-2.930164,-0.139303,-3.473808,-1.573125,2.351426,0.000000,0.000000,-0.000000,0.000000,-0.000132,-0.904443,-1.713812,4.377497,1.271710,-0.139318,-0.052020,-0.416796
790563822855386,left,260730.690000,1.365017,-2.930175,-0.139350,-3.473820,-1.573125,2.344164,0.000000,0.000000,-0.000000,0.000000,-0.000118,-0.895927,-1.704125,4.386504,1.249540,-0.138432,-0.042937,-0.424731
790563830849867,left,260730.698000,1.365005,-2.930140,-0.139350,-3.473832,-1.573101,2.337057,0.000000,0.000000,-0.000000,0.000000,-0.000107,-0.889765,-1.712628,4.363042,1.270721,-0.134426,-0.061805,-0.421625
790563838846648,left,260730.706000,1.365029,-2.930187,-0.139338,-3.473820,-1.573113,2.330092,0.000000,0.000000,-0.000000,0.000000,-0.000098,-0.885313,-1.668133,4.367674,1.253060,-0.134015,-0.048354,-0.464692
790563846850385,left,260730.714000,1.365029,-2.930152,-0.139327,-3.473797,-1.573101,2.322998,0.000000,0.000000,-0.000000,0.000000,-0.000090,-0.882302,-1.678378,4.391227,1.239605,-0.127682,-0.050831,-0.397704
790563854849516,left,260730.722000,1.365029,-2.930175,-0.139327,-3.473784,-1.573101,2.315857,0.000000,0.000000,-0.000000,0.000000,-0.000083,-0.872697,-1.695210,4.384318,1.216767,-0.118431,-0.044712,-0.397194
790563862856136,left,260730.730000,1.365065,-2.930187,-0.139338,-3.473808,-1.573041,2.308953,0.000000,0.000000,-0.000000,0.000000,-0.000077,-0.865203,-1.675313,4.410748,1.267769,-0.129120,-0.044319,-0.417717
790563870853763,left,260730.738000,1.365041,-2.930116,-0.139327,-3.473784,-1.573101,2.302116,0.000000,0.000000,-0.000000,0.000000,-0.000072,-0.858123,-1.655040,4.373891,1.252373,-0.120467,-0.047908,-0.447034
790563878893054,left,260730.746000,1.365053,-2.930175,-0.139315,-3.473784,-1.573101,2.295399,0.000000,0.000000,-0.000000,0.000000,-0.000068,-0.853174,-1.686719,4.362389,1.246388,-0.127845,-0.046899,-0.411945
790563886849175,left,260730.754000,1.365029,-2.930212,-0.139327,-3.473820,-1.573125,2.288463,0.000000,0.000000,-0.000000,0.000000,-0.000064,-0.849468,-1.662477,4.355276,1.243429,-0.137485,-0.043466,-0.390749
790563894852172,left,260730.762000,1.365077,-2.930128,-0.139315,-3.473808,-1.573089,2.281604,0.000000,0.000000,-0.000000,0.000000,-0.000061,-0.837983,-1.695917,4.397437,1.263528,-0.121922,-0.050449,-0.408381
790563902847402,left,260730.770000,1.365065,-2.930152,-0.139338,-3.473797,-1.573101,2.274912,0.000000,0.000000,-0.000000,0.000000,-0.000058,-0.831796,-1.684952,4.357718,1.245169,-0.118347,-0.035234,-0.414060
790563910847608,left,260730.778000,1.365029,-2.930187,-0.139303,-3.473808,-1.573113,2.268374,0.000000,0.000000,-0.000000,0.000000,-0.000055,-0.825615,-1.695481,4.387694,1.255171,-0.120514,-0.042802,-0.451460
790563918844718,left,260730.786000,1.365041,-2.930140,-0.139350,-3.473820,-1.573113,2.261871,0.000000,0.000000,-0.000000,0.000000,-0.000052,-0.823507,-1.668153,4.378984,1.253382,-0.134929,-0.047194,-0.408929
790563926847095,left,260730.794000,1.365053,-2.930187,-0.139338,-3.473797,-1.573089,2.255204,0.000000,0.000000,-0.000000,0.000000,-0.000050,-0.817895,-1.714306,4.394237,1.272808,-0.125967,-0.025964,-0.383892
790563934845751,left,260730.802000,1.365029,-2.930187,-0.139291,-3.473784,-1.573113,2.248692,0.000000,0.000000,-0.000000,0.000000,-0.000000,-0.807461,-1.677866,4.388549,1.210153,-0.130303,-0.037933,-0.381826
790563942896908,left,260730.810000,1.365041,-2.930164,-0.139303,-3.473784,-1.573078,2.242287,0.000000,0.000000,-0.000000,0.000000,-0.000000,-0.798179,-1.691758,4.390740,1.245908,-0.127400,-0.039954,-0.437318
790563950846356,left,260730.818000,1.365053,-2.930140,-0.139327,-3.473832,-1.573101,2.236034,0.000000,0.000000,-0.000000,0.000000,-0.000000,-0.796882,-1.689359,4.373041,1.291985,-0.133199,-0.052726,-0.439588
790563958854636,left,260730.826000,1.365041,-2.930164,-0.139338,-3.473784,-1.573078,2.229757,0.000000,0.000000,-0.000000,0.000000,-0.000000,-0.792955,-1.675381,4.357297,1.244678,-0.135328,-0.043911,-0.379834
790563966873597,left,260730.834000,1.365065,-2.930164,-0.139315,-3.473820,-1.573089,2.223302,0.000000,0.000000,-0.000000,0.000000,-0.000000,-0.786457,-1.657682,4.347561,1.235499,-0.131775,-0.060484,-0.363845
790563974861918,left,260730.842000,1.365053,-2.930164,-0.139350,-3.473808,-1.573078,2.217054,0.000000,0.000000,-0.000000,0.000000,-0.000000,-0.774386,-1.707573,4.358530,1.261224,-0.130094,-0.034475,-0.412934
790563982851673,left,260730.850000,1.365017,-2.930175,-0.139338,-3.473820,-1.573101,2.210924,0.000000,0.000000,-0.000000,0.000000,-0.000000,-0.766335,-1.676056,4.412039,1.204903,-0.133426,-0.043195,-0.442527
790563990872111,left,260730.858000,1.365053,-2.930152,-0.139327,-3.473797,-1.573101,2.204874,0.000000,0.000000,-0.000000,0.000000,-0.000000,-0.763722,-1.683506,4.375412,1.235773,-0.123420,-0.051118,-0.421648
790563998854402,left,260730.866000,1.365017,-2.930175,-0.139315,-3.473820,-1.573138,2.198815,0.000000,0.000000,-0.000000,0.000000,-0.000000,-0.760874,-1.648906,4.391744,1.264084,-0.121086,-0.037922,-0.376657
790564006860828,left,260730.874000,1.365065,-2.930164,-0.139291,-3.473820,-1.573065,2.192637,0.000000,0.000000,-0.000000,0.000000,-0.000000,-0.753961,-1.715073,4.347083,1.275125,-0.122453,-0.045533,-0.371196
790564014869446,left,260730.882000,1.365041,-2.930152,-0.139315,-3.473784,-1.573065,2.186636,0.000000,0.000000,-0.000000,0.000000,-0.000000,-0.743242,-1.652950,4.387921,1.247843,-0.130802,-0.049227,-0.362658
790564022868693,left,260730.890000,1.365053,-2.930152,-0.139338,-3.473820,-1.573078,2.180725,0.000000,0.000000,-0.000000,0.000000,-0.000000,-0.734729,-1.672117,4.369696,1.264935,-0.131442,-0.056946,-0.420218
790564030861536,left,260730.898000,1.365017,-2.930152,-0.139338,-3.473808,-1.573125,2.174943,0.000000,0.000000,-0.000000,0.000000,-0.000000,-0.729579,-1.681088,4.377018,1.225258,-0.134018,-0.049192,-0.402855
790564038848188,left,260730.906000,1.365017,-2.930140,-0.139338,-3.473820,-1.573041,2.169159,0.000000,0.000000,-0.000000,0.000000,-0.000000,-0.728002,-1.684048,4.379768,1.235785,-0.126085,-0.049349,-0.357211
790564046853695,left,260730.914000,1.365041,-2.930175,-0.139303,-3.473760,-1.573065,2.163292,0.000000,0.000000,-0.000000,0.000000,-0.000000,-0.721539,-1.681938,4.363336,1.240187,-0.121468,-0.052327,-0.369730
790564054888487,left,260730.922000,1.365053,-2.930164,-0.139338,-3.473808,-1.573078,2.157526,0.000000,0.000000,-0.000000,0.000000,-0.000000,-0.678060,-1.655261,4.335251,1.201953,-0.132649,-0.058026,1.565338
790564062860334,left,260730.930000,1.365041,-2.930187,-0.139338,-3.473797,-1.573089,2.154026,0.000000,0.000000,-0.000000,0.000000,-0.000000,-0.356010,-1.683160,4.371546,1.208191,-0.137597,-0.052942,0.488334
790564070847166,left,260730.938000,1.365041,-2.930140,-0.139315,-3.473797,-1.573041,2.152337,0.000000,0.000000,-0.000000,0.000000,-0.000000,-0.125553,-1.693250,4.349389,1.234724,-0.124194,-0.068466,0.660080
790564078857239,left,260730.946000,1.365053,-2.930200,-0.139315,-3.473808,-1.573125,2.152420,0.000000,0.000000,-0.000000,0.000000,-0.000000,0.077051,-1.738784,4.738179,1.242216,-0.127236,-0.052593,-0.995993
790564086874945,left,260730.954000,1.365065,-2.930151,-0.139303,-3.473820,-1.573029,2.152427,0.000000,0.001071,-0.000000,0.000000,-0.000000,-0.001638,-1.732039,4.637559,1.259421,-0.140253,-0.052552,0.161071
790564094860459,left,260730.962000,1.365029,-2.930140,-0.139315,-3.473797,-1.573041,2.152526,0.000000,0.000812,-0.000000,0.000000,-0.000000,0.009390,-1.706209,4.717843,1.256732,-0.121881,-0.055482,0.103904
790564102843786,left,260730.970000,1.365017,-2.930164,-0.139315,-3.473820,-1.573078,2.152601,0.000000,0.000508,-0.000000,0.000000,-0.000000,0.017875,-1.699707,4.632361,1.218232,-0.126782,-0.054643,0.105813
790564110848868,left,260730.978000,1.365053,-2.930116,-0.139338,-3.473820,-1.573101,2.152759,0.000000,0.000444,-0.000000,0.000000,-0.000000,0.024625,-1.739760,4.676145,1.271309,-0.127921,-0.043458,0.115696
790564118863046,left,260730.986000,1.365029,-2.930152,-0.139315,-3.473797,-1.573089,2.153001,0.000000,0.000298,-0.000000,0.000000,-0.000000,0.032540,-1.745370,4.681398,1.249613,-0.122867,-0.060415,0.126622
790564126858191,left,260730.994000,1.365041,-2.930140,-0.139350,-3.473784,-1.573089,2.153208,0.000000,0.000224,-0.000000,0.000000,-0.000000,0.040900,-1.721743,4.646832,1.275827,-0.133852,-0.037815,0.154038
790564134849252,left,260731.002000,1.365041,-2.930175,-0.139315,-3.473797,-1.573101,2.153594,0.000000,0.000179,-0.000000,0.000000,-0.000000,0.049444,-1.726420,4.655136,1.257355,-0.132584,-0.047449,0.155314
790564142844896,left,260731.010000,1.365041,-2.930152,-0.139338,-3.473820,-1.573101,2.154052,0.000000,0.000149,-0.000000,0.000000,-0.000000,0.056887,-1.707739,4.664503,1.222058,-0.124963,-0.043759,0.144459
790564150844810,left,260731.018000,1.365017,-2.930128,-0.139303,-3.473808,-1.573089,2.154520,0.000000,0.000128,-0.000000,0.000000,-0.000000,0.060490,-1.710842,4.612855,1.263047,-0.125048,-0.059210,0.173365
790564158861718,left,260731.026000,1.365041,-2.930128,-0.139338,-3.473784,-1.573089,2.155002,0.000000,0.000112,-0.000000,0.000000,-0.000000,0.067973,-1.743745,4.638310,1.246573,-0.128199,-0.049561,0.169809
790564166847745,left,260731.034000,1.365017,-2.930116,-0.139338,-3.473797,-1.573101,2.155579,0.000000,0.000100,-0.000000,0.000000,-0.000000,0.073244,-1.724673,4.655358,1.244765,-0.132336,-0.050273,0.171546
790564174843322,left,260731.042000,1.365017,-2.930128,-0.139327,-3.473808,-1.573113,2.156191,0.000000,0.000090,-0.000000,0.000000,-0.000000,0.078439,-1.728908,4.666837,1.261003,-0.137893,-0.046035,0.189416
790564182842155,left,260731.050000,1.365017,-2.930128,-0.139315,-3.473772,-1.573078,2.156877,0.000000,0.000082,-0.000000,0.000000,-0.000000,0.086968,-1.725264,4.632998,1.249192,-0.125437,-0.047277,0.176294
790564190862684,left,260731.058000,1.365029,-2.930164,-0.139291,-3.473808,-1.573078,2.157609,0.000000,0.000058,-0.000000,0.000000,-0.000000,0.092419,-1.723961,4.648829,1.237523,-0.108803,-0.042900,0.183049
790564198847343,left,260731.066000,1.365053,-2.930128,-0.139338,-3.473797,-1.573113,2.158366,0.000000,0.000052,-0.000000,0.000000,-0.000000,0.099315,-1.698537,4.607179,1.266357,-0.124554,-0.052470,0.161284
790564206841847,left,260731.074000,1.365041,-2.930140,-0.139338,-3.473772,-1.573113,2.159207,0.000000,0.000048,-0.000000,0.000000,-0.000000,0.105822,-1.709198,4.624352,1.274848,-0.121943,-0.064574,0.177776
790564214845845,left,260731.082000,1.365017,-2.930152,-0.139327,-3.473784,-1.573113,2.160096,0.000000,0.000045,-0.000000,0.000000,-0.000000,0.112695,-1.699567,4.616482,1.256065,-0.129123,-0.045217,0.195478
790564222862689,left,260731.090000,1.365029,-2.930140,-0.139327,-3.473808,-1.573125,2.161031,0.000000,0.000051,-0.000000,0.000000,-0.000000,0.116475,-1.713700,4.547857,1.262442,-0.135662,-0.042053,0.215743
790564230855571,left,260731.098000,1.365041,-2.930128,-0.139327,-3.473797,-1.573089,2.161955,0.000000,0.000053,-0.000000,0.000000,-0.000000,0.123091,-1.716472,4.591580,1.253288,-0.133684,-0.046844,0.204192
790564238844161,left,260731.106000,1.365053,-2.930128,-0.139315,-3.473808,-1.573089,2.162987,0.000000,0.000050,-0.000000,0.000000,-0.000000,0.128194,-1.736515,4.596538,1.237629,-0.118673,-0.050738,0.226127
790564246846036,left,260731.114000,1.365041,-2.930128,-0.139303,-3.473797,-1.573089,2.164103,0.000000,0.000035,-0.000000,0.000000,-0.000000,0.133283,-1.719348,4.633833,1.245706,-0.132262,-0.033654,0.242990
790564254861908,left,260731.122000,1.365029,-2.930140,-0.139315,-3.473797,-1.573125,2.165219,0.000000,0.000034,-0.000000,0.000000,-0.000000,0.140648,-1.748648,4.603968,1.260955,-0.124762,-0.040523,0.245339
790564262856617,left,260731.130000,1.365029,-2.930128,-0.139315,-3.473797,-1.573078,2.166385,0.000000,0.000032,-0.000000,0.000000,-0.000000,0.147858,-1.699963,4.572651,1.262425,-0.127289,-0.048837,0.223355
790564270842652,left,260731.138000,1.365029,-2.930128,-0.139350,-3.473784,-1.573113,2.167666,0.000000,0.000031,-0.000000,0.000000,-0.000000,0.153664,-1.717902,4.602800,1.255769,-0.128536,-0.047177,0.261044
790564278849137,left,260731.146000,1.365053,-2.930140,-0.139315,-3.473808,-1.573101,2.168902,0.000000,0.000000,-0.000000,0.000000,-0.000000,0.159541,-1.722368,4.527101,1.242557,-0.131906,-0.032960,0.280260
790564286864823,left,260731.154000,1.365017,-2.930103,-0.139315,-3.473832,-1.573078,2.170209,0.000000,0.000000,-0.000000,0.000000,-0.000000,0.166001,-1.724814,4.563206,1.260328,-0.125303,-0.041923,0.248995
790564294851481,left,260731.162000,1.365053,-2.930140,-0.139315,-3.473772,-1.573065,2.171553,0.000000,0.000000,-0.000000,0.000000,-0.000000,0.173325,-1.720084,4.586308,1.268508,-0.133574,-0.031602,0.272420
790564302866181,left,260731.170000,1.365053,-2.930152,-0.139315,-3.473784,-1.573113,2.172992,0.000000,0.000000,-0.000000,0.000000,-0.000000,0.179188,-1.733933,4.583983,1.277426,-0.134779,-0.042989,0.270436
790564310847067,left,260731.178000,1.365053,-2.930128,-0.139303,-3.473772,-1.573101,2.174469,0.000000,0.000000,-0.000000,0.000000,-0.000000,0.188513,-1.721853,4.540916,1.241085,-0.139866,-0.042197,0.297125
790564318873081,left,260731.186000,1.365017,-2.930140,-0.139291,-3.473772,-1.573101,2.175956,0.000000,0.000000,-0.000000,0.000000,-0.000000,0.194635,-1.685550,4.495565,1.214341,-0.127986,-0.048021,0.276522
790564326850623,left,260731.194000,1.365029,-2.930152,-0.139350,-3.473797,-1.573065,2.177562,0.000000,0.000000,-0.000000,0.000000,-0.000000,0.200970,-1.681367,4.552121,1.271490,-0.126634,-0.044391,0.272737
790564334849707,left,260731.202000,1.365053,-2.930128,-0.139315,-3.473772,-1.573125,2.179158,0.000000,0.000000,-0.000000,0.000000,-0.000000,0.208383,-1.703637,4.559996,1.257809,-0.138444,-0.038825,0.262007
790564342848559,left,260731.210000,1.365017,-2.930140,-0.139315,-3.473784,-1.573089,2.180885,0.000000,0.000000,-0.000000,0.000000,-0.000000,0.215026,-1.739128,4.508598,1.258770,-0.138675,-0.036495,0.253354
790564350898794,left,260731.218000,1.365065,-2.930092,-0.139338,-3.473772,-1.573078,2.182612,0.000000,0.000000,-0.000000,0.000000,-0.000000,0.222744,-1.718994,4.546021,1.248644,-0.146044,-0.042859,0.269243
790564358879118,left,260731.226000,1.365053,-2.930140,-0.139350,-3.473797,-1.573089,2.184410,0.000000,0.000000,-0.000000,0.000000,-0.000000,0.227766,-1.724631,4.500460,1.259713,-0.121266,-0.048103,0.247994
790564366842610,left,260731.234000,1.365017,-2.930128,-0.139338,-3.473797,-1.573101,2.186256,0.000000,0.000000,-0.000000,0.000000,-0.000000,0.233008,-1.678169,4.512562,1.203639,-0.140312,-0.044014,0.264625
790564374844482,left,260731.242000,1.365005,-2.930152,-0.139315,-3.473784,-1.573089,2.188126,0.000000,0.000000,-0.000000,0.000000,-0.000000,0.239370,-1.707824,4.516241,1.227273,-0.128750,-0.045561,0.251614
790564382857901,left,260731.250000,1.365053,-2.930140,-0.139338,-3.473772,-1.573065,2.190130,0.000000,0.000000,-0.000000,0.000000,-0.000000,0.246015,-1.698467,4.466630,1.251329,-0.124928,-0.034751,0.259155
790564390849517,left,260731.258000,1.365017,-2.930140,-0.139315,-3.473784,-1.573113,2.192142,0.000000,0.000000,-0.000000,0.000000,-0.000000,0.250842,-1.726494,4.481148,1.269287,-0.128902,-0.043473,0.279265
790564398863804,left,260731.266000,1.365029,-2.930103,-0.139315,-3.473760,-1.573101,2.194193,0.000000,0.000000,-0.000000,0.000000,-0.000000,0.256023,-1.681243,4.498402,1.239376,-0.142382,-0.035550,0.290275
790564406864644,left,260731.274000,1.365053,-2.930152,-0.139327,-3.473808,-1.573113,2.196363,0.000000,0.000000,-0.000000,0.000000,-0.000000,0.260640,-1.694040,4.464137,1.282883,-0.137918,-0.030082,0.288897
790564414864570,left,260731.282000,1.365065,-2.930152,-0.139315,-3.473797,-1.573089,2.198451,0.000000,0.000000,-0.000000,0.000000,-0.000000,0.268389,-1.735458,4.498557,1.237822,-0.133966,-0.042397,0.284095
790564422852177,left,260731.290000,1.365029,-2.930140,-0.139327,-3.473832,-1.573125,2.200705,0.000000,0.000000,-0.000000,0.000000,-0.000000,0.273838,-1.719935,4.470091,1.302001,-0.140680,-0.038784,0.322278
790564430844863,left,260731.298000,1.365029,-2.930152,-0.139350,-3.473808,-1.573065,2.202899,0.000000,0.000000,-0.000000,0.000000,-0.000000,0.279738,-1.700867,4.445068,1.292187,-0.127548,-0.035048,0.331325
790564438860577,left,260731.306000,1.365041,-2.930164,-0.139350,-3.473784,-1.573113,2.205167,0.000000,0.000000,-0.000000,0.000000,-0.000000,0.288743,-1.700666,4.471142,1.247878,-0.134371,-0.040193,0.310898
790564446841687,left,260731.314000,1.365029,-2.930140,-0.139350,-3.473820,-1.573078,2.207482,0.000000,0.000000,-0.000000,0.000000,-0.000000,0.294992,-1.748517,4.444375,1.243005,-0.144114,-0.025349,0.324516
790564454859356,left,260731.322000,1.365041,-2.930152,-0.139338,-3.473784,-1.573113,2.209832,0.000000,0.000000,-0.000000,0.000000,-0.000000,0.303949,-1.723836,4.424912,1.238647,-0.128826,-0.037850,0.320823
790564462840416,left,260731.330000,1.365041,-2.930152,-0.139303,-3.473797,-1.573089,2.212303,0.000000,0.000000,-0.000000,0.000000,-0.000000,0.312000,-1.710857,4.421348,1.244988,-0.130338,-0.028956,0.295767
790564470836033,left,260731.338000,1.365065,-2.930175,-0.139362,-3.473808,-1.573101,2.214797,0.000000,0.000000,-0.000000,0.000000,-0.000000,0.317514,-1.667862,4.406382,1.226824,-0.141824,-0.033959,0.290395
790564478855203,left,260731.346000,1.365017,-2.930152,-0.139327,-3.473808,-1.573101,2.217375,0.000000,0.000000,-0.000000,0.000000,-0.000000,0.322310,-1.676336,4.421408,1.248529,-0.131132,-0.028885,0.292608
790564486856573,left,260731.354000,1.365065,-2.930128,-0.139338,-3.473808,-1.573101,2.219982,0.000000,0.000000,-0.000000,0.000000,-0.000000,0.328711,-1.674632,4.427754,1.245736,-0.129178,-0.037404,0.307663
790564494841130,left,260731.362000,1.365029,-2.930152,-0.139315,-3.473772,-1.573078,2.222692,0.000000,0.000000,-0.000000,0.000000,-0.000000,0.335921,-1.679755,4.397935,1.266444,-0.129759,-0.019243,0.288879
790564502834873,left,260731.370000,1.365065,-2.930140,-0.139327,-3.473808,-1.573101,2.225461,0.000000,0.000000,-0.000000,0.000000,-0.000000,0.341082,-1.744489,4.393646,1.255964,-0.139971,-0.019631,0.303883
790564510853491,left,260731.378000,1.365053,-2.930128,-0.139303,-3.473797,-1.573125,2.228230,0.000000,0.000000,-0.000000,0.000000,-0.000000,0.344528,-1.662891,4.414657,1.244622,-0.142039,-0.041505,0.330977
790564518840787,left,260731.386000,1.365029,-2.930164,-0.139350,-3.473797,-1.573125,2.231060,0.000000,0.000000,-0.000000,0.000000,-0.000000,0.351607,-1.700717,4.334461,1.260947,-0.148088,-0.009370,0.338469
790564526869267,left,260731.394000,1.365029,-2.930128,-0.139338,-3.473797,-1.573065,2.233860,0.000000,0.000000,-0.000000,0.000000,-0.000000,0.357125,-1.739380,4.366109,1.251225,-0.137129,-0.024589,0.345256
790564534871934,left,260731.402000,1.365005,-2.930164,-0.139327,-3.473808,-1.573089,2.236702,0.000000,0.000000,-0.000000,0.000000,-0.000000,0.366781,-1.694282,4.332108,1.281203,-0.136547,-0.027433,0.341758
790564542851439,left,260731.410000,1.365005,-2.930128,-0.139338,-3.473808,-1.573078,2.239628,0.000000,0.000000,-0.000000,0.000000,-0.000000,0.374664,-1.717028,4.328578,1.255100,-0.148541,-0.030041,0.344212
790564550841323,left,260731.418000,1.365041,-2.930140,-0.139303,-3.473784,-1.573089,2.242673,0.000000,0.000000,-0.000000,0.000000,-0.000000,0.382928,-1.707630,4.342562,1.239034,-0.144432,-0.026132,0.356992
790564558944761,left,260731.426000,1.365065,-2.930140,-0.139327,-3.473772,-1.573101,2.245688,0.000000,0.000000,-0.000000,0.000000,-0.000000,0.388656,-1.721976,4.355067,1.266788,-0.148072,-0.028223,0.329475
790564566842955,left,260731.434000,1.365041,-2.930140,-0.139315,-3.473797,-1.573113,2.248805,0.000000,0.000000,-0.000000,0.000000,-0.000000,0.394195,-1.706932,4.335404,1.221025,-0.137858,-0.029254,0.358204
790564574835526,left,260731.442000,1.365053,-2.930140,-0.139303,-3.473797,-1.573089,2.252008,0.000000,0.000000,-0.000000,0.000000,-0.000000,0.399908,-1.717867,4.295216,1.261976,-0.144280,-0.029938,0.332971
790564582839157,left,260731.450000,1.365041,-2.930152,-0.139303,-3.473797,-1.573089,2.255266,0.000000,-0.000044,-0.000000,0.000000,-0.000000,0.407258,-1.675578,4.408857,1.227814,-0.132145,-0.034306,0.327280
790564590893894,left,260731.458000,1.365053,-2.930175,-0.139350,-3.473797,-1.573078,2.258652,0.000000,-0.000041,-0.000000,0.000000,-0.000000,0.411028,-1.664943,4.422725,1.250302,-0.137970,-0.021590,0.321172
790564598845938,left,260731.466000,1.365017,-2.930152,-0.139315,-3.473784,-1.573065,2.261978,0.000000,-0.000037,-0.000000,0.000000,-0.000000,0.414051,-1.725651,4.419438,1.267642,-0.129830,-0.036262,0.350387
790564606854281,left,260731.474000,1.365017,-2.930116,-0.139338,-3.473760,-1.573138,2.265334,0.000000,-0.000034,-0.000000,0.000000,-0.000000,0.420718,-1.691740,4.375386,1.266335,-0.143218,-0.033430,0.383796
790564614848511,left,260731.482000,1.365029,-2.930152,-0.139315,-3.473820,-1.573113,2.268722,0.000000,-0.000032,-0.000000,0.000000,-0.000000,0.430678,-1.703935,4.392869,1.241106,-0.147452,-0.020204,0.367442
790564622848345,left,260731.490000,1.365065,-2.930140,-0.139303,-3.473784,-1.573089,2.272120,0.000000,-0.000030,-0.000000,0.000000,-0.000000,0.438046,-1.702331,4.443271,1.250188,-0.137066,-0.023822,0.366001
790564630846652,left,260731.498000,1.365029,-2.930140,-0.139315,-3.473784,-1.573065,2.275645,0.000000,-0.000028,-0.000000,0.000000,-0.000000,0.447975,-1.706027,4.397306,1.264196,-0.149649,-0.017102,0.327899
790564638851004,left,260731.506000,1.365029,-2.930152,-0.139315,-3.473772,-1.573113,2.279264,0.000000,-0.000026,-0.000000,0.000000,-0.000000,0.451498,-1.655741,4.411608,1.253923,-0.150099,-0.008601,0.347863
790564646842518,left,260731.514000,1.365041,-2.930152,-0.139350,-3.473797,-1.573101,2.282891,0.000000,-0.000025,-0.000000,0.000000,-0.000000,0.457145,-1.682342,4.410789,1.244158,-0.151050,-0.011630,0.359607
790564654856784,left,260731.522000,1.365041,-2.930116,-0.139315,-3.473808,-1.573089,2.286626,0.000000,-0.000024,-0.000000,0.000000,-0.000000,0.464210,-1.692432,4.398363,1.256040,-0.146950,-0.017870,0.352435
790564662853670,left,260731.530000,1.365041,-2.930128,-0.139327,-3.473820,-1.573078,2.290442,0.000000,-0.000022,-0.000000,0.000000,-0.000000,0.467549,-1.639941,4.372338,1.244743,-0.154218,-0.009507,0.381590
790564670843261,left,260731.538000,1.365053,-2.930152,-0.139279,-3.473808,-1.573065,2.294272,0.000000,-0.000021,-0.000000,0.000000,-0.000000,0.473406,-1.668507,4.406954,1.262478,-0.146419,-0.000325,0.355169
790564678848256,left,260731.546000,1.365053,-2.930152,-0.139327,-3.473808,-1.573101,2.298041,0.000000,-0.000020,-0.000000,0.000000,-0.000000,0.478502,-1.702630,4.403850,1.247025,-0.145703,-0.006885,0.421568
790564686847418,left,260731.554000,1.365053,-2.930140,-0.139338,-3.473772,-1.573101,2.301848,0.000000,-0.000000,-0.000000,0.000000,-0.000000,0.486903,-1.697768,4.379158,1.235695,-0.157933,-0.005665,0.393395
790564694851179,left,260731.562000,1.365029,-2.930164,-0.139338,-3.473772,-1.573125,2.305740,0.000000,-0.000000,-0.000000,0.000000,-0.000000,0.496497,-1.694024,4.399242,1.279300,-0.144363,-0.007936,0.362220
790564702846502,left,260731.570000,1.365041,-2.930128,-0.139303,-3.473797,-1.573078,2.309739,0.000000,0.000011,-0.000000,0.000000,-0.000000,0.504578,-1.700781,4.386342,1.265123,-0.143498,-0.015473,0.344236
790564710845302,left,260731.578000,1.365065,-2.930175,-0.139303,-3.473772,-1.573065,2.313771,0.000000,0.000014,-0.000000,0.000000,-0.000000,0.508233,-1.698697,4.386658,1.254111,-0.158133,-0.016107,0.368137
790564718841536,left,260731.586000,1.365017,-2.930152,-0.139350,-3.473832,-1.573065,2.317917,0.000000,0.000013,-0.000000,0.000000,-0.000000,0.515870,-1.753533,4.411160,1.250124,-0.152472,-0.007867,0.360245
790564726846702,left,260731.594000,1.365029,-2.930152,-0.139327,-3.473797,-1.573078,2.322144,0.000000,0.000012,-0.000000,0.000000,-0.000000,0.517346,-1.714287,4.369349,1.250000,-0.143449,-0.002501,0.393861
790564734845605,left,260731.602000,1.365041,-2.930152,-0.139350,-3.473772,-1.573125,2.326427,0.000000,0.000012,-0.000000,0.000000,-0.000000,0.524132,-1.675976,4.343989,1.260381,-0.143134,-0.016165,0.378942
790564742844573,left,260731.610000,1.365029,-2.930152,-0.139338,-3.473820,-1.573078,2.330583,0.000000,0.000011,-0.000000,0.000000,-0.000000,0.530686,-1.700584,4.390376,1.243790,-0.139122,-0.016701,0.383266
790564750842438,left,260731.618000,1.365029,-2.930152,-0.139327,-3.473784,-1.573101,2.334812,0.000000,0.000011,-0.000000,0.000000,-0.000000,0.538667,-1.684300,4.386947,1.262126,-0.152626,0.005472,0.391849
790564758849702,left,260731.626000,1.365065,-2.930140,-0.139315,-3.473797,-1.573113,2.339088,0.000000,0.000010,-0.000000,0.000000,-0.000000,0.549352,-1.688192,4.403251,1.268880,-0.150742,-0.004745,0.356785
790564766844264,left,260731.634000,1.365053,-2.930140,-0.139303,-3.473797,-1.573113,2.343483,0.000000,0.000000,-0.000000,0.000000,-0.000000,0.553874,-1.657215,4.378843,1.259865,-0.154377,0.000895,0.414557
790564774845537,left,260731.642000,1.365029,-2.930152,-0.139362,-3.473784,-1.573078,2.347962,0.000000,0.000000,-0.000000,0.000000,-0.000000,0.561718,-1.723952,4.413042,1.240284,-0.147187,-0.001882,0.368846
790564782842546,left,260731.650000,1.365053,-2.930187,-0.139315,-3.473797,-1.573113,2.352571,0.000000,0.000000,-0.000000,0.000000,-0.000000,0.564985,-1.706408,4.376750,1.247944,-0.155546,0.005476,0.393889
790564790860769,left,260731.658000,1.365029,-2.930116,-0.139338,-3.473808,-1.573065,2.357168,0.000000,0.000000,-0.000000,0.000000,-0.000000,0.569462,-1.698325,4.387877,1.253243,-0.150159,-0.003321,0.397476
790564798846720,left,260731.666000,1.365041,-2.930175,-0.139350,-3.473808,-1.573113,2.361719,0.000000,0.000000,-0.000000,0.000000,-0.000000,0.575156,-1.706663,4.408137,1.279330,-0.157138,0.003428,0.398092
790564806847555,left,260731.674000,1.365029,-2.930140,-0.139338,-3.473797,-1.573089,2.366282,0.000000,0.000000,-0.000000,0.000000,-0.000000,0.583625,-1.706137,4.398966,1.298927,-0.159137,0.007849,0.421271
790564814843588,left,260731.682000,1.365029,-2.930164,-0.139327,-3.473820,-1.573113,2.371001,0.000000,0.000000,-0.000000,0.000000,-0.000000,0.593009,-1.669175,4.394341,1.257662,-0.160545,0.000147,0.374738
790564822854508,left,260731.690000,1.365065,-2.930187,-0.139327,-3.473797,-1.573101,2.375721,0.000000,0.000000,-0.000000,0.000000,-0.000000,0.598986,-1.695417,4.344248,1.257365,-0.157590,0.013343,0.381473
790564830848476,left,260731.698000,1.365077,-2.930152,-0.139327,-3.473797,-1.573078,2.380622,0.000000,0.000000,-0.000000,0.000000,-0.000000,0.604471,-1.694171,4.353690,1.267044,-0.156003,0.007427,0.407118
790564838848208,left,260731.706000,1.365053,-2.930140,-0.139350,-3.473797,-1.573113,2.385521,0.000000,0.000000,-0.000000,0.000000,-0.000000,0.609913,-1.707170,4.424815,1.256273,-0.161800,0.007397,0.411036
790564846845674,left,260731.714000,1.365053,-2.930140,-0.139350,-3.473797,-1.573089,2.390410,0.000000,0.000000,-0.000000,0.000000,-0.000000,0.613403,-1.678322,4.373368,1.249446,-0.166889,0.002388,0.421153
790564854846078,left,260731.722000,1.365017,-2.930140,-0.139327,-3.473808,-1.573113,2.395286,0.000000,0.000000,-0.000000,0.000000,-0.000000,0.621099,-1.695562,4.380989,1.232296,-0.158851,0.024694,0.448281
790564862854279,left,260731.730000,1.365041,-2.930103,-0.139350,-3.473820,-1.573138,2.400335,0.000000,0.000000,-0.000000,0.000000,-0.000000,0.633697,-1.742219,4.397069,1.273695,-0.170273,0.018978,0.396009
790564870849780,left,260731.738000,1.365053,-2.930152,-0.139327,-3.473797,-1.573089,2.405366,0.000000,0.000000,-0.000000,0.000000,-0.000000,0.637337,-1.694301,4.357005,1.281214,-0.150131,0.005700,0.438707
790564878844157,left,260731.746000,1.365029,-2.930140,-0.139327,-3.473784,-1.573041,2.410496,0.000000,0.000000,-0.000000,0.000000,-0.000000,0.643486,-1.742744,4.379356,1.257084,-0.157811,0.017050,0.382892
790564886852082,left,260731.754000,1.365029,-2.930140,-0.139315,-3.473784,-1.573101,2.415826,0.000000,0.000000,-0.000000,0.000000,-0.000000,0.647217,-1.642390,4.393571,1.240279,-0.152785,0.021153,0.429741
790564894850984,left,260731.762000,1.365041,-2.930152,-0.139327,-3.473808,-1.573125,2.421036,0.000000,0.000000,-0.000000,0.000000,-0.000000,0.648839,-1.673284,4.382034,1.280206,-0.163918,0.013688,0.443420
790564902855812,left,260731.770000,1.365041,-2.930164,-0.139315,-3.473797,-1.573078,2.426239,0.000000,0.000000,-0.000000,0.000000,-0.000000,0.657942,-1.667333,4.341072,1.299943,-0.152921,0.031548,0.471204
790564910852746,left,260731.778000,1.365041,-2.930140,-0.139315,-3.473772,-1.573078,2.431429,0.000000,0.000000,-0.000000,0.000000,-0.000000,0.669998,-1.694540,4.375208,1.271348,-0.163984,0.019818,0.411043
790564918847691,left,260731.786000,1.365029,-2.930140,-0.139279,-3.473820,-1.573089,2.436787,0.000000,0.000000,-0.000000,0.000000,-0.000000,0.677767,-1.702468,4.365338,1.269692,-0.160665,0.027971,0.422592
790564926858154,left,260731.794000,1.365029,-2.930140,-0.139338,-3.473784,-1.573078,2.442245,0.000000,0.000000,-0.000000,0.000000,-0.000000,0.683562,-1.688588,4.389657,1.257728,-0.153535,0.024749,0.408498
790564934846924,left,260731.802000,1.365017,-2.930175,-0.139315,-3.473808,-1.573125,2.447874,0.000000,0.000000,-0.000000,0.000000,-0.000000,0.686250,-1.708455,4.347748,1.300697,-0.153501,0.023074,0.416121
790564942845391,left,260731.810000,1.365029,-2.930175,-0.139315,-3.473784,-1.573089,2.453406,0.000000,0.000000,-0.000000,0.000000,-0.000000,0.688056,-1.686094,4.382607,1.273709,-0.169919,0.028890,0.471792
790564950845321,left,260731.818000,1.365041,-2.930128,-0.139338,-3.473820,-1.573089,2.458881,0.000000,0.000000,-0.000000,0.000000,-0.000000,0.698185,-1.658481,4.394268,1.289406,-0.175583,0.026473,0.432788
790564958850011,left,260731.826000,1.365041,-2.930164,-0.139303,-3.473772,-1.573089,2.464441,0.000000,0.000000,-0.000000,0.000000,-0.000000,0.709195,-1.700107,4.368433,1.262044,-0.157287,0.021100,0.425227
790564966843067,left,260731.834000,1.365065,-2.930164,-0.139315,-3.473784,-1.573101,2.470107,0.000000,0.000000,-0.000000,0.000000,-0.000000,0.713070,-1.692838,4.349633,1.276772,-0.159895,0.016391,0.445432
790564974845283,left,260731.842000,1.365041,-2.930152,-0.139291,-3.473797,-1.573089,2.475905,0.000000,0.000000,-0.000000,0.000000,-0.000000,0.721221,-1.685118,4.391463,1.310592,-0.168987,0.029250,0.443349
790564982847293,left,260731.850000,1.365029,-2.930152,-0.139315,-3.473808,-1.573101,2.481786,0.000000,0.000000,-0.000000,0.000000,-0.000000,0.725468,-1.696342,4.366366,1.275074,-0.174309,0.020662,0.413351
790564990877346,left,260731.858000,1.365029,-2.930128,-0.139350,-3.473808,-1.573101,2.487547,0.000000,0.000000,-0.000000,0.000000,0.000000,0.729156,-1.673509,4.368559,1.252096,-0.176935,0.028767,0.459775
790564998855359,left,260731.866000,1.365041,-2.930175,-0.139315,-3.473797,-1.573089,2.493394,0.000000,0.000000,-0.000000,0.000000,0.000000,0.738624,-1.735251,4.359977,1.244812,-0.167768,0.029212,0.433995
790565006860966,left,260731.874000,1.365017,-2.930140,-0.139315,-3.473772,-1.573089,2.499325,0.000000,0.000000,-0.000000,0.000000,0.000000,0.747427,-1.717901,4.395957,1.268559,-0.170647,0.030150,0.432824
790565014851778,left,260731.882000,1.365077,-2.930152,-0.139327,-3.473784,-1.573041,2.505312,0.000000,0.000000,-0.000000,0.000000,0.000000,0.752076,-1.678589,4.411122,1.243361,-0.180517,0.035020,0.453536
790565022872097,left,260731.890000,1.365053,-2.930175,-0.139338,-3.473784,-1.573089,2.511504,0.000000,0.000000,-0.000000,0.000000,0.000000,0.756132,-1.691176,4.388686,1.264624,-0.177225,0.035025,0.410065
790565030850151,left,260731.898000,1.365041,-2.930140,-0.139350,-3.473832,-1.573101,2.517565,0.000000,0.000000,-0.000000,0.000000,0.000000,0.760135,-1.758512,4.422753,1.241733,-0.158108,0.037272,0.471761
790565038845947,left,260731.906000,1.365029,-2.930152,-0.139315,-3.473797,-1.573041,2.523623,0.000000,0.000000,-0.000000,0.000000,0.000000,0.766307,-1.677252,4.395247,1.255547,-0.168892,0.034403,0.463002
790565046845474,left,260731.914000,1.365017,-2.930152,-0.139327,-3.473808,-1.573125,2.529749,0.000000,0.000000,-0.000000,0.000000,0.000144,0.775909,-1.701211,4.392410,1.261865,-0.175638,0.035042,0.460194
790565054867157,left,260731.922000,1.364993,-2.930116,-0.139338,-3.473797,-1.573101,2.535999,0.000000,0.000000,-0.000000,0.000000,0.000128,0.785767,-1.702287,4.405148,1.272863,-0.163780,0.025112,0.457165
790565062849682,left,260731.930000,1.365029,-2.930187,-0.139327,-3.473797,-1.573041,2.542417,0.000000,0.000000,-0.000000,0.000000,0.000115,0.791218,-1.716631,4.414148,1.246791,-0.162299,0.015672,0.433802
790565070841612,left,260731.938000,1.365041,-2.930152,-0.139338,-3.473820,-1.573089,2.548776,0.000000,0.000000,-0.000000,0.000000,0.000104,0.793036,-1.679934,4.379252,1.257011,-0.173855,0.016426,0.461029
790565078841824,left,260731.946000,1.365041,-2.930140,-0.139338,-3.473797,-1.573065,2.555087,0.000000,0.000000,-0.000000,0.000000,0.000095,0.801339,-1.670494,4.403129,1.278149,-0.174336,0.021932,0.499051
790565086866696,left,260731.954000,1.364993,-2.930140,-0.139327,-3.473797,-1.573078,2.561462,0.000000,0.000000,-0.000000,0.000000,0.000088,0.810722,-1.691780,4.415160,1.247594,-0.160410,0.029890,0.458363
790565094853606,left,260731.962000,1.365029,-2.930140,-0.139315,-3.473797,-1.573089,2.568006,0.000000,0.000000,-0.000000,0.000000,0.000081,0.815790,-1.706486,4.397841,1.256062,-0.172579,0.025227,0.478560
790565102859591,left,260731.970000,1.365029,-2.930103,-0.139327,-3.473784,-1.573089,2.574690,0.000000,0.000000,-0.000000,0.000000,0.000076,0.819709,-1.692125,4.400010,1.253532,-0.168567,0.021054,0.493066
790565110845184,left,260731.978000,1.365041,-2.930140,-0.139327,-3.473820,-1.573113,2.581289,0.000000,0.000000,-0.000000,0.000000,0.000071,0.822244,-1.691550,4.395546,1.277345,-0.178259,0.021754,0.502150
790565118889585,left,260731.986000,1.365029,-2.930164,-0.139327,-3.473797,-1.573065,2.587794,0.000000,0.000000,-0.000000,0.000000,0.000067,0.834909,-1.674362,4.354958,1.263308,-0.166401,0.040055,0.473278
790565126866012,left,260731.994000,1.365053,-2.930164,-0.139338,-3.473797,-1.573078,2.594448,0.000000,0.000000,-0.000000,0.000000,0.000063,0.841181,-1.689703,4.407769,1.244708,-0.164857,0.027590,0.466233
790565134863233,left,260732.002000,1.365029,-2.930116,-0.139338,-3.473820,-1.573089,2.601274,0.000000,0.000000,-0.000000,0.000000,0.000060,0.847664,-1.721007,4.416556,1.259431,-0.154119,0.036531,0.451745
790565142845118,left,260732.010000,1.365029,-2.930140,-0.139327,-3.473808,-1.573101,2.608205,0.000000,0.000000,-0.000000,0.000000,0.000057,0.850837,-1.666563,4.374209,1.274614,-0.173307,0.045497,0.461985
790565150845470,left,260732.018000,1.365041,-2.930164,-0.139338,-3.473784,-1.573078,2.614980,0.000000,0.000000,-0.000000,0.000000,0.000064,0.855289,-1.686176,4.379353,1.291074,-0.164749,0.024712,0.478290
790565158872920,left,260732.026000,1.365053,-2.930164,-0.139303,-3.473784,-1.573078,2.621785,0.000000,0.000000,-0.000000,0.000000,0.000062,0.866924,-1.709669,4.401250,1.288126,-0.162831,0.029018,0.470434
790565166845134,left,260732.034000,1.365053,-2.930164,-0.139362,-3.473820,-1.573078,2.628751,0.000000,0.000000,-0.000000,0.000000,0.000008,0.874802,-1.697026,4.385382,1.297527,-0.160891,0.017972,0.480512
790565174833937,left,260732.042000,1.365041,-2.930140,-0.139315,-3.473808,-1.573078,2.635851,0.000000,0.000000,-0.000000,0.000000,0.000000,0.882620,-1.710463,4.388000,1.289475,-0.178981,0.027458,0.437916
790565182836097,left,260732.050000,1.365053,-2.930128,-0.139303,-3.473772,-1.573078,2.642994,0.000000,0.000000,-0.000000,0.000000,0.000000,0.881597,-1.717830,4.394536,1.277401,-0.173417,0.043614,0.463957
790565190880016,left,260732.058000,1.365029,-2.930152,-0.139315,-3.473797,-1.573078,2.650036,0.000000,0.000000,-0.000000,0.000000,0.000000,0.891048,-1.702332,4.393797,1.223396,-0.180849,0.029730,0.500480
790565198837236,left,260732.066000,1.365041,-2.930175,-0.139327,-3.473772,-1.573065,2.657081,0.000000,0.000000,-0.000000,0.000000,0.000000,0.899214,-1.708249,4.399898,1.289039,-0.171690,0.035907,0.487369
790565206853346,left,260732.074000,1.365065,-2.930128,-0.139327,-3.473797,-1.573078,2.664375,0.000000,0.000000,-0.000000,0.000000,0.000000,0.907730,-1.738549,4.385244,1.289030,-0.160213,0.041390,0.510480
790565214860101,left,260732.082000,1.365065,-2.930128,-0.139327,-3.473784,-1.573065,2.671814,0.000000,0.000000,-0.000000,0.000000,0.000000,0.910089,-1.689383,4.351300,1.291337,-0.165784,0.037298,0.470432
790565222852269,left,260732.090000,1.365041,-2.930164,-0.139315,-3.473832,-1.573065,2.679008,0.000000,0.000000,-0.000000,0.000000,0.000000,0.911531,-1.695538,4.410414,1.284795,-0.169139,0.033822,0.521825
790565230965808,left,260732.098000,1.365065,-2.930116,-0.139315,-3.473832,-1.573125,2.686273,0.000000,0.000000,-0.000000,0.000000,0.000000,0.924770,-1.726467,4.386271,1.238289,-0.172940,0.032483,0.475335
790565238966738,left,260732.106000,1.365005,-2.930164,-0.139303,-3.473784,-1.573041,2.693711,0.000000,0.000000,-0.000000,0.000000,0.000000,0.932259,-1.673247,4.387003,1.274735,-0.172389,0.039927,0.496327
790565246946658,left,260732.114000,1.365041,-2.930152,-0.139315,-3.473820,-1.573089,2.701322,0.000000,0.000000,-0.000000,0.000000,0.000000,0.938222,-1.670453,4.405847,1.279810,-0.184087,0.044640,0.439925
790565254902139,left,260732.122000,1.365053,-2.930140,-0.139315,-3.473797,-1.573113,2.708816,0.000000,0.000000,-0.000000,0.000000,0.000000,0.940372,-1.699091,4.400686,1.249093,-0.172168,0.045376,0.476570
790565262902053,left,260732.130000,1.365041,-2.930152,-0.139303,-3.473808,-1.573078,2.716320,0.000000,0.000000,-0.000000,0.000000,0.000000,0.949233,-1.715436,4.424591,1.243964,-0.186153,0.044941,0.505323
790565270897676,left,260732.138000,1.364993,-2.930152,-0.139291,-3.473797,-1.573041,2.723897,0.000000,0.000000,-0.000000,0.000000,0.000000,0.956052,-1.746517,4.404522,1.242380,-0.184108,0.044798,0.480034
790565278943646,left,260732.146000,1.365053,-2.930164,-0.139315,-3.473784,-1.573089,2.731683,0.000000,0.000000,-0.000000,0.000000,0.000000,0.963549,-1.670891,4.382738,1.310771,-0.182602,0.044752,0.441072
790565286853402,left,260732.154000,1.365029,-2.930152,-0.139327,-3.473832,-1.573101,2.739455,0.000000,0.000000,-0.000000,0.000000,0.000000,0.966685,-1.736212,4.406525,1.286063,-0.166194,0.049289,0.451150
790565294861433,left,260732.162000,1.365065,-2.930175,-0.139362,-3.473797,-1.573089,2.747078,0.000000,0.000000,-0.000000,0.000000,0.000000,0.973851,-1.677671,4.396719,1.299640,-0.174930,0.023656,0.540565
790565302957081,left,260732.170000,1.365053,-2.930140,-0.139350,-3.473797,-1.573041,2.754909,0.000000,0.000000,-0.000000,0.000000,0.000000,0.983077,-1.667476,4.403739,1.297907,-0.177967,0.033321,0.510191
790565310965303,left,260732.178000,1.365017,-2.930140,-0.139362,-3.473808,-1.573029,2.762969,0.000000,0.000000,-0.000000,0.000000,0.000000,0.990213,-1.711269,4.417129,1.251221,-0.178073,0.049593,0.443266
790565318976801,left,260732.186000,1.365041,-2.930152,-0.139362,-3.473784,-1.573113,2.770884,0.000000,0.000000,-0.000000,0.000000,0.000000,0.991933,-1.705334,4.428617,1.272894,-0.179980,0.044774,0.479092
790565326969765,left,260732.194000,1.365065,-2.930164,-0.139327,-3.473820,-1.573041,2.778723,0.000000,0.000000,-0.000000,0.000000,0.000000,0.999125,-1.725289,4.398018,1.301294,-0.181038,0.039620,0.511262
790565334984859,left,260732.202000,1.365065,-2.930128,-0.139327,-3.473784,-1.573078,2.786748,0.000000,0.000000,-0.000000,0.000000,0.000113,1.007695,-1.673355,4.369684,1.288994,-0.178069,0.039282,0.516788
790565342954418,left,260732.210000,1.365017,-2.930140,-0.139303,-3.473797,-1.573101,2.794953,0.000000,0.000000,-0.000000,0.000000,0.000104,1.016219,-1.658206,4.415626,1.266796,-0.166253,0.044358,0.462066
790565350980100,left,260732.218000,1.365053,-2.930128,-0.139266,-3.473784,-1.573089,2.803115,0.000000,0.000000,-0.000000,0.000000,0.000095,1.015465,-1.683952,4.413308,1.288947,-0.192138,0.041660,0.526226
790565358982131,left,260732.226000,1.365029,-2.930164,-0.139315,-3.473808,-1.573078,2.811205,0.000000,0.000000,-0.000000,0.000000,0.000088,1.026283,-1.707629,4.418115,1.296479,-0.183801,0.034377,0.505114
790565366972433,left,260732.234000,1.365041,-2.930152,-0.139327,-3.473797,-1.573078,2.819412,0.000000,0.000000,-0.000000,0.000000,0.000082,1.034730,-1.701151,4.396183,1.291631,-0.191962,0.040967,0.514902
790565374977025,left,260732.242000,1.365005,-2.930164,-0.139327,-3.473808,-1.573089,2.827808,0.000000,0.000000,-0.000000,0.000000,0.000076,1.039683,-1.674897,4.387282,1.291388,-0.193695,0.047667,0.469799
790565382971448,left,260732.250000,1.365029,-2.930164,-0.139350,-3.473797,-1.573065,2.836076,0.000000,0.000000,-0.000000,0.000000,0.000086,1.043367,-1.705125,4.404363,1.276949,-0.180784,0.030278,0.514350
790565390979140,left,260732.258000,1.365065,-2.930140,-0.139338,-3.473832,-1.573089,2.844363,0.000000,0.000000,-0.000000,0.000000,0.000080,1.052788,-1.748172,4.430964,1.286916,-0.180702,0.033094,0.539124
790565398958988,left,260732.266000,1.365029,-2.930175,-0.139315,-3.473797,-1.573101,2.852947,0.000000,0.000000,-0.000000,0.000000,0.000076,1.061145,-1.735124,4.423377,1.276062,-0.183989,0.037899,0.486967
790565406981733,left,260732.274000,1.365053,-2.930152,-0.139327,-3.473856,-1.573101,2.861578,0.000000,0.000000,-0.000000,0.000000,0.000072,1.064251,-1.688732,4.453965,1.266909,-0.196143,0.033630,0.505524
790565414965061,left,260732.282000,1.365041,-2.930128,-0.139338,-3.473784,-1.573138,2.870042,0.000000,0.000000,-0.000000,0.000000,0.000068,1.067449,-1.666016,4.410967,1.285740,-0.181298,0.037044,0.514895
790565422949688,left,260732.290000,1.365053,-2.930152,-0.139327,-3.473820,-1.573089,2.878553,0.000000,0.000000,-0.000000,0.000000,0.000065,1.077348,-1.650396,4.447760,1.267017,-0.172376,0.037131,0.549909
790565430950266,left,260732.298000,1.365017,-2.930140,-0.139350,-3.473832,-1.573065,2.887326,0.000000,0.000000,-0.000000,0.000000,0.000072,1.087211,-1.677073,4.425752,1.280751,-0.183609,0.034076,0.471655
790565438973275,left,260732.306000,1.365053,-2.930187,-0.139327,-3.473832,-1.573078,2.896051,0.000000,0.000000,-0.000000,0.000000,0.000018,1.086148,-1.694696,4.408570,1.267226,-0.191404,0.051034,0.505895
790565446977528,left,260732.314000,1.365053,-2.930128,-0.139315,-3.473820,-1.573089,2.904667,0.000000,0.000000,-0.000000,0.000000,0.000000,1.095632,-1.695682,4.411345,1.275278,-0.180885,0.048315,0.512615
790565454871692,left,260732.322000,1.365053,-2.930152,-0.139327,-3.473820,-1.573041,2.913419,0.000000,0.000000,-0.000000,0.000000,0.000064,1.103164,-1.694661,4.450453,1.254637,-0.182646,0.048889,0.569573
790565462848573,left,260732.330000,1.365065,-2.930128,-0.139338,-3.473808,-1.573089,2.922459,0.000000,0.000000,-0.000000,0.000000,0.000069,1.111891,-1.689682,4.433991,1.307405,-0.182017,0.045520,0.461789
790565470845798,left,260732.338000,1.365041,-2.930164,-0.139327,-3.473797,-1.573041,2.931270,0.000000,0.000000,-0.000000,0.000000,0.000078,1.112838,-1.701175,4.451060,1.321806,-0.175911,0.042658,0.515831
790565478841805,left,260732.346000,1.365053,-2.930128,-0.139303,-3.473808,-1.573041,2.940124,0.000000,0.000000,-0.000000,0.000000,0.000074,1.122175,-1.706197,4.441055,1.274819,-0.187640,0.038625,0.525067
790565486854167,left,260732.354000,1.365065,-2.930116,-0.139338,-3.473797,-1.573089,2.949233,0.000000,0.000000,-0.000000,0.000000,0.000081,1.130961,-1.736886,4.390674,1.282887,-0.176172,0.033645,0.502282
790565494855004,left,260732.362000,1.365065,-2.930152,-0.139327,-3.473784,-1.573078,2.958397,0.000000,0.000000,-0.000000,0.000000,0.000077,1.133959,-1.711759,4.431612,1.302766,-0.183080,0.033825,0.524091
790565502843587,left,260732.370000,1.365053,-2.930164,-0.139350,-3.473820,-1.573029,2.967372,0.000000,0.000000,-0.000000,0.000000,0.000074,1.139681,-1.731547,4.428610,1.307718,-0.188631,0.022997,0.505869
790565510905493,left,260732.378000,1.365065,-2.930164,-0.139338,-3.473844,-1.573041,2.976460,0.000000,0.000000,-0.000000,0.000000,0.000070,1.147723,-1.714630,4.443221,1.304878,-0.180519,0.024405,0.529695
790565518979442,left,260732.386000,1.365017,-2.930152,-0.139315,-3.473797,-1.573089,2.985855,0.000000,0.000000,-0.000000,0.000000,0.000000,1.154306,-1.710929,4.405878,1.284710,-0.175614,0.028871,0.423096
790565526955176,left,260732.394000,1.365029,-2.930128,-0.139338,-3.473808,-1.573065,2.994915,0.000000,0.000000,-0.000000,0.000000,0.000000,1.138596,-1.704738,4.423869,1.293525,-0.180077,0.024276,0.485228
790565534855448,left,260732.402000,1.365065,-2.930152,-0.139327,-3.473820,-1.573065,3.003934,0.000000,0.000000,-0.000000,0.000000,0.000000,1.135266,-1.695311,4.444887,1.245854,-0.176554,0.030886,0.498557
790565542848354,left,260732.410000,1.365029,-2.930128,-0.139303,-3.473784,-1.573113,3.013120,0.000000,0.000000,-0.000000,0.000000,0.000000,1.133356,-1.702332,4.412877,1.280295,-0.171600,0.030719,0.471287
790565550859561,left,260732.418000,1.365041,-2.930152,-0.139327,-3.473808,-1.573065,3.022179,0.000000,0.000000,-0.000000,0.000000,0.000000,1.120797,-1.710859,4.400295,1.263060,-0.174839,0.036118,0.477642
790565558981508,left,260732.426000,1.365029,-2.930128,-0.139338,-3.473808,-1.573089,3.030996,0.000000,0.000000,-0.000000,0.000000,0.000000,1.115882,-1.696390,4.422688,1.308567,-0.181297,0.031496,0.522452
790565566974813,left,260732.434000,1.365029,-2.930175,-0.139327,-3.473760,-1.573065,3.039893,0.000000,0.000000,-0.000000,0.000000,0.000000,1.113307,-1.708968,4.397003,1.298879,-0.185589,0.027768,0.484732
790565574995044,left,260732.442000,1.365041,-2.930103,-0.139350,-3.473797,-1.573029,3.048907,0.000000,0.000000,-0.000000,0.000000,0.000000,1.108637,-1.736096,4.444925,1.291013,-0.179059,0.032789,0.409405
790565582982393,left,260732.450000,1.365041,-2.930140,-0.139338,-3.473797,-1.573041,3.057657,0.000000,0.000000,-0.000000,0.000000,0.000000,1.096211,-1.766629,4.420759,1.294343,-0.178004,0.028991,0.485053
790565590910361,left,260732.458000,1.365053,-2.930140,-0.139338,-3.473832,-1.573089,3.066328,0.000000,0.000000,-0.000000,0.000000,0.000000,1.092156,-1.681029,4.428249,1.296353,-0.185571,0.029253,0.484473
790565598849056,left,260732.466000,1.365029,-2.930152,-0.139327,-3.473820,-1.573041,3.075125,0.000000,0.000000,-0.000000,0.000000,0.000000,1.088547,-1.707902,4.392624,1.286480,-0.180846,0.029192,0.442794
790565606858542,left,260732.474000,1.365029,-2.930164,-0.139362,-3.473784,-1.573078,3.083857,0.000000,0.000000,-0.000000,0.000000,0.000000,1.075784,-1.738521,4.455462,1.315150,-0.181716,0.028536,0.450816
790565614857380,left,260732.482000,1.365053,-2.930128,-0.139327,-3.473797,-1.573041,3.092285,0.000000,0.000000,-0.000000,0.000000,0.000000,1.071802,-1.719982,4.410558,1.351695,-0.175496,0.027988,0.479180
790565622850812,left,260732.490000,1.365041,-2.930116,-0.139315,-3.473797,-1.573029,3.100854,0.000000,0.000000,-0.000000,0.000000,0.000000,1.067639,-1.724957,4.452649,1.282942,-0.187009,0.023233,0.460595
790565630856112,left,260732.498000,1.365029,-2.930152,-0.139327,-3.473808,-1.573089,3.109544,0.000000,0.000000,-0.000000,0.000000,0.000000,1.064280,-1.713239,4.411653,1.313383,-0.189473,0.018800,0.380740
790565638849299,left,260732.506000,1.365017,-2.930152,-0.139315,-3.473784,-1.573065,3.117931,0.000000,0.000000,-0.000000,-0.000000,0.000000,1.049887,-1.723516,4.419025,1.302255,-0.179187,0.026166,0.457246
790565646882112,left,260732.514000,1.365053,-2.930140,-0.139315,-3.473772,-1.573078,3.126149,0.000000,0.000000,-0.000000,-0.000000,0.000000,1.046484,-1.706657,4.446751,1.294960,-0.162388,0.024096,0.478469
790565654849900,left,260732.522000,1.365029,-2.930128,-0.139303,-3.473808,-1.573041,3.134540,0.000000,0.000000,-0.000000,-0.000000,0.000000,1.043683,-1.717240,4.434081,1.331806,-0.167088,0.024404,0.503527
790565662861693,left,260732.530000,1.365041,-2.930152,-0.139350,-3.473820,-1.573065,3.143044,0.000000,0.000000,-0.000000,-0.000000,0.000000,1.037123,-1.745538,4.429804,1.310684,-0.175719,0.029946,0.418038
790565670845050,left,260732.538000,1.365041,-2.930128,-0.139303,-3.473797,-1.573089,3.151197,0.000000,0.000000,-0.000000,-0.000000,0.000000,1.026269,-1.731933,4.492503,1.292836,-0.173954,0.027344,0.470842
790565678847958,left,260732.546000,1.365029,-2.930164,-0.139338,-3.473797,-1.573065,3.159307,0.000000,0.000000,-0.000000,-0.000000,0.000000,1.022326,-1.706336,4.423040,1.348164,-0.184507,0.032525,0.456000
790565686859820,left,260732.554000,1.365077,-2.930116,-0.139303,-3.473820,-1.573065,3.167512,0.000000,0.000000,-0.000000,-0.000000,0.000000,1.018598,-1.704782,4.436641,1.336457,-0.183461,0.036514,0.421921
790565694861397,left,260732.562000,1.365029,-2.930140,-0.139338,-3.473844,-1.573078,3.175773,0.000000,0.000000,-0.000000,-0.000000,0.000000,1.008640,-1.710675,4.456896,1.341820,-0.168676,0.016056,0.448521
790565702856817,left,260732.570000,1.365065,-2.930164,-0.139303,-3.473797,-1.573065,3.183654,0.000000,0.000000,-0.000000,-0.000000,0.000000,0.999966,-1.769732,4.409291,1.268843,-0.175163,0.027134,0.481178
790565710841943,left,260732.578000,1.365041,-2.930140,-0.139338,-3.473784,-1.573101,3.191524,0.000000,0.000000,-0.000000,-0.000000,0.000000,0.998199,-1.698267,4.450858,1.281571,-0.170271,0.024601,0.464910
790565718842475,left,260732.586000,1.365053,-2.930140,-0.139327,-3.473820,-1.573089,3.199555,0.000000,0.000000,-0.000000,-0.000000,0.000000,0.994973,-1.732974,4.450054,1.287928,-0.168288,0.018993,0.421346
790565726857539,left,260732.594000,1.365041,-2.930140,-0.139291,-3.473797,-1.573041,3.207582,0.000000,0.000000,-0.000000,-0.000000,0.000000,0.982915,-1.736540,4.461590,1.299660,-0.179487,0.029157,0.425457
790565734843478,left,260732.602000,1.365017,-2.930152,-0.139338,-3.473808,-1.573065,3.215287,0.000000,0.000000,-0.000000,-0.000000,0.000000,0.976031,-1.720667,4.446493,1.289076,-0.179865,0.023469,0.463418
790565742844937,left,260732.610000,1.365017,-2.930140,-0.139327,-3.473772,-1.573065,3.223002,0.000000,0.000000,-0.000000,-0.000000,0.000000,0.971920,-1.722863,4.446004,1.304105,-0.167949,0.039816,0.449005
790565750934707,left,260732.618000,1.365029,-2.930116,-0.139327,-3.473820,-1.573041,3.230877,0.000000,0.000000,-0.000000,-0.000000,0.000000,0.967636,-1.702834,4.441232,1.323197,-0.174885,0.033869,0.442689
790565758900781,left,260732.626000,1.365041,-2.930128,-0.139327,-3.473808,-1.573078,3.238709,0.000000,0.000000,-0.000000,-0.000000,0.000000,0.954668,-1.729884,4.441100,1.298621,-0.177270,0.036232,0.433617
790565766984659,left,260732.634000,1.365017,-2.930140,-0.139350,-3.473797,-1.573089,3.246199,0.000000,0.000000,-0.000000,-0.000000,0.000000,0.948448,-1.729576,4.457292,1.311686,-0.166612,0.036185,0.458319
790565774973306,left,260732.642000,1.365029,-2.930152,-0.139327,-3.473820,-1.573065,3.253754,0.000000,0.000000,-0.000000,-0.000000,0.000000,0.947276,-1.743316,4.444493,1.312129,-0.170305,0.039546,0.440716
790565782953667,left,260732.650000,1.365065,-2.930152,-0.139315,-3.473772,-1.573078,3.261332,0.000000,0.000000,-0.000000,-0.000000,0.000000,0.939083,-1.714438,4.459056,1.286961,-0.177716,0.034374,0.408796
790565790984291,left,260732.658000,1.365017,-2.930140,-0.139338,-3.473797,-1.573029,3.268931,0.000000,0.000000,-0.000000,-0.000000,0.000000,0.931835,-1.715135,4.437021,1.291643,-0.178414,0.027677,0.394923
790565798981561,left,260732.666000,1.365041,-2.930152,-0.139327,-3.473844,-1.573029,3.276232,0.000000,0.000000,-0.000000,-0.000000,0.000000,0.920252,-1.762705,4.447124,1.339209,-0.167910,0.037038,0.474130
790565806975824,left,260732.674000,1.365041,-2.930103,-0.139303,-3.473808,-1.573101,3.283513,0.000000,0.000000,-0.000000,-0.000000,0.000000,0.919320,-1.735664,4.472609,1.305471,-0.174007,0.032030,0.429739
790565814898307,left,260732.682000,1.365053,-2.930152,-0.139350,-3.473797,-1.573089,3.290851,0.000000,0.000000,-0.000000,-0.000000,0.000000,0.917487,-1.722833,4.455061,1.267424,-0.174349,0.045400,0.411213
790565822860983,left,260732.690000,1.365053,-2.930175,-0.139338,-3.473808,-1.573029,3.298272,0.000000,0.000000,-0.000000,-0.000000,0.000000,0.909387,-1.710278,4.463779,1.293882,-0.175433,0.046828,0.377529
790565830853914,left,260732.698000,1.365029,-2.930140,-0.139315,-3.473820,-1.573078,3.305429,0.000000,0.000000,-0.000000,-0.000000,0.000000,0.896728,-1.727294,4.453016,1.351512,-0.169312,0.040719,0.432590
790565838854239,left,260732.706000,1.365017,-2.930152,-0.139338,-3.473784,-1.573089,3.312489,0.000000,0.000000,-0.000000,-0.000000,0.000000,0.893092,-1.721969,4.487190,1.292220,-0.163228,0.048590,0.438336
790565846909898,left,260732.714000,1.365005,-2.930152,-0.139303,-3.473772,-1.573065,3.319611,0.000000,0.000000,-0.000000,-0.000000,0.000000,0.890036,-1.762827,4.441843,1.328094,-0.158941,0.046618,0.415981
790565854839015,left,260732.722000,1.365065,-2.930152,-0.139327,-3.473808,-1.573078,3.326825,0.000000,0.000000,-0.000000,-0.000000,0.000000,0.885244,-1.731628,4.469359,1.313307,-0.170489,0.037624,0.356612
790565862840295,left,260732.730000,1.365041,-2.930187,-0.139279,-3.473832,-1.573078,3.333902,0.000000,0.000000,-0.000000,-0.000000,0.000000,0.872744,-1.710072,4.450959,1.352523,-0.177364,0.035761,0.387617
790565870878995,left,260732.738000,1.365041,-2.930128,-0.139338,-3.473808,-1.573041,3.340743,0.000000,0.000000,-0.000000,-0.000000,0.000000,0.864930,-1.704630,4.463350,1.321613,-0.182777,0.045148,0.432510
790565878832416,left,260732.746000,1.365041,-2.930152,-0.139315,-3.473784,-1.573089,3.347536,0.000000,0.000000,-0.000000,-0.000000,0.000000,0.860730,-1.746860,4.443243,1.325202,-0.160047,0.046385,0.435360
790565886832022,left,260732.754000,1.365041,-2.930116,-0.139315,-3.473797,-1.573041,3.354473,0.000000,0.000000,-0.000000,-0.000000,0.000000,0.857866,-1.756109,4.491490,1.320926,-0.173651,0.050256,0.408598
790565894875716,left,260732.762000,1.365017,-2.930164,-0.139315,-3.473784,-1.573041,3.361467,0.000000,0.000000,-0.000000,-0.000000,0.000000,0.850458,-1.755030,4.448343,1.351368,-0.177394,0.047914,0.346972
790565902833722,left,260732.770000,1.365041,-2.930152,-0.139338,-3.473808,-1.573065,3.368175,0.000000,0.000000,-0.000000,-0.000000,0.000000,0.838536,-1.758838,4.490578,1.303865,-0.165793,0.052534,0.418394
790565910855046,left,260732.778000,1.365041,-2.930140,-0.139327,-3.473797,-1.573065,3.374752,0.000000,0.000000,-0.000000,-0.000000,0.000000,0.837144,-1.719104,4.465334,1.299605,-0.162112,0.056219,0.423037
790565918845217,left,260732.786000,1.365029,-2.930103,-0.139327,-3.473797,-1.573089,3.381349,0.000000,0.000000,-0.000000,-0.000000,0.000000,0.829767,-1.723324,4.439147,1.323564,-0.171341,0.052859,0.443695
790565926840655,left,260732.794000,1.365041,-2.930140,-0.139327,-3.473808,-1.573125,3.388088,0.000000,0.000000,-0.000000,-0.000000,0.000000,0.828494,-1.735554,4.441455,1.303820,-0.167378,0.054834,0.387594
790565934859116,left,260732.802000,1.365065,-2.930116,-0.139327,-3.473797,-1.573041,3.394725,0.000000,0.000000,-0.000000,-0.000000,0.000000,0.817269,-1.736951,4.455818,1.341914,-0.175536,0.063813,0.364271
790565942880446,left,260732.810000,1.365029,-2.930152,-0.139327,-3.473808,-1.573065,3.401162,0.000000,0.000000,-0.000000,-0.000000,0.000000,0.808692,-1.737446,4.511829,1.341030,-0.168994,0.062056,0.411109
790565950840343,left,260732.818000,1.365041,-2.930164,-0.139315,-3.473820,-1.573078,3.407564,0.000000,0.000000,-0.000000,-0.000000,0.000000,0.803873,-1.757597,4.457642,1.321929,-0.174760,0.062832,0.410021
790565958835995,left,260732.826000,1.365041,-2.930152,-0.139327,-3.473797,-1.573065,3.413954,0.000000,0.000000,-0.000000,-0.000000,0.000041,0.800951,-1.704546,4.477876,1.325965,-0.170175,0.051349,0.443995
790565966845276,left,260732.834000,1.365017,-2.930187,-0.139303,-3.473808,-1.573041,3.420390,0.000000,0.000000,-0.000000,-0.000000,0.000064,0.796251,-1.738869,4.459798,1.340286,-0.173534,0.065578,0.359596
790565974844503,left,260732.842000,1.365029,-2.930152,-0.139303,-3.473772,-1.573029,3.426815,0.000000,0.000000,-0.000000,-0.000000,0.000073,0.787138,-1.764064,4.438487,1.353057,-0.162649,0.050221,0.355336
790565982835681,left,260732.850000,1.365041,-2.930103,-0.139315,-3.473820,-1.573041,3.432999,0.000000,0.000000,-0.000000,-0.000000,0.000069,0.777910,-1.710200,4.505042,1.341074,-0.178191,0.061520,0.391032
790565990844315,left,260732.858000,1.365053,-2.930116,-0.139303,-3.473820,-1.573065,3.439118,0.000000,0.000000,-0.000000,-0.000000,0.000077,0.772447,-1.725517,4.497885,1.349871,-0.169550,0.045628,0.405194
790565998834467,left,260732.866000,1.365041,-2.930116,-0.139338,-3.473820,-1.573089,3.445204,0.000000,0.000000,-0.000000,-0.000000,0.000073,0.765740,-1.766566,4.485944,1.273071,-0.171221,0.050482,0.470392
790566006843899,left,260732.874000,1.365053,-2.930175,-0.139338,-3.473820,-1.573041,3.451411,0.000000,0.000000,-0.000000,-0.000000,0.000070,0.762270,-1.704881,4.462986,1.302293,-0.164702,0.055695,0.345946
790566014833335,left,260732.882000,1.365041,-2.930164,-0.139279,-3.473797,-1.573041,3.457565,0.000000,0.000000,-0.000000,-0.000000,0.000000,0.751533,-1.704498,4.464419,1.321517,-0.167837,0.064853,0.376566
790566022843166,left,260732.890000,1.365041,-2.930175,-0.139327,-3.473797,-1.573065,3.463411,0.000000,0.000000,-0.000000,-0.000000,0.000000,0.743791,-1.744175,4.465794,1.322830,-0.159727,0.060885,0.414749
790566030837072,left,260732.898000,1.365041,-2.930152,-0.139338,-3.473808,-1.573041,3.469341,0.000000,0.000000,-0.000000,-0.000000,0.000000,0.741361,-1.728531,4.442271,1.351234,-0.165885,0.058412,0.403748
790566038832652,left,260732.906000,1.365053,-2.930140,-0.139315,-3.473797,-1.573017,3.475187,0.000000,0.000000,-0.000000,-0.000000,0.000112,0.735264,-1.724345,4.481308,1.345995,-0.165919,0.042579,0.403983
790566046879186,left,260732.914000,1.365029,-2.930140,-0.139303,-3.473797,-1.573029,3.481143,0.000000,0.000000,-0.000000,-0.000000,0.000102,0.732295,-1.749905,4.472679,1.306085,-0.173400,0.047102,0.344910
790566054864737,left,260732.922000,1.365041,-2.930128,-0.139303,-3.473832,-1.573017,3.487056,0.000000,0.000000,-0.000000,-0.000000,0.000094,0.721694,-1.745455,4.512862,1.341365,-0.172234,0.035476,0.377580
790566062834265,left,260732.930000,1.364993,-2.930140,-0.139279,-3.473808,-1.573078,3.492733,0.000000,0.000000,-0.000000,-0.000000,0.000086,0.711487,-1.744805,4.528872,1.372245,-0.169256,0.036105,0.359271
790566070855882,left,260732.938000,1.365029,-2.930140,-0.139291,-3.473808,-1.573041,3.498304,0.000000,0.000000,-0.000000,-0.000000,0.000080,0.706751,-1.768073,4.487498,1.360076,-0.178065,0.043208,0.373762
790566078851541,left,260732.946000,1.365041,-2.930152,-0.139315,-3.473797,-1.573065,3.503859,0.000000,0.000000,-0.000000,-0.000000,0.000075,0.701957,-1.779174,4.496804,1.316326,-0.160179,0.044087,0.420812
790566086888134,left,260732.954000,1.365029,-2.930152,-0.139315,-3.473797,-1.573041,3.509474,0.000000,0.000000,-0.000000,-0.000000,0.000070,0.699045,-1.790356,4.505384,1.321844,-0.171961,0.034614,0.357891
790566094888175,left,260732.962000,1.365029,-2.930140,-0.139279,-3.473797,-1.573041,3.515100,0.000000,0.000000,-0.000000,-0.000000,0.000066,0.693360,-1.739248,4.474411,1.343952,-0.167457,0.040393,0.354988
790566102988785,left,260732.970000,1.365017,-2.930152,-0.139303,-3.473797,-1.573065,3.520687,0.000000,0.000000,-0.000000,-0.000000,0.000062,0.683915,-1.758022,4.505796,1.350915,-0.170153,0.050618,0.323412
790566110969891,left,260732.978000,1.365029,-2.930128,-0.139315,-3.473808,-1.573041,3.526048,0.000000,0.000000,-0.000000,-0.000000,0.000059,0.673940,-1.743577,4.463917,1.346166,-0.168112,0.035474,0.369263
790566118972836,left,260732.986000,1.365053,-2.930140,-0.139338,-3.473784,-1.573029,3.531376,0.000000,0.000000,-0.000000,-0.000000,0.000056,0.670335,-1.728498,4.473194,1.348533,-0.171342,0.030266,0.390680
790566126987641,left,260732.994000,1.365017,-2.930152,-0.139303,-3.473820,-1.573029,3.536642,0.000000,0.000000,-0.000000,-0.000000,0.000054,0.663878,-1.742449,4.497348,1.330739,-0.168689,0.054001,0.379705
790566134959156,left,260733.002000,1.365053,-2.930140,-0.139303,-3.473797,-1.573065,3.541957,0.000000,0.000000,-0.000000,-0.000000,0.000051,0.659939,-1.777045,4.487039,1.356815,-0.183117,0.047056,0.397720
790566142980131,left,260733.010000,1.365053,-2.930175,-0.139327,-3.473797,-1.573029,3.547308,0.000000,0.000000,-0.000000,-0.000000,0.000001,0.653201,-1.741436,4.498700,1.324581,-0.181471,0.037640,0.342202
790566150969829,left,260733.018000,1.365041,-2.930140,-0.139327,-3.473797,-1.573029,3.552536,0.000000,0.000000,-0.000000,-0.000000,0.000000,0.641833,-1.730518,4.512800,1.329694,-0.163619,0.038992,0.375120
790566158974008,left,260733.026000,1.365041,-2.930116,-0.139327,-3.473820,-1.573078,3.557516,0.000000,0.000000,-0.000000,-0.000000,0.000000,0.635578,-1.791087,4.527113,1.350175,-0.173509,0.035148,0.369449
790566166973157,left,260733.034000,1.365029,-2.930164,-0.139338,-3.473797,-1.573065,3.562534,0.000000,0.000000,-0.000000,-0.000000,0.000000,0.632719,-1.748250,4.464212,1.329289,-0.175548,0.047869,0.382389
790566174982772,left,260733.042000,1.365029,-2.930152,-0.139315,-3.473808,-1.573041,3.567554,0.000000,0.000000,-0.000000,-0.000000,0.000000,0.628306,-1.803671,4.508031,1.347896,-0.177043,0.042955,0.380489
790566182990206,left,260733.050000,1.365041,-2.930164,-0.139350,-3.473808,-1.573089,3.572537,0.000000,0.000000,-0.000000,-0.000000,0.000000,0.620924,-1.762943,4.496224,1.366958,-0.184425,0.041259,0.355750
790566190978024,left,260733.058000,1.365029,-2.930140,-0.139338,-3.473784,-1.573041,3.577568,0.000000,0.000000,-0.000000,-0.000000,0.000000,0.616370,-1.753748,4.486001,1.356483,-0.183350,0.050059,0.308683
790566198989894,left,260733.066000,1.365017,-2.930128,-0.139303,-3.473844,-1.573078,3.582500,0.000000,0.000000,-0.000000,-0.000000,0.000000,0.606852,-1.746499,4.478908,1.343154,-0.171446,0.055282,0.296321
790566206973428,left,260733.074000,1.365053,-2.930152,-0.139315,-3.473832,-1.573029,3.587257,0.000000,0.000000,-0.000000,-0.000000,0.000000,0.596616,-1.766032,4.493979,1.348755,-0.170350,0.045642,0.387202
790566214989062,left,260733.082000,1.365053,-2.930140,-0.139327,-3.473808,-1.573065,3.591929,0.000000,0.000000,-0.000000,-0.000000,0.000000,0.593677,-1.786520,4.523181,1.334912,-0.172198,0.048969,0.347712
790566222973956,left,260733.090000,1.365053,-2.930152,-0.139327,-3.473808,-1.573029,3.596600,0.000000,0.000000,-0.000000,-0.000000,0.000000,0.587119,-1.753096,4.531137,1.364869,-0.165473,0.042442,0.384502
790566230959455,left,260733.098000,1.365041,-2.930164,-0.139350,-3.473797,-1.573041,3.601285,0.000000,0.000000,-0.000000,-0.000000,0.000000,0.583094,-1.762047,4.503700,1.359625,-0.181162,0.061883,0.332084
790566239024159,left,260733.106000,1.365041,-2.930140,-0.139315,-3.473820,-1.573065,3.605956,0.000000,0.000000,-0.000000,-0.000000,0.000000,0.578362,-1.777750,4.521420,1.350771,-0.188434,0.040597,0.334586
790566246970539,left,260733.114000,1.365029,-2.930140,-0.139338,-3.473808,-1.573041,3.610651,0.000000,0.000000,-0.000000,-0.000000,0.000000,0.568880,-1.784809,4.499948,1.333023,-0.180197,0.038395,0.304161
790566254942441,left,260733.122000,1.365053,-2.930164,-0.139327,-3.473808,-1.573041,3.615166,0.000000,0.000000,-0.000000,-0.000000,0.000000,0.558380,-1.777374,4.495047,1.326064,-0.157227,0.047358,0.332050
790566262951515,left,260733.130000,1.365041,-2.930140,-0.139303,-3.473832,-1.573065,3.619540,0.000000,0.000000,-0.000000,-0.000000,0.000000,0.552493,-1.784964,4.518546,1.367977,-0.184799,0.052323,0.325370
790566270971968,left,260733.138000,1.365077,-2.930152,-0.139338,-3.473820,-1.573065,3.623903,0.000000,0.000000,-0.000000,-0.000000,0.000000,0.548852,-1.758599,4.500062,1.370458,-0.181083,0.048292,0.349913
790566278967768,left,260733.146000,1.365029,-2.930175,-0.139350,-3.473797,-1.573041,3.628209,0.000000,0.000000,-0.000000,-0.000000,0.000000,0.541620,-1.779390,4.487061,1.332520,-0.172463,0.036988,0.372854
790566286888838,left,260733.154000,1.365041,-2.930152,-0.139315,-3.473784,-1.573041,3.632504,0.000000,0.000000,-0.000000,-0.000000,0.000000,0.538259,-1.780250,4.511576,1.330098,-0.181220,0.054666,0.346841
790566294971274,left,260733.162000,1.365065,-2.930164,-0.139291,-3.473820,-1.573017,3.636797,0.000000,0.000000,-0.000000,-0.000000,0.000000,0.532447,-1.753630,4.551074,1.320854,-0.175008,0.043570,0.325561
790566302982398,left,260733.170000,1.365017,-2.930152,-0.139327,-3.473797,-1.573065,3.641126,0.000000,0.000000,-0.000000,-0.000000,0.000000,0.525612,-1.774649,4.548841,1.354233,-0.180161,0.054731,0.265313
790566310974921,left,260733.178000,1.365041,-2.930164,-0.139315,-3.473820,-1.573089,3.645298,0.000000,0.000000,-0.000000,-0.000000,0.000000,0.516437,-1.755329,4.492927,1.378366,-0.177608,0.056910,0.291632
790566319016563,left,260733.186000,1.365029,-2.930200,-0.139315,-3.473808,-1.573017,3.649350,0.000000,0.000000,-0.000000,-0.000000,0.000000,0.505929,-1.780890,4.512092,1.355195,-0.182643,0.045380,0.346462
790566327065592,left,260733.194000,1.365041,-2.930140,-0.139303,-3.473784,-1.573041,3.653331,0.000000,0.000000,-0.000000,-0.000000,0.000000,0.502014,-1.775257,4.503180,1.352883,-0.179187,0.053531,0.329950
790566334909901,left,260733.202000,1.365029,-2.930140,-0.139279,-3.473832,-1.573041,3.657264,0.000000,0.000000,-0.000000,-0.000000,0.000000,0.498036,-1.748139,4.522600,1.345611,-0.193433,0.055303,0.329062
790566342885800,left,260733.210000,1.365029,-2.930152,-0.139327,-3.473797,-1.573065,3.661231,0.000000,0.000000,-0.000000,-0.000000,0.000000,0.490319,-1.800520,4.532379,1.373272,-0.179645,0.050719,0.338918
790566351015582,left,260733.218000,1.365065,-2.930152,-0.139338,-3.473808,-1.573089,3.665130,0.000000,0.000000,-0.000000,-0.000000,0.000000,0.485926,-1.759459,4.523284,1.366821,-0.186422,0.045284,0.336678
790566358890191,left,260733.226000,1.365029,-2.930152,-0.139327,-3.473797,-1.573029,3.669015,0.000000,0.000000,-0.000000,-0.000000,0.000000,0.479575,-1.777125,4.502142,1.391846,-0.175179,0.032331,0.321420
790566366897922,left,260733.234000,1.365041,-2.930128,-0.139350,-3.473797,-1.573029,3.672935,0.000000,0.000000,-0.000000,-0.000000,0.000000,0.472271,-1.785591,4.511286,1.381808,-0.178884,0.044784,0.302149
790566374870185,left,260733.242000,1.365041,-2.930175,-0.139303,-3.473820,-1.573029,3.676699,0.000000,0.000000,-0.000000,-0.000000,0.000000,0.462767,-1.789220,4.538986,1.344239,-0.186878,0.042423,0.299144
790566382855858,left,260733.250000,1.365017,-2.930164,-0.139291,-3.473832,-1.573041,3.680331,0.000000,0.000000,-0.000000,-0.000000,0.000000,0.455477,-1.786871,4.501126,1.355076,-0.183466,0.059072,0.337131
790566390884918,left,260733.258000,1.365029,-2.930152,-0.139303,-3.473820,-1.573078,3.683858,0.000000,0.000000,-0.000000,-0.000000,0.000000,0.452624,-1.761965,4.545035,1.354718,-0.179945,0.046584,0.318554
790566398853773,left,260733.266000,1.365041,-2.930140,-0.139327,-3.473784,-1.573017,3.687446,0.000000,0.000000,-0.000000,-0.000000,0.000000,0.447249,-1.765660,4.529647,1.393492,-0.177926,0.049282,0.328980
790566406860952,left,260733.274000,1.365029,-2.930140,-0.139315,-3.473797,-1.573065,3.690916,0.000000,0.000000,-0.000000,-0.000000,0.000000,0.441350,-1.801096,4.517362,1.335228,-0.172966,0.043667,0.326247
790566414859148,left,260733.282000,1.365065,-2.930140,-0.139315,-3.473808,-1.573005,3.694468,0.000000,0.000000,-0.000000,-0.000000,0.000000,0.436250,-1.808628,4.520174,1.333313,-0.186556,0.056259,0.308888
790566422976840,left,260733.290000,1.365053,-2.930164,-0.139327,-3.473820,-1.573041,3.697853,0.000000,0.000000,-0.000000,-0.000000,0.000000,0.429824,-1.769454,4.521860,1.354972,-0.193494,0.060489,0.303464
790566430953919,left,260733.298000,1.365017,-2.930152,-0.139327,-3.473797,-1.573065,3.701393,0.000000,0.000000,-0.000000,-0.000000,0.000000,0.423366,-1.816222,4.550138,1.341700,-0.181785,0.035838,0.270016
790566438960711,left,260733.306000,1.365041,-2.930152,-0.139327,-3.473808,-1.573029,3.704764,0.000000,0.000000,-0.000000,-0.000000,0.000000,0.414408,-1.775118,4.534250,1.325672,-0.189658,0.050047,0.252307
790566446896395,left,260733.314000,1.365029,-2.930128,-0.139350,-3.473772,-1.573017,3.708087,0.000000,0.000000,-0.000000,-0.000000,0.000000,0.404375,-1.799033,4.531499,1.394895,-0.181364,0.055496,0.280186
790566454883756,left,260733.322000,1.365017,-2.930152,-0.139315,-3.473808,-1.573078,3.711242,0.000000,0.000000,-0.000000,-0.000000,0.000000,0.396927,-1.787760,4.543103,1.359906,-0.188169,0.040899,0.329107
790566462858344,left,260733.330000,1.365029,-2.930175,-0.139315,-3.473808,-1.573065,3.714387,0.000000,0.000000,-0.000000,-0.000000,0.000000,0.392888,-1.758244,4.527408,1.350526,-0.174540,0.041927,0.309063
790566470859882,left,260733.338000,1.365017,-2.930140,-0.139327,-3.473784,-1.573005,3.717473,0.000000,0.000000,-0.000000,-0.000000,0.000004,0.389377,-1.788573,4.528656,1.326952,-0.186037,0.042757,0.291206
790566478857734,left,260733.346000,1.364993,-2.930175,-0.139350,-3.473832,-1.573041,3.720543,0.000000,0.000000,-0.000000,-0.000000,0.000000,0.382485,-1.795204,4.512789,1.363260,-0.184249,0.061990,0.286227
790566486968741,left,260733.354000,1.365041,-2.930140,-0.139303,-3.473832,-1.573041,3.723531,0.000000,0.000000,-0.000000,-0.000000,0.000000,0.378326,-1.771658,4.544169,1.338712,-0.192498,0.044044,0.295184
790566494986454,left,260733.362000,1.365029,-2.930116,-0.139338,-3.473797,-1.573078,3.726543,0.000000,0.000000,-0.000000,-0.000000,0.000000,0.370935,-1.816374,4.549727,1.371094,-0.202625,0.047819,0.296987
790566502996655,left,260733.370000,1.365065,-2.930128,-0.139279,-3.473797,-1.573005,3.729447,0.000000,0.000000,-0.000000,-0.000000,0.000000,0.366253,-1.804183,4.516368,1.339850,-0.182128,0.061210,0.265164
790566511048674,left,260733.378000,1.365029,-2.930152,-0.139291,-3.473820,-1.573041,3.732399,0.000000,0.000000,-0.000000,-0.000000,0.000000,0.359517,-1.795969,4.505686,1.376533,-0.183963,0.058140,0.222594
790566518999359,left,260733.386000,1.365041,-2.930164,-0.139315,-3.473797,-1.573029,3.735289,0.000000,0.000000,-0.000000,-0.000000,0.000000,0.349513,-1.772588,4.568067,1.363787,-0.179173,0.060421,0.257427
790566526894550,left,260733.394000,1.365041,-2.930140,-0.139303,-3.473797,-1.573041,3.738073,0.000000,0.000000,-0.000000,-0.000000,0.000000,0.340845,-1.789296,4.530513,1.364362,-0.194539,0.049062,0.248784
790566534964504,left,260733.402000,1.365017,-2.930140,-0.139315,-3.473797,-1.573065,3.740747,0.000000,0.000000,-0.000000,-0.000000,0.000000,0.333350,-1.777165,4.522073,1.384230,-0.182729,0.057963,0.266563
790566542955839,left,260733.410000,1.365053,-2.930128,-0.139338,-3.473808,-1.573017,3.743387,0.000000,0.000000,-0.000000,-0.000000,0.000000,0.330036,-1.781978,4.521899,1.376710,-0.185529,0.050126,0.234379
790566550886490,left,260733.418000,1.365029,-2.930164,-0.139338,-3.473808,-1.573017,3.745951,0.000000,0.000000,-0.000000,-0.000000,0.000000,0.325681,-1.822473,4.517020,1.414745,-0.191764,0.037448,0.278160
790566558972915,left,260733.426000,1.365029,-2.930152,-0.139315,-3.473784,-1.573017,3.748463,0.000000,0.000000,-0.000000,-0.000000,0.000000,0.320918,-1.755115,4.556948,1.370504,-0.182755,0.049471,0.257040
790566566856351,left,260733.434000,1.365029,-2.930140,-0.139303,-3.473772,-1.573029,3.750977,0.000000,0.000000,-0.000000,-0.000000,0.000000,0.314584,-1.821637,4.528113,1.354095,-0.193148,0.040012,0.248004
790566574862378,left,260733.442000,1.365053,-2.930140,-0.139315,-3.473797,-1.573017,3.753430,0.000000,0.000000,-0.000000,-0.000000,0.000000,0.308686,-1.794147,4.527738,1.400166,-0.188525,0.047201,0.256913
790566582849899,left,260733.450000,1.365041,-2.930152,-0.139327,-3.473772,-1.573029,3.755847,0.000000,0.000000,-0.000000,-0.000000,0.000000,0.301080,-1.819439,4.516722,1.399682,-0.191054,0.062112,0.273827
790566590846877,left,260733.458000,1.365053,-2.930152,-0.139303,-3.473797,-1.573005,3.758240,0.000000,0.000000,-0.000000,-0.000000,0.000000,0.293075,-1.797601,4.508468,1.358050,-0.192064,0.044527,0.257026
790566598856768,left,260733.466000,1.365029,-2.930152,-0.139315,-3.473832,-1.573029,3.760586,0.000000,0.000000,-0.000000,-0.000000,0.000000,0.288697,-1.793196,4.559354,1.384936,-0.187925,0.042365,0.239541
790566606850159,left,260733.474000,1.365065,-2.930152,-0.139338,-3.473820,-1.573041,3.762848,0.000000,0.000000,-0.000000,-0.000000,0.000000,0.281351,-1.846326,4.531934,1.371950,-0.181311,0.051606,0.248381
790566614844782,left,260733.482000,1.365041,-2.930128,-0.139338,-3.473808,-1.573029,3.765120,0.000000,0.000000,-0.000000,-0.000000,0.000000,0.273647,-1.805879,4.535434,1.339988,-0.190189,0.049125,0.222291
790566622860085,left,260733.490000,1.365017,-2.930164,-0.139338,-3.473820,-1.573041,3.767332,0.000000,0.000000,-0.000000,-0.000000,0.000000,0.264030,-1.826064,4.570848,1.389493,-0.185972,0.041332,0.226216
790566630851156,left,260733.498000,1.365053,-2.930164,-0.139303,-3.473820,-1.573065,3.769439,0.000000,0.000000,-0.000000,-0.000000,0.000000,0.258771,-1.815597,4.581542,1.403819,-0.187370,0.037662,0.217521
790566638858848,left,260733.506000,1.365029,-2.930152,-0.139338,-3.473797,-1.573017,3.771472,0.000000,0.000000,-0.000000,-0.000000,0.000000,0.250507,-1.840914,4.524107,1.355760,-0.186795,0.050532,0.225070
790566646858503,left,260733.514000,1.365017,-2.930152,-0.139327,-3.473784,-1.573029,3.773422,0.000000,0.000000,-0.000000,-0.000000,0.000000,0.243995,-1.833057,4.532662,1.356377,-0.193673,0.032248,0.253800
790566654846252,left,260733.522000,1.365017,-2.930128,-0.139315,-3.473808,-1.573065,3.775324,0.000000,0.000000,-0.000000,-0.000000,0.000000,0.238609,-1.810980,4.548850,1.355732,-0.179507,0.052355,0.260615
790566662868921,left,260733.530000,1.365041,-2.930128,-0.139327,-3.473784,-1.573041,3.777239,0.000000,0.000000,-0.000000,-0.000000,0.000000,0.234161,-1.817344,4.548121,1.376803,-0.186898,0.043340,0.235710
790566670858311,left,260733.538000,1.365041,-2.930164,-0.139315,-3.473820,-1.573017,3.779034,0.000000,0.000000,-0.000000,-0.000000,0.000000,0.228123,-1.825339,4.575027,1.404367,-0.180097,0.040121,0.265410
790566678856069,left,260733.546000,1.365029,-2.930164,-0.139303,-3.473808,-1.573017,3.780817,0.000000,0.000000,-0.000000,-0.000000,0.000000,0.223204,-1.841519,4.526073,1.354049,-0.189718,0.044648,0.238433
790566686863366,left,260733.554000,1.365029,-2.930140,-0.139315,-3.473808,-1.573078,3.782552,0.000000,0.000000,-0.000000,-0.000000,0.000000,0.217794,-1.858853,4.516711,1.363278,-0.197625,0.053029,0.228945
790566694873515,left,260733.562000,1.365017,-2.930128,-0.139338,-3.473797,-1.573029,3.784226,0.000000,0.000000,-0.000000,-0.000000,0.000000,0.211759,-1.808618,4.555343,1.372505,-0.190385,0.043765,0.217687
790566702849542,left,260733.570000,1.365029,-2.930152,-0.139303,-3.473797,-1.573041,3.785842,0.000000,0.000000,-0.000000,-0.000000,0.000000,0.206798,-1.806805,4.573450,1.329752,-0.203259,0.042603,0.183661
790566710852959,left,260733.578000,1.365065,-2.930175,-0.139303,-3.473820,-1.573041,3.787515,0.000000,0.000000,-0.000000,-0.000000,0.000000,0.198901,-1.796825,4.581086,1.374481,-0.192251,0.046385,0.205406
790566718848370,left,260733.586000,1.365053,-2.930152,-0.139303,-3.473820,-1.573041,3.789070,0.000000,0.000000,-0.000000,-0.000000,0.000000,0.191097,-1.842381,4.546812,1.411461,-0.194809,0.044446,0.217971
790566726872672,left,260733.594000,1.365041,-2.930128,-0.139303,-3.473808,-1.573029,3.790553,0.000000,0.000000,-0.000000,-0.000000,0.000000,0.185877,-1.830414,4.580925,1.432555,-0.192851,0.042334,0.204848
790566734880438,left,260733.602000,1.365041,-2.930152,-0.139291,-3.473844,-1.573017,3.791999,0.000000,0.000000,-0.000000,-0.000000,0.000000,0.178456,-1.815527,4.588313,1.395581,-0.199437,0.046230,0.206803
790566742881505,left,260733.610000,1.365065,-2.930128,-0.139338,-3.473832,-1.573005,3.793435,0.000000,0.000000,-0.000000,-0.000000,0.000000,0.172838,-1.839470,4.576335,1.385279,-0.189792,0.021126,0.185647
790566750850334,left,260733.618000,1.365041,-2.930164,-0.139315,-3.473808,-1.573041,3.794797,0.000000,0.000000,-0.000000,-0.000000,0.000000,0.163575,-1.799617,4.545788,1.355089,-0.186342,0.026428,0.180472
790566758844163,left,260733.626000,1.365041,-2.930152,-0.139338,-3.473808,-1.573065,3.796136,0.000000,0.000000,-0.000000,-0.000000,0.000000,0.156976,-1.833749,4.584381,1.381505,-0.186065,0.032746,0.185995
790566766836454,left,260733.634000,1.365065,-2.930140,-0.139291,-3.473844,-1.573041,3.797368,0.000000,0.000000,-0.000000,-0.000000,0.000000,0.150824,-1.825648,4.576102,1.416025,-0.180260,0.031601,0.164132
790566774842363,left,260733.642000,1.365029,-2.930103,-0.139327,-3.473844,-1.573041,3.798563,0.000000,0.000000,-0.000000,-0.000000,0.000000,0.143925,-1.824445,4.578434,1.422952,-0.195901,0.035121,0.153510
790566782962572,left,260733.650000,1.365029,-2.930152,-0.139291,-3.473808,-1.573017,3.799710,0.000000,0.000000,-0.000000,-0.000000,0.000000,0.136904,-1.792026,4.554036,1.366604,-0.198088,0.039898,0.169702
790566790943278,left,260733.658000,1.365017,-2.930128,-0.139303,-3.473797,-1.573017,3.800750,0.000000,0.000000,-0.000000,-0.000000,0.000000,0.130127,-1.841817,4.559716,1.407539,-0.195774,0.025972,0.178422
790566798906013,left,260733.666000,1.365017,-2.930164,-0.139327,-3.473808,-1.573041,3.801801,0.000000,0.000000,-0.000000,-0.000000,0.000000,0.123844,-1.783314,4.530854,1.377330,-0.203396,0.015569,0.162392
790566806874226,left,260733.674000,1.365029,-2.930164,-0.139327,-3.473808,-1.573017,3.802746,0.000000,0.000000,-0.000000,-0.000000,0.000000,0.119307,-1.830185,4.527417,1.380652,-0.191296,0.029647,0.173815
790566814840126,left,260733.682000,1.365041,-2.930164,-0.139303,-3.473797,-1.573041,3.803666,0.000000,0.000000,-0.000000,-0.000000,0.000000,0.112082,-1.845384,4.555489,1.387908,-0.193848,0.021832,0.189035
790566822862118,left,260733.690000,1.365017,-2.930140,-0.139338,-3.473808,-1.573041,3.804514,0.000000,0.000000,-0.000000,-0.000000,0.000000,0.106944,-1.830204,4.553823,1.396468,-0.189683,0.017804,0.177474
790566830850491,left,260733.698000,1.365029,-2.930140,-0.139338,-3.473784,-1.573005,3.805302,0.000000,0.000000,-0.000000,-0.000000,0.000000,0.099417,-1.837844,4.573676,1.342709,-0.210842,0.032609,0.181428
790566838859936,left,260733.706000,1.365029,-2.930128,-0.139327,-3.473797,-1.573017,3.806079,0.000000,0.000000,-0.000000,-0.000000,0.000000,0.094459,-1.835991,4.579268,1.383592,-0.207217,0.028824,0.180903
790566846855875,left,260733.714000,1.365017,-2.930128,-0.139327,-3.473844,-1.573029,3.806805,0.000000,0.000000,-0.000000,-0.000000,0.000000,0.088657,-1.816604,4.542475,1.405485,-0.183093,0.023069,0.174667
790566854862400,left,260733.722000,1.365041,-2.930103,-0.139327,-3.473772,-1.573078,3.807472,0.000000,0.000000,-0.000000,-0.000000,0.000000,0.080994,-1.809474,4.572368,1.418416,-0.196092,0.020026,0.176237
790566862894634,left,260733.730000,1.365017,-2.930140,-0.139315,-3.473820,-1.573029,3.808093,0.000000,0.000000,-0.000000,-0.000000,0.000000,0.077457,-1.848982,4.553259,1.397767,-0.191508,0.016037,0.164230
790566870853028,left,260733.738000,1.365041,-2.930152,-0.139303,-3.473832,-1.573113,3.808651,0.000000,0.000000,-0.000000,-0.000000,0.000000,0.069228,-1.845001,4.579093,1.370246,-0.197931,0.030333,0.150040
790566878901452,left,260733.746000,1.365005,-2.930140,-0.139315,-3.473784,-1.573078,3.809187,0.000000,0.000000,-0.000000,-0.000000,0.000000,0.063056,-1.852498,4.595314,1.425599,-0.198995,0.034851,0.157131
790566886901410,left,260733.754000,1.365029,-2.930175,-0.139327,-3.473772,-1.573065,3.809675,0.000000,0.000000,-0.000000,-0.000000,0.000000,0.056760,-1.815575,4.529682,1.417596,-0.183459,0.023455,0.149412
790566894846948,left,260733.762000,1.365017,-2.930175,-0.139315,-3.473772,-1.573029,3.810067,0.000000,0.000000,-0.000000,-0.000000,0.000000,0.050311,-1.818542,4.603439,1.400547,-0.180134,0.031874,0.153394
790566902836527,left,260733.770000,1.365017,-2.930128,-0.139338,-3.473820,-1.573029,3.810435,0.000000,0.000000,-0.000000,-0.000000,0.000000,0.045000,-1.864214,4.566852,1.440668,-0.189154,0.013688,0.161133
790566910846046,left,260733.778000,1.365041,-2.930152,-0.139315,-3.473797,-1.573029,3.810719,0.000000,0.000000,-0.000000,-0.000000,0.000000,0.037241,-1.828583,4.566184,1.401341,-0.181678,0.015400,0.148364
790566918836889,left,260733.786000,1.365041,-2.930140,-0.139315,-3.473820,-1.573029,3.810957,0.000000,0.000000,-0.000000,-0.000000,0.000000,0.032273,-1.810041,4.588725,1.373751,-0.201236,0.022304,0.143210
790566926852166,left,260733.794000,1.365029,-2.930140,-0.139338,-3.473820,-1.573041,3.811170,0.000000,0.000000,-0.000000,-0.000000,0.000000,0.026074,-1.833774,4.555849,1.381497,-0.203171,0.016487,0.133346
790566934835211,left,260733.802000,1.365029,-2.930140,-0.139315,-3.473820,-1.573041,3.811382,0.000000,0.000000,-0.000000,-0.000000,0.000000,0.019307,-1.875170,4.570571,1.390621,-0.197648,0.014917,0.144267
790566942929826,left,260733.810000,1.365005,-2.930152,-0.139315,-3.473820,-1.573041,3.811475,0.000000,0.000000,-0.000000,-0.000000,0.000000,0.012159,-1.803965,4.570434,1.419586,-0.192471,0.019210,0.139441
790566950858925,left,260733.818000,1.365017,-2.930164,-0.139338,-3.473808,-1.573029,3.811508,0.000000,0.000000,-0.000000,-0.000000,0.000000,0.003219,-1.880660,4.576153,1.399548,-0.184378,0.024606,0.084193
790566958843643,left,260733.826000,1.365017,-2.930152,-0.139315,-3.473808,-1.573005,3.811505,0.000000,0.000000,-0.000000,-0.000000,0.000000,-0.003962,-1.787749,4.348182,1.384133,-0.190341,0.027774,0.080023
790566966878826,left,260733.834000,1.365029,-2.930116,-0.139279,-3.473808,-1.573065,3.811483,0.000000,-0.000051,-0.000000,-0.000000,0.000000,-0.000003,-1.775321,4.403784,1.389954,-0.192332,0.016516,0.094131
790566974863205,left,260733.842000,1.365041,-2.930152,-0.139303,-3.473797,-1.573078,3.811531,0.000000,-0.000217,-0.000000,-0.000000,0.000000,-0.000000,-1.834744,4.406125,1.381550,-0.194739,0.024388,0.098895
790566982878105,left,260733.850000,1.365041,-2.930152,-0.139315,-3.473797,-1.573041,3.811543,0.000000,-0.000166,-0.000000,-0.000000,0.000000,-0.000000,-1.816926,4.390255,1.373567,-0.192879,0.016099,0.111652
790566990879500,left,260733.858000,1.365017,-2.930128,-0.139338,-3.473820,-1.573017,3.811495,0.000000,-0.000121,-0.000000,-0.000000,0.000000,0.000845,-1.830375,4.411837,1.403897,-0.194721,0.026069,0.113411
790566998879137,left,260733.866000,1.365053,-2.930116,-0.139303,-3.473808,-1.573089,3.811519,0.000000,-0.000096,-0.000000,-0.000000,0.000000,0.000682,-1.834135,4.412938,1.366151,-0.185071,0.015646,0.119928
790567006898119,left,260733.874000,1.365005,-2.930152,-0.139291,-3.473820,-1.573041,3.811531,0.000000,-0.000079,-0.000000,-0.000000,0.000000,0.001394,-1.782565,4.387142,1.373559,-0.196560,0.028725,0.128807
790567014888618,left,260733.882000,1.365041,-2.930164,-0.139327,-3.473797,-1.572994,3.811543,0.000000,-0.000067,-0.000000,-0.000000,0.000000,0.001185,-1.806810,4.391488,1.406919,-0.188513,0.020035,0.116961
790567022998239,left,260733.890000,1.365029,-2.930175,-0.139291,-3.473820,-1.573089,3.811519,0.000000,-0.000058,-0.000000,-0.000000,0.000000,0.001051,-1.801998,4.409279,1.393332,-0.173236,0.013119,0.122069
790567030885705,left,260733.898000,1.365053,-2.930116,-0.139303,-3.473797,-1.573041,3.811567,0.000000,-0.000052,-0.000000,-0.000000,0.000000,0.000762,-1.840889,4.424173,1.380184,-0.179444,0.018089,0.138233
790567038897027,left,260733.906000,1.365041,-2.930164,-0.139303,-3.473784,-1.573029,3.811543,0.000000,-0.000046,-0.000000,-0.000000,0.000000,0.000735,-1.818643,4.438011,1.362623,-0.192508,0.005757,0.133968
790567046894002,left,260733.914000,1.365041,-2.930152,-0.139338,-3.473772,-1.573065,3.811567,0.000000,-0.000042,-0.000000,-0.000000,0.000000,0.001200,-1.830987,4.416295,1.400412,-0.187245,0.013082,0.143636
790567054878106,left,260733.922000,1.365029,-2.930128,-0.139338,-3.473784,-1.573065,3.811555,0.000000,-0.000038,-0.000000,-0.000000,0.000000,0.000909,-1.828094,4.436152,1.432697,-0.188884,0.019682,0.136939
790567062877492,left,260733.930000,1.365005,-2.930187,-0.139327,-3.473820,-1.573041,3.811555,0.000000,-0.000035,-0.000000,-0.000000,0.000000,0.000604,-1.857105,4.426013,1.381014,-0.183011,0.019266,0.137229
790567070882424,left,260733.938000,1.365041,-2.930175,-0.139291,-3.473797,-1.573029,3.811555,0.000000,-0.000033,-0.000000,-0.000000,0.000000,0.000357,-1.843940,4.416347,1.415798,-0.179832,0.001608,0.126774
790567078876604,left,260733.946000,1.365041,-2.930140,-0.139303,-3.473808,-1.573005,3.811567,0.000000,-0.000031,-0.000000,-0.000000,0.000000,0.000376,-1.802892,4.431432,1.392434,-0.175774,0.022157,0.130593
790567086861526,left,260733.954000,1.365017,-2.930152,-0.139327,-3.473797,-1.573078,3.811579,0.000000,-0.000029,-0.000000,-0.000000,0.000000,0.000382,-1.826524,4.447133,1.391629,-0.185865,0.010528,0.136113
790567094890662,left,260733.962000,1.365029,-2.930140,-0.139315,-3.473784,-1.573029,3.811579,0.000000,-0.000027,-0.000000,-0.000000,0.000000,0.000364,-1.830487,4.467053,1.403964,-0.180367,0.012374,0.120510
790567102893987,left,260733.970000,1.365029,-2.930164,-0.139315,-3.473784,-1.573065,3.811578,0.000000,-0.000025,-0.000000,-0.000000,0.000000,0.000288,-1.788387,4.420723,1.401796,-0.186732,0.015595,0.128159
790567110870769,left,260733.978000,1.365041,-2.930140,-0.139291,-3.473808,-1.573017,3.811566,0.000000,-0.000024,-0.000000,-0.000000,0.000000,0.000277,-1.827168,4.396956,1.407391,-0.199890,0.025055,0.132783
790567118897233,left,260733.986000,1.365041,-2.930140,-0.139303,-3.473820,-1.573041,3.811626,0.000000,-0.000023,-0.000000,-0.000000,0.000000,0.000236,-1.805180,4.468915,1.393101,-0.189407,0.017581,0.125931
790567126911321,left,260733.994000,1.365041,-2.930140,-0.139315,-3.473784,-1.573041,3.811578,0.000000,-0.000022,-0.000000,-0.000000,0.000000,0.000205,-1.834516,4.413519,1.418619,-0.190319,0.033143,0.119401
790567134847090,left,260734.002000,1.365017,-2.930140,-0.139303,-3.473797,-1.573041,3.811590,0.000000,-0.000021,-0.000000,-0.000000,0.000000,0.000181,-1.842213,4.430112,1.393805,-0.194286,0.025297,0.110182
790567142877864,left,260734.010000,1.365005,-2.930140,-0.139303,-3.473797,-1.573017,3.811543,0.000000,-0.000007,-0.000000,-0.000000,0.000000,0.000185,-1.846652,4.435278,1.388657,-0.185709,0.018815,0.115189
790567150926032,left,260734.018000,1.365041,-2.930140,-0.139279,-3.473808,-1.573017,3.811602,0.000000,-0.000000,-0.000000,-0.000000,0.000000,0.000168,-1.829575,4.382433,1.420419,-0.185252,0.016095,0.120573
