monotonic_ns,frame_time_ns,cam_ang,joint_ang
870636711091500,870638456504184.0,0.0,-0.0
870636801809665,870638456504184.0,0.0,0.0020626480624793874
870636818976685,870638456504184.0,0.0,-0.0
870636826759715,870638456504184.0,0.0,-0.0006875493541513144
870636834758376,870638456504184.0,0.0,-0.0006875493541513144
870636842764136,870638456504184.0,0.0,0.0020626480624793874
870636850786512,870638456504184.0,0.0,-0.0
870636858740067,870638456504184.0,0.0,-0.0013750987083026287
870636866753598,870638456504184.0,0.0,0.0006875493541767589
870636874785193,870638456504184.0,0.0,0.0006875493541767589
870636882755066,870638456504184.0,0.0,0.0020626480624793874
870636890748215,870638456504184.0,0.0,-0.0006875493541513144
870636898746554,870638456504184.0,0.0,-0.0
870636906747310,870638456504184.0,0.0,0.0006875493541767589
870636914777662,870638456504184.0,0.0,0.0013750987083280732
870636922750995,870638456504184.0,0.0,0.0006875493541767589
870636930759183,870638456504184.0,0.0,0.0006875493541767589
870636938762045,870638456504184.0,0.0,-0.0
870636946764769,870638456504184.0,0.0,0.0006875493541767589
870636954758507,870638456504184.0,0.0,0.0013750987083280732
870636962770355,870638456504184.0,0.0,-0.0
870636970744975,870638456504184.0,0.0,0.0006875493541767589
870636978751640,870638456504184.0,0.0,-0.0013750987083026287
870636986755014,870638456504184.0,0.0,0.0006875493541767589
870636994766119,870638456504184.0,0.0,-0.0
870637002752327,870638456504184.0,0.0,0.0006875493541767589
870637010756678,870638456504184.0,0.0,0.0013750987083280732
870637018750318,870638456504184.0,0.0,-0.0006875493541513144
870637026762222,870638456504184.0,0.0,0.0020626480624793874
870637034749011,870638456504184.0,0.0,-0.0
870637042758338,870638456504184.0,0.0,-0.0013750987083026287
870637050750002,870638456504184.0,0.0,-0.0006875493541513144
870637058758623,870638456504184.0,0.0,0.0006875493541767589
870637066747234,870638456504184.0,0.0,-0.0
870637074745483,870638456504184.0,0.0,0.0006875493541767589
870637082753549,870638456504184.0,0.0,0.0013750987083280732
870637090744216,870638456504184.0,0.0,0.0006875493541767589
870637098767755,870638456504184.0,0.0,0.0006875493541767589
870637106747779,870638456504184.0,0.0,0.0006875493541767589
870637114754396,870638456504184.0,0.0,0.0006875493541767589
870637122746878,870638456504184.0,0.0,0.0006875493541767589
870637130752131,870638456504184.0,0.0,0.0006875493541767589
870637138745866,870638456504184.0,0.0,0.0013750987083280732
870637146752523,870638456504184.0,0.0,-0.0
870637154748696,870638456504184.0,0.0,-0.0
870637162752887,870638456504184.0,0.0,-0.0
870637170746676,870638456504184.0,0.0,0.0013750987083280732
870637178754171,870638456504184.0,0.0,0.0013750987083280732
870637186748685,870638456504184.0,0.0,0.0013750987083280732
870637194759822,870638456504184.0,0.0,0.0006875493541767589
870637202749315,870638456504184.0,0.0,0.002750197416630702
870637210752884,870638456504184.0,0.0,-0.0013750987083026287
870637218750834,870638456504184.0,0.0,-0.0
870637226790086,870638456504184.0,0.0,-0.0
870637234748674,870638456504184.0,0.0,-0.0006875493541513144
870637242745925,870638456504184.0,0.0,-0.0
870637250753510,870638456504184.0,0.0,0.002750197416630702
870637258759063,870638456504184.0,0.0,0.0006875493541767589
870637266750513,870638456504184.0,0.0,-0.0
870637274762298,870638456504184.0,0.0,0.0006875493541767589
870637282748092,870638456504184.0,0.0,-0.0
870637290758258,870638456504184.0,0.0,-0.0
870637298751060,870638456504184.0,0.0,-0.0006875493541513144
870637306740956,870638456504184.0,0.0,0.0006875493541767589
870637314778517,870638456504184.0,0.0,0.0013750987083280732
870637322751234,870638456504184.0,0.0,0.0013750987083280732
870637330747747,870638456504184.0,0.0,0.0020626480624793874
870637338745133,870638456504184.0,0.0,0.0006875493541767589
870637346751594,870638456504184.0,0.0,-0.0020626480624539433
870637354751153,870638456504184.0,0.0,0.0013750987083280732
870637362749304,870638456504184.0,0.0,-0.0
870637370749721,870638456504184.0,0.0,0.0006875493541767589
870637378747228,870638456504184.0,0.0,-0.0
870637386761452,870638456504184.0,0.0,-0.0
870637394748356,870638456504184.0,0.0,-0.0013750987083026287
870637402747693,870638456504184.0,0.0,0.0013750987083280732
870637410745552,870638456504184.0,0.0,0.0006875493541767589
870637418780943,870638456504184.0,0.0,-0.0006875493541513144
870637426763020,870638456504184.0,0.0,0.0006875493541767589
870637434762645,870638456504184.0,0.0,0.0006875493541767589
870637442760120,870638456504184.0,0.0,0.0006875493541767589
870637450918188,870638456504184.0,0.0,-0.0
870637458751254,870638456504184.0,0.0,0.0013750987083280732
870637466786597,870638456504184.0,0.0,0.0020626480624793874
870637474769028,870638456504184.0,0.0,-0.0006875493541513144
870637482754460,870638456504184.0,0.0,0.0013750987083280732
870637490748112,870638456504184.0,0.0,-0.0
870637498746495,870638456504184.0,0.0,-0.0
870637506754076,870638456504184.0,0.0,0.0006875493541767589
870637514763679,870638456504184.0,0.0,0.0013750987083280732
870637522755232,870638456504184.0,0.0,-0.0006875493541513144
870637530802448,870638456504184.0,0.0,0.0006875493541767589
870637538810363,870638456504184.0,0.0,0.0020626480624793874
870637546762117,870638456504184.0,0.0,-0.0
870637554755268,870638456504184.0,0.0,-0.0
870637562777971,870638456504184.0,0.0,-0.0013750987083026287
870637570760835,870638456504184.0,0.0,0.0006875493541767589
870637578759515,870638456504184.0,0.0,-0.0006875493541513144
870637586752954,870638456504184.0,0.0,-0.0
870637594757714,870638456504184.0,0.0,0.0020626480624793874
870637602757485,870638456504184.0,0.0,-0.0006875493541513144
870637610756428,870638456504184.0,0.0,0.0020626480624793874
870637618753338,870638456504184.0,0.0,0.002750197416630702
870637626755967,870638456504184.0,0.0,-0.0006875493541513144
870637634756507,870638456504184.0,0.0,0.0013750987083280732
870637642762529,870638456504184.0,0.0,-0.0006875493541513144
870637650766823,870638456504184.0,0.0,0.0013750987083280732
870637658757097,870638456504184.0,0.0,0.0020626480624793874
870637666771995,870638456504184.0,0.0,0.0006875493541767589
870637674757552,870638456504184.0,0.0,0.002750197416630702
870637682750930,870638456504184.0,0.0,0.0020626480624793874
870637690752698,870638456504184.0,0.0,0.0020626480624793874
870637698745347,870638456504184.0,0.0,0.0006875493541767589
870637706748121,870638456504184.0,0.0,0.0020626480624793874
870637714750499,870638456504184.0,0.0,0.0020626480624793874
870637722780579,870638456504184.0,0.0,0.0006875493541767589
870637730794477,870638456504184.0,0.0,0.0006875493541767589
870637738788519,870638456504184.0,0.0,0.0006875493541767589
870637746741942,870638456504184.0,0.0,0.0006875493541767589
870637754751630,870638456504184.0,0.0,0.0006875493541767589
870637762741536,870638456504184.0,0.0,-0.0
870637770734845,870638456504184.0,0.0,0.0006875493541767589
870637778740960,870638456504184.0,0.0,0.0013750987083280732
870637786763098,870638456504184.0,0.0,0.0006875493541767589
870637794761147,870638456504184.0,0.0,0.0013750987083280732
870637802783639,870638456504184.0,0.0,-0.0
870637810753727,870638456504184.0,0.0,-0.0
870637818762014,870638456504184.0,0.0,0.002750197416630702
870637826747608,870638456504184.0,0.0,-0.0006875493541513144
870637834744456,870638456504184.0,0.0,-0.0
870637842748710,870638456504184.0,0.0,0.0020626480624793874
870637850766890,870638456504184.0,0.0,0.0006875493541767589
870637858793833,870638456504184.0,0.0,-0.0
870637866778744,870638456504184.0,0.0,0.0013750987083280732
870637874745585,870638456504184.0,0.0,0.0020626480624793874
870637882757665,870638456504184.0,0.0,0.0013750987083280732
870637890737618,870638456504184.0,0.0,0.0013750987083280732
870637898741078,870638456504184.0,0.0,0.0006875493541767589
870637906745712,870638456504184.0,0.0,0.0006875493541767589
870637914746286,870638456504184.0,0.0,-0.0006875493541513144
870637922747918,870638456504184.0,0.0,0.002750197416630702
870637930750770,870638456504184.0,0.0,0.0006875493541767589
870637938759658,870638456504184.0,0.0,0.0006875493541767589
870637946744579,870638456504184.0,0.0,0.0013750987083280732
870637954747654,870638456504184.0,0.0,0.0020626480624793874
870637962746015,870638456504184.0,0.0,0.0013750987083280732
870637970745990,870638456504184.0,0.0,0.0006875493541767589
870637978752999,870638456504184.0,0.0,0.0020626480624793874
870637986738224,870638456504184.0,0.0,-0.0
870637994734376,870638456504184.0,0.0,0.0006875493541767589
870638002737906,870638456504184.0,0.0,0.002750197416630702
870638010741546,870638456504184.0,0.0,0.0020626480624793874
870638018749682,870638456504184.0,0.0,-0.0
870638026747099,870638456504184.0,0.0,-0.0
870638034744333,870638456504184.0,0.0,0.0006875493541767589
870638042747206,870638456504184.0,0.0,0.0013750987083280732
870638050746779,870638456504184.0,0.0,0.0020626480624793874
870638058748674,870638456504184.0,0.0,-0.0
870638066744018,870638456504184.0,0.0,-0.0
870638074744068,870638456504184.0,0.0,-0.0
870638082744214,870638456504184.0,0.0,0.0013750987083280732
870638090747740,870638456504184.0,0.0,-0.0006875493541513144
870638098752910,870638456504184.0,0.0,0.0006875493541767589
870638106744429,870638456504184.0,0.0,0.0006875493541767589
870638114744551,870638456504184.0,0.0,-0.0006875493541513144
870638122747046,870638456504184.0,0.0,0.0020626480624793874
870638130743362,870638456504184.0,0.0,0.0006875493541767589
870638138742816,870638456504184.0,0.0,0.0013750987083280732
870638146744775,870638456504184.0,0.0,0.0020626480624793874
870638154746291,870638456504184.0,0.0,0.0013750987083280732
870638162745458,870638456504184.0,0.0,-0.0
870638170743295,870638456504184.0,0.0,0.0013750987083280732
870638178742527,870638456504184.0,0.0,-0.0
870638186746455,870638456504184.0,0.0,0.0020626480624793874
870638194745736,870638456504184.0,0.0,0.0013750987083280732
870638202742420,870638456504184.0,0.0,0.0013750987083280732
870638210741715,870638456504184.0,0.0,-0.0
870638218884421,870638456504184.0,0.0,0.0006875493541767589
870638226746023,870638456504184.0,0.0,0.0006875493541767589
870638234744429,870638456504184.0,0.0,0.0013750987083280732
870638242743184,870638456504184.0,0.0,0.0020626480624793874
870638250743350,870638456504184.0,0.0,0.0013750987083280732
870638258746156,870638456504184.0,0.0,0.002750197416630702
870638266742369,870638456504184.0,0.0,-0.0006875493541513144
870638274742994,870638456504184.0,0.0,0.0013750987083280732
870638282743807,870638456504184.0,0.0,0.0006875493541767589
870638290746633,870638456504184.0,0.0,0.0013750987083280732
870638298743230,870638456504184.0,0.0,-0.0006875493541513144
870638306743022,870638456504184.0,0.0,-0.0006875493541513144
870638314745060,870638456504184.0,0.0,0.0006875493541767589
870638322745430,870638456504184.0,0.0,-0.0
870638330743660,870638456504184.0,0.0,0.0006875493541767589
870638338746193,870638456504184.0,0.0,0.0013750987083280732
870638346747486,870638456504184.0,0.0,-0.0
870638354752072,870638456504184.0,0.0,-0.0006875493541513144
870638362749518,870638456504184.0,0.0,0.0006875493541767589
870638370746824,870638456504184.0,0.0,-0.0
870638378746158,870638456504184.0,0.0,0.0006875493541767589
870638386745810,870638456504184.0,0.0,0.0006875493541767589
870638394746964,870638456504184.0,0.0,-0.0
870638402744440,870638456504184.0,0.0,0.0006875493541767589
870638410746000,870638456504184.0,0.0,-0.0
870638418750520,870638456504184.0,0.0,0.0013750987083280732
870638426743272,870638456504184.0,0.0,0.0013750987083280732
870638434742727,870638456504184.0,0.0,-0.0
870638442743254,870638456504184.0,0.0,-0.0006875493541513144
870638450745737,870638456504184.0,0.0,0.0020626480624793874
870638451791428,870638456504184.0,0.0,-0.0006875493541513144
870638458744047,870638489792120.0,0.8866118423415514,-0.0006875493541513144
870638466743955,870638489792120.0,0.8866118423415514,-0.0006875493541513144
870638474742303,870638489792120.0,0.8866118423415514,0.0034377467707820165
870638482745687,870638489792120.0,0.8866118423415514,0.0006875493541767589
870638485087089,870638489792120.0,0.8866118423415514,-0.0
870638490744130,870638523073400.0,0.4339272982292357,-0.0
870638498743147,870638523073400.0,0.4339272982292357,0.0006875493541767589
870638506744504,870638523073400.0,0.4339272982292357,-0.0
870638514745235,870638523073400.0,0.4339272982292357,0.0006875493541767589
870638518402759,870638523073400.0,0.4339272982292357,0.002750197416630702
870638522743434,870638556347512.0,0.40801490057722845,0.002750197416630702
870638530742970,870638556347512.0,0.40801490057722845,-0.0006875493541513144
870638538743111,870638556347512.0,0.40801490057722845,0.0006875493541767589
870638546747127,870638556347512.0,0.40801490057722845,0.0013750987083280732
870638551761530,870638556347512.0,0.40801490057722845,0.0006875493541767589
870638554758718,870638589614456.0,0.163038447301858,0.0006875493541767589
870638562747096,870638589614456.0,0.163038447301858,-0.0
870638570746778,870638589614456.0,0.163038447301858,0.0013750987083280732
870638578746649,870638589614456.0,0.163038447301858,0.0006875493541767589
870638585196248,870638589614456.0,0.163038447301858,0.0020626480624793874
870638586748147,870638622874488.0,0.18833225343399818,0.0020626480624793874
870638594746456,870638622874488.0,0.18833225343399818,-0.0006875493541513144
870638602744841,870638622874488.0,0.18833225343399818,-0.0
870638610748852,870638622874488.0,0.18833225343399818,0.0006875493541767589
870638618494891,870638622874488.0,0.18833225343399818,0.0013750987083280732
870638618819322,870638656127352.0,0.14869739767470946,0.0013750987083280732
870638626744481,870638656127352.0,0.14869739767470946,0.0006875493541767589
870638634744240,870638656127352.0,0.14869739767470946,0.002750197416630702
870638642746308,870638656127352.0,0.14869739767470946,0.0006875493541767589
870638650746859,870638656127352.0,0.14869739767470946,0.0006875493541767589
870638651907415,870638656127352.0,0.14869739767470946,0.0006875493541767589
870638658744320,870638689373304.0,0.18833225343399818,0.0006875493541767589
870638666747303,870638689373304.0,0.18833225343399818,0.0013750987083280732
870638674744329,870638689373304.0,0.18833225343399818,0.0020626480624793874
870638682744960,870638689373304.0,0.18833225343399818,0.0006875493541767589
870638685240626,870638689373304.0,0.18833225343399818,-0.0
870638690744685,870638722612088.0,0.21337083838585613,-0.0
870638698745004,870638722612088.0,0.21337083838585613,0.0020626480624793874
870638706745005,870638722612088.0,0.21337083838585613,0.0034377467707820165
870638714745106,870638722612088.0,0.21337083838585613,-0.0006875493541513144
870638718582113,870638722612088.0,0.21337083838585613,-0.0013750987083026287
870638722745560,870638755843960.0,0.40801490057722845,-0.0013750987083026287
870638730748049,870638755843960.0,0.40801490057722845,0.0013750987083280732
870638738753708,870638755843960.0,0.40801490057722845,0.0013750987083280732
870638746737446,870638755843960.0,0.40801490057722845,0.0013750987083280732
870638751670285,870638755843960.0,0.40801490057722845,0.0013750987083280732
870638754744163,870638789068664.0,0.14869739767470946,0.0013750987083280732
870638762746174,870638789068664.0,0.14869739767470946,0.0006875493541767589
870638770747102,870638789068664.0,0.14869739767470946,0.002750197416630702
870638778743191,870638789068664.0,0.14869739767470946,-0.0006875493541513144
870638785287891,870638789068664.0,0.14869739767470946,0.0013750987083280732
870638786746829,870638822286456.0,1.0820921536594597,0.0013750987083280732
870638794744952,870638822286456.0,1.0820921536594597,-0.0
870638802742968,870638822286456.0,1.0820921536594597,0.0006875493541767589
870638810743785,870638822286456.0,1.0820921536594597,-0.0006875493541513144
870638818667895,870638822286456.0,1.0820921536594597,-0.0006875493541513144
870638818821045,870638855497080.0,0.9448356871639021,-0.0006875493541513144
870638826757645,870638855497080.0,0.9448356871639021,-0.0
870638834744150,870638855497080.0,0.9448356871639021,0.0006875493541767589
870638842748048,870638855497080.0,0.9448356871639021,0.0006875493541767589
870638850747662,870638855497080.0,0.9448356871639021,-0.0
870638851970164,870638855497080.0,0.9448356871639021,-0.0006875493541513144
870638858754634,870638888700792.0,0.9448356871639021,-0.0006875493541513144
870638866761310,870638888700792.0,0.9448356871639021,0.0020626480624793874
870638874750711,870638888700792.0,0.9448356871639021,-0.0006875493541513144
870638882757650,870638888700792.0,0.9448356871639021,0.0013750987083280732
870638885248116,870638888700792.0,0.9448356871639021,0.002750197416630702
870638890746922,870638921897336.0,0.21337083838585613,0.002750197416630702
870638898746014,870638921897336.0,0.21337083838585613,0.0006875493541767589
870638906744582,870638921897336.0,0.21337083838585613,0.002750197416630702
870638914756478,870638921897336.0,0.21337083838585613,0.0006875493541767589
870638918702669,870638921897336.0,0.21337083838585613,-0.0
870638922746717,870638955086968.0,0.23815840017900314,-0.0
870638930745409,870638955086968.0,0.23815840017900314,-0.0013750987083026287
870638938744536,870638955086968.0,0.23815840017900314,0.0013750987083280732
870638946745421,870638955086968.0,0.23815840017900314,0.0020626480624793874
870638952098637,870638955086968.0,0.23815840017900314,-0.0
870638954746988,870638988269176.0,0.35532760505216743,-0.0
870638962747536,870638988269176.0,0.35532760505216743,0.0020626480624793874
870638970745390,870638988269176.0,0.35532760505216743,-0.0006875493541513144
870638978746634,870638988269176.0,0.35532760505216743,-0.0006875493541513144
870638985489682,870638988269176.0,0.35532760505216743,0.0006875493541767589
870638986747232,870639021444728.0,1.104102363045314,0.0006875493541767589
870638994746918,870639021444728.0,1.104102363045314,0.0013750987083280732
870639002755488,870639021444728.0,1.104102363045314,-0.0
870639010766444,870639021444728.0,1.104102363045314,-0.0
870639018773388,870639021444728.0,1.104102363045314,0.0013750987083280732
870639018838153,870639021444728.0,1.104102363045314,0.0013750987083280732
870639026760442,870639054613368.0,0.9448356871639021,0.0013750987083280732
870639034745923,870639054613368.0,0.9448356871639021,0.0013750987083280732
870639042746195,870639054613368.0,0.9448356871639021,0.0006875493541767589
870639050760024,870639054613368.0,0.9448356871639021,-0.0
870639052122428,870639054613368.0,0.9448356871639021,-0.0
870639058764459,870639087774584.0,0.381816352805771,-0.0
870639066743880,870639087774584.0,0.381816352805771,0.0013750987083280732
870639074742607,870639087774584.0,0.381816352805771,-0.0006875493541513144
870639082747179,870639087774584.0,0.381816352805771,0.0013750987083280732
870639085634331,870639087774584.0,0.381816352805771,-0.0013750987083026287
870639090761401,870639120928888.0,1.0598412635570753,-0.0013750987083026287
870639098745428,870639120928888.0,1.0598412635570753,-0.0
870639106742769,870639120928888.0,1.0598412635570753,0.0013750987083280732
870639114747560,870639120928888.0,1.0598412635570753,0.0013750987083280732
870639118880247,870639120928888.0,1.0598412635570753,0.0006875493541767589
870639122746762,870639154076280.0,0.9090629693582741,0.0006875493541767589
870639130743517,870639154076280.0,0.9090629693582741,-0.0
870639138742923,870639154076280.0,0.9090629693582741,0.0020626480624793874
870639146743798,870639154076280.0,0.9090629693582741,-0.0
870639152201875,870639154076280.0,0.9090629693582741,-0.0
870639154745486,870639187216504.0,0.21337083838585613,-0.0
870639162746250,870639187216504.0,0.21337083838585613,0.0020626480624793874
870639170884149,870639187216504.0,0.21337083838585613,0.0013750987083280732
870639178806093,870639187216504.0,0.21337083838585613,0.0006875493541767589
870639185312381,870639187216504.0,0.21337083838585613,-0.0006875493541513144
870639186827734,870639220349560.0,0.163038447301858,-0.0006875493541513144
870639194856462,870639220349560.0,0.163038447301858,0.0020626480624793874
870639202792370,870639220349560.0,0.163038447301858,0.0006875493541767589
870639210755395,870639220349560.0,0.163038447301858,0.0013750987083280732
870639218785408,870639220349560.0,0.163038447301858,0.0006875493541767589
870639218964103,870639220349560.0,0.163038447301858,-0.0006875493541513144
870639226767204,870639253481336.0,0.3534238666821068,-0.0006875493541513144
870639234751382,870639253481336.0,0.3534238666821068,0.0006875493541767589
870639242736113,870639253481336.0,0.3534238666821068,0.0006875493541767589
870639250736441,870639253481336.0,0.3534238666821068,0.0020626480624793874
870639251718602,870639253481336.0,0.3534238666821068,0.0006875493541767589
870639258775114,870639286834296.0,0.381816352805771,0.0006875493541767589
870639266839546,870639286834296.0,0.381816352805771,-0.0013750987083026287
870639274768628,870639286834296.0,0.381816352805771,0.0006875493541767589
870639282765527,870639286834296.0,0.381816352805771,0.0006875493541767589
870639284950544,870639286834296.0,0.381816352805771,0.0006875493541767589
870639290768298,870639320186744.0,0.381816352805771,0.0006875493541767589
870639298774112,870639320186744.0,0.381816352805771,-0.0006875493541513144
870639306773065,870639320186744.0,0.381816352805771,0.0020626480624793874
870639314767749,870639320186744.0,0.381816352805771,0.0006875493541767589
870639318561239,870639320186744.0,0.381816352805771,0.0013750987083280732
870639322747953,870639353539448.0,0.21337083838585613,0.0013750987083280732
870639330740451,870639353539448.0,0.21337083838585613,-0.0
870639338738481,870639353539448.0,0.21337083838585613,0.0006875493541767589
870639346739456,870639353539448.0,0.21337083838585613,-0.0013750987083026287
870639351915622,870639353539448.0,0.21337083838585613,0.002750197416630702
870639354745067,870639386892408.0,0.8866118423415514,0.002750197416630702
870639362740174,870639386892408.0,0.8866118423415514,-0.0006875493541513144
870639370740410,870639386892408.0,0.8866118423415514,0.0006875493541767589
870639378738453,870639386892408.0,0.8866118423415514,-0.0
870639385308713,870639386892408.0,0.8866118423415514,-0.0013750987083026287
870639386741541,870639420245112.0,0.163038447301858,-0.0013750987083026287
870639394743512,870639420245112.0,0.163038447301858,-0.0
870639402735558,870639420245112.0,0.163038447301858,0.0006875493541767589
870639410757677,870639420245112.0,0.163038447301858,0.0013750987083280732
870639418755101,870639420245112.0,0.163038447301858,0.0006875493541767589
870639418990839,870639420245112.0,0.163038447301858,-0.0
870639426767084,870639453597560.0,0.381816352805771,-0.0
870639434760600,870639453597560.0,0.381816352805771,0.0006875493541767589
870639442760366,870639453597560.0,0.381816352805771,-0.0006875493541513144
870639450758465,870639453597560.0,0.381816352805771,0.0020626480624793874
870639452352464,870639453597560.0,0.381816352805771,0.0006875493541767589
870639458776312,870639486950520.0,0.21337083838585613,0.0006875493541767589
870639466754855,870639486950520.0,0.21337083838585613,-0.0
870639474749341,870639486950520.0,0.21337083838585613,-0.0006875493541513144
870639482747158,870639486950520.0,0.21337083838585613,0.0020626480624793874
870639485781908,870639486950520.0,0.21337083838585613,0.0020626480624793874
870639490864653,870639520302968.0,0.40801490057722845,0.0020626480624793874
870639498852447,870639520302968.0,0.40801490057722845,0.0006875493541767589
870639506858377,870639520302968.0,0.40801490057722845,0.0006875493541767589
870639514757290,870639520302968.0,0.40801490057722845,0.0020626480624793874
870639518681718,870639520302968.0,0.40801490057722845,-0.0006875493541513144
870639522769091,870639553655672.0,0.21337083838585613,-0.0006875493541513144
870639530798998,870639553655672.0,0.21337083838585613,-0.0013750987083026287
870639538873960,870639553655672.0,0.21337083838585613,-0.0006875493541513144
870639546886499,870639553655672.0,0.21337083838585613,0.002750197416630702
870639552461259,870639553655672.0,0.21337083838585613,-0.0
870639554780338,870639587008376.0,1.0598412635570753,-0.0
870639562768066,870639587008376.0,1.0598412635570753,0.0006875493541767589
870639570748434,870639587008376.0,1.0598412635570753,-0.0006875493541513144
870639578757284,870639587008376.0,1.0598412635570753,0.0006875493541767589
870639585838129,870639587008376.0,1.0598412635570753,0.0006875493541767589
870639586751358,870639620360824.0,0.18833225343399818,0.0006875493541767589
870639594748559,870639620360824.0,0.18833225343399818,0.0013750987083280732
870639602746249,870639620360824.0,0.18833225343399818,0.0013750987083280732
870639610757047,870639620360824.0,0.18833225343399818,0.0013750987083280732
870639618757180,870639620360824.0,0.18833225343399818,0.0006875493541767589
870639619153060,870639620360824.0,0.18833225343399818,0.002750197416630702
870639626751617,870639653713528.0,0.024141575822795858,0.002750197416630702
870639634746469,870639653713528.0,0.024141575822795858,0.0020626480624793874
870639642745688,870639653713528.0,0.024141575822795858,0.0006875493541767589
870639650747911,870639653713528.0,0.024141575822795858,-0.0
870639652517114,870639653713528.0,0.024141575822795858,0.0006875493541767589
870639658745303,870639687066232.0,0.9448356871639021,0.0006875493541767589
870639666745533,870639687066232.0,0.9448356871639021,-0.0
870639674765512,870639687066232.0,0.9448356871639021,0.0020626480624793874
870639682874808,870639687066232.0,0.9448356871639021,0.0013750987083280732
870639685979346,870639687066232.0,0.9448356871639021,0.0006875493541767589
870639690797638,870639720418680.0,0.2626982702811347,0.0006875493541767589
870639698799397,870639720418680.0,0.2626982702811347,0.002750197416630702
870639706789929,870639720418680.0,0.2626982702811347,0.0020626480624793874
870639714873476,870639720418680.0,0.2626982702811347,0.0020626480624793874
870639719308705,870639720418680.0,0.2626982702811347,0.0006875493541767589
870639722805707,870639753771128.0,0.23815840017900314,0.0006875493541767589
870639730878926,870639753771128.0,0.23815840017900314,0.0013750987083280732
870639738848960,870639753771128.0,0.23815840017900314,-0.0
870639746875124,870639753771128.0,0.23815840017900314,-0.0006875493541513144
870639752555808,870639753771128.0,0.23815840017900314,-0.0006875493541513144
870639754772640,870639787123832.0,0.381816352805771,-0.0006875493541513144
870639762766750,870639787123832.0,0.381816352805771,-0.0020626480624539433
870639770757880,870639787123832.0,0.381816352805771,0.0006875493541767589
870639778796142,870639787123832.0,0.381816352805771,-0.0
870639785923936,870639787123832.0,0.381816352805771,0.0013750987083280732
870639786780584,870639820476280.0,0.8866118423415514,0.0013750987083280732
870639794872316,870639820476280.0,0.8866118423415514,0.0020626480624793874
870639802798562,870639820476280.0,0.8866118423415514,0.0006875493541767589
870639810805887,870639820476280.0,0.8866118423415514,-0.0
870639818761311,870639820476280.0,0.8866118423415514,-0.0006875493541513144
870639819375130,870639820476280.0,0.8866118423415514,-0.0006875493541513144
870639826756164,870639853828984.0,0.40801490057722845,-0.0006875493541513144
870639834757831,870639853828984.0,0.40801490057722845,-0.0020626480624539433
870639842756987,870639853828984.0,0.40801490057722845,-0.0
870639850774435,870639853828984.0,0.40801490057722845,0.0013750987083280732
870639852740936,870639853828984.0,0.40801490057722845,0.0013750987083280732
870639858755436,870639887181432.0,0.18833225343399818,0.0013750987083280732
870639866782151,870639887181432.0,0.18833225343399818,0.0006875493541767589
870639874751583,870639887181432.0,0.18833225343399818,-0.0
870639882746586,870639887181432.0,0.18833225343399818,-0.0006875493541513144
870639885990942,870639887181432.0,0.18833225343399818,0.002750197416630702
870639890746168,870639920533624.0,1.0820921536594597,0.002750197416630702
870639898762010,870639920533624.0,1.0820921536594597,0.0013750987083280732
870639906754820,870639920533624.0,1.0820921536594597,0.0013750987083280732
870639914768146,870639920533624.0,1.0820921536594597,0.002750197416630702
870639919335491,870639920533624.0,1.0820921536594597,0.0006875493541767589
870639922749818,870639953886328.0,0.13748603969125384,0.0006875493541767589
870639930744721,870639953886328.0,0.13748603969125384,0.0020626480624793874
870639938745069,870639953886328.0,0.13748603969125384,0.0013750987083280732
870639946746681,870639953886328.0,0.13748603969125384,0.0020626480624793874
870639952661815,870639953886328.0,0.13748603969125384,-0.0
870639954746978,870639987238776.0,0.2626982702811347,-0.0
870639962744934,870639987238776.0,0.2626982702811347,0.002750197416630702
870639970745489,870639987238776.0,0.2626982702811347,0.0006875493541767589
870639978746108,870639987238776.0,0.2626982702811347,-0.0013750987083026287
870639985967804,870639987238776.0,0.2626982702811347,0.0006875493541767589
870639986746781,870640020590968.0,1.0598412635570753,0.0006875493541767589
870639994745753,870640020590968.0,1.0598412635570753,0.0013750987083280732
870640002744730,870640020590968.0,1.0598412635570753,-0.0006875493541513144
870640010747659,870640020590968.0,1.0598412635570753,-0.0006875493541513144
870640018748747,870640020590968.0,1.0598412635570753,0.0013750987083280732
870640019344901,870640020590968.0,1.0598412635570753,0.0006875493541767589
870640026753991,870640053943672.0,0.8866118423415514,0.0006875493541767589
870640034762800,870640053943672.0,0.8866118423415514,-0.0006875493541513144
870640042756357,870640053943672.0,0.8866118423415514,0.0006875493541767589
870640050745344,870640053943672.0,0.8866118423415514,0.0006875493541767589
870640052712197,870640053943672.0,0.8866118423415514,0.0013750987083280732
870640058749037,870640087295864.0,1.0820921536594597,0.0013750987083280732
870640066747030,870640087295864.0,1.0820921536594597,0.0020626480624793874
870640074746549,870640087295864.0,1.0820921536594597,0.0013750987083280732
870640082743342,870640087295864.0,1.0820921536594597,-0.0
870640086061750,870640087295864.0,1.0820921536594597,0.0006875493541767589
870640090746253,870640120648312.0,0.21337083838585613,0.0006875493541767589
870640098756399,870640120648312.0,0.21337083838585613,0.0013750987083280732
870640106747043,870640120648312.0,0.21337083838585613,0.0006875493541767589
870640114748684,870640120648312.0,0.21337083838585613,0.0006875493541767589
870640119469549,870640120648312.0,0.21337083838585613,0.002750197416630702
870640122748813,870640154000760.0,0.21337083838585613,0.002750197416630702
870640130770105,870640154000760.0,0.21337083838585613,-0.0
870640138764845,870640154000760.0,0.21337083838585613,-0.0006875493541513144
870640146758154,870640154000760.0,0.21337083838585613,0.0006875493541767589
870640152779565,870640154000760.0,0.21337083838585613,-0.0
870640154749578,870640187352952.0,0.18833225343399818,-0.0
870640162747985,870640187352952.0,0.18833225343399818,-0.0
870640170748773,870640187352952.0,0.18833225343399818,-0.0
870640178747960,870640187352952.0,0.18833225343399818,0.0013750987083280732
870640186164109,870640187352952.0,0.18833225343399818,-0.0
870640186747240,870640220705400.0,0.23815840017900314,-0.0
870640194747693,870640220705400.0,0.23815840017900314,0.0020626480624793874
870640202748841,870640220705400.0,0.23815840017900314,0.0006875493541767589
870640210758195,870640220705400.0,0.23815840017900314,-0.0006875493541513144
870640218755864,870640220705400.0,0.23815840017900314,0.0006875493541767589
870640219622826,870640220705400.0,0.23815840017900314,-0.0
870640226770351,870640254057592.0,0.9448356871639021,-0.0
870640234870566,870640254057592.0,0.9448356871639021,-0.0
870640242794706,870640254057592.0,0.9448356871639021,0.0006875493541767589
870640250869969,870640254057592.0,0.9448356871639021,-0.0020626480624539433
870640253021140,870640254057592.0,0.9448356871639021,0.0020626480624793874
870640258885836,870640287394424.0,0.8866118423415514,0.0020626480624793874
870640266871450,870640287394424.0,0.8866118423415514,0.0006875493541767589
870640274872827,870640287394424.0,0.8866118423415514,-0.0
870640282871591,870640287394424.0,0.8866118423415514,-0.0006875493541513144
870640286299808,870640287394424.0,0.8866118423415514,-0.0
870640290853998,870640320730488.0,0.21337083838585613,-0.0
870640298792530,870640320730488.0,0.21337083838585613,0.0020626480624793874
870640306794971,870640320730488.0,0.21337083838585613,-0.0006875493541513144
870640314874880,870640320730488.0,0.21337083838585613,-0.0006875493541513144
870640319636536,870640320730488.0,0.21337083838585613,-0.0006875493541513144
870640322797207,870640354066040.0,0.18833225343399818,-0.0006875493541513144
870640330756420,870640354066040.0,0.18833225343399818,-0.0006875493541513144
870640338747956,870640354066040.0,0.18833225343399818,-0.0
870640346759892,870640354066040.0,0.18833225343399818,-0.0006875493541513144
870640352964241,870640354066040.0,0.18833225343399818,0.0020626480624793874
870640354751923,870640387400568.0,1.1898123411994845,0.0020626480624793874
870640362746890,870640387400568.0,1.1898123411994845,-0.0
870640370776578,870640387400568.0,1.1898123411994845,0.0020626480624793874
870640378749357,870640387400568.0,1.1898123411994845,0.0020626480624793874
870640386303353,870640387400568.0,1.1898123411994845,0.0013750987083280732
870640386748860,870640420734584.0,0.18833225343399818,0.0013750987083280732
870640394761710,870640420734584.0,0.18833225343399818,0.0013750987083280732
870640402755640,870640420734584.0,0.18833225343399818,-0.0006875493541513144
870640410755566,870640420734584.0,0.18833225343399818,0.0013750987083280732
870640418869965,870640420734584.0,0.18833225343399818,0.0020626480624793874
870640419806021,870640420734584.0,0.18833225343399818,0.0006875493541767589
870640426874965,870640454068088.0,0.29561419710975656,0.0006875493541767589
870640434866960,870640454068088.0,0.29561419710975656,-0.0
870640442820235,870640454068088.0,0.29561419710975656,0.0013750987083280732
870640450767524,870640454068088.0,0.29561419710975656,-0.0006875493541513144
870640453211611,870640454068088.0,0.29561419710975656,-0.0
870640458871562,870640487400568.0,0.8866118423415514,-0.0
870640466870303,870640487400568.0,0.8866118423415514,-0.0020626480624539433
870640474882898,870640487400568.0,0.8866118423415514,0.0013750987083280732
870640482879359,870640487400568.0,0.8866118423415514,-0.0006875493541513144
870640486475430,870640487400568.0,0.8866118423415514,0.0013750987083280732
870640490845329,870640520732792.0,0.40801490057722845,0.0013750987083280732
870640498869971,870640520732792.0,0.40801490057722845,0.0006875493541767589
870640506872497,870640520732792.0,0.40801490057722845,0.0006875493541767589
870640514875907,870640520732792.0,0.40801490057722845,-0.0
870640519921693,870640520732792.0,0.40801490057722845,0.0013750987083280732
870640522860903,870640554063992.0,0.8866118423415514,0.0013750987083280732
870640530870176,870640554063992.0,0.8866118423415514,-0.0
870640538879039,870640554063992.0,0.8866118423415514,0.0020626480624793874
870640546876139,870640554063992.0,0.8866118423415514,0.0006875493541767589
870640553278410,870640554063992.0,0.8866118423415514,-0.0006875493541513144
870640554852876,870640587394424.0,0.32469216492117425,-0.0006875493541513144
870640562884662,870640587394424.0,0.32469216492117425,0.0006875493541767589
870640570876800,870640587394424.0,0.32469216492117425,0.0006875493541767589
870640578878260,870640587394424.0,0.32469216492117425,-0.0
870640586637047,870640587394424.0,0.32469216492117425,-0.0
870640587330511,870640620724600.0,0.163038447301858,-0.0
870640594764121,870640620724600.0,0.163038447301858,0.0020626480624793874
870640602747216,870640620724600.0,0.163038447301858,0.0020626480624793874
870640610745547,870640620724600.0,0.163038447301858,0.0013750987083280732
870640618748062,870640620724600.0,0.163038447301858,0.002750197416630702
870640619778280,870640620724600.0,0.163038447301858,0.0020626480624793874
870640626755476,870640654054008.0,0.35532760505216743,0.0020626480624793874
870640634747280,870640654054008.0,0.35532760505216743,0.0013750987083280732
870640642744745,870640654054008.0,0.35532760505216743,0.0006875493541767589
870640650743992,870640654054008.0,0.35532760505216743,-0.0
870640653076189,870640654054008.0,0.35532760505216743,-0.0
870640658753490,870640687382648.0,0.35532760505216743,-0.0
870640666746627,870640687382648.0,0.35532760505216743,0.0006875493541767589
870640674744882,870640687382648.0,0.35532760505216743,-0.0006875493541513144
870640682745332,870640687382648.0,0.35532760505216743,0.0006875493541767589
870640686331010,870640687382648.0,0.35532760505216743,0.0006875493541767589
870640690757084,870640720710520.0,1.1898123411994845,0.0006875493541767589
870640698747863,870640720710520.0,1.1898123411994845,0.0013750987083280732
870640706746673,870640720710520.0,1.1898123411994845,0.0020626480624793874
870640714743951,870640720710520.0,1.1898123411994845,-0.0
870640719680638,870640720710520.0,1.1898123411994845,0.0006875493541767589
870640722763649,870640754037624.0,1.1898123411994845,0.0006875493541767589
870640730745139,870640754037624.0,1.1898123411994845,0.002750197416630702
870640738752918,870640754037624.0,1.1898123411994845,0.0006875493541767589
870640746745535,870640754037624.0,1.1898123411994845,0.0013750987083280732
870640753062389,870640754037624.0,1.1898123411994845,0.002750197416630702
870640754753508,870640787364216.0,0.18833225343399818,0.002750197416630702
870640762755477,870640787364216.0,0.18833225343399818,-0.0
870640770744395,870640787364216.0,0.18833225343399818,0.0006875493541767589
870640778756869,870640787364216.0,0.18833225343399818,0.0013750987083280732
870640786362616,870640787364216.0,0.18833225343399818,-0.0006875493541513144
870640786753809,870640820690040.0,0.21337083838585613,-0.0006875493541513144
870640794753141,870640820690040.0,0.21337083838585613,0.0006875493541767589
870640802758890,870640820690040.0,0.21337083838585613,0.0020626480624793874
870640810755962,870640820690040.0,0.21337083838585613,-0.0006875493541513144
870640818874300,870640820690040.0,0.21337083838585613,0.0013750987083280732
870640819859931,870640820690040.0,0.21337083838585613,0.002750197416630702
870640826849339,870640854015352.0,0.163038447301858,0.002750197416630702
870640834872447,870640854015352.0,0.163038447301858,0.0006875493541767589
870640842870967,870640854015352.0,0.163038447301858,-0.0
870640850871963,870640854015352.0,0.163038447301858,0.0006875493541767589
870640853244956,870640854015352.0,0.163038447301858,0.0006875493541767589
870640858850070,870640887339896.0,0.21337083838585613,0.0006875493541767589
870640866851547,870640887339896.0,0.21337083838585613,0.0013750987083280732
870640874873547,870640887339896.0,0.21337083838585613,-0.0020626480624539433
870640882873159,870640887339896.0,0.21337083838585613,0.0006875493541767589
870640886616115,870640887339896.0,0.21337083838585613,0.0013750987083280732
870640890840355,870640920663672.0,0.14869739767470946,0.0013750987083280732
870640898868934,870640920663672.0,0.14869739767470946,0.0013750987083280732
870640906853698,870640920663672.0,0.14869739767470946,-0.0006875493541513144
870640914877328,870640920663672.0,0.14869739767470946,-0.0006875493541513144
870640920058541,870640920663672.0,0.14869739767470946,0.0013750987083280732
870640922779200,870640953986936.0,0.21337083838585613,0.0013750987083280732
870640930762583,870640953986936.0,0.21337083838585613,-0.0
870640938743134,870640953986936.0,0.21337083838585613,0.0006875493541767589
870640946742883,870640953986936.0,0.21337083838585613,-0.0
870640953299050,870640953986936.0,0.21337083838585613,-0.0006875493541513144
870640954748582,870640987309432.0,0.2463656712962745,-0.0006875493541513144
870640962749009,870640987309432.0,0.2463656712962745,-0.0
870640970745938,870640987309432.0,0.2463656712962745,-0.0006875493541513144
870640978742383,870640987309432.0,0.2463656712962745,0.0006875493541767589
870640986664278,870640987309432.0,0.2463656712962745,0.0020626480624793874
870640986742891,870641020631160.0,0.21337083838585613,0.0020626480624793874
870640994745098,870641020631160.0,0.21337083838585613,-0.0
870641002743353,870641020631160.0,0.21337083838585613,-0.0020626480624539433
870641010747784,870641020631160.0,0.21337083838585613,-0.0
870641018743459,870641020631160.0,0.21337083838585613,-0.0
870641020054165,870641020631160.0,0.21337083838585613,0.0006875493541767589
870641026754259,870641053952120.0,0.21337083838585613,0.0006875493541767589
870641034746294,870641053952120.0,0.21337083838585613,-0.0013750987083026287
870641042744646,870641053952120.0,0.21337083838585613,-0.0
870641050744554,870641053952120.0,0.21337083838585613,0.0006875493541767589
870641053389265,870641053952120.0,0.21337083838585613,-0.0
870641058746136,870641087272824.0,0.23815840017900314,-0.0
870641066744303,870641087272824.0,0.23815840017900314,-0.0006875493541513144
870641074744139,870641087272824.0,0.23815840017900314,0.0013750987083280732
870641082742950,870641087272824.0,0.23815840017900314,0.0013750987083280732
870641086727379,870641087272824.0,0.23815840017900314,-0.0
870641090745965,870641120592504.0,0.35532760505216743,-0.0
870641098743357,870641120592504.0,0.35532760505216743,0.0013750987083280732
870641106744138,870641120592504.0,0.35532760505216743,-0.0
870641114743287,870641120592504.0,0.35532760505216743,-0.0006875493541513144
870641120102830,870641120592504.0,0.35532760505216743,0.0013750987083280732
870641122779341,870641153911416.0,0.163038447301858,0.0013750987083280732
870641130766528,870641153911416.0,0.163038447301858,-0.0006875493541513144
870641138750945,870641153911416.0,0.163038447301858,-0.0006875493541513144
870641146745216,870641153911416.0,0.163038447301858,0.0020626480624793874
870641153544519,870641153911416.0,0.163038447301858,-0.0
870641154749245,870641187230072.0,1.0598412635570753,-0.0
870641162744558,870641187230072.0,1.0598412635570753,-0.0
870641170742908,870641187230072.0,1.0598412635570753,-0.0
870641178743222,870641187230072.0,1.0598412635570753,0.0013750987083280732
870641186744269,870641187230072.0,1.0598412635570753,-0.0
870641186848503,870641187230072.0,1.0598412635570753,-0.0006875493541513144
870641194744667,870641220547704.0,0.163038447301858,-0.0006875493541513144
870641202743974,870641220547704.0,0.163038447301858,-0.0
870641210743086,870641220547704.0,0.163038447301858,0.002750197416630702
870641218743270,870641220547704.0,0.163038447301858,0.0013750987083280732
870641220380281,870641220547704.0,0.163038447301858,0.0013750987083280732
870641226744775,870641253865336.0,0.40801490057722845,0.0013750987083280732
870641234744045,870641253865336.0,0.40801490057722845,0.0020626480624793874
870641242742245,870641253865336.0,0.40801490057722845,0.0006875493541767589
870641250744075,870641253865336.0,0.40801490057722845,0.002750197416630702
870641253710987,870641253865336.0,0.40801490057722845,0.0013750987083280732
870641258744989,870641287221880.0,0.40801490057722845,0.0013750987083280732
870641266743318,870641287221880.0,0.40801490057722845,0.0020626480624793874
870641274743741,870641287221880.0,0.40801490057722845,-0.0
870641282744085,870641287221880.0,0.40801490057722845,0.0006875493541767589
870641286986581,870641287221880.0,0.40801490057722845,0.0006875493541767589
870641290832947,870641320578680.0,1.0820921536594597,0.0006875493541767589
870641298841738,870641320578680.0,1.0820921536594597,0.0020626480624793874
870641306875890,870641320578680.0,1.0820921536594597,0.0006875493541767589
870641314880051,870641320578680.0,1.0820921536594597,0.0006875493541767589
870641320337607,870641320578680.0,1.0820921536594597,0.0020626480624793874
870641322788619,870641353935480.0,-0.09887985494614782,0.0020626480624793874
870641330751556,870641353935480.0,-0.09887985494614782,0.0020626480624793874
870641338744346,870641353935480.0,-0.09887985494614782,-0.0006875493541513144
870641346743690,870641353935480.0,-0.09887985494614782,0.0013750987083280732
870641353704346,870641353935480.0,-0.09887985494614782,0.004125296124958775
870641354747601,870641387292536.0,0.0,0.004125296124958775
870641362863078,870641387292536.0,0.0,0.0020626480624793874
870641370844154,870641387292536.0,0.0,0.0013750987083280732
870641378873858,870641387292536.0,0.0,0.0013750987083280732
870641386796111,870641387292536.0,0.0,-0.0
870641386957860,870641387292536.0,0.0,0.0006875493541767589
870641394754621,870641420649848.0,0.22303973621814066,0.0006875493541767589
870641402746439,870641420649848.0,0.22303973621814066,0.0013750987083280732
870641410743441,870641420649848.0,0.22303973621814066,-0.0
870641418745567,870641420649848.0,0.22303973621814066,-0.0020626480624539433
870641420325575,870641420649848.0,0.22303973621814066,0.0006875493541767589
870641426747134,870641454007416.0,0.40801490057722845,0.0006875493541767589
870641434762457,870641454007416.0,0.40801490057722845,-0.0006875493541513144
870641442746906,870641454007416.0,0.40801490057722845,-0.0006875493541513144
870641450744678,870641454007416.0,0.40801490057722845,0.0020626480624793874
870641453666458,870641454007416.0,0.40801490057722845,0.0020626480624793874
870641458747292,870641487365240.0,1.0820921536594597,0.0020626480624793874
870641466744085,870641487365240.0,1.0820921536594597,-0.0
870641474743746,870641487365240.0,1.0820921536594597,0.0020626480624793874
870641482745374,870641487365240.0,1.0820921536594597,-0.0
870641487014172,870641487365240.0,1.0820921536594597,0.0013750987083280732
870641490747320,870641520723064.0,0.21337083838585613,0.0013750987083280732
870641498743165,870641520723064.0,0.21337083838585613,0.0013750987083280732
870641506742390,870641520723064.0,0.21337083838585613,0.0006875493541767589
870641514865726,870641520723064.0,0.21337083838585613,0.0013750987083280732
870641520502893,870641520723064.0,0.21337083838585613,-0.0006875493541513144
870641522746572,870641554081400.0,0.21337083838585613,-0.0006875493541513144
870641530817115,870641554081400.0,0.21337083838585613,0.002750197416630702
870641538757700,870641554081400.0,0.21337083838585613,0.0006875493541767589
870641546742125,870641554081400.0,0.21337083838585613,-0.0
870641553808623,870641554081400.0,0.21337083838585613,0.0006875493541767589
870641554806218,870641587439736.0,0.40801490057722845,0.0006875493541767589
870641562757255,870641587439736.0,0.40801490057722845,0.0013750987083280732
870641570749398,870641587439736.0,0.40801490057722845,0.0013750987083280732
870641578745361,870641587439736.0,0.40801490057722845,0.0006875493541767589
870641586750120,870641587439736.0,0.40801490057722845,-0.0
870641587230243,870641587439736.0,0.40801490057722845,0.0013750987083280732
870641594744979,870641620798072.0,0.163038447301858,0.0013750987083280732
870641602743720,870641620798072.0,0.163038447301858,-0.0006875493541513144
870641610744319,870641620798072.0,0.163038447301858,0.0013750987083280732
870641618749975,870641620798072.0,0.163038447301858,0.0006875493541767589
870641620512413,870641620798072.0,0.163038447301858,-0.0
870641626745818,870641654156920.0,0.163038447301858,-0.0
870641634749046,870641654156920.0,0.163038447301858,-0.0
870641642747169,870641654156920.0,0.163038447301858,0.0006875493541767589
870641650744200,870641654156920.0,0.163038447301858,0.0006875493541767589
870641653949663,870641654156920.0,0.163038447301858,0.0006875493541767589
870641658745105,870641687515768.0,0.23815840017900314,0.0006875493541767589
870641666743614,870641687515768.0,0.23815840017900314,0.0013750987083280732
870641674744971,870641687515768.0,0.23815840017900314,0.0006875493541767589
870641682763316,870641687515768.0,0.23815840017900314,0.0013750987083280732
870641687431461,870641687515768.0,0.23815840017900314,-0.0006875493541513144
870641690761023,870641720875128.0,0.048058501142151044,-0.0006875493541513144
870641698745251,870641720875128.0,0.048058501142151044,0.0020626480624793874
870641706757079,870641720875128.0,0.048058501142151044,-0.0
870641714758824,870641720875128.0,0.048058501142151044,0.0020626480624793874
870641720673809,870641720875128.0,0.048058501142151044,-0.0006875493541513144
870641722749753,870641754234488.0,0.14869739767470946,-0.0006875493541513144
870641730735509,870641754234488.0,0.14869739767470946,0.0034377467707820165
870641738750247,870641754234488.0,0.14869739767470946,-0.0006875493541513144
870641746746880,870641754234488.0,0.14869739767470946,0.0006875493541767589
870641753999070,870641754234488.0,0.14869739767470946,-0.0
870641754747343,870641787594104.0,0.2463656712962745,-0.0
870641762745205,870641787594104.0,0.2463656712962745,0.0006875493541767589
870641770759941,870641787594104.0,0.2463656712962745,0.0006875493541767589
870641778760274,870641787594104.0,0.2463656712962745,-0.0020626480624539433
870641786747641,870641787594104.0,0.2463656712962745,-0.0013750987083026287
870641787400715,870641787594104.0,0.2463656712962745,0.0020626480624793874
870641794749463,870641820953976.0,0.163038447301858,0.0020626480624793874
870641802744975,870641820953976.0,0.163038447301858,0.0020626480624793874
870641810748165,870641820953976.0,0.163038447301858,0.0006875493541767589
870641818749975,870641820953976.0,0.163038447301858,0.0013750987083280732
870641820873892,870641820953976.0,0.163038447301858,-0.0
870641826758463,870641854313848.0,1.1898123411994845,-0.0
870641834750863,870641854313848.0,1.1898123411994845,0.0013750987083280732
870641842746899,870641854313848.0,1.1898123411994845,-0.0006875493541513144
870641850745423,870641854313848.0,1.1898123411994845,0.0006875493541767589
870641854203221,870641854313848.0,1.1898123411994845,0.0013750987083280732
870641858762374,870641887673976.0,0.163038447301858,0.0013750987083280732
870641866780057,870641887673976.0,0.163038447301858,-0.0
870641874748558,870641887673976.0,0.163038447301858,-0.0
870641882742699,870641887673976.0,0.163038447301858,0.0006875493541767589
870641887561700,870641887673976.0,0.163038447301858,0.0020626480624793874
870641890743473,870641921034360.0,0.8866118423415514,0.0020626480624793874
870641898742232,870641921034360.0,0.8866118423415514,-0.0006875493541513144
870641906742889,870641921034360.0,0.8866118423415514,-0.0020626480624539433
870641914742031,870641921034360.0,0.8866118423415514,0.0006875493541767589
870641920963043,870641921034360.0,0.8866118423415514,0.0006875493541767589
870641922751188,870641954395256.0,0.40801490057722845,0.0006875493541767589
870641930778975,870641954395256.0,0.40801490057722845,0.0006875493541767589
870641938750665,870641954395256.0,0.40801490057722845,0.0006875493541767589
870641946773045,870641954395256.0,0.40801490057722845,0.0006875493541767589
870641954269359,870641954395256.0,0.40801490057722845,0.0013750987083280732
870641954757661,870641987756152.0,0.381816352805771,0.0013750987083280732
870641962750347,870641987756152.0,0.381816352805771,0.002750197416630702
870641970746757,870641987756152.0,0.381816352805771,0.0020626480624793874
870641978774479,870641987756152.0,0.381816352805771,0.0020626480624793874
870641986763234,870641987756152.0,0.381816352805771,0.0013750987083280732
870641987664100,870641987756152.0,0.381816352805771,-0.0
870641994751151,870642021117048.0,0.163038447301858,-0.0
870642002745832,870642021117048.0,0.163038447301858,-0.0
870642010754834,870642021117048.0,0.163038447301858,-0.0013750987083026287
870642018755576,870642021117048.0,0.163038447301858,0.0006875493541767589
870642020912914,870642021117048.0,0.163038447301858,0.0006875493541767589
870642026770333,870642054478200.0,1.1898123411994845,0.0006875493541767589
870642034753326,870642054478200.0,1.1898123411994845,-0.0
870642042748738,870642054478200.0,1.1898123411994845,0.0013750987083280732
870642050746894,870642054478200.0,1.1898123411994845,0.0013750987083280732
870642054273277,870642054478200.0,1.1898123411994845,-0.0
870642058747424,870642087839864.0,0.14869739767470946,-0.0
870642066780225,870642087839864.0,0.14869739767470946,-0.0006875493541513144
870642074748615,870642087839864.0,0.14869739767470946,0.0006875493541767589
870642082766979,870642087839864.0,0.14869739767470946,-0.0020626480624539433
870642087628503,870642087839864.0,0.14869739767470946,0.0006875493541767589
870642090748688,870642121201528.0,0.8866118423415514,0.0006875493541767589
870642098743962,870642121201528.0,0.8866118423415514,0.0013750987083280732
870642106744322,870642121201528.0,0.8866118423415514,0.0013750987083280732
870642114741312,870642121201528.0,0.8866118423415514,0.002750197416630702
870642120957234,870642121201528.0,0.8866118423415514,0.0006875493541767589
870642122771102,870642154563192.0,0.21337083838585613,0.0006875493541767589
870642130748550,870642154563192.0,0.21337083838585613,0.0006875493541767589
870642138743873,870642154563192.0,0.21337083838585613,0.0006875493541767589
870642146746525,870642154563192.0,0.21337083838585613,0.0013750987083280732
870642154462629,870642154563192.0,0.21337083838585613,0.0006875493541767589
870642154789728,870642187925368.0,0.381816352805771,0.0006875493541767589
870642162746048,870642187925368.0,0.381816352805771,0.0013750987083280732
870642170744488,870642187925368.0,0.381816352805771,-0.0
870642178744264,870642187925368.0,0.381816352805771,-0.0
870642186744018,870642187925368.0,0.381816352805771,0.0020626480624793874
870642187746424,870642187925368.0,0.381816352805771,-0.0
870642194742730,870642221287544.0,0.163038447301858,-0.0
870642202742767,870642221287544.0,0.163038447301858,-5.729577949564657e-05
870642210744280,870642221287544.0,0.163038447301858,-5.729577949564657e-05
870642218743279,870642221287544.0,0.163038447301858,-0.0035523383297987538
870642221054320,870642221287544.0,0.163038447301858,-0.0042971834634711594
870642226755292,870642254649720.0,1.1898123411994845,-0.0042971834634711594
870642234743005,870642254649720.0,1.1898123411994845,-0.007734930234253176
870642242743421,870642254649720.0,1.1898123411994845,-0.012605071492858912
870642250744340,870642254649720.0,1.1898123411994845,-0.01885031145979272
870642254401094,870642254649720.0,1.1898123411994845,-0.023032903364247143
870642258755809,870642288007032.0,0.8866118423415514,-0.023032903364247143
870642266745757,870642288007032.0,0.8866118423415514,-0.030595946259987933
870642274743006,870642288007032.0,0.8866118423415514,-0.04102377813135072
870642282744161,870642288007032.0,0.8866118423415514,-0.05145161000273895
870642287773607,870642288007032.0,0.8866118423415514,-0.06663499157371618
870642290747273,870642321364600.0,0.30655896470261723,-0.06663499157371618
870642298743446,870642321364600.0,0.30655896470261723,-0.0846831621203154
870642306744759,870642321364600.0,0.30655896470261723,-0.10674203723285666
870642314748771,870642321364600.0,0.30655896470261723,-0.13166570132104538
870642321189812,870642321364600.0,0.30655896470261723,-0.1627773095966468
870642322747272,870642354721912.0,0.21337083838585613,-0.1627773095966468
870642330744118,870642354721912.0,0.21337083838585613,-0.19314407273860124
870642338742106,870642354721912.0,0.21337083838585613,-0.23101658299674996
870642346742408,870642354721912.0,0.21337083838585613,-0.2709517413173526
870642354413078,870642354721912.0,0.21337083838585613,-0.3109441954175018
870642354745520,870642388079480.0,0.053343139400936934,-0.3109441954175018
870642362745048,870642388079480.0,0.053343139400936934,-0.3563797485713659
870642370745435,870642388079480.0,0.053343139400936934,-0.403190400433558
870642378742742,870642388079480.0,0.053343139400936934,-0.45269395393285977
870642386742312,870642388079480.0,0.053343139400936934,-0.5064373951161371
870642387760462,870642388079480.0,0.053343139400936934,-0.5635612872906752
870642394744489,870642421437560.0,0.381816352805771,-0.5635612872906752
870642402741342,870642421437560.0,0.381816352805771,-0.623378081102323
870642410743852,870642421437560.0,0.381816352805771,-0.6860596638896437
870642418742490,870642421437560.0,0.381816352805771,-0.753554092156049
870642421132458,870642421437560.0,0.381816352805771,-0.8215641824380678
870642426750352,870642454795384.0,0.163038447301858,-0.8215641824380678
870642434757282,870642454795384.0,0.163038447301858,-0.8910639629874568
870642442759090,870642454795384.0,0.163038447301858,-0.9626263915992999
870642450747080,870642454795384.0,0.163038447301858,-1.0415799757683204
870642454488424,870642454795384.0,0.163038447301858,-1.1174395878436345
870642458744997,870642488153464.0,-0.6808841139825574,-1.1174395878436345
870642466741175,870642488153464.0,-0.6808841139825574,-1.197940158059521
870642474741803,870642488153464.0,-0.6808841139825574,-1.2804460805583657
870642482741384,870642488153464.0,-0.6808841139825574,-1.3671918907411604
870642487821529,870642488153464.0,-0.6808841139825574,-1.4586359548440486
870642490744333,870642521511800.0,-0.9889519616189375,-1.4586359548440486
870642498742749,870642521511800.0,-0.9889519616189375,-1.5501946105059536
870642506742542,870642521511800.0,-0.9889519616189375,-1.6476547314576913
870642514742245,870642521511800.0,-0.9889519616189375,-1.7494120358729253
870642521196599,870642521511800.0,-0.9889519616189375,-1.8505390867135294
870642522747512,870642554870136.0,-1.912388633426076,-1.8505390867135294
870642530745096,870642554870136.0,-1.912388633426076,-1.9571665323873693
870642538745398,870642554870136.0,-1.912388633426076,-2.065340964108075
870642546745064,870642554870136.0,-1.912388633426076,-2.180276297811303
870642554565581,870642554870136.0,-1.912388633426076,-2.2944667863808834
870642554748832,870642588228472.0,-1.912388633426076,-2.2944667863808834
870642562745026,870642588228472.0,-1.912388633426076,-2.413470120429549
870642570743305,870642588228472.0,-1.912388633426076,-2.536541454823652
870642578742138,870642588228472.0,-1.912388633426076,-2.6623629866343856
870642586743324,870642588228472.0,-1.912388633426076,-2.787496969090968
870642587900754,870642588228472.0,-1.912388633426076,-2.9168135434519793
870642594744090,870642621587064.0,-2.697962854768406,-2.9168135434519793
870642602741417,870642621587064.0,-2.697962854768406,-3.047505216521319
870642610741901,870642621587064.0,-2.697962854768406,-3.1816919321409616
870642618770972,870642621587064.0,-2.697962854768406,-3.315821351981083
870642621267710,870642621587064.0,-2.697962854768406,-3.4575138147169455
870642626764976,870642654946168.0,-2.871634886286131,-3.4575138147169455
870642634747048,870642654946168.0,-2.871634886286131,-3.6005240803815894
870642642756583,870642654946168.0,-2.871634886286131,-3.746284543462889
870642650743570,870642654946168.0,-2.871634886286131,-3.898920500085728
870642654632106,870642654946168.0,-2.871634886286131,-4.0501813580002635
870642658744461,870642688305016.0,-3.8695995791315454,-4.0501813580002635
870642666743511,870642688305016.0,-3.8695995791315454,-4.2104376532983645
870642674752798,870642688305016.0,-3.8695995791315454,-4.372011751525246
870642682747015,870642688305016.0,-3.8695995791315454,-4.532153455264305
870642687964848,870642688305016.0,-3.8695995791315454,-4.699915497678624
870642690756598,870642721663864.0,-3.7851317900528727,-4.699915497678624
870642698745880,870642721663864.0,-3.7851317900528727,-4.863609539747507
870642706747114,870642721663864.0,-3.7851317900528727,-5.033491526003777
870642714746230,870642721663864.0,-3.7851317900528727,-5.200737906402484
870642721339366,870642721663864.0,-3.7851317900528727,-5.376005695932998
870642722749034,870642755022968.0,-4.75456224877982,-5.376005695932998
870642730746398,870642755022968.0,-4.75456224877982,-5.555627964706504
870642738745584,870642755022968.0,-4.75456224877982,-5.738458797132759
870642746747356,870642755022968.0,-4.75456224877982,-5.9267327286127305
870642754686624,870642755022968.0,-4.75456224877982,-6.119074660438162
870642754754339,870642788382328.0,-5.6652982749382375,-6.119074660438162
870642762752391,870642788382328.0,-5.6652982749382375,-6.314166789680202
870642770746497,870642788382328.0,-5.6652982749382375,-6.50450336922265
870642778745014,870642788382328.0,-5.6652982749382375,-6.698220399756387
870642786752781,870642788382328.0,-5.6652982749382375,-6.891364472494988
870642788015561,870642788382328.0,-5.6652982749382375,-7.095566630679608
870642794747320,870642821741688.0,-5.800201209765845,-7.095566630679608
870642802743991,870642821741688.0,-5.800201209765845,-7.300169859320849
870642810746247,870642821741688.0,-5.800201209765845,-7.509012975646017
870642818743714,870642821741688.0,-5.800201209765845,-7.722038683875662
870642821426595,870642821741688.0,-5.800201209765845,-7.941882589867352
870642826759389,870642855101304.0,-6.688187300014107,-7.941882589867352
870642834755843,870642855101304.0,-6.688187300014107,-8.162987003008354
870642842754382,870642855101304.0,-6.688187300014107,-8.381398514512219
870642850750414,870642855101304.0,-6.688187300014107,-8.59923706822095
870642854801385,870642855101304.0,-6.688187300014107,-8.819138269992159
870642858756076,870642888460920.0,-7.988564504651322,-8.819138269992159
870642866743575,870642888460920.0,-7.988564504651322,-9.048665162721564
870642874750853,870642888460920.0,-7.988564504651322,-9.279509858379777
870642882755754,870642888460920.0,-7.988564504651322,-9.516542498225402
870642888056047,870642888460920.0,-7.988564504651322,-9.761768434541398
870642890779484,870642921820792.0,-8.825003813962013,-9.761768434541398
870642898883810,870642921820792.0,-8.825003813962013,-10.004759835456376
870642906877563,870642921820792.0,-8.825003813962013,-10.245803179867917
870642914872838,870642921820792.0,-8.825003813962013,-10.48776325675167
870642921490648,870642921820792.0,-8.825003813962013,-10.736426939838447
870642922856382,870642955180664.0,-9.80326891633024,-10.736426939838447
870642930777402,870642955180664.0,-9.80326891633024,-10.988413778136966
870642938782597,870642955180664.0,-9.80326891633024,-11.244640504119484
870642946750133,870642955180664.0,-9.80326891633024,-11.505622779801566
870642954761601,870642955180664.0,-9.80326891633024,-11.774569168835987
870642954968716,870642955180664.0,-9.80326891633024,-12.034863895163918
870642962755308,870642988540792.0,-10.910618558552358,-12.034863895163918
870642970757723,870642988540792.0,-10.910618558552358,-12.295273213050866
870642978757539,870642988540792.0,-10.910618558552358,-12.563818531628687
870642986873499,870642988540792.0,-10.910618558552358,-12.834598385607501
870642988358208,870642988540792.0,-10.910618558552358,-13.115003930544537
870642994785227,870643021900920.0,-11.859496596805059,-13.115003930544537
870643002750632,870643021900920.0,-11.859496596805059,-13.401425532330448
870643010744067,870643021900920.0,-11.859496596805059,-13.683664542211877
870643018742785,870643021900920.0,-11.859496596805059,-13.961892847527416
870643021588384,870643021900920.0,-11.859496596805059,-14.246309097030341
870643026754295,870643055261304.0,-12.70056811317329,-14.246309097030341
870643034754647,870643055261304.0,-12.70056811317329,-14.533360952390883
870643042744803,870643055261304.0,-12.70056811317329,-14.829522836694004
870643050742985,870643055261304.0,-12.70056811317329,-15.13445097526263
870643054916192,870643055261304.0,-12.70056811317329,-15.438576972918089
870643058746704,870643088621944.0,-13.82494983268441,-15.438576972918089
870643066742707,870643088621944.0,-13.82494983268441,-15.734566969882673
870643074742565,870643088621944.0,-13.82494983268441,-16.037718939286375
870643082742117,870643088621944.0,-13.82494983268441,-16.34058442979252
870643088261776,870643088621944.0,-13.82494983268441,-16.652731836579814
870643090749448,870643121982328.0,-15.911247726296892,-16.652731836579814
870643098748940,870643121982328.0,-15.911247726296892,-16.977427019080444
870643106744349,870643121982328.0,-15.911247726296892,-17.29226732750482
870643114757516,870643121982328.0,-15.911247726296892,-17.610659974259022
870643121647591,870643121982328.0,-15.911247726296892,-17.927104564509783
870643122753943,870643155343224.0,-16.706078987358097,-17.927104564509783
870643130748010,870643155343224.0,-16.706078987358097,-18.25243000058507
870643138745598,870643155343224.0,-16.706078987358097,-18.585203887997054
870643146746775,870643155343224.0,-16.706078987358097,-18.921530113738836
870643154745642,870643155343224.0,-16.706078987358097,-19.256252057654258
870643154875469,870643155343224.0,-16.706078987358097,-19.583009888217365
870643162743860,870643188704120.0,-17.98359868798869,-19.583009888217365
870643170741848,870643188704120.0,-17.98359868798869,-19.922659269170914
870643178742857,870643188704120.0,-17.98359868798869,-20.268210115414323
870643186742411,870643188704120.0,-17.98359868798869,-20.624074201970075
870643188354015,870643188704120.0,-17.98359868798869,-20.973578456999874
870643194745140,870643222065016.0,-18.681963116215286,-20.973578456999874
870643202741889,870643222065016.0,-18.681963116215286,-21.320504401951585
870643210748977,870643222065016.0,-18.681963116215286,-21.672988037516074
870643218742732,870643222065016.0,-18.681963116215286,-22.030972067913805
870643221693256,870643222065016.0,-18.681963116215286,-22.401904944481515
870643226744661,870643255425656.0,-20.82278371167547,-22.401904944481515
870643234742141,870643255425656.0,-20.82278371167547,-22.762295397618796
870643242743003,870643255425656.0,-20.82278371167547,-23.11288827245935
870643250742503,870643255425656.0,-20.82278371167547,-23.466632415173127
870643255064074,870643255425656.0,-20.82278371167547,-23.821293290359087
870643258744946,870643288806520.0,-21.77472773330311,-23.821293290359087
870643266742367,870643288806520.0,-21.77472773330311,-24.18007946167001
870643274741773,870643288806520.0,-21.77472773330311,-24.53193284365987
870643282741269,870643288806520.0,-21.77472773330311,-24.870149830125595
870643288412961,870643288806520.0,-21.77472773330311,-25.207049013662512
870643290749238,870643322187384.0,-22.724240371283912,-25.207049013662512
870643298748280,870643322187384.0,-22.724240371283912,-25.544521154994566
870643306744305,870643322187384.0,-22.724240371283912,-25.886233184010592
870643314742997,870643322187384.0,-22.724240371283912,-26.228460875042234
870643321807429,870643322187384.0,-22.724240371283912,-26.552067437732113
870643322754315,870643355569272.0,-24.80022523497169,-26.552067437732113
870643330750081,870643355569272.0,-24.80022523497169,-26.876533437114713
870643338746083,870643355569272.0,-24.80022523497169,-27.199165971552862
870643346746230,870643355569272.0,-24.80022523497169,-27.52506436542328
870643354764498,870643355569272.0,-24.80022523497169,-27.850275209939525
870643355142267,870643355569272.0,-24.80022523497169,-28.167120870646883
870643362748414,870643388951928.0,-25.864319244116786,-28.167120870646883
870643370780665,870643388951928.0,-25.864319244116786,-28.471934417656474
870643378793315,870643388951928.0,-25.864319244116786,-28.77737821824071
870643386765423,870643388951928.0,-25.864319244116786,-29.081389624337127
870643388394996,870643388951928.0,-25.864319244116786,-29.388781481424832
870643394879397,870643422335096.0,-26.859925286018353,-29.388781481424832
870643402889729,870643422335096.0,-26.859925286018353,-29.69823598657499
870643410873872,870643422335096.0,-26.859925286018353,-29.995314603350316
870643418870744,870643422335096.0,-26.859925286018353,-30.284142627875756
870643421903927,870643422335096.0,-26.859925286018353,-30.57526248358174
870643426865290,870643455719032.0,-27.878409368146862,-30.57526248358174
870643434877133,870643455719032.0,-27.878409368146862,-30.861512198029086
870643442869366,870643455719032.0,-27.878409368146862,-31.14988185631843
870643450868529,870643455719032.0,-27.878409368146862,-31.442262219173696
870643455347549,870643455719032.0,-27.878409368146862,-31.724214750157568
870643458786639,870643489103736.0,-28.76441324300248,-31.724214750157568
870643466750987,870643489103736.0,-28.76441324300248,-31.997401026875938
870643474743319,870643489103736.0,-28.76441324300248,-32.2678944019572
870643482742141,870643489103736.0,-28.76441324300248,-32.53701267833016
870643488671511,870643489103736.0,-28.76441324300248,-32.80802171542703
870643490743833,870643522488952.0,-29.71673804527714,-32.80802171542703
870643498742950,870643522488952.0,-29.71673804527714,-33.0798328934371
870643506741210,870643522488952.0,-29.71673804527714,-33.349524127605164
870643514741015,870643522488952.0,-29.71673804527714,-33.60683947339843
870643522023508,870643522488952.0,-29.71673804527714,-33.8576803961067
870643522746265,870643555874936.0,-30.88191559431982,-33.8576803961067
870643530742488,870643555874936.0,-30.88191559431982,-34.10869320615352
870643538741929,870643555874936.0,-30.88191559431982,-34.356841227224685
870643546745476,870643555874936.0,-30.88191559431982,-34.60848429084612
870643554754860,870643555874936.0,-30.88191559431982,-34.8593252135544
870643555271662,870643555874936.0,-30.88191559431982,-35.10672838949189
870643562750389,870643589261688.0,-31.82966588213924,-35.10672838949189
870643570751536,870643589261688.0,-31.82966588213924,-35.34181297283408
870643578750035,870643589261688.0,-31.82966588213924,-35.57615271104259
870643586757508,870643589261688.0,-31.82966588213924,-35.80642444890567
870643588647507,870643589261688.0,-31.82966588213924,-36.03469083448579
870643594753912,870643622648952.0,-32.68282989223965,-36.03469083448579
870643602756339,870643622648952.0,-32.68282989223965,-36.26077998044441
870643610759318,870643622648952.0,-32.68282989223965,-36.48898907024501
870643618757200,870643622648952.0,-32.68282989223965,-36.717198160045605
870643621958233,870643622648952.0,-32.68282989223965,-36.94047981280811
870643626757068,870643656036984.0,-33.84553608379801,-36.94047981280811
870643634749287,870643656036984.0,-33.84553608379801,-37.15682867624949
870643642749053,870643656036984.0,-33.84553608379801,-37.36378103185074
870643650758702,870643656036984.0,-33.84553608379801,-37.56964476764127
870643655563219,870643656036984.0,-33.84553608379801,-37.77613875700643
870643658750578,870643689425528.0,-33.923014806511276,-37.77613875700643
870643666745864,870643689425528.0,-33.923014806511276,-37.97913770382126
870643674745157,870643689425528.0,-33.923014806511276,-38.18207935485662
870643682744130,870643689425528.0,-33.923014806511276,-38.38238540003431
870643688774462,870643689425528.0,-33.923014806511276,-38.58532705106967
870643690751802,870643722814840.0,-34.82843168537664,-38.58532705106967
870643698745097,870643722814840.0,-34.82843168537664,-38.778585715367285
870643706748254,870643722814840.0,-34.82843168537664,-38.96582832281606
870643714747082,870643722814840.0,-34.82843168537664,-39.15100828220232
870643722105929,870643722814840.0,-34.82843168537664,-39.33275049481783
870643722748100,870643756205176.0,-35.88988729763929,-39.33275049481783
870643730743104,870643756205176.0,-35.88988729763929,-39.50893501682055
870643738741625,870643756205176.0,-35.88988729763929,-39.687239482665255
870643746742020,870643756205176.0,-35.88988729763929,-39.86004355367674
870643754742308,870643756205176.0,-35.88988729763929,-40.034967568530156
870643755454817,870643756205176.0,-35.88988729763929,-40.209719696045056
870643762743629,870643789596024.0,-35.795195883682396,-40.209719696045056
870643770743650,870643789596024.0,-35.795195883682396,-40.37908602028574
870643778742591,870643789596024.0,-35.795195883682396,-40.54220710455949
870643786743270,870643789596024.0,-35.795195883682396,-40.70189044206243
870643788794858,870643789596024.0,-35.795195883682396,-40.8550993564804
870643794747777,870643822987384.0,-37.82884742472183,-40.8550993564804
870643802743815,870643822987384.0,-37.82884742472183,-41.006990467969594
870643810742754,870643822987384.0,-37.82884742472183,-41.15681893139632
870643818742486,870643822987384.0,-37.82884742472183,-41.30320964805226
870643822148485,870643822987384.0,-37.82884742472183,-41.451720308550165
870643826745813,870643856379512.0,-37.8024766361751,-41.451720308550165
870643834742767,870643856379512.0,-37.8024766361751,-41.59467327843529
870643842742186,870643856379512.0,-37.8024766361751,-41.734131205770126
870643850742728,870643856379512.0,-37.8024766361751,-41.877084175655256
870643855509639,870643856379512.0,-37.8024766361751,-42.00915094743295
870643858757212,870643889772152.0,-37.81574742464633,-42.00915094743295
870643866781802,870643889772152.0,-37.81574742464633,-42.145858677351136
870643874780574,870643889772152.0,-37.81574742464633,-42.27374285722435
870643882766807,870643889772152.0,-37.81574742464633,-42.3975017409726
870643888901949,870643889772152.0,-37.81574742464633,-42.51581752566712
870643890749706,870643923165560.0,-38.745729828708136,-42.51581752566712
870643898761081,870643923165560.0,-38.745729828708136,-42.63482085971578
870643906770471,870643923165560.0,-38.745729828708136,-42.750386446993694
870643914876101,870643923165560.0,-38.745729828708136,-42.86119648457196
870643922455631,870643923165560.0,-38.745729828708136,-42.968626071158994
870643922781507,870643956559736.0,-38.745729828708136,-42.968626071158994
870643930797481,870643956559736.0,-38.745729828708136,-43.074623263258204
870643938790028,870643956559736.0,-38.745729828708136,-43.18262580764034
870643946766749,870643956559736.0,-38.745729828708136,-43.28243505555214
870643954759631,870643956559736.0,-38.745729828708136,-43.38161404988931
870643955935212,870643956559736.0,-38.745729828708136,-43.47729800167615
870643962748379,870643989954680.0,-39.85454195646804,-43.47729800167615
870643970743643,870643989954680.0,-39.85454195646804,-43.57378409437618
870643978744315,870643989954680.0,-39.85454195646804,-43.6619050032673
870643986743498,870643989954680.0,-39.85454195646804,-43.75283340535456
870643989080596,870643989954680.0,-39.85454195646804,-43.83619876454609
870643994745663,870644023350136.0,-39.85454195646804,-43.83619876454609
870644002742724,870644023350136.0,-39.85454195646804,-43.92019437731225
870644010742344,870644023350136.0,-39.85454195646804,-43.99874689102472
870644018741620,870644023350136.0,-39.85454195646804,-44.07391895374586
870644022510554,870644023350136.0,-39.85454195646804,-44.14565326969624
870644026746524,870644056746360.0,-39.85454195646804,-44.14565326969624
870644034766037,870644056746360.0,-39.85454195646804,-44.21538223336369
870644042747764,870644056746360.0,-39.85454195646804,-44.27978268953639
870644050746144,870644056746360.0,-39.85454195646804,-44.344183145709096
870644055745863,870644056746360.0,-39.85454195646804,-44.40159351678118
870644058747464,870644090143352.0,-39.85454195646804,-44.40159351678118
870644066745291,870644090143352.0,-39.85454195646804,-44.455738028421024
870644074743477,870644090143352.0,-39.85454195646804,-44.4388357734647
870644082743577,870644090143352.0,-39.85454195646804,-44.43631475916612
870644089014570,870644090143352.0,-39.85454195646804,-44.43012681497872
870644090746697,870644123540856.0,-39.85454195646804,-44.43012681497872
870644098746508,870644123540856.0,-39.85454195646804,-44.42451182858641
870644106742232,870644123540856.0,-39.85454195646804,-44.41276619378622
870644114743326,870644123540856.0,-39.85454195646804,-44.400218418072875
870644122386323,870644123540856.0,-39.85454195646804,-44.380852444597444
870644122757370,870644156938872.0,-39.85454195646804,-44.380852444597444
870644130744679,870644156938872.0,-39.85454195646804,-44.36154376690154
870644138743310,870644156938872.0,-39.85454195646804,-44.33386990539672
870644146741815,870644156938872.0,-39.85454195646804,-44.30699818480509
870644154743023,870644156938872.0,-39.85454195646804,-44.278694069725645
870644155698496,870644156938872.0,-39.85454195646804,-44.24425930623825
870644162744689,870644190337912.0,-39.85454195646804,-44.24425930623825
870644170742869,870644190337912.0,-39.85454195646804,-44.20776189468846
870644178742560,870644190337912.0,-39.85454195646804,-44.171321778918134
870644186742012,870644190337912.0,-39.85454195646804,-44.12806346538576
870644189069507,870644190337912.0,-39.85454195646804,-44.08136740508258
870644194744127,870644223737464.0,-39.85454195646804,-44.08136740508258
870644202742650,870644223737464.0,-39.85454195646804,-44.034041091204784
870644210742108,870644223737464.0,-39.85454195646804,-43.981901931847865
870644218743148,870644223737464.0,-39.85454195646804,-43.92695527929482
870644222450258,870644223737464.0,-39.85454195646804,-43.871378373167154
870644226745578,870644257137016.0,-39.85454195646804,-43.871378373167154
870644234742503,870644257137016.0,-39.85454195646804,-43.81379611475649
870644242742292,870644257137016.0,-39.85454195646804,-43.750598869953535
870644250742995,870644257137016.0,-39.85454195646804,-43.68339092058471
870644255769415,870644257137016.0,-39.85454195646804,-43.61543812608222
870644258745770,870644290494072.0,-39.85454195646804,-43.61543812608222
870644266781473,870644290494072.0,-39.85454195646804,-43.54347462701375
870644274750918,870644290494072.0,-39.85454195646804,-43.47208408574044
870644282747880,870644290494072.0,-39.85454195646804,-43.39599529054707
870644289200106,870644290494072.0,-39.85454195646804,-43.314291508961446
870644290748255,870644323851640.0,-39.85454195646804,-43.314291508961446
870644298743875,870644323851640.0,-39.85454195646804,-43.23407741764311
870644306742751,870644323851640.0,-39.85454195646804,-43.15042557955402
870644314742505,870644323851640.0,-39.85454195646804,-43.064023544048275
870644322573435,870644323851640.0,-39.85454195646804,-42.972751367283955
870644322879076,870644357208696.0,-37.81574742464633,-42.972751367283955
870644330743000,870644357208696.0,-37.81574742464633,-42.87947383823664
870644338743055,870644357208696.0,-37.81574742464633,-42.7841909569064
870644346741324,870644357208696.0,-37.81574742464633,-42.68277742716822
870644354741580,870644357208696.0,-37.81574742464633,-42.58061905229642
870644355803719,870644357208696.0,-37.81574742464633,-42.47233002901666
870644362744024,870644390566264.0,-37.81574742464633,-42.47233002901666
870644370746277,870644390566264.0,-37.81574742464633,-42.36335345638282
870644378749245,870644390566264.0,-37.81574742464633,-42.248819193136136
870644386751329,870644390566264.0,-37.81574742464633,-42.13164932403189
870644389216013,870644390566264.0,-37.81574742464633,-42.013104356219344
870644394748112,870644423923320.0,-37.982797028231346,-42.013104356219344
870644402749474,870644423923320.0,-37.982797028231346,-41.89112164163599
870644410762678,870644423923320.0,-37.982797028231346,-41.7656438845023
870644418755754,870644423923320.0,-37.982797028231346,-41.63890562021941
870644422571145,870644423923320.0,-37.982797028231346,-41.51073496144865
870644426758267,870644457280632.0,-36.8808109633145,-41.51073496144865
870644434749836,870644457280632.0,-36.8808109633145,-41.37712120362413
870644442743571,870644457280632.0,-36.8808109633145,-41.242762600665955
870644450745965,870644457280632.0,-36.8808109633145,-41.105653800291115
870644455832953,870644457280632.0,-36.8808109633145,-40.96934714082953
870644458746004,870644490637944.0,-36.84175423934664,-40.96934714082953
870644466747715,870644490637944.0,-36.84175423934664,-40.82404504398434
870644474746418,870644490637944.0,-36.84175423934664,-40.67868565135964
870644482742700,870644490637944.0,-36.84175423934664,-40.52897177949195
870644489177923,870644490637944.0,-36.84175423934664,-40.37306996343683
870644490750062,870644523995000.0,-35.941382199758124,-40.37306996343683
870644498750006,870644523995000.0,-35.941382199758124,-40.21310014703634
870644506748274,870644523995000.0,-35.941382199758124,-40.05038013321919
870644514747407,870644523995000.0,-35.941382199758124,-39.888977922330824
870644522703601,870644523995000.0,-35.941382199758124,-39.727575711442455
870644522847926,870644557352312.0,-34.82843168537664,-39.727575711442455
870644530749111,870644557352312.0,-34.82843168537664,-39.557922908304214
870644538744811,870644557352312.0,-34.82843168537664,-39.39302565486557
870644546746538,870644557352312.0,-34.82843168537664,-39.2213674994444
870644554748556,870644557352312.0,-34.82843168537664,-39.0462143014729
870644556022874,870644557352312.0,-34.82843168537664,-38.86556070866814
870644562754696,870644590709368.0,-34.96614099240901,-38.86556070866814
870644570764784,870644590709368.0,-34.96614099240901,-38.68152666487215
870644578759618,870644590709368.0,-34.96614099240901,-38.491419268447736
870644586757335,870644590709368.0,-34.96614099240901,-38.29987947753549
870644589412506,870644590709368.0,-34.96614099240901,-38.10753754571006
870644594858350,870644624066680.0,-33.84553608379801,-38.10753754571006
870644602889386,870644624066680.0,-33.84553608379801,-37.91531020544367
870644610799992,870644624066680.0,-33.84553608379801,-37.71890027327285
870644618770932,870644624066680.0,-33.84553608379801,-37.5238654398103
870644622759140,870644624066680.0,-33.84553608379801,-37.32407505664818
870644626770442,870644657423736.0,-32.72952535630765,-37.32407505664818
870644634759699,870644657423736.0,-32.72952535630765,-37.12004478580209
870644642880184,870644657423736.0,-32.72952535630765,-36.90948279609152
870644650884318,870644657423736.0,-32.72952535630765,-36.69204531283936
870644656156619,870644657423736.0,-32.72952535630765,-36.47191492795012
870644658884656,870644690781048.0,-32.98233334668694,-36.47191492795012
870644666877325,870644690781048.0,-32.98233334668694,-36.25516499405211
870644674868823,870644690781048.0,-32.98233334668694,-36.03629511631215
870644682873292,870644690781048.0,-32.98233334668694,-35.81610743564336
870644689512373,870644690781048.0,-32.98233334668694,-35.592997670219425
870644690804471,870644724138104.0,-30.88191559431982,-35.592997670219425
870644698870912,870644724138104.0,-30.88191559431982,-35.3673095947174
870644706872269,870644724138104.0,-30.88191559431982,-35.13268337761133
870644714875141,870644724138104.0,-30.88191559431982,-34.8960518082223
870644722784633,870644724138104.0,-30.88191559431982,-34.651112350803864
870644723181577,870644757495416.0,-30.921280366564474,-34.651112350803864
870644730784189,870644757495416.0,-30.921280366564474,-34.41161599243919
870644738753095,870644757495416.0,-30.921280366564474,-34.16948402821689
870644746745069,870644757495416.0,-30.921280366564474,-33.92591966950678
870644754742794,870644757495416.0,-30.921280366564474,-33.678058127333195
870644756167062,870644757495416.0,-30.921280366564474,-33.42635776793221
870644762742971,870644790852472.0,-28.91235653419946,-33.42635776793221
870644770741673,870644790852472.0,-28.91235653419946,-33.16600574582478
870644778743861,870644790852472.0,-28.91235653419946,-32.902903526300705
870644786743948,870644790852472.0,-28.91235653419946,-32.63773865871416
870644789530914,870644790852472.0,-28.91235653419946,-32.374693734969604
870644794742145,870644824209784.0,-28.918597372306095,-32.374693734969604
870644802741107,870644824209784.0,-28.918597372306095,-32.113482276169464
870644810741872,870644824209784.0,-28.918597372306095,-31.847629859228746
870644818742646,870644824209784.0,-28.918597372306095,-31.574787357187457
870644822845426,870644824209784.0,-28.918597372306095,-31.29535584050215
870644826743713,870644857566840.0,-26.890033386941468,-31.29535584050215
870644834741326,870644857566840.0,-26.890033386941468,-31.008876942936745
870644842741581,870644857566840.0,-26.890033386941468,-30.730018384046573
870644850742934,870644857566840.0,-26.890033386941468,-30.447607486826584
870644856211018,870644857566840.0,-26.890033386941468,-30.161185885040673
870644858744728,870644890924152.0,-25.818298586803024,-30.161185885040673
870644866742540,870644890924152.0,-25.818298586803024,-29.872587043633292
870644874743438,870644890924152.0,-25.818298586803024,-29.57522194796038
870644882751819,870644890924152.0,-25.818298586803024,-29.271726203879602
870644889600041,870644890924152.0,-25.818298586803024,-28.971610910790062
870644890746860,870644924280952.0,-24.76501770437116,-28.971610910790062
870644898742879,870644924280952.0,-24.76501770437116,-28.67344367420398
870644906743270,870644924280952.0,-24.76501770437116,-28.3752764376179
870644914741262,870644924280952.0,-24.76501770437116,-28.06903049612049
870644922743016,870644924280952.0,-24.76501770437116,-27.75172646917704
870644922909949,870644924280952.0,-24.76501770437116,-27.429036638959346
870644930742779,870644957638264.0,-23.805537473283152,-27.429036638959346
870644938741807,870644957638264.0,-23.805537473283152,-27.112477457149563
870644946741484,870644957638264.0,-23.805537473283152,-26.791792979214847
870644954742267,870644957638264.0,-23.805537473283152,-26.47437436071238
870644956390496,870644957638264.0,-23.805537473283152,-26.149736473991247
870644962743080,870644990995320.0,-22.87904239064605,-26.149736473991247
870644970742482,870644990995320.0,-22.87904239064605,-25.81266540311579
870644978740820,870644990995320.0,-22.87904239064605,-25.47840182543646
870644986747355,870644990995320.0,-22.87904239064605,-25.14820624810257
870644989749096,870644990995320.0,-22.87904239064605,-24.81640638894232
870644994745493,870645024352376.0,-20.86468786285195,-24.81640638894232
870645002745098,870645024352376.0,-20.86468786285195,-24.477902923579013
870645010741380,870645024352376.0,-20.86468786285195,-24.129888358816554
870645018741309,870645024352376.0,-20.86468786285195,-23.77637339922084
870645023077778,870645024352376.0,-20.86468786285195,-23.42835883445838
870645026743871,870645057709432.0,-19.871435676863598,-23.42835883445838
870645034744843,870645057709432.0,-19.871435676863598,-23.076218973570963
870645042742180,870645057709432.0,-19.871435676863598,-22.73181404291783
870645050746176,870645057709432.0,-19.871435676863598,-22.36901716704099
870645056449270,870645057709432.0,-19.871435676863598,-21.999402093402107
870645058747087,870645091066488.0,-18.699441212336296,-21.999402093402107
870645066744631,870645091066488.0,-18.699441212336296,-21.63540200615551
870645074741735,870645091066488.0,-18.699441212336296,-21.271917580924494
870645082741540,870645091066488.0,-18.699441212336296,-20.9070580569852
870645089795624,870645091066488.0,-18.699441212336296,-20.529937236230076
870645090744584,870645124423544.0,-16.877597632318896,-20.529937236230076
870645098743223,870645124423544.0,-16.877597632318896,-20.14588362615389
870645106741074,870645124423544.0,-16.877597632318896,-19.768132551824138
870645114742296,870645124423544.0,-16.877597632318896,-19.390152294376346
870645122751433,870645124423544.0,-16.877597632318896,-19.01595355837639
870645123097393,870645124423544.0,-16.877597632318896,-18.621071045972243
870645130747302,870645157780600.0,-15.823049757487752,-18.621071045972243
870645138744134,870645157780600.0,-15.823049757487752,-18.225902054670495
870645146741486,870645157780600.0,-15.823049757487752,-17.834629176375667
870645154740754,870645157780600.0,-15.823049757487752,-17.443299002301323
870645156413114,870645157780600.0,-15.823049757487752,-17.0424577288278
870645162745799,870645191137656.0,-14.10406764884155,-17.0424577288278
870645170742144,870645191137656.0,-14.10406764884155,-16.632678313750233
870645178741195,870645191137656.0,-14.10406764884155,-16.227711744151748
870645186740548,870645191137656.0,-14.10406764884155,-15.824005681702577
870645189683369,870645191137656.0,-14.10406764884155,-15.4172056471597
870645194745450,870645224494712.0,-12.587126111992234,-15.4172056471597
870645202741367,870645224494712.0,-12.587126111992234,-14.996540033974652
870645210744606,870645224494712.0,-12.587126111992234,-14.57444202630178
870645218741354,870645224494712.0,-12.587126111992234,-14.155839061179185
870645223156453,870645224494712.0,-12.587126111992234,-13.741991645756206
870645226744959,870645257851512.0,-11.060540425927968,-13.741991645756206
870645234748302,870645257851512.0,-11.060540425927968,-13.313762989675418
870645242741807,870645257851512.0,-11.060540425927968,-12.878716135832585
870645250744897,870645257851512.0,-11.060540425927968,-12.450086409295224
870645256393594,870645257851512.0,-11.060540425927968,-12.02243071100957
870645258748483,870645291207800.0,-8.814594389377277,-12.02243071100957
870645266744699,870645291207800.0,-8.814594389377277,-11.582628307467148
870645274742183,870645291207800.0,-8.814594389377277,-11.133715874982146
870645282743531,870645291207800.0,-8.814594389377277,-10.692595668510918
870645289759312,870645291207800.0,-8.814594389377277,-10.250272250669926
870645290751757,870645324563832.0,-6.973302456156915,-10.250272250669926
870645298745340,870645324563832.0,-6.973302456156915,-9.802391142216177
870645306743855,870645324563832.0,-6.973302456156915,-9.341618483371963
870645314743736,870645324563832.0,-6.973302456156915,-8.88989855769081
870645322742108,870645324563832.0,-6.973302456156915,-8.439381843379445
870645323112646,870645324563832.0,-6.973302456156915,-7.975801691339105
870645330746804,870645357919608.0,-5.9018925322218365,-7.975801691339105
870645338743495,870645357919608.0,-5.9018925322218365,-7.504085538607889
870645346742608,870645357919608.0,-5.9018925322218365,-7.037697893371397
870645354742829,870645357919608.0,-5.9018925322218365,-6.57486258646473
870645356583860,870645357919608.0,-5.9018925322218365,-6.099536799624193
870645362744516,870645391275640.0,-3.8630454707568163,-6.099536799624193
870645370750629,870645391275640.0,-3.8630454707568163,-5.617507406580632
870645378744333,870645391275640.0,-3.8630454707568163,-5.140806521031794
870645386778504,870645391275640.0,-3.8630454707568163,-4.663933748144418
870645389952220,870645391275640.0,-3.8630454707568163,-4.174054833307561
870645394752867,870645424631672.0,-2.1234268143208226,-4.174054833307561
870645402746942,870645424631672.0,-2.1234268143208226,-3.6847488762658376
870645410744227,870645424631672.0,-2.1234268143208226,-3.1982504124202413
870645418744493,870645424631672.0,-2.1234268143208226,-2.7102049625278046
870645423284735,870645424631672.0,-2.1234268143208226,-2.207148018402954
870645426746488,870645457987448.0,0.2062426141623348,-2.207148018402954
870645434745194,870645457987448.0,0.2062426141623348,-1.707872595725961
870645442748366,870645457987448.0,0.2062426141623348,-1.2150715961339353
870645450743619,870645457987448.0,0.2062426141623348,-0.7067434402938568
870645456638361,870645457987448.0,0.2062426141623348,-0.19434728410836605
870645458747860,870645491343480.0,1.454071946415695,-0.19434728410836605
870645466745021,870645491343480.0,1.454071946415695,0.31380898439314925
870645474744640,870645491343480.0,1.454071946415695,0.8220798444537067
870645482742660,870645491343480.0,1.454071946415695,1.3481696919428299
870645489912423,870645491343480.0,1.454071946415695,1.8611961017029766
870645490747913,870645524699512.0,4.3151426652111695,1.8611961017029766
870645498745394,870645524699512.0,4.3151426652111695,2.3664875812288444
870645506743185,870645524699512.0,4.3151426652111695,2.875445990643553
870645514742366,870645524699512.0,4.3151426652111695,3.3837741464836317
870645522743987,870645524699512.0,4.3151426652111695,3.8808723295391285
870645523288647,870645524699512.0,4.3151426652111695,4.372642005099902
870645530744961,870645558055544.0,5.14545804353196,4.372642005099902
870645538743922,870645558055544.0,5.14545804353196,4.877589709948694
870645546744972,870645558055544.0,5.14545804353196,5.371823104028543
870645554743019,870645558055544.0,5.14545804353196,5.859181004566828
870645556621551,870645558055544.0,5.14545804353196,6.346653496664132
870645562745929,870645591411064.0,7.08039029891691,6.346653496664132
870645570743687,870645591411064.0,7.08039029891691,6.838136693327351
870645578848349,870645591411064.0,7.08039029891691,7.318046142528937
870645586789592,870645591411064.0,7.08039029891691,7.789074745905975
870645589691627,870645591411064.0,7.08039029891691,8.266291293470452
870645594761583,870645624767096.0,8.99893855044968,8.266291293470452
870645602747499,870645624767096.0,8.99893855044968,8.741903559208543
870645610748702,870645624767096.0,8.99893855044968,9.210869514523127
870645618828976,870645624767096.0,8.99893855044968,9.669923299981939
870645623621084,870645624767096.0,8.99893855044968,10.139347621532616
870645626786374,870645658123128.0,11.072962179866948,10.139347621532616
870645634779211,870645658123128.0,11.072962179866948,10.604474759619823
870645642769397,870645658123128.0,11.072962179866948,11.057455192450263
870645650847934,870645658123128.0,11.072962179866948,11.50757083630503
870645656885236,870645658123128.0,11.072962179866948,11.967254875338496
870645658834365,870645691478648.0,12.152257464401146,11.967254875338496
870645666854885,870645691478648.0,12.152257464401146,12.420120716609892
870645674902942,870645691478648.0,12.152257464401146,12.85912097923912
870645682905045,870645691478648.0,12.152257464401146,13.295886706467357
870645690184226,870645691478648.0,12.152257464401146,13.743137561346474
870645690789583,870645724834424.0,14.054457902488338,13.743137561346474
870645698906196,870645724834424.0,14.054457902488338,14.185403683407946
870645706912713,870645724834424.0,14.054457902488338,14.617241973598055
870645714902738,870645724834424.0,14.054457902488338,15.040944263097288
870645722914864,870645724834424.0,14.054457902488338,15.4723814828308
870645723812171,870645724834424.0,14.054457902488338,15.906225125303868
870645730903413,870645758190200.0,16.108847460149263,15.906225125303868
870645738905773,870645758190200.0,16.108847460149263,16.32660425959136
870645746905774,870645758190200.0,16.108847460149263,16.742800801974376
870645754901865,870645758190200.0,16.108847460149263,17.15716387941299
870645757298536,870645758190200.0,16.108847460149263,17.577371126361946
870645762884998,870645791546232.0,17.15693616757622,17.577371126361946
870645770900985,870645791546232.0,17.15693616757622,17.988239161250263
870645778905546,870645791546232.0,17.15693616757622,18.390570124991108
870645786911675,870645791546232.0,17.15693616757622,18.79393241276323
870645790402007,870645791546232.0,17.15693616757622,19.200503264188047
870645794885191,870645824901752.0,19.118391492447074,19.200503264188047
870645802904945,870645824901752.0,19.118391492447074,19.604094735078203
870645810883358,870645824901752.0,19.118391492447074,19.995997866947683
870645818905443,870645824901752.0,19.118391492447074,20.384520547825904
870645823654047,870645824901752.0,19.118391492447074,20.779403060230074
870645826885076,870645858257528.0,20.09902290674475,20.779403060230074
870645834905986,870645858257528.0,20.09902290674475,21.17348343172105
870645842907655,870645858257528.0,20.09902290674475,21.553812816128875
870645850900431,870645858257528.0,20.09902290674475,21.931964960915224
870645857131961,870645858257528.0,20.09902290674475,22.307596091402985
870645858888017,870645891613048.0,22.01231497211026,22.307596091402985
870645866920321,870645891613048.0,22.01231497211026,22.688498433605965
870645874896615,870645891613048.0,22.01231497211026,23.06739542352599
870645882905837,870645891613048.0,22.01231497211026,23.43414570818922
870645890238816,870645891613048.0,22.01231497211026,23.796598809388986
870645890906304,870645924968824.0,23.18662752829647,23.796598809388986
870645898907222,870645924968824.0,23.18662752829647,24.155843346935995
870645906902879,870645924968824.0,23.18662752829647,24.52385413874854
870645914919089,870645924968824.0,23.18662752829647,24.88424459188582
870645922896765,870645924968824.0,23.18662752829647,25.240681636236715
870645923648826,870645924968824.0,23.18662752829647,25.58583141202352
870645930911203,870645958324344.0,24.20316231734577,25.58583141202352
870645938907275,870645958324344.0,24.20316231734577,25.931382258266904
870645946912007,870645958324344.0,24.20316231734577,26.282204316225513
870645954918229,870645958324344.0,24.20316231734577,26.63285448684558
870645956941790,870645958324344.0,24.20316231734577,26.972904938255727
870645962885345,870645991680120.0,25.92656946553089,26.972904938255727
870645970879381,870645991680120.0,25.92656946553089,27.30470479741598
870645978885533,870645991680120.0,25.92656946553089,27.63535874098599
870645986895242,870645991680120.0,25.92656946553089,27.974950826160015
870645990455311,870645991680120.0,25.92656946553089,28.309672770075437
870645994886301,870646025035640.0,27.046080936468456,28.309672770075437
870646002803485,870646025035640.0,27.046080936468456,28.63539927660732
870646010856644,870646025035640.0,27.046080936468456,28.954307585377133
870646018889630,870646025035640.0,27.046080936468456,29.269835443155685
870646023741922,870646025035640.0,27.046080936468456,29.58330065287176
870646026867482,870646058391416.0,28.386458255829154,29.58330065287176
870646034817761,870646058391416.0,28.386458255829154,29.89882851065029
870646042880537,870646058391416.0,28.386458255829154,30.2163617207118
870646050891441,870646058391416.0,28.386458255829154,30.523008732665804
870646057171288,870646058391416.0,28.386458255829154,30.82621799784905
870646058890433,870646091746936.0,29.175632424406956,30.82621799784905
870646066889606,870646091746936.0,29.175632424406956,31.12386957241952
870646074881364,870646091746936.0,29.175632424406956,31.422896245698286
870646082806267,870646091746936.0,29.175632424406956,31.641365052981673
870646090484284,870646091746936.0,29.175632424406956,31.738424103476838
870646090890319,870646125102200.0,30.244839122957103,31.738424103476838
870646098883603,870646125102200.0,30.244839122957103,31.734413398910924
870646106881470,870646125102200.0,30.244839122957103,31.736647934311918
870646114851581,870646125102200.0,30.244839122957103,31.72685035601518
870646122790533,870646125102200.0,30.244839122957103,31.720490524489232
870646123766169,870646125102200.0,30.244839122957103,31.712125340680323
870646130771975,870646158457720.0,29.941842735287906,31.712125340680323
870646138758521,870646158457720.0,29.941842735287906,31.69963486074648
870646146873056,870646158457720.0,29.941842735287906,31.68364933826231
870646154880855,870646158457720.0,29.941842735287906,31.664340660566424
870646157176361,870646158457720.0,29.941842735287906,31.640161841611885
870646162874106,870646191813496.0,29.982853719970734,31.640161841611885
870646170872916,870646191813496.0,29.982853719970734,31.612602571666105
870646178873785,870646191813496.0,29.982853719970734,31.582293104303673
870646186873793,870646191813496.0,29.982853719970734,31.55129608758711
870646190538097,870646191813496.0,29.982853719970734,31.514741380257746
870646194881706,870646225169016.0,29.98784717787271,31.514741380257746
870646202799754,870646225169016.0,29.98784717787271,31.476238616424965
870646210883571,870646225169016.0,29.98784717787271,31.434985655175556
870646218800432,870646225169016.0,29.98784717787271,31.3923002994383
870646223907592,870646225169016.0,29.98784717787271,31.34348429529315
870646226800401,870646258524536.0,29.107947192635294,31.34348429529315
870646234814371,870646258524536.0,29.107947192635294,31.294610995368505
870646242885031,870646258524536.0,29.107947192635294,31.243732343160872
870646250881573,870646258524536.0,29.107947192635294,31.18735329612001
870646257221352,870646258524536.0,29.107947192635294,31.13091695329962
870646258874504,870646291880568.0,29.186077472944532,31.13091695329962
870646266880471,870646291880568.0,29.186077472944532,31.071100159487948
870646274882277,870646291880568.0,29.186077472944532,31.00435057635521
870646282882453,870646291880568.0,29.186077472944532,30.94046578219813
870646290539085,870646291880568.0,29.186077472944532,30.866898001303326
870646290885435,870646325236856.0,28.995931819222506,30.866898001303326
870646298878912,870646325236856.0,28.995931819222506,30.795450164250525
870646306800504,870646325236856.0,28.995931819222506,30.719132185939095
870646314877426,870646325236856.0,28.995931819222506,30.639433756636404
870646322805599,870646325236856.0,28.995931819222506,30.55962073577467
870646323984774,870646325236856.0,28.995931819222506,30.471499826883544
870646330802284,870646358593144.0,28.134175053397712,30.471499826883544
870646338795673,870646358593144.0,28.134175053397712,30.38200381928412
870646346756453,870646358593144.0,28.134175053397712,30.29462775552667
870646354748166,870646358593144.0,28.134175053397712,30.201579409597418
870646357389659,870646358593144.0,28.134175053397712,30.103087964614428
870646362748035,870646391948920.0,28.096628648959722,30.103087964614428
870646370773928,870646391948920.0,28.096628648959722,30.001158772860656
870646378747953,870646391948920.0,28.096628648959722,29.895161580761446
870646386744420,870646391948920.0,28.096628648959722,29.789221684441756
870646390563663,870646391948920.0,28.096628648959722,29.67972944979227
870646394749793,870646425305208.0,28.118179339957322,29.67972944979227
870646402747484,870646425305208.0,28.118179339957322,29.570924764496937
870646410746474,870646425305208.0,28.118179339957322,29.45868233243079
870646418744068,870646425305208.0,28.118179339957322,29.342371900019234
870646424023416,870646425305208.0,28.118179339957322,29.224571777340337
870646426751777,870646458661496.0,27.09791039719596,29.224571777340337
870646434765025,870646458661496.0,27.09791039719596,29.10344849944969
870646442748015,870646458661496.0,27.09791039719596,28.978142629654574
870646450759827,870646458661496.0,27.09791039719596,28.85415456278826
870646457431463,870646458661496.0,27.09791039719596,28.71996784716862
870646458760860,870646492017528.0,27.001124927378015,28.71996784716862
870646466870861,870646492017528.0,27.001124927378015,28.58165583542404
870646474883404,870646492017528.0,27.001124927378015,28.44403137303362
870646482879387,870646492017528.0,27.001124927378015,28.30291186809289
870646490776312,870646492017528.0,27.001124927378015,28.156291968318925
870646491165513,870646525373560.0,26.18296902781779,28.156291968318925
870646498796096,870646525373560.0,26.18296902781779,28.00291116656239
870646506757105,870646525373560.0,26.18296902781779,27.853598365151317
870646514744529,870646525373560.0,26.18296902781779,27.70142077476457
870646522753836,870646525373560.0,26.18296902781779,27.55010262107051
870646524122682,870646525373560.0,26.18296902781779,27.393857030338328
870646530747136,870646558729848.0,25.26509128555702,27.393857030338328
870646538741984,870646558729848.0,25.26509128555702,27.234116397055868
870646546746329,870646558729848.0,25.26509128555702,27.07162556635675
870646554744081,870646558729848.0,25.26509128555702,26.90392081972198
870646557430929,870646558729848.0,25.26509128555702,26.734840974378876
870646562759087,870646592085624.0,25.12856446752977,26.734840974378876
870646570793761,870646592085624.0,25.12856446752977,26.560318029982007
870646578770256,870646592085624.0,25.12856446752977,26.38361784596367
870646586744578,870646592085624.0,25.12856446752977,26.200099464183264
870646590871322,870646592085624.0,25.12856446752977,26.01658108240286
870646594757903,870646625441912.0,24.31388292449597,26.01658108240286
870646602797507,870646625441912.0,24.31388292449597,25.83311999640197
870646610871337,870646625441912.0,24.31388292449597,25.65023186819622
870646618895477,870646625441912.0,24.31388292449597,25.461843345157206
870646624246481,870646625441912.0,24.31388292449597,25.272709976984522
870646626798439,870646658797944.0,23.073378030007603,25.272709976984522
870646634896995,870646658797944.0,23.073378030007603,25.07681570682929
870646642876318,870646658797944.0,23.073378030007603,24.87341568955784
870646650868791,870646658797944.0,23.073378030007603,24.670760517420057
870646657607889,870646658797944.0,23.073378030007603,24.463177908244177
870646658883451,870646692153720.0,22.225691624602433,24.463177908244177
870646666876949,870646692153720.0,22.225691624602433,24.248089551952052
870646674882780,870646692153720.0,22.225691624602433,24.03981939342202
870646682871128,870646692153720.0,22.225691624602433,23.83091898131731
870646690797664,870646692153720.0,22.225691624602433,23.61714842795399
870646690947933,870646692153720.0,22.225691624602433,23.399882832040397
870646698879106,870646725509752.0,21.16843781470979,23.399882832040397
870646706797586,870646725509752.0,21.16843781470979,23.175455263687653
870646714878395,870646725509752.0,21.16843781470979,22.948965047272434
870646722797035,870646725509752.0,21.16843781470979,22.716974436023975
870646724292541,870646725509752.0,21.16843781470979,22.478853176367604
870646730868329,870646758865784.0,21.04684806135512,22.478853176367604
870646738803278,870646758865784.0,21.04684806135512,22.245544762190313
870646746878161,870646758865784.0,21.04684806135512,22.01149150287938
870646754798010,870646758865784.0,21.04684806135512,21.77388590523862
870646757682281,870646758865784.0,21.04684806135512,21.532957152386125
870646762798132,870646792221816.0,20.3099187313706,21.532957152386125
870646770796260,870646792221816.0,20.3099187313706,21.286470708920838
870646778770272,870646792221816.0,20.3099187313706,21.035916265110117
870646786787656,870646792221816.0,20.3099187313706,20.779918722245686
870646791060343,870646792221816.0,20.3099187313706,20.521170981964595
870646794779975,870646825577848.0,19.118391492447074,20.521170981964595
870646802788885,870646825577848.0,19.118391492447074,20.26643394624942
870646810873574,870646825577848.0,19.118391492447074,20.010379107605466
870646818878301,870646825577848.0,19.118391492447074,19.750428155954612
870646824401940,870646825577848.0,19.118391492447074,19.48291416140804
870646826882322,870646858933880.0,18.035938601037174,19.48291416140804
870646834876201,870646858933880.0,18.035938601037174,19.209326814233076
870646842792577,870646858933880.0,18.035938601037174,18.928863973516517
870646850753291,870646858933880.0,18.035938601037174,18.655276626341553
870646857756777,870646858933880.0,18.035938601037174,18.38031418045828
870646858750385,870646892289656.0,16.28834804666917,18.38031418045828
870646866747859,870646892289656.0,16.28834804666917,18.103919340087163
870646874771370,870646892289656.0,16.28834804666917,17.81996145682033
870646882751296,870646892289656.0,16.28834804666917,17.53405551705006
870646890748109,870646892289656.0,16.28834804666917,17.23491425221225
870646891030184,870646892289656.0,16.28834804666917,16.94150256532576
870646898750402,870646925645432.0,15.349431900598574,16.94150256532576
870646906745591,870646925645432.0,15.349431900598574,16.648033582659746
870646914746174,870646925645432.0,15.349431900598574,16.354450008434718
870646922746662,870646925645432.0,15.349431900598574,16.051183447471974
870646924371678,870646925645432.0,15.349431900598574,15.744937505974539
870646930748675,870646959001464.0,14.103590292085215,15.744937505974539
870646938743360,870646959001464.0,14.103590292085215,15.431472296258466
870646946744909,870646959001464.0,14.103590292085215,15.11663198783409
870646954744391,870646959001464.0,14.103590292085215,14.808495285612715
870646957798130,870646959001464.0,14.103590292085215,14.499613738257693
870646962760096,870646992357496.0,13.01663985220435,14.499613738257693
870646970743211,870646992357496.0,13.01663985220435,14.179158443441036
870646978758951,870646992357496.0,13.01663985220435,13.855322697633095
870646986743340,870646992357496.0,13.01663985220435,13.520486162158633
870646991098719,870646992357496.0,13.01663985220435,13.193957514713583
870646994758745,870647025713016.0,12.056685317682422,13.193957514713583
870647002789836,870647025713016.0,12.056685317682422,12.871324980275409
870647010797125,870647025713016.0,12.056685317682422,12.540613740925902
870647018752865,870647025713016.0,12.056685317682422,12.203256191152867
870647024468615,870647025713016.0,12.056685317682422,11.855871879965067
870647026750599,870647059069048.0,10.19714716656921,11.855871879965067
870647034766081,870647059069048.0,10.19714716656921,11.506539512273802
870647042756854,870647059069048.0,10.19714716656921,11.163853455006043
870647050744934,870647059069048.0,10.19714716656921,10.820995510399772
870647057842213,870647059069048.0,10.19714716656921,10.472178804724122
870647058757761,870647092425080.0,9.063706750991514,10.472178804724122
870647066756223,870647092425080.0,9.063706750991514,10.109668407744838
870647074758246,870647092425080.0,9.063706750991514,9.74595479939579
870647082761817,870647092425080.0,9.063706750991514,9.389460459265408
870647090748003,870647092425080.0,9.063706750991514,9.033997443166227
870647091178916,870647092425080.0,9.063706750991514,8.668966031888397
870647098749327,870647125780856.0,7.893546251056051,8.668966031888397
870647106746373,870647125780856.0,7.893546251056051,8.294595408549903
870647114748001,870647125780856.0,7.893546251056051,7.915411939732322
870647122765772,870647125780856.0,7.893546251056051,7.546541711227115
870647124622544,870647125780856.0,7.893546251056051,7.174061848612562
870647130750435,870647159136376.0,6.059675066045315,7.174061848612562
870647138743352,870647159136376.0,6.059675066045315,6.790753083670048
870647146757706,870647159136376.0,6.059675066045315,6.397704036210298
870647154743489,870647159136376.0,6.059675066045315,6.007004115710582
870647157947874,870647159136376.0,6.059675066045315,5.625013153696877
870647162747155,870647192492408.0,5.14545804353196,5.625013153696877
870647170743524,870647192492408.0,5.14545804353196,5.234542416315219
870647178745864,870647192492408.0,5.14545804353196,4.833758438621191
870647186744096,870647192492408.0,5.14545804353196,4.429479418376886
870647191339480,870647192492408.0,5.14545804353196,4.029382990037034
870647194748231,870647225848184.0,3.055298789515888,4.029382990037034
870647202742889,870647225848184.0,3.055298789515888,3.6340421113967714
870647210743038,870647225848184.0,3.055298789515888,3.228387992444137
870647218745666,870647225848184.0,3.055298789515888,2.8117903796045267
870647224669648,870647225848184.0,3.055298789515888,2.395994907678084
870647226748797,870647259203960.0,1.5188864126720318,2.395994907678084
870647234745562,870647259203960.0,1.5188864126720318,1.985642534805382
870647242745557,870647259203960.0,1.5188864126720318,1.5680708937140404
870647250744077,870647259203960.0,1.5188864126720318,1.1427643223884454
870647258047492,870647259203960.0,1.5188864126720318,0.7081185390021849
870647258746139,870647292561784.0,0.14153797818889302,0.7081185390021849
870647266745242,870647292561784.0,0.14153797818889302,0.2883696582893471
870647274746530,870647292561784.0,0.14153797818889302,-0.13750987083138244
870647282754904,870647292561784.0,0.14153797818889302,-0.571639992202004
870647290746283,870647292561784.0,0.14153797818889302,-1.01866166396309
870647291404579,870647292561784.0,0.14153797818889302,-1.4527344895541905
870647298748047,870647325919352.0,-1.8792740175884717,-1.4527344895541905
870647306744970,870647325919352.0,-1.8792740175884717,-1.8924795973170903
870647314745696,870647325919352.0,-1.8792740175884717,-2.335318677173722
870647322746282,870647325919352.0,-1.8792740175884717,-2.7928827723651874
870647324757380,870647325919352.0,-1.8792740175884717,-3.241623317511652
870647330747340,870647359277176.0,-2.867793560995011,-3.241623317511652
870647338742866,870647359277176.0,-2.867793560995011,-3.6917962571459397
870647346746127,870647359277176.0,-2.867793560995011,-4.148214436747161
870647354744900,870647359277176.0,-2.867793560995011,-4.620217068375932
870647358063017,870647359277176.0,-2.867793560995011,-5.077150909992767
870647362748076,870647392634744.0,-4.92887456916435,-5.077150909992767
870647370761060,870647392634744.0,-4.92887456916435,-5.541304019828242
870647378750252,870647392634744.0,-4.92887456916435,-6.011816961189667
870647386757175,870647392634744.0,-4.92887456916435,-6.493960945792247
870647391331471,870647392634744.0,-4.92887456916435,-6.9574265062735705
870647394747342,870647425992312.0,-6.838511399853445,-6.9574265062735705
870647402744824,870647425992312.0,-6.838511399853445,-7.433382546688762
870647410744524,870647425992312.0,-6.838511399853445,-7.920453968329466
870647418746994,870647425992312.0,-6.838511399853445,-8.408614009780921
870647424821854,870647425992312.0,-6.838511399853445,-8.885544078447817
870647426749771,870647459350136.0,-8.762319602122858,-8.885544078447817
870647434747764,870647459350136.0,-8.762319602122858,-9.374162486135388
870647442747548,870647459350136.0,-8.762319602122858,-9.87618810622901
870647450747238,870647459350136.0,-8.762319602122858,-10.372426852591818
870647458177636,870647459350136.0,-8.762319602122858,-10.860586894043298
870647458751115,870647492707960.0,-10.945358252386427,-10.860586894043298
870647466746024,870647492707960.0,-10.945358252386427,-11.36341465505009
870647474745563,870647492707960.0,-10.945358252386427,-11.879535036903942
870647482744701,870647492707960.0,-10.945358252386427,-12.376346741061885
870647490742613,870647492707960.0,-10.945358252386427,-12.884331122224863
870647491436489,870647492707960.0,-10.945358252386427,-13.407212406061262
870647498745391,870647526065784.0,-12.70056811317329,-13.407212406061262
870647506743884,870647526065784.0,-12.70056811317329,-13.922301463883862
870647514744731,870647526065784.0,-12.70056811317329,-14.432062014211766
870647522742637,870647526065784.0,-12.70056811317329,-14.956318396756469
870647524891048,870647526065784.0,-12.70056811317329,-15.49260689299892
870647530744999,870647559423352.0,-14.83764838046585,-15.49260689299892
870647538742985,870647559423352.0,-14.83764838046585,-16.009529415765943
870647546743673,870647559423352.0,-14.83764838046585,-16.528170811918365
870647554742775,870647559423352.0,-14.83764838046585,-17.055864941233853
870647558249491,870647559423352.0,-14.83764838046585,-17.57301664711893
870647562747324,870647592780920.0,-16.755164849404537,-17.57301664711893
870647570742761,870647592780920.0,-16.755164849404537,-18.079167563337514
870647578743432,870647592780920.0,-16.755164849404537,-18.59121994484593
870647586742980,870647592780920.0,-16.755164849404537,-19.10585063643241
870647591640850,870647592780920.0,-16.755164849404537,-19.602089382795217
870647594744437,870647626139000.0,-18.898764984339095,-19.602089382795217
870647602735837,870647626139000.0,-18.898764984339095,-20.10182317170833
870647610745879,870647626139000.0,-18.898764984339095,-20.61152642625671
870647618762412,870647626139000.0,-18.898764984339095,-21.108108947296593
870647624410287,870647626139000.0,-18.898764984339095,-21.593232312433862
870647626745923,870647659496568.0,-20.82278371167547,-21.593232312433862
870647634761816,870647659496568.0,-20.82278371167547,-22.085517650010274
870647642758412,870647659496568.0,-20.82278371167547,-22.583647157096998
870647650880776,870647659496568.0,-20.82278371167547,-23.058686465039983
870647658289449,870647659496568.0,-20.82278371167547,-23.535158167470758
870647658787381,870647692854136.0,-21.90513926755031,-23.535158167470758
870647666884744,870647692854136.0,-21.90513926755031,-24.016958377396286
870647674892918,870647692854136.0,-21.90513926755031,-24.50334224968284
870647682888783,870647692854136.0,-21.90513926755031,-24.96978719069883
870647690889557,870647692854136.0,-21.90513926755031,-25.431648469353792
870647691723169,870647692854136.0,-21.90513926755031,-25.905771044824537
870647698890120,870647726211960.0,-23.830622783143838,-25.905771044824537
870647706876013,870647726211960.0,-23.830622783143838,-26.375653732611333
870647714874008,870647726211960.0,-23.830622783143838,-26.829035235898345
870647722875756,870647726211960.0,-23.830622783143838,-27.288203612916195
870647725031379,870647726211960.0,-23.830622783143838,-27.75235672275167
870647730887595,870647759569784.0,-25.955478778395502,-27.75235672275167
870647738878761,870647759569784.0,-25.955478778395502,-28.205738226038704
870647746871823,870647759569784.0,-25.955478778395502,-28.645196854904025
870647754876693,870647759569784.0,-25.955478778395502,-29.08849430099675
870647758351841,870647759569784.0,-25.955478778395502,-29.536203522111986
870647762795053,870647792927608.0,-26.99179116765319,-29.536203522111986
870647770882097,870647792927608.0,-26.99179116765319,-29.984141926345256
870647778879446,870647792927608.0,-26.99179116765319,-30.412141399307988
870647786867977,870647792927608.0,-26.99179116765319,-30.844953717749803
870647791736260,870647792927608.0,-26.99179116765319,-31.280745416726308
870647794852825,870647826285176.0,-28.98308908331137,-31.280745416726308
870647802852212,870647826285176.0,-28.98308908331137,-31.717453848175023
870647810846761,870647826285176.0,-28.98308908331137,-32.13811946136007
870647818870299,870647826285176.0,-28.98308908331137,-32.55546191933338
870647825085718,870647826285176.0,-28.98308908331137,-32.977846405903804
870647826856047,870647859642744.0,-30.82347022362265,-32.977846405903804
870647834869436,870647859642744.0,-30.82347022362265,-33.40544480840994
870647842876093,870647859642744.0,-30.82347022362265,-33.81379182899968
870647850872779,870647859642744.0,-30.82347022362265,-34.22041997620402
870647858504717,870647859642744.0,-30.82347022362265,-34.62888158835278
870647858926816,870647893000824.0,-31.881271066311882,-34.62888158835278
870647866854804,870647893000824.0,-31.881271066311882,-35.043645736247996
870647874796736,870647893000824.0,-31.881271066311882,-35.44288272789516
870647882760933,870647893000824.0,-31.881271066311882,-35.833410761056314
870647890749306,870647893000824.0,-31.881271066311882,-36.22938189327123
870647891889138,870647893000824.0,-31.881271066311882,-36.62816051868228
870647898752604,870647926358392.0,-33.84553608379801,-36.62816051868228
870647906748408,870647926358392.0,-33.84553608379801,-37.027512101888476
870647914745467,870647926358392.0,-33.84553608379801,-37.41024790903586
870647922757451,870647926358392.0,-33.84553608379801,-37.791780504813495
870647924986866,870647926358392.0,-33.84553608379801,-38.169245100245675
870647930751525,870647959715960.0,-34.86079816656917,-38.169245100245675
870647938745045,870647959715960.0,-34.86079816656917,-38.55753859800581
870647946746048,870647959715960.0,-34.86079816656917,-38.938211757090755
870647954746248,870647959715960.0,-34.86079816656917,-39.303758830384226
870647958400788,870647959715960.0,-34.86079816656917,-39.67154043907866
870647962746923,870647993074040.0,-36.861409958422115,-39.67154043907866
870647970756063,870647993074040.0,-36.861409958422115,-40.04058255492246
870647978755789,870647993074040.0,-36.861409958422115,-40.41237486818281
870647986769020,870647993074040.0,-36.861409958422115,-40.772822617099614
870647991747411,870647993074040.0,-36.861409958422115,-41.12461870330995
870647994753400,870648026431608.0,-37.81574742464633,-41.12461870330995
870648002748167,870648026431608.0,-37.81574742464633,-41.47790447978763
870648010746792,870648026431608.0,-37.81574742464633,-41.833768566343366
870648018754203,870648026431608.0,-37.81574742464633,-42.18968994867867
870648025211917,870648026431608.0,-37.81574742464633,-42.53793369655916
870648026748763,870648059789432.0,-38.966306335617844,-42.53793369655916
870648034760363,870648059789432.0,-38.966306335617844,-42.87471828853705
870648042762445,870648059789432.0,-38.966306335617844,-43.21425307793156
870648050757301,870648059789432.0,-38.966306335617844,-43.54949068386265
870648058496052,870648059789432.0,-38.966306335617844,-43.89108812131961
870648058751743,870648093147256.0,-40.742777577318265,-43.89108812131961
870648066772239,870648093147256.0,-40.742777577318265,-44.22844567109267
870648074875462,870648093147256.0,-40.742777577318265,-44.55205223378255
870648082872025,870648093147256.0,-40.742777577318265,-44.87199186658359
870648090876103,870648093147256.0,-40.742777577318265,-45.113722760349276
870648092029193,870648093147256.0,-40.742777577318265,-45.23604924960972
870648098795669,870648126504824.0,-40.793732729543194,-45.23604924960972
870648106882865,870648126504824.0,-40.793732729543194,-45.25438389905391
870648114877272,870648126504824.0,-40.793732729543194,-45.244930095434256
870648122798810,870648126504824.0,-40.793732729543194,-45.24097668664787
870648125343600,870648126504824.0,-40.793732729543194,-45.23673679896387
870648130791686,870648159862904.0,-40.77561642745286,-45.23673679896387
870648138878179,870648159862904.0,-40.77561642745286,-45.228371615154956
870648146865498,870648159862904.0,-40.77561642745286,-45.21719893814992
870648154869219,870648159862904.0,-40.77561642745286,-45.20333335950775
870648158693662,870648159862904.0,-40.77561642745286,-45.18465493538647
870648162796408,870648193220472.0,-40.77561642745286,-45.18465493538647
870648170870306,870648193220472.0,-40.77561642745286,-45.16454411677742
870648178875553,870648193220472.0,-40.77561642745286,-45.13560974812329
870648186867963,870648193220472.0,-40.77561642745286,-45.10661808368968
870648192053470,870648193220472.0,-40.77561642745286,-45.074876221839425
870648194800298,870648226578040.0,-40.82556391501055,-45.074876221839425
870648202869645,870648226578040.0,-40.82556391501055,-45.04112900770624
870648210865645,870648226578040.0,-40.82556391501055,-45.003256497448085
870648218844432,870648226578040.0,-40.82556391501055,-44.96263378977328
870648225364898,870648226578040.0,-40.82556391501055,-44.92132353274438
870648226794744,870648259936120.0,-39.85454195646804,-44.92132353274438
870648234866766,870648259936120.0,-39.85454195646804,-44.87520043023631
870648242874588,870648259936120.0,-39.85454195646804,-44.82632713031169
870648250874101,870648259936120.0,-39.85454195646804,-44.776078731678716
870648258725857,870648259936120.0,-39.85454195646804,-44.72164774114127
870648259207696,870648293293432.0,-39.85454195646804,-44.72164774114127
870648266878244,870648293293432.0,-39.85454195646804,-44.66595624345455
870648274799152,870648293293432.0,-39.85454195646804,-44.6026444070926
870648282881458,870648293293432.0,-39.85454195646804,-44.540077415864324
870648290871616,870648293293432.0,-39.85454195646804,-44.47332783273156
870648292065349,870648293293432.0,-39.85454195646804,-44.40319779860757
870648298798893,870648326651000.0,-39.85454195646804,-44.40319779860757
870648306803808,870648326651000.0,-39.85454195646804,-44.331635369995695
870648314885447,870648326651000.0,-39.85454195646804,-44.25594764525892
870648322798170,870648326651000.0,-39.85454195646804,-44.17630651173575
870648325363127,870648326651000.0,-39.85454195646804,-44.09402977235497
870648330894493,870648360008312.0,-39.85454195646804,-44.09402977235497
870648338797410,870648360008312.0,-39.85454195646804,-44.00699748327459
870648346874006,870648360008312.0,-39.85454195646804,-43.919220349060545
870648354797413,870648360008312.0,-39.85454195646804,-43.82657307358792
870648358710210,870648360008312.0,-39.85454195646804,-43.73341013609965
870648362871970,870648393365624.0,-38.75283572441529,-43.73341013609965
870648370789013,870648393365624.0,-38.75283572441529,-43.63812725476936
870648378884245,870648393365624.0,-38.75283572441529,-43.53803152796001
870648386795405,870648393365624.0,-38.75283572441529,-43.43656070244236
870648392129369,870648393365624.0,-38.75283572441529,-43.33302722886219
870648394813649,870648426723192.0,-38.745729828708136,-43.33302722886219
870648402802615,870648426723192.0,-38.745729828708136,-43.22743110721958
870648410875530,870648426723192.0,-38.745729828708136,-43.11988692907355
870648418881640,870648426723192.0,-38.745729828708136,-43.00598291940156
870648425442114,870648426723192.0,-38.745729828708136,-42.88950059965141
870648426878846,870648460080760.0,-38.915351183392886,-42.88950059965141
870648434879533,870648460080760.0,-38.915351183392886,-42.77427878705063
870648442877028,870648460080760.0,-38.915351183392886,-42.6515512273336
870648450866686,870648460080760.0,-38.915351183392886,-42.528193414041944
870648458791982,870648460080760.0,-38.915351183392886,-42.39864765656287
870648458905305,870648493438328.0,-37.81574742464633,-42.39864765656287
870648466768900,870648493438328.0,-37.81574742464633,-42.26572144809251
870648474747828,870648493438328.0,-37.81574742464633,-42.12935749285135
870648482744944,870648493438328.0,-37.81574742464633,-41.98886824148528
870648490743737,870648493438328.0,-37.81574742464633,-41.845686088482125
870648492222774,870648493438328.0,-37.81574742464633,-41.70319148483307
870648498748000,870648526795640.0,-36.89996215329114,-41.70319148483307
870648506743814,870648526795640.0,-36.89996215329114,-41.559207190916666
870648514746984,870648526795640.0,-36.89996215329114,-41.4098370937261
870648522746862,870648526795640.0,-36.89996215329114,-41.25909189782717
870648525575181,870648526795640.0,-36.89996215329114,-41.107028898999424
870648530748649,870648560152952.0,-36.821839289384286,-41.107028898999424
870648538743277,870648560152952.0,-36.821839289384286,-40.95210111119607
870648546744868,870648560152952.0,-36.821839289384286,-40.795110675330214
870648554743221,870648560152952.0,-36.821839289384286,-40.632562548851624
870648558937112,870648560152952.0,-36.821839289384286,-40.462222196359235
870648562758859,870648593510520.0,-35.91580265793476,-40.462222196359235
870648570743028,870648593510520.0,-35.91580265793476,-40.29136618185121
870648578746428,870648593510520.0,-35.91580265793476,-40.11621298387971
870648586744284,870648593510520.0,-35.91580265793476,-39.94042953233358
870648592281748,870648593510520.0,-35.91580265793476,-39.76115103823713
870648594747743,870648626867832.0,-35.88988729763929,-39.76115103823713
870648602744731,870648626867832.0,-35.88988729763929,-39.58267468505387
870648610744690,870648626867832.0,-35.88988729763929,-39.39852604969883
870648618747422,870648626867832.0,-35.88988729763929,-39.21792975267359
870648625589370,870648626867832.0,-35.88988729763929,-39.02971311697311
870648626776408,870648660225656.0,-35.01054174560241,-39.02971311697311
870648634750728,870648660225656.0,-35.01054174560241,-38.836683635793534
870648642746262,870648660225656.0,-35.01054174560241,-38.637007844190464
870648650745618,870648660225656.0,-35.01054174560241,-38.43314946068293
870648658746014,870648660225656.0,-35.01054174560241,-38.23049428854517
870648659056391,870648660225656.0,-35.01054174560241,-38.0265786092581
870648666746006,870648693582968.0,-33.84553608379801,-38.0265786092581
870648674744003,870648693582968.0,-33.84553608379801,-37.819912732554386
870648682742327,870648693582968.0,-33.84553608379801,-37.615997053267314
870648690743677,870648693582968.0,-33.84553608379801,-37.40457562686406
870648692351128,870648693582968.0,-33.84553608379801,-37.188685129658765
870648698747898,870648726940536.0,-32.93770503383931,-37.188685129658765
870648706744529,870648726940536.0,-32.93770503383931,-36.97010173081636
870648714744143,870648726940536.0,-32.93770503383931,-36.742408303031375
870648722746113,870648726940536.0,-32.93770503383931,-36.512594931404394
870648725737577,870648726940536.0,-32.93770503383931,-36.28352640491111
870648730746949,870648760297848.0,-31.777392942388843,-36.28352640491111
870648738745658,870648760297848.0,-31.777392942388843,-36.05503083621292
870648746757297,870648760297848.0,-31.777392942388843,-35.824415323672774
870648754738704,870648760297848.0,-31.777392942388843,-35.59248200820382
870648759053688,870648760297848.0,-31.777392942388843,-35.35504829790159
870648762750205,870648793655160.0,-30.82347022362265,-35.35504829790159
870648770741823,870648793655160.0,-30.82347022362265,-35.11348929147444
870648778746279,870648793655160.0,-30.82347022362265,-34.86396617169497
870648786752690,870648793655160.0,-30.82347022362265,-34.60985938955445
870648792539610,870648793655160.0,-30.82347022362265,-34.35947683308227
870648794760291,870648827012728.0,-29.868281271185822,-34.35947683308227
870648802745616,870648827012728.0,-29.868281271185822,-34.10491168470566
870648810873239,870648827012728.0,-29.868281271185822,-33.85315402952518
870648818875259,870648827012728.0,-29.868281271185822,-33.59698459932218
870648825833063,870648827012728.0,-29.868281271185822,-33.333080238884925
870648826881483,870648860370040.0,-28.91235653419946,-33.333080238884925
870648834886209,870648860370040.0,-28.91235653419946,-33.06109717353632
870648842797682,870648860370040.0,-28.91235653419946,-32.78699416434574
870648850879033,870648860370040.0,-28.91235653419946,-32.51564135257177
870648858792365,870648860370040.0,-28.91235653419946,-32.243486399884624
870648859251578,870648860370040.0,-28.91235653419946,-31.96806558776524
870648866756390,870648893727864.0,-27.73352644273777,-31.96806558776524
870648874760236,870648893727864.0,-27.73352644273777,-31.69241559252782
870648882764386,870648893727864.0,-27.73352644273777,-31.4046188920336
870648890748723,870648893727864.0,-27.73352644273777,-31.11132179670613
870648892503019,870648893727864.0,-27.73352644273777,-30.82209270172409
870648898747307,870648927085176.0,-26.775418184373592,-30.82209270172409
870648906742956,870648927085176.0,-26.775418184373592,-30.53355115609621
870648914743724,870648927085176.0,-26.775418184373592,-30.24099890590241
870648922747104,870648927085176.0,-26.775418184373592,-29.94546727517394
870648925915421,870648927085176.0,-26.775418184373592,-29.64454984117123
870648930747136,870648960442744.0,-25.955478778395502,-29.64454984117123
870648938743121,870648960442744.0,-25.955478778395502,-29.332115955486383
870648946745464,870648960442744.0,-25.955478778395502,-29.025870013988953
870648954743870,870648960442744.0,-25.955478778395502,-28.716186325720763
870648959279687,870648960442744.0,-25.955478778395502,-28.407705848822307
870648962746963,870648993800056.0,-24.935464987234695,-28.407705848822307
870648970743156,870648993800056.0,-24.935464987234695,-28.095787625153104
870648978757740,870648993800056.0,-24.935464987234695,-27.775847992352038
870648986743152,870648993800056.0,-24.935464987234695,-27.4462826685928
870648992634848,870648993800056.0,-24.935464987234695,-27.11941024647065
870648994750702,870649027157368.0,-22.826126220511725,-27.11941024647065
870649002746563,870649027157368.0,-22.826126220511725,-26.793282669482196
870649010745678,870649027157368.0,-22.826126220511725,-26.468301008083984
870649018753603,870649027157368.0,-22.826126220511725,-26.136100078467138
870649026049595,870649027157368.0,-22.826126220511725,-25.790090865987633
870649026749820,870649060514936.0,-21.778435007596585,-25.790090865987633
870649034758296,870649060514936.0,-21.778435007596585,-25.449009090546266
870649042755169,870649060514936.0,-21.778435007596585,-25.11256827324544
870649050756721,870649060514936.0,-21.778435007596585,-24.772002159819678
870649058799667,870649060514936.0,-21.778435007596585,-24.426451313576273
870649059516191,870649060514936.0,-21.778435007596585,-24.072248804626405
870649066773066,870649093872248.0,-20.940141498893325,-24.072248804626405
870649074801636,870649093872248.0,-20.940141498893325,-23.711858351489123
870649082794416,870649093872248.0,-20.940141498893325,-23.354332687327485
870649090756576,870649093872248.0,-20.940141498893325,-23.001562572865442
870649092704177,870649093872248.0,-20.940141498893325,-22.640312683035443
870649098750091,870649127230072.0,-18.653250955050538,-22.640312683035443
870649106745735,870649127230072.0,-18.653250955050538,-22.271327862971194
870649114746655,870649127230072.0,-18.653250955050538,-21.897644788986877
870649122768343,870649127230072.0,-18.653250955050538,-21.52808701112749
870649126060300,870649127230072.0,-18.653250955050538,-21.15572174007198
870649130766310,870649160587384.0,-17.835554598163583,-21.15572174007198
870649138744203,870649160587384.0,-17.835554598163583,-20.783241877457424
870649146745830,870649160587384.0,-17.835554598163583,-20.394432717681653
870649154743597,870649160587384.0,-17.835554598163583,-20.01043640338496
870649159410311,870649160587384.0,-17.835554598163583,-19.623861779010205
870649162747325,870649193944952.0,-15.912581724705575,-19.623861779010205
870649170745094,870649193944952.0,-15.912581724705575,-19.243016732586742
870649178744924,870649193944952.0,-15.912581724705575,-18.85374920657485
870649186742915,870649193944952.0,-15.912581724705575,-18.446032439559765
870649192756956,870649193944952.0,-15.912581724705575,-18.05074885669902
870649194746304,870649227302264.0,-14.81475772520912,-18.05074885669902
870649202745787,870649227302264.0,-14.81475772520912,-17.650938907256723
870649210745462,870649227302264.0,-14.81475772520912,-17.252274873404698
870649218745453,870649227302264.0,-14.81475772520912,-16.842380866768114
870649226083426,870649227302264.0,-14.81475772520912,-16.4272156484163
870649226746364,870649260659576.0,-12.841876431596262,-16.4272156484163
870649234747126,870649260659576.0,-12.841876431596262,-16.017378937559236
870649242744853,870649260659576.0,-12.841876431596262,-15.606339015332384
870649250755823,870649260659576.0,-12.841876431596262,-15.188423599563967
870649258747732,870649260659576.0,-12.841876431596262,-14.75818959120022
870649259632818,870649260659576.0,-12.841876431596262,-14.334773780598539
870649266749498,870649294016120.0,-11.617096345593211,-14.334773780598539
870649274747136,870649294016120.0,-11.617096345593211,-13.912675772925668
870649282744978,870649294016120.0,-11.617096345593211,-13.486452469127837
870649290742987,870649294016120.0,-11.617096345593211,-13.043212318814634
870649292579024,870649294016120.0,-11.617096345593211,-12.607592507176669
870649298747377,870649327372664.0,-10.008610271776092,-12.607592507176669
870649306745546,870649327372664.0,-10.008610271776092,-12.174436414057778
870649314746619,870649327372664.0,-10.008610271776092,-11.736811250136853
870649322745467,870649327372664.0,-10.008610271776092,-11.2815389861259
870649325866024,870649327372664.0,-10.008610271776092,-10.835720525734605
870649330748275,870649360728952.0,-7.8491588772195655,-10.835720525734605
870649338742315,870649360728952.0,-7.8491588772195655,-10.388641558194022
870649346744812,870649360728952.0,-7.8491588772195655,-9.936635153615315
870649354745057,870649360728952.0,-7.8491588772195655,-9.471049649292016
870649359314236,870649360728952.0,-7.8491588772195655,-9.015147131706408
870649362745335,870649394085752.0,-6.76059385683044,-9.015147131706408
870649370754910,870649394085752.0,-6.76059385683044,-8.558958135223245
870649378751298,870649394085752.0,-6.76059385683044,-8.09595094097804
870649386749272,870649394085752.0,-6.76059385683044,-7.618046844059411
870649392725827,870649394085752.0,-6.76059385683044,-7.143465902352548
870649394750403,870649427441784.0,-4.845585414644802,-7.143465902352548
870649402748912,870649427441784.0,-4.845585414644802,-6.6785679473834
870649410744476,870649427441784.0,-4.845585414644802,-6.2018097660550415
870649418744212,870649427441784.0,-4.845585414644802,-5.712217330115764
870649426061219,870649427441784.0,-4.845585414644802,-5.231792218898565
870649426760734,870649460798328.0,-2.843868792545237,-5.231792218898565
870649434758982,870649460798328.0,-2.843868792545237,-4.750622262547691
870649442803644,870649460798328.0,-2.843868792545237,-4.257076417822018
870649450769533,870649460798328.0,-2.843868792545237,-3.7622700659470345
870649458757244,870649460798328.0,-2.843868792545237,-3.2722765595511607
870649459397233,870649460798328.0,-2.843868792545237,-2.777584799235193
870649466751597,870649494154872.0,-0.7515054506246202,-2.777584799235193
870649474744679,870649494154872.0,-0.7515054506246202,-2.2689701644975604
870649482754356,870649494154872.0,-0.7515054506246202,-1.7689498966868948
870649490746867,870649494154872.0,-0.7515054506246202,-1.2691015162147672
870649492725606,870649494154872.0,-0.7515054506246202,-0.7567053600292765
870649498746291,870649527511160.0,1.1879049905176657,-0.7567053600292765
870649506746850,870649527511160.0,1.1879049905176657,-0.23829314699491075
870649514746993,870649527511160.0,1.1879049905176657,0.27141010755347045
870649522745214,870649527511160.0,1.1879049905176657,0.7822592776921208
870649526086236,870649527511160.0,1.1879049905176657,1.316714308990153
870649530746955,870649560867704.0,3.2363056296235584,1.316714308990153
870649538744215,870649560867704.0,3.2363056296235584,1.8404550295192421
870649546746787,870649560867704.0,3.2363056296235584,2.3611017779546253
870649554744460,870649560867704.0,3.2363056296235584,2.889884527080858
870649559455232,870649560867704.0,3.2363056296235584,3.4152295294363086
870649562748064,870649594224248.0,5.14545804353196,3.4152295294363086
870649570745925,870649594224248.0,5.14545804353196,3.929000784330102
870649578745235,870649594224248.0,5.14545804353196,4.438646743098988
870649586742254,870649594224248.0,5.14545804353196,4.962616646746111
870649592803772,870649594224248.0,5.14545804353196,5.473981478900375
870649594749271,870649627580536.0,-82.27565685254659,5.473981478900375
870649602743508,870649627580536.0,-82.27565685254659,5.974574704506175
870649610745538,870649627580536.0,-82.27565685254659,6.483475818141388
870649618746568,870649627580536.0,-82.27565685254659,6.991345607745348
870649626127216,870649627580536.0,-82.27565685254659,7.486381142738366
870649626751739,870649660936824.0,8.869516134689576,7.486381142738366
870649634767091,870649660936824.0,8.869516134689576,7.975400620882533
870649642880089,870649660936824.0,8.869516134689576,8.477139762078577
870649650796542,870649660936824.0,8.869516134689576,8.967075972694955
870649658751242,870649660936824.0,8.869516134689576,9.44624057676287
870649659847599,870649660936824.0,8.869516134689576,9.930160730530348
870649666760462,870649694293112.0,10.098715669786714,9.930160730530348
870649674747594,870649694293112.0,10.098715669786714,10.42066989894186
870649682749622,870649694293112.0,10.098715669786714,10.896969714034102
870649690748530,870649694293112.0,10.098715669786714,11.367654542734092
870649692893285,870649694293112.0,10.098715669786714,11.843266808472181
870649698761614,870649727649656.0,12.08384396623174,11.843266808472181
870649706750146,870649727649656.0,12.08384396623174,12.317217496604389
870649714755959,870649727649656.0,12.08384396623174,12.781084127542309
870649722755142,870649727649656.0,12.08384396623174,13.2365282788918
870649726358309,870649727649656.0,12.08384396623174,13.702858628348771
870649730759933,870649761005944.0,14.178427492947776,13.702858628348771
870649738744515,870649761005944.0,14.178427492947776,14.164146949208599
870649746754854,870649761005944.0,14.178427492947776,14.617413860936592
870649754755322,870649761005944.0,14.178427492947776,15.064435532697653
870649759682038,870649761005944.0,14.178427492947776,15.517874331764212
870649762765362,870649794362232.0,15.959335677301624,15.517874331764212
870649770748177,870649794362232.0,15.959335677301624,15.966786764249187
870649778747662,870649794362232.0,15.959335677301624,16.40842263273603
870649786745669,870649794362232.0,15.959335677301624,16.84392785281498
870649792999130,870649794362232.0,15.959335677301624,17.28573560864036
870649794760796,870649827718776.0,17.39663879007921,17.28573560864036
870649802749120,870649827718776.0,17.39663879007921,17.723933730356418
870649810746266,870649827718776.0,17.39663879007921,18.152506161114257
870649818747354,870649827718776.0,17.39663879007921,18.577010591526683
870649826270666,870649827718776.0,17.39663879007921,19.004379810914784
870649826757808,870649861075064.0,19.091186744310676,19.004379810914784
870649834747944,870649861075064.0,19.091186744310676,19.432780354334085
870649842755990,870649861075064.0,19.091186744310676,19.84989362918933
870649850756593,870649861075064.0,19.091186744310676,20.262423241683532
870649858755364,870649861075064.0,19.091186744310676,20.675124741516242
870649859599324,870649861075064.0,19.091186744310676,21.093899593977376
870649866752167,870649894431352.0,20.25175700708357,21.093899593977376
870649874753135,870649894431352.0,20.25175700708357,21.501673656771985
870649882751629,870649894431352.0,20.25175700708357,21.900624169521567
870649890750824,870649894431352.0,20.25175700708357,22.302267583908286
870649893038433,870649894431352.0,20.25175700708357,22.70471313920817
870649898758472,870649927787640.0,22.16014135298755,22.70471313920817
870649906759210,870649927787640.0,22.16014135298755,23.109737004586147
870649914758083,870649927787640.0,22.16014135298755,23.498202389684845
870649922871982,870649927787640.0,22.16014135298755,23.881339267288823
870649926484655,870649927787640.0,22.16014135298755,24.269403581930924
870649930882131,870649961143672.0,24.192082386300285,24.269403581930924
870649938882715,870649961143672.0,24.192082386300285,24.660676460225776
870649946884472,870649961143672.0,24.192082386300285,25.043068492696076
870649954804768,870649961143672.0,24.192082386300285,25.420704975466816
870649959834558,870649961143672.0,24.192082386300285,25.787397964350525
870649962789900,870649994500216.0,25.102859907836176,25.787397964350525
870649970881012,870649994500216.0,25.102859907836176,26.162971799058784
870649978882298,870649994500216.0,25.102859907836176,26.541181239624635
870649986884877,870649994500216.0,25.102859907836176,26.905868876225412
870649993115875,870649994500216.0,25.102859907836176,27.266488512480755
870649994889611,870650027856504.0,27.067236462475194,27.266488512480755
870650002801623,870650027856504.0,27.067236462475194,27.624701725996545
870650010875770,870650027856504.0,27.067236462475194,27.986295390503617
870650018869059,870650027856504.0,27.067236462475194,28.349149562159948
870650026525485,870650027856504.0,27.067236462475194,28.703065592212262
870650026876900,870650061212792.0,27.979112110279345,28.703065592212262
870650034867492,870650061212792.0,27.979112110279345,29.045522466361962
870650042798910,870650061212792.0,27.979112110279345,29.386375058685275
870650050880618,870650061212792.0,27.979112110279345,29.73014973576378
870650058876972,870650061212792.0,27.979112110279345,30.077877821628686
870650059890162,870650061212792.0,27.979112110279345,30.412370582426046
870650066892369,870650094569080.0,29.144348487537485,30.412370582426046
870650074803297,870650094569080.0,29.144348487537485,30.748410329270275
870650082880491,870650094569080.0,29.144348487537485,31.075397342951444
870650090856311,870650094569080.0,29.144348487537485,31.404848075151662
870650093150834,870650094569080.0,29.144348487537485,31.68594116944285
870650098883612,870650127925368.0,29.920598852466526,31.68594116944285
870650106850212,870650127925368.0,29.920598852466526,31.839207379640342
870650114757155,870650127925368.0,29.920598852466526,31.88361160876298
870650122786515,870650127925368.0,29.920598852466526,31.8688292976486
870650126519147,870650127925368.0,29.920598852466526,31.865907212893433
870650130766113,870650161281400.0,30.12949870439965,31.865907212893433
870650138748937,870650161281400.0,30.12949870439965,31.86046411383969
870650146746799,870650161281400.0,30.12949870439965,31.852786479384932
870650154745176,870650161281400.0,30.12949870439965,31.840295999451094
870650159884230,870650161281400.0,30.12949870439965,31.826430420808922
870650162766294,870650194637688.0,30.12949870439965,31.826430420808922
870650170750223,870650194637688.0,30.12949870439965,31.808439546041818
870650178745849,870650194637688.0,30.12949870439965,31.785635825795605
870650186745861,870650194637688.0,30.12949870439965,31.761457006841084
870650193223791,870650194637688.0,30.12949870439965,31.733210187541136
870650194753641,870650227994232.0,29.137149789070605,31.733210187541136
870650202747553,870650227994232.0,29.137149789070605,31.700207818541614
870650210745139,870650227994232.0,29.137149789070605,31.665085505700073
870650218747623,870650227994232.0,29.137149789070605,31.62921834772488
870650226572471,870650227994232.0,29.137149789070605,31.590715583892106
870650226861860,870650261350264.0,29.241378770961546,31.590715583892106
870650234745632,870650261350264.0,29.241378770961546,31.545280030738237
870650242755223,870650261350264.0,29.241378770961546,31.50196442142635
870650250756249,870650261350264.0,29.241378770961546,31.454466220209984
870650258755629,870650261350264.0,29.241378770961546,31.400894666365268
870650259914806,870650261350264.0,29.241378770961546,31.348583619669817
870650266760354,870650294708344.0,29.138668739840597,31.348583619669817
870650274755493,870650294708344.0,29.138668739840597,31.29214727684943
870650282755829,870650294708344.0,29.138668739840597,31.233018032391932
870650290742619,870650294708344.0,29.138668739840597,31.171138590517803
870650293257030,870650294708344.0,29.138668739840597,31.105133852518744
870650298771339,870650328066168.0,29.02482921140964,31.105133852518744
870650306751793,870650328066168.0,29.02482921140964,31.037754015811352
870650314744461,870650328066168.0,29.02482921140964,30.96693643233318
870650322770097,870650328066168.0,29.02482921140964,30.891306003375902
870650326686830,870650328066168.0,29.02482921140964,30.81361292635617
870650330758898,870650361424248.0,29.047508133107414,30.81361292635617
870650338747706,870650361424248.0,29.047508133107414,30.733226947699325
870650346747741,870650361424248.0,29.047508133107414,30.64871567291752
870650354746951,870650361424248.0,29.047508133107414,30.563459553002048
870650360013104,870650361424248.0,29.047508133107414,30.473218700268948
870650362753870,870650394782328.0,28.068258649232718,30.473218700268948
870650370755440,870650394782328.0,28.068258649232718,30.379654692324085
870650378766911,870650394782328.0,28.068258649232718,30.285976092820206
870650386748470,870650394782328.0,28.068258649232718,30.18954729589967
870650393404998,870650394782328.0,28.068258649232718,30.083550103800484
870650394754731,870650428140152.0,28.041255286390196,30.083550103800484
870650402745427,870650428140152.0,28.041255286390196,29.97887071463008
870650410756558,870650428140152.0,28.041255286390196,29.869378479980565
870650418755367,870650428140152.0,28.041255286390196,29.75994354111058
870650426695199,870650428140152.0,28.041255286390196,29.64563846098198
870650426792818,870650461498232.0,27.156741388377583,29.64563846098198
870650434759361,870650461498232.0,27.156741388377583,29.532078225987053
870650442752853,870650461498232.0,27.156741388377583,29.41571049779598
870650450748781,870650461498232.0,27.156741388377583,29.298655220250748
870650458759441,870650461498232.0,27.156741388377583,29.172661801101476
870650460142095,870650461498232.0,27.156741388377583,29.046725677731725
870650466752762,870650494856312.0,27.115053985748602,29.046725677731725
870650474757188,870650494856312.0,27.115053985748602,28.918669610520002
870650482756677,870650494856312.0,27.115053985748602,28.78442559912084
870650490758918,870650494856312.0,27.115053985748602,28.64811893965922
870650493420363,870650494856312.0,27.115053985748602,28.507744279852165
870650498750550,870650528214136.0,26.123265048511172,28.507744279852165
870650506756499,870650528214136.0,26.123265048511172,28.36673936647048
870650514757743,870650528214136.0,26.123265048511172,28.218687072208663
870650522746279,870650528214136.0,26.123265048511172,28.06456142531848
870650526832519,870650528214136.0,26.123265048511172,27.913816229419563
870650530753553,870650561572216.0,25.942620255742582,27.913816229419563
870650538745816,870650561572216.0,25.942620255742582,27.759003033175198
870650546746534,870650561572216.0,25.942620255742582,27.601382343734713
870650554746153,870650561572216.0,25.942620255742582,27.445881598136204
870650560173527,870650561572216.0,25.942620255742582,27.28545341549959
870650562750994,870650594930296.0,24.92434259221409,27.28545341549959
870650570746595,870650594930296.0,24.92434259221409,27.122332331225845
870650578746868,870650594930296.0,24.92434259221409,26.954512993032026
870650586746599,870650594930296.0,24.92434259221409,26.782682950272296
870650593498457,870650594930296.0,24.92434259221409,26.60735786496226
870650594751638,870650628288120.0,24.107653713660568,26.60735786496226
870650602745734,870650628288120.0,24.107653713660568,26.42785018774777
870650610754554,870650628288120.0,24.107653713660568,26.244446397526406
870650618756636,870650628288120.0,24.107653713660568,26.05955291703767
870650626868372,870650628288120.0,24.107653713660568,25.873284337840634
870650626958064,870650628288120.0,24.107653713660568,25.68501040636066
870650634872675,870650661646200.0,23.945343248345495,25.68501040636066
870650642900247,870650661646200.0,23.945343248345495,25.498684531384107
870650650849165,870650661646200.0,23.945343248345495,25.30823336028264
870650658888034,870650661646200.0,23.945343248345495,25.111594244993736
870650660243412,870650661646200.0,23.945343248345495,24.908194227722284
870650666874724,870650695004024.0,23.008285273006322,24.908194227722284
870650674877608,870650695004024.0,23.008285273006322,24.702044013034225
870650682857352,870650695004024.0,23.008285273006322,24.493086305150015
870650690868941,870650695004024.0,23.008285273006322,24.280748146274522
870650693630801,870650695004024.0,23.008285273006322,24.06772243804487
870650698869039,870650728362360.0,22.15041268386895,24.06772243804487
870650706888256,870650728362360.0,22.15041268386895,23.8518892366191
870650714857577,870650728362360.0,22.15041268386895,23.64161372580609
870650722892264,870650728362360.0,22.15041268386895,23.419477988633858
870650727125948,870650728362360.0,22.15041268386895,23.196540110548465
870650730873822,870650761720184.0,20.98164969204501,23.196540110548465
870650738883676,870650761720184.0,20.98164969204501,22.968674795424942
870650746794260,870650761720184.0,20.98164969204501,22.733246437405676
870650754752871,870650761720184.0,20.98164969204501,22.495698135544437
870650760395651,870650761720184.0,20.98164969204501,22.260327073304694
870650762750415,870650795078264.0,20.058953662028188,22.260327073304694
870650770745337,870650795078264.0,20.058953662028188,22.02421116593128
870650778757505,870650795078264.0,20.058953662028188,21.784657511787085
870650786886134,870650795078264.0,20.058953662028188,21.542983913800914
870650793754903,870650795078264.0,20.058953662028188,21.29644017455611
870650794777325,870650828436344.0,19.115919901025904,21.29644017455611
870650802782119,870650828436344.0,19.115919901025904,21.046687871658587
870650810768611,870650828436344.0,19.115919901025904,20.78518993396089
870650818758336,870650828436344.0,19.115919901025904,20.528447545962756
870650826756126,870650828436344.0,19.115919901025904,20.26958521412265
870650827099530,870650828436344.0,19.115919901025904,20.01358767125819
870650834791649,870650861794168.0,18.020459475475235,20.01358767125819
870650842771860,870650861794168.0,18.020459475475235,19.75088652219073
870650850759586,870650861794168.0,18.020459475475235,19.480622330227504
870650858875695,870650861794168.0,18.020459475475235,19.20760794084767
870650860495163,870650861794168.0,18.020459475475235,18.923707353360356
870650866885922,870650895152248.0,17.10522004180666,18.923707353360356
870650874804242,870650895152248.0,17.10522004180666,18.646739555194106
870650882879191,870650895152248.0,17.10522004180666,18.37315220801914
870650890789127,870650895152248.0,17.10522004180666,18.097444917002196
870650893802141,870650895152248.0,17.10522004180666,17.81004928696458
870650898875481,870650928510328.0,16.292464378378725,17.81004928696458
870650906798552,870650928510328.0,16.292464378378725,17.522825544265476
870650914771061,870650928510328.0,16.292464378378725,17.223684279427694
870650922749712,870650928510328.0,16.292464378378725,16.92477219770794
870650927181053,870650928510328.0,16.292464378378725,16.63330856732489
870650930761646,870650961868408.0,15.07170342319796,16.63330856732489
870650938746546,870650961868408.0,15.07170342319796,16.337605049257856
870650946747072,870650961868408.0,15.07170342319796,16.03307798114583
870650954746164,870650961868408.0,15.07170342319796,15.72751958900257
870650960522417,870650961868408.0,15.07170342319796,15.40918423802789
870650962760792,870650995226488.0,14.060385033976075,15.40918423802789
870650970756639,870650995226488.0,14.060385033976075,15.0970368312406
870650978753733,870650995226488.0,14.060385033976075,14.788269875444618
870650986789700,870650995226488.0,14.060385033976075,14.471882580973377
870650993923775,870650995226488.0,14.060385033976075,14.154750441368462
870650994771937,870651028584568.0,12.882830647032932,14.154750441368462
870651002749708,870651028584568.0,12.882830647032932,13.826216441640453
870651010756491,870651028584568.0,12.882830647032932,13.49132261038647
870651018866646,870651028584568.0,12.882830647032932,13.161413511950158
870651026873638,870651028584568.0,12.882830647032932,12.838895569071
870651027099364,870651028584568.0,12.882830647032932,12.506694639454148
870651034878584,870651061942648.0,11.051599117997881,12.506694639454148
870651042798518,870651061942648.0,11.051599117997881,12.16589934291033
870651050876812,870651061942648.0,11.051599117997881,11.817082637234707
870651058882820,870651061942648.0,11.051599117997881,11.470443171180552
870651060500857,870651061942648.0,11.051599117997881,11.125809057409356
870651066881157,870651095300472.0,10.36347518273945,11.125809057409356
870651074798547,870651095300472.0,10.36347518273945,10.776820464395168
870651082882826,870651095300472.0,10.36347518273945,10.428061054499038
870651090875840,870651095300472.0,10.36347518273945,10.064748516606587
870651093836014,870651095300472.0,10.36347518273945,9.700347358903388
870651098873974,870651128658808.0,8.286587910563611,9.700347358903388
870651106880377,870651128658808.0,8.286587910563611,9.344024906111517
870651114891721,870651128658808.0,8.286587910563611,8.984952255903043
870651122877175,870651128658808.0,8.286587910563611,8.61785819656271
870651127241801,870651128658808.0,8.286587910563611,8.241367629382264
870651130844650,870651162016632.0,7.08039029891691,8.241367629382264
870651138797168,870651162016632.0,7.08039029891691,7.863559259272987
870651146752633,870651162016632.0,7.08039029891691,7.491938833351148
870651154762468,870651162016632.0,7.08039029891691,7.117453618453637
870651160576804,870651162016632.0,7.08039029891691,6.7328270505823165
870651162749317,870651195374712.0,5.14545804353196,6.7328270505823165
870651170746393,870651195374712.0,5.14545804353196,6.33846020019376
870651178745632,870651195374712.0,5.14545804353196,5.949020786843356
870651186744360,870651195374712.0,5.14545804353196,5.5657693176803384
870651193911534,870651195374712.0,5.14545804353196,5.1704284390400765
870651194749376,870651228732792.0,30.52557893209209,5.1704284390400765
870651202748001,870651228732792.0,30.52557893209209,4.7688996162124
870651210754171,870651228732792.0,30.52557893209209,4.360609891402152
870651218756005,870651228732792.0,30.52557893209209,3.966071153675083
870651226797130,870651228732792.0,30.52557893209209,3.566433091571324
870651227266722,870651228732792.0,30.52557893209209,3.1554504651239914
870651234774616,870651262090872.0,2.4005023574466975,3.1554504651239914
870651242778092,870651262090872.0,2.4005023574466975,2.7366756126628595
870651250746774,870651262090872.0,2.4005023574466975,2.3210520280749805
870651258746194,870651262090872.0,2.4005023574466975,1.910642359422757
870651260656576,870651262090872.0,2.4005023574466975,1.4914091407255328
870651266750582,870651295448440.0,0.9668893225251338,1.4914091407255328
870651274753781,870651295448440.0,0.9668893225251338,1.061175132361811
870651282744755,870651295448440.0,0.9668893225251338,0.6280190392428953
870651290866613,870651295448440.0,0.9668893225251338,0.20775449651444391
870651293993635,870651295448440.0,0.9668893225251338,-0.22104711736145413
870651298888465,870651328806264.0,-0.670168396235681,-0.22104711736145413
870651306798264,870651328806264.0,-0.670168396235681,-0.658500393943841
870651314753576,870651328806264.0,-0.670168396235681,-1.1041469669965989
870651322760673,870651328806264.0,-0.670168396235681,-1.5376468347925902
870651327258363,870651328806264.0,-0.670168396235681,-1.9780221961301456
870651330750563,870651362163832.0,-1.9795580211031734,-1.9780221961301456
870651338744582,870651362163832.0,-1.9795580211031734,-2.426189783481475
870651346742418,870651362163832.0,-1.9795580211031734,-2.882493371523655
870651354757676,870651362163832.0,-1.9795580211031734,-3.331291212449615
870651360717698,870651362163832.0,-1.9795580211031734,-3.784901898854685
870651362760699,870651395521400.0,-3.9003434770465333,-3.784901898854685
870651370789431,870651395521400.0,-3.9003434770465333,-4.246877769068689
870651378785057,870651395521400.0,-3.9003434770465333,-4.718192851343283
870651386754062,870651395521400.0,-3.9003434770465333,-5.176845566345523
870651394083313,870651395521400.0,-3.9003434770465333,-5.641399746637594
870651394754097,870651428879224.0,-5.942828603682187,-5.641399746637594
870651402749341,870651428879224.0,-5.942828603682187,-6.117355787052759
870651410745888,870651428879224.0,-5.942828603682187,-6.593139940129412
870651418746719,870651428879224.0,-5.942828603682187,-7.062965332136687
870651426745805,870651428879224.0,-5.942828603682187,-7.54086942905529
870651427410611,870651428879224.0,-5.942828603682187,-8.032066146820954
870651434747133,870651462236792.0,-7.789079237047787,-8.032066146820954
870651442745010,870651462236792.0,-7.789079237047787,-8.517418695076282
870651450745331,870651462236792.0,-7.789079237047787,-8.99503631309733
870651458746533,870651462236792.0,-7.789079237047787,-9.48606114352443
870651460759048,870651462236792.0,-7.789079237047787,-9.990607777916653
870651466749996,870651495594360.0,-9.8541887468906,-9.990607777916653
870651474757351,870651495594360.0,-9.8541887468906,-10.48363796062671
870651482754967,870651495594360.0,-9.8541887468906,-10.975980593982642
870651490867238,870651495594360.0,-9.8541887468906,-11.486142214767119
870651494120801,870651495594360.0,-9.8541887468906,-11.99830918783455
870651498881662,870651528952184.0,-11.816248130718861,-11.99830918783455
870651506885805,870651528952184.0,-11.816248130718861,-12.496725173818854
870651514888629,870651528952184.0,-11.816248130718861,-13.009465104681444
870651522884523,870651528952184.0,-11.816248130718861,-13.532231796958802
870651527486904,870651528952184.0,-11.816248130718861,-14.04313826287695
870651530878400,870651562309752.0,-13.740629468838392,-14.04313826287695
870651538878487,870651562309752.0,-13.740629468838392,-14.559029461612743
870651546798129,870651562309752.0,-13.740629468838392,-15.090161337699035
870651554797712,870651562309752.0,-13.740629468838392,-15.620892143328707
870651560854199,870651562309752.0,-13.740629468838392,-16.140564863512356
870651562760540,870651595667576.0,-15.815607760218967,-16.140564863512356
870651570761996,870651595667576.0,-15.815607760218967,-16.6596646259009
870651578745608,870651595667576.0,-15.815607760218967,-17.19022354419203
870651586745176,870651595667576.0,-15.815607760218967,-17.7029634750546
870651594230547,870651595667576.0,-15.815607760218967,-18.213468870516174
870651594750098,870651629025144.0,-16.865825301313663,-18.213468870516174
870651602745021,870651629025144.0,-16.865825301313663,-18.731823787771017
870651610745402,870651629025144.0,-16.865825301313663,-19.24158433809892
870651618746871,870651629025144.0,-16.865825301313663,-19.73736471822561
870651626746910,870651629025144.0,-16.865825301313663,-20.242369718853922
870651627595655,870651629025144.0,-16.865825301313663,-20.754880466598458
870651634768982,870651662382712.0,-19.855181592972144,-20.754880466598458
870651642745906,870651662382712.0,-19.855181592972144,-21.244530198317253
870651650747752,870651662382712.0,-19.855181592972144,-21.735669620303398
870651658792930,870651662382712.0,-19.855181592972144,-22.233741831610626
870651660626690,870651662382712.0,-19.855181592972144,-22.726141760746053
870651666770020,870651695740536.0,-20.80353301576295,-22.726141760746053
870651674770572,870651695740536.0,-20.80353301576295,-23.20032163199632
870651682741044,870651695740536.0,-20.80353301576295,-23.68172077146523
870651690741403,870651695740536.0,-20.80353301576295,-24.170167291814263
870651694249116,870651695740536.0,-20.80353301576295,-24.652483163755377
870651698771664,870651729098104.0,-22.86371849227811,-24.652483163755377
870651706768022,870651729098104.0,-22.86371849227811,-25.11686545670891
870651714758952,870651729098104.0,-22.86371849227811,-25.583539580842984
870651722748719,870651729098104.0,-22.86371849227811,-26.063850100501142
870651727684072,870651729098104.0,-22.86371849227811,-26.527372956761987
870651730770736,870651762455928.0,-24.862699108744067,-26.527372956761987
870651738776659,870651762455928.0,-24.862699108744067,-26.982759812331953
870651746749279,870651762455928.0,-24.862699108744067,-27.44444920364838
870651754749477,870651762455928.0,-24.862699108744067,-27.9135870463015
870651761097048,870651762455928.0,-24.862699108744067,-28.360436830724023
870651762876345,870651795813496.0,-26.916485890069055,-28.360436830724023
870651770884090,870651795813496.0,-26.916485890069055,-28.802244586549403
870651778875899,870651795813496.0,-26.916485890069055,-29.24880789207437
870651786871541,870651795813496.0,-26.916485890069055,-29.70419474764434
870651794358914,870651795813496.0,-26.916485890069055,-30.141762615785744
870651794921258,870651829171064.0,-27.79958296099653,-30.141762615785744
870651802804039,870651829171064.0,-27.79958296099653,-30.572397694606064
870651810872917,870651829171064.0,-27.79958296099653,-31.007788323125993
870651818875342,870651829171064.0,-27.79958296099653,-31.451257656557257
870651826774856,870651829171064.0,-27.79958296099653,-31.880116566212678
870651827707814,870651829171064.0,-27.79958296099653,-32.300381108941124
870651834761218,870651862528888.0,-29.78206414002375,-32.300381108941124
870651842766915,870651862528888.0,-29.78206414002375,-32.722479116614
870651850749906,870651862528888.0,-29.78206414002375,-33.153687153229455
870651858745035,870651862528888.0,-29.78206414002375,-33.57372251283987
870651861107613,870651862528888.0,-29.78206414002375,-33.98269978700425
870651866760841,870651895886456.0,-30.939615062104195,-33.98269978700425
870651874747524,870651895886456.0,-30.939615062104195,-34.391161399153006
870651882744974,870651895886456.0,-30.939615062104195,-34.80311805385207
870651890744258,870651895886456.0,-30.939615062104195,-35.21753842707021
870651894356314,870651895886456.0,-30.939615062104195,-35.616947306055884
870651898759123,870651929244024.0,-32.93770503383931,-35.616947306055884
870651906745528,870651929244024.0,-32.93770503383931,-36.00816288857121
870651914742582,870651929244024.0,-32.93770503383931,-36.40631126040763
870651922744153,870651929244024.0,-32.93770503383931,-36.81196537936026
870651927818687,870651929244024.0,-32.93770503383931,-37.20616034241026
870651930764869,870651962602104.0,-33.75868045098403,-37.20616034241026
870651938752259,870651962602104.0,-33.75868045098403,-37.587521050849354
870651946744561,870651962602104.0,-33.75868045098403,-37.970428745335276
870651954743226,870651962602104.0,-33.75868045098403,-38.35465424274997
870651961164792,870651962602104.0,-33.75868045098403,-38.74776058598927
870651962755440,870651995959672.0,-35.96663245057613,-38.74776058598927
870651970748421,870651995959672.0,-35.96663245057613,-39.12207391354824
870651978743769,870651995959672.0,-35.96663245057613,-39.486360479692394
870651986743735,870651995959672.0,-35.96663245057613,-39.85964248322014
870651994493592,870651995959672.0,-35.96663245057613,-40.232122345834696
870651994756215,870652029317496.0,-36.91886838555129,-40.232122345834696
870652002744917,870652029317496.0,-36.91886838555129,-40.6032271097409
870652010743605,870652029317496.0,-36.91886838555129,-40.959033900517156
870652018743119,870652029317496.0,-36.91886838555129,-41.31380936726214
870652026743952,870652029317496.0,-36.91886838555129,-41.669730749597434
870652027822318,870652029317496.0,-36.91886838555129,-42.027714779995186
870652034766767,870652062675064.0,-38.92146843588861,-42.027714779995186
870652042747939,870652062675064.0,-38.92146843588861,-42.3883344162505
870652050743861,870652062675064.0,-38.92146843588861,-42.73107776929778
870652058748246,870652062675064.0,-38.92146843588861,-43.068549910629834
870652061235060,870652062675064.0,-38.92146843588861,-43.408772249378494
870652066754539,870652096032632.0,-39.85454195646804,-43.408772249378494
870652074832578,870652096032632.0,-39.85454195646804,-43.74887999656816
870652082874588,870652096032632.0,-39.85454195646804,-44.09655078665354
870652090851780,870652096032632.0,-39.85454195646804,-44.42869442049089
870652094716951,870652096032632.0,-39.85454195646804,-44.74851946173289
870652098853607,870652129390456.0,-40.833861631581044,-44.74851946173289
870652106759811,870652129390456.0,-40.833861631581044,-45.02548725989917
870652114748957,870652129390456.0,-40.833861631581044,-45.176175160018566
870652122744292,870652129390456.0,-40.833861631581044,-45.22361606545537
870652128108377,870652129390456.0,-40.833861631581044,-45.210094261490276
870652130795313,870652162748024.0,-40.77561642745286,-45.210094261490276
870652138755646,870652162748024.0,-40.77561642745286,-45.20854727544346
870652146757679,870652162748024.0,-40.77561642745286,-45.20316147216919
870652154744823,870652162748024.0,-40.77561642745286,-45.198864288705714
870652161390749,870652162748024.0,-40.77561642745286,-45.18843645683435
870652162752046,870652196105592.0,-40.97055239785095,-45.18843645683435
870652170745238,870652196105592.0,-40.97055239785095,-45.17525842754634
870652178755067,870652196105592.0,-40.97055239785095,-45.15789780635388
870652186747772,870652196105592.0,-40.97055239785095,-45.13578163546185
870652194747629,870652196105592.0,-40.97055239785095,-45.110285013578526
870652194786494,870652196105592.0,-40.97055239785095,-45.08266844785317
870652202750757,870652229463416.0,-40.97784432107608,-45.08266844785317
870652210746312,870652229463416.0,-40.97784432107608,-45.052358980490794
870652218748447,870652229463416.0,-40.97784432107608,-45.01855447057809
870652226749174,870652229463416.0,-40.97784432107608,-44.98142680545361
870652228105128,870652229463416.0,-40.97784432107608,-44.944184548770096
870652234749391,870652262820984.0,-40.97784432107608,-44.944184548770096
870652242747496,870652262820984.0,-40.97784432107608,-44.89937924919085
870652250744174,870652262820984.0,-40.97784432107608,-44.855376090524814
870652258745246,870652262820984.0,-40.97784432107608,-44.8085654386626
870652261426819,870652262820984.0,-40.97784432107608,-44.756941941321315
870652266746138,870652296177528.0,-40.787615477047495,-44.756941941321315
870652274744955,870652296177528.0,-40.787615477047495,-44.699818049146785
870652282745138,870652296177528.0,-40.787615477047495,-44.646189199522524
870652290746308,870652296177528.0,-40.787615477047495,-44.588377757993825
870652294763153,870652296177528.0,-40.787615477047495,-44.52581076676555
870652298745551,870652329533816.0,-39.85454195646804,-44.52581076676555
870652306748590,870652329533816.0,-39.85454195646804,-44.45906118363279
870652314746550,870652329533816.0,-39.85454195646804,-44.38881655794976
870652322747025,870652329533816.0,-39.85454195646804,-44.31731142511746
870652328189947,870652329533816.0,-39.85454195646804,-44.240363193231374
870652330747001,870652362890360.0,-39.85454195646804,-44.240363193231374
870652338744445,870652362890360.0,-39.85454195646804,-44.16352955290433
870652346743303,870652362890360.0,-39.85454195646804,-44.07913286968157
870652354743688,870652362890360.0,-39.85454195646804,-43.99416322866365
870652361546209,870652362890360.0,-39.85454195646804,-43.90781848893742
870652362749629,870652396246648.0,-39.85454195646804,-43.90781848893742
870652370745397,870652396246648.0,-39.85454195646804,-43.817978706660924
870652378754636,870652396246648.0,-39.85454195646804,-43.72401362825946
870652386757306,870652396246648.0,-39.85454195646804,-43.63148094434583
870652394749152,870652396246648.0,-39.85454195646804,-43.52869231589939
870652394980525,870652396246648.0,-39.85454195646804,-43.43060194137298
870652402750211,870652429602936.0,-38.781712586615015,-43.43060194137298
870652410757080,870652429602936.0,-38.781712586615015,-43.32918841163484
870652418745133,870652429602936.0,-38.781712586615015,-43.222217191283924
870652426744964,870652429602936.0,-38.781712586615015,-43.11186551994172
870652428183010,870652429602936.0,-38.781712586615015,-43.000826299245375
870652434750320,870652462959480.0,-38.97986521936235,-43.000826299245375
870652442758809,870652462959480.0,-38.97986521936235,-42.88703688113236
870652450747571,870652462959480.0,-38.97986521936235,-42.77043996982328
870652458745856,870652462959480.0,-38.97986521936235,-42.65046260752285
870652461567566,870652462959480.0,-38.97986521936235,-42.5257296955229
870652466748409,870652496316024.0,-37.81574742464633,-42.5257296955229
870652474745668,870652496316024.0,-37.81574742464633,-42.39687148739797
870652482745895,870652496316024.0,-37.81574742464633,-42.26325772957347
870652490747322,870652496316024.0,-37.81574742464633,-42.12895642239481
870652494980771,870652496316024.0,-37.81574742464633,-41.98915472038289
870652498747430,870652529672312.0,-37.78903181945935,-41.98915472038289
870652506746080,870652529672312.0,-37.78903181945935,-41.84946760992996
870652514744978,870652529672312.0,-37.78903181945935,-41.70754596407606
870652522753427,870652529672312.0,-37.78903181945935,-41.560926064302095
870652528332673,870652529672312.0,-37.78903181945935,-41.414248868748615
870652530747269,870652563028600.0,-36.96327226215618,-41.414248868748615
870652538744985,870652563028600.0,-36.96327226215618,-41.26556632091214
870652546743936,870652563028600.0,-36.96327226215618,-41.11413357565907
870652554744948,870652563028600.0,-36.96327226215618,-40.95932037941471
870652561766934,870652563028600.0,-36.96327226215618,-40.80227264776938
870652562746966,870652596384888.0,-36.84175423934664,-40.80227264776938
870652570747304,870652596384888.0,-36.84175423934664,-40.64052666220394
870652578745528,870652596384888.0,-36.84175423934664,-40.472248957774
870652586743893,870652596384888.0,-36.84175423934664,-40.301335647486454
870652594745866,870652596384888.0,-36.84175423934664,-40.126297041074
870652594981175,870652596384888.0,-36.84175423934664,-39.9497687443942
870652602746804,870652629741432.0,-35.88988729763929,-39.9497687443942
870652610745514,870652629741432.0,-35.88988729763929,-39.773927997068554
870652618745916,870652629741432.0,-35.88988729763929,-39.593274404263795
870652626769581,870652629741432.0,-35.88988729763929,-39.41342295237222
870652628382533,870652629741432.0,-35.88988729763929,-39.23001916215086
870652634749979,870652663097720.0,-34.795643806626714,-39.23001916215086
870652642749287,870652663097720.0,-34.795643806626714,-39.04461001964651
870652650756836,870652663097720.0,-34.795643806626714,-38.85089298911278
870652658755885,870652663097720.0,-34.795643806626714,-38.654597648501
870652661753082,870652663097720.0,-34.795643806626714,-38.452801913055914
870652666747001,870652696454008.0,-33.884525912403944,-38.452801913055914
870652674745142,870652696454008.0,-33.884525912403944,-38.24607874057272
870652682747059,870652696454008.0,-33.884525912403944,-38.04353815999396
870652690745993,870652696454008.0,-33.884525912403944,-37.839565184927366
870652695134267,870652696454008.0,-33.884525912403944,-37.63364415335737
870652698746600,870652729810296.0,-32.77562036236702,-37.63364415335737
870652706743840,870652729810296.0,-32.77562036236702,-37.426290727299524
870652714745616,870652729810296.0,-32.77562036236702,-37.21188992036158
870652722744023,870652729810296.0,-32.77562036236702,-36.99193142281084
870652728592482,870652729810296.0,-32.77562036236702,-36.76761844601712
870652730746177,870652763166840.0,-32.82112544194217,-36.76761844601712
870652738746259,870652763166840.0,-32.82112544194217,-36.53717482081551
870652746745674,870652763166840.0,-32.82112544194217,-36.30879384367637
870652754755589,870652763166840.0,-32.82112544194217,-36.08029827497819
870652761773836,870652763166840.0,-32.82112544194217,-35.85048490335123
870652762749178,870652796522872.0,-31.942086623807626,-35.85048490335123
870652770745691,870652796522872.0,-31.942086623807626,-35.61643164404027
870652778745378,870652796522872.0,-31.942086623807626,-35.382435680508856
870652786746684,870652796522872.0,-31.942086623807626,-35.142309068569524
870652794744132,870652796522872.0,-31.942086623807626,-34.89467670951397
870652795178765,870652796522872.0,-31.942086623807626,-34.640684518932495
870652802746692,870652829879416.0,-30.921280366564474,-34.640684518932495
870652810756106,870652829879416.0,-30.921280366564474,-34.389557117326646
870652818756234,870652829879416.0,-30.921280366564474,-34.13648165921735
870652826747446,870652829879416.0,-30.921280366564474,-33.88334890532857
870652828489051,870652829879416.0,-30.921280366564474,-33.628497278054375
870652834749016,870652863235704.0,-29.868281271185822,-33.628497278054375
870652842746381,870652863235704.0,-29.868281271185822,-33.36659826990009
870652850747306,870652863235704.0,-29.868281271185822,-33.09599030325978
870652858746237,870652863235704.0,-29.868281271185822,-32.8205121953609
870652861926647,870652863235704.0,-29.868281271185822,-32.54852913001229
870652866746287,870652896591992.0,-28.90047921042182,-32.54852913001229
870652874784871,870652896591992.0,-28.90047921042182,-32.27849412116713
870652882871780,870652896591992.0,-28.90047921042182,-32.00696942205464
870652890866143,870652896591992.0,-28.90047921042182,-31.72879841251862
870652895225679,870652896591992.0,-28.90047921042182,-31.444324867236173
870652898852329,870652929948280.0,-27.69960024705935,-31.444324867236173
870652906871194,870652929948280.0,-27.69960024705935,-31.153835265104824
870652914878651,870652929948280.0,-27.69960024705935,-30.86185597270616
870652922866542,870652929948280.0,-27.69960024705935,-30.574059272211947
870652928654211,870652929948280.0,-27.69960024705935,-30.282194571372322
870652930767553,870652963304568.0,-25.919706717792224,-30.282194571372322
870652938760506,870652963304568.0,-25.919706717792224,-29.98866829292679
870652946745366,870652963304568.0,-25.919706717792224,-29.688381112498735
870652954745004,870652963304568.0,-25.919706717792224,-29.377322325522215
870652961935180,870652963304568.0,-25.919706717792224,-29.068383482387674
870652962749311,870652996660856.0,-24.862699108744067,-29.068383482387674
870652970746961,870652996660856.0,-24.862699108744067,-28.762080245110717
870652978746873,870652996660856.0,-24.862699108744067,-28.456292669849404
870652986754962,870652996660856.0,-24.862699108744067,-28.14443174195969
870652994748168,870652996660856.0,-24.862699108744067,-27.82179920752154
870652995357769,870652996660856.0,-24.862699108744067,-27.496244588328196
870653002747384,870653030017144.0,-23.805537473283152,-27.496244588328196
870653010747235,870653030017144.0,-23.805537473283152,-27.16874191263141
870653018748039,870653030017144.0,-23.805537473283152,-26.84398943435126
870653026745773,870653030017144.0,-23.805537473283152,-26.515627321961787
870653028626351,870653030017144.0,-23.805537473283152,-26.187723575808434
870653034747510,870653063373176.0,-22.718267549681258,-26.187723575808434
870653042745888,870653063373176.0,-22.718267549681258,-25.845094814320202
870653050746667,870653063373176.0,-22.718267549681258,-25.500517996328522
870653058747283,870653063373176.0,-22.718267549681258,-25.16482202416137
870653061925911,870653063373176.0,-22.718267549681258,-24.824255910735612
870653066747254,870653096729464.0,-21.74606099018709,-24.824255910735612
870653074745874,870653096729464.0,-21.74606099018709,-24.481569853467853
870653082746910,870653096729464.0,-21.74606099018709,-24.127997598092637
870653090744410,870653096729464.0,-21.74606099018709,-23.768237398529987
870653095365905,870653096729464.0,-21.74606099018709,-23.410654438588832
870653098747284,870653130085752.0,-19.853811515649596,-23.410654438588832
870653106743435,870653130085752.0,-19.853811515649596,-23.055134126710154
870653114743380,870653130085752.0,-19.853811515649596,-22.699671110610996
870653122743933,870653130085752.0,-19.853811515649596,-22.336186685380014
870653128697267,870653130085752.0,-19.853811515649596,-21.955570822074606
870653130764291,870653163442040.0,-18.660485690776653,-21.955570822074606
870653138748184,870653163442040.0,-18.660485690776653,-21.587388142923523
870653146746787,870653163442040.0,-18.660485690776653,-21.21422073095482
870653154746190,870653163442040.0,-18.660485690776653,-20.842600305032985
870653162164265,870653163442040.0,-18.660485690776653,-20.459291540090444
870653162751799,870653196798328.0,-16.755164849404537,-20.459291540090444
870653170744808,870653196798328.0,-16.755164849404537,-20.07248773259763
870653178745673,870653196798328.0,-16.755164849404537,-19.689236263434633
870653186744900,870653196798328.0,-16.755164849404537,-19.306385864728213
870653194746652,870653196798328.0,-16.755164849404537,-18.9178058880705
870653195435278,870653196798328.0,-16.755164849404537,-18.512094473338347
870653202752665,870653230154616.0,-15.834294817302037,-18.512094473338347
870653210743520,870653230154616.0,-15.834294817302037,-18.117441144052236
870653218744834,870653230154616.0,-15.834294817302037,-17.71929277221582
870653226742928,870653230154616.0,-15.834294817302037,-17.322519499087733
870653228873567,870653230154616.0,-15.834294817302037,-16.911880647317478
870653234747282,870653263510648.0,-13.901166299236365,-16.911880647317478
870653242743832,870653263510648.0,-13.901166299236365,-16.495970583832015
870653250744063,870653263510648.0,-13.901166299236365,-16.08619116875445
870653258742938,870653263510648.0,-13.901166299236365,-15.676984711472016
870653262241533,870653263510648.0,-13.901166299236365,-15.259069295703599
870653266746513,870653296868728.0,-12.03670119166705,-15.259069295703599
870653274743637,870653296868728.0,-12.03670119166705,-14.830210386048181
870653282743116,870653296868728.0,-12.03670119166705,-14.405419476738173
870653290749220,870653296868728.0,-12.03670119166705,-13.984696567773604
870653295599184,870653296868728.0,-12.03670119166705,-13.561968306526103
870653298747233,870653330226296.0,-10.985240559843731,-13.561968306526103
870653306748753,870653330226296.0,-10.985240559843731,-13.121421057850009
870653314747025,870653330226296.0,-10.985240559843731,-12.684311555944698
870653322744137,870653330226296.0,-10.985240559843731,-12.249952251456016
870653328925097,870653330226296.0,-10.985240559843731,-11.814217848259034
870653330747254,870653363584120.0,-8.817890030870643,-11.814217848259034
870653338746010,870653363584120.0,-8.817890030870643,-11.362326035239342
870653346743771,870653363584120.0,-8.817890030870643,-10.912611461841172
870653354743624,870653363584120.0,-8.817890030870643,-10.46553249430059
870653362316608,870653363584120.0,-8.817890030870643,-10.018969188775621
870653362748213,870653396942200.0,-7.133307057385252,-10.018969188775621
870653370746364,870653396942200.0,-7.133307057385252,-9.555331740955761
870653378783350,870653396942200.0,-7.133307057385252,-9.09329857496226
870653386761403,870653396942200.0,-7.133307057385252,-8.635562592432258
870653394747437,870653396942200.0,-7.133307057385252,-8.179831962185187
870653395739189,870653396942200.0,-7.133307057385252,-7.703245668195366
870653402749962,870653430300024.0,-5.687588615917321,-7.703245668195366
870653410752375,870653430300024.0,-5.687588615917321,-7.231472219684654
870653418745116,870653430300024.0,-5.687588615917321,-6.763824067298875
870653426744100,870653430300024.0,-5.687588615917321,-6.29119118209545
870653428913903,870653430300024.0,-5.687588615917321,-5.8008539010225
870653434746826,870653463657848.0,-3.8457891941347384,-5.8008539010225
870653442743193,870653463657848.0,-3.8457891941347384,-5.320371494025779
870653450743480,870653463657848.0,-3.8457891941347384,-4.839258833454427
870653458746400,870653463657848.0,-3.8457891941347384,-4.3497236932946715
870653462386912,870653463657848.0,-3.8457891941347384,-3.8525109186801325
870653466747493,870653497015928.0,-1.8139638544089678,-3.8525109186801325
870653474743330,870653497015928.0,-1.8139638544089678,-3.3631476658588886
870653482743528,870653497015928.0,-1.8139638544089678,-2.869773708471754
870653490743872,870653497015928.0,-1.8139638544089678,-2.3639092711507517
870653495755007,870653497015928.0,-1.8139638544089678,-1.860393960789783
870653498746437,870653530373752.0,0.9789534115377023,-1.860393960789783
870653506745012,870653530373752.0,0.9789534115377023,-1.3619206790259581
870653514744120,870653530373752.0,0.9789534115377023,-0.855769762807401
870653522743589,870653530373752.0,0.9789534115377023,-0.3331176620890598
870653529101833,870653530373752.0,0.9789534115377023,0.1773877333725149
870653530748706,870653563731576.0,2.0844280972547438,0.1773877333725149
870653538745621,870653563731576.0,2.0844280972547438,0.6868618048028372
870653546744257,870653563731576.0,2.0844280972547438,1.2163893990627423
870653554745097,870653563731576.0,2.0844280972547438,1.7402447111508486
870653562561754,870653563731576.0,2.0844280972547438,2.2622092625150385
870653562827267,870653597089656.0,4.332806477720055,2.2622092625150385
870653570745656,870653597089656.0,4.332806477720055,2.790361758066641
870653578744019,870653597089656.0,4.332806477720055,3.321207155255328
870653586742682,870653597089656.0,4.332806477720055,3.8337179029998607
870653594743493,870653597089656.0,4.332806477720055,4.344567073138511
870653595787797,870653597089656.0,4.332806477720055,4.8679640189905
870653602745840,870653630447480.0,5.884717299142551,4.8679640189905
870653610744232,870653630447480.0,5.884717299142551,5.38150609076626
870653618743189,870653630447480.0,5.884717299142551,5.885193288465765
870653626762939,870653630447480.0,5.884717299142551,6.38933885240139
870653629146157,870653630447480.0,5.884717299142551,6.904198727105931
870653634748130,870653663805304.0,8.350674084381268,6.904198727105931
870653642745115,870653663805304.0,8.350674084381268,7.401239614381932
870653650745522,870653663805304.0,8.350674084381268,7.89083205032121
870653658744906,870653663805304.0,8.350674084381268,8.388789670069421
870653662431269,870653663805304.0,8.350674084381268,8.88118959920485
870653666745862,870653697163384.0,10.024731889196403,8.88118959920485
870653674743445,870653697163384.0,10.024731889196403,9.364078428941102
870653682866287,870653697163384.0,10.024731889196403,9.843701399245107
870653690768714,870653697163384.0,10.024731889196403,10.337648314427403
870653695774028,870653697163384.0,10.024731889196403,10.81732858051093
870653698745986,870653730521208.0,11.412939171844869,10.81732858051093
870653706742755,870653730521208.0,11.412939171844869,11.287383155636265
870653714740152,870653730521208.0,11.412939171844869,11.762365167799699
870653722761321,870653730521208.0,11.412939171844869,12.243191349473495
870653729554788,870653730521208.0,11.412939171844869,12.70637043105724
870653730749844,870653763879032.0,13.275560640773335,12.70637043105724
870653738747961,870653763879032.0,13.275560640773335,13.16089784993452
870653746743386,870653763879032.0,13.275560640773335,13.626769833155398
870653754744588,870653763879032.0,13.275560640773335,14.091553196565528
870653762374494,870653763879032.0,13.275560640773335,14.546882756356
870653762747810,870653797237112.0,15.13486557236348,14.546882756356
870653770743354,870653797237112.0,15.13486557236348,14.99040938556676
870653778744641,870653797237112.0,15.13486557236348,15.442530381704485
870653786741774,870653797237112.0,15.13486557236348,15.899521519100842
870653794745361,870653797237112.0,15.13486557236348,16.342704373634522
870653795746556,870653797237112.0,15.13486557236348,16.77740745280028
870653802745471,870653830595192.0,17.05150994389433,16.77740745280028
870653810742940,870653830595192.0,17.05150994389433,17.215777461854874
870653818744483,870653830595192.0,17.05150994389433,17.658043583916374
870653826743900,870653830595192.0,17.05150994389433,18.090168353004035
870653829102537,870653830595192.0,17.05150994389433,18.51106314930714
870653834745950,870653863953016.0,18.035938601037174,18.51106314930714
870653842743363,870653863953016.0,18.035938601037174,18.939864763183042
870653850741233,870653863953016.0,18.035938601037174,19.37445325078978
870653858741671,870653863953016.0,18.035938601037174,19.791623821424526
870653862454334,870653863953016.0,18.035938601037174,20.203924250800664
870653866746721,870653897311096.0,20.194559968393577,20.203924250800664
870653874745679,870653897311096.0,20.194559968393577,20.613932848996292
870653882744607,870653897311096.0,20.194559968393577,21.035629786212567
870653890742100,870653897311096.0,20.194559968393577,21.445466497069656
870653895768359,870653897311096.0,20.194559968393577,21.849057967959787
870653898746924,870653930668920.0,22.021722715687474,21.849057967959787
870653906743706,870653930668920.0,22.021722715687474,22.246805269339603
870653914742234,870653930668920.0,22.021722715687474,22.65251668407176
870653922744455,870653930668920.0,22.021722715687474,23.05398821111991
870653929179058,870653930668920.0,22.021722715687474,23.448125878390407
870653930745905,870653964027000.0,23.29345185214109,23.448125878390407
870653938745175,870653964027000.0,23.29345185214109,23.83269515048221
870653946744927,870653964027000.0,23.29345185214109,24.217264422574033
870653954742619,870653964027000.0,23.29345185214109,24.612834484332357
870653962517715,870653964027000.0,23.29345185214109,24.996601615510986
870653962771285,870653997385080.0,24.917808706492963,24.996601615510986
870653970744283,870653997385080.0,24.917808706492963,25.374811056076833
870653978743322,870653997385080.0,24.917808706492963,25.74413965081816
870653986744235,870653997385080.0,24.917808706492963,26.117135175448325
870653994741993,870653997385080.0,24.917808706492963,26.498094813430807
870653995872394,870653997385080.0,24.917808706492963,26.867194225054075
870654002746290,870654030742904.0,26.069960087519974,26.867194225054075
870654010742177,870654030742904.0,26.069960087519974,27.228157635986516
870654018744775,870654030742904.0,26.069960087519974,27.5842509056603
870654026741813,870654030742904.0,26.069960087519974,27.947964514009346
870654029234509,870654030742904.0,26.069960087519974,28.312193784374006
870654034743811,870654064100984.0,27.125173104402478,28.312193784374006
870654042742521,870654064100984.0,27.125173104402478,28.664104462143367
870654050742612,870654064100984.0,27.125173104402478,29.010457449299967
870654058744041,870654064100984.0,27.125173104402478,29.352857027670144
870654062591105,870654064100984.0,27.125173104402478,29.697319254102776
870654066747481,870654097459064.0,28.259666091122597,29.697319254102776
870654074745213,870654097459064.0,28.259666091122597,30.043672241259376
870654082741161,870654097459064.0,28.259666091122597,30.382233002402177
870654090744439,870654097459064.0,28.259666091122597,30.71850193236444
870654095950585,870654097459064.0,28.259666091122597,31.045546241825125
870654098746211,870654130816888.0,29.959654832754097,31.045546241825125
870654106743119,870654130816888.0,29.959654832754097,31.373392692198983
870654114742530,870654130816888.0,29.959654832754097,31.683248267805737
870654122747175,870654130816888.0,29.959654832754097,31.863157015476798
870654129347262,870654130816888.0,29.959654832754097,31.93420378207303
870654130753114,870654164174968.0,29.99704371717408,31.93420378207303
870654138744365,870654164174968.0,29.99704371717408,31.922286259934324
870654146744380,870654164174968.0,29.99704371717408,31.920853865446475
870654154741454,870654164174968.0,29.99704371717408,31.917530710234733
870654162679343,870654164174968.0,29.99704371717408,31.908420681292153
870654162744507,870654197533048.0,29.99704371717408,31.908420681292153
870654170745904,870654197533048.0,29.99704371717408,31.897992849420763
870654178741917,870654197533048.0,29.99704371717408,31.884127270778595
870654186741748,870654197533048.0,29.99704371717408,31.866766649586147
870654194744465,870654197533048.0,29.99704371717408,31.846025577402386
870654196046280,870654197533048.0,29.99704371717408,31.822591603581543
870654202743958,870654230891128.0,30.12949870439965,31.822591603581543
870654210742186,870654230891128.0,30.12949870439965,31.792912389793763
870654218743880,870654230891128.0,30.12949870439965,31.763290471785506
870654226742621,870654230891128.0,30.12949870439965,31.729543257652292
870654229385175,870654230891128.0,30.12949870439965,31.692358296748324
870654234745421,870654264248952.0,29.982853719970734,31.692358296748324
870654242742174,870654264248952.0,29.982853719970734,31.653110687781844
870654250742048,870654264248952.0,29.982853719970734,31.610482627824105
870654258742154,870654264248952.0,29.982853719970734,31.565047074670243
870654262748145,870654264248952.0,29.982853719970734,31.518981267941722
870654266745054,870654297607032.0,30.089363367364996,31.518981267941722
870654274741756,870654297607032.0,30.089363367364996,31.467415066379942
870654282745664,870654297607032.0,30.089363367364996,31.412984075842513
870654290747176,870654297607032.0,30.089363367364996,31.36010007135195
870654296101489,870654297607032.0,30.089363367364996,31.299538432406628
870654298758468,870654330964856.0,29.001001957991974,31.299538432406628
870654306744110,870654330964856.0,29.001001957991974,31.239091385020327
870654314742134,870654330964856.0,29.001001957991974,31.175091999304197
870654322744950,870654330964856.0,29.001001957991974,31.108399711950984
870654329490874,870654330964856.0,29.001001957991974,31.035519480410336
870654330745457,870654364322680.0,29.315070309765844,31.035519480410336
870654338743984,870654364322680.0,29.315070309765844,30.964759192711686
870654346742318,870654364322680.0,29.315070309765844,30.887753665046105
870654354742925,870654364322680.0,29.315070309765844,30.80805523574341
870654362742946,870654364322680.0,29.315070309765844,30.725549313244564
870654362821037,870654364322680.0,29.315070309765844,30.640350489108613
870654370745285,870654397680760.0,28.17094999932891,30.640350489108613
870654378747532,870654397680760.0,28.17094999932891,30.551542030863338
870654386746299,870654397680760.0,28.17094999932891,30.45935312162678
870654394744761,870654397680760.0,28.17094999932891,30.36023142306916
870654396081403,870654397680760.0,28.17094999932891,30.26592256999062
870654402745922,870654431038584.0,28.047565919375984,30.26592256999062
870654410742052,870654431038584.0,28.047565919375984,30.166743575653477
870654418742359,870654431038584.0,28.047565919375984,30.062006890703557
870654426744713,870654431038584.0,28.047565919375984,29.953259501187713
870654429527951,870654431038584.0,28.047565919375984,29.841017069121598
870654434745921,870654464396408.0,28.141352031023075,29.841017069121598
870654442742625,870654464396408.0,28.141352031023075,29.730207031543305
870654450744601,870654464396408.0,28.141352031023075,29.61527169784005
870654458741159,870654464396408.0,28.141352031023075,29.49821642029482
870654462883686,870654464396408.0,28.141352031023075,29.38047359339544
870654466745815,870654497754488.0,27.367269437096894,29.38047359339544
870654474743070,870654497754488.0,27.367269437096894,29.25935031550478
870654482742293,870654497754488.0,27.367269437096894,29.13117965673401
870654490742079,870654497754488.0,27.367269437096894,29.00243604016813
870654496246793,870654497754488.0,27.367269437096894,28.87300487424808
870654498745306,870654531112568.0,26.99457414855516,28.87300487424808
870654506744360,870654531112568.0,26.99457414855516,28.736067961211806
870654514744414,870654531112568.0,26.99457414855516,28.597755949467228
870654522742774,870654531112568.0,26.99457414855516,28.45594889517235
870654529584416,870654531112568.0,26.99457414855516,28.31001654475251
870654530746335,870654564470392.0,26.106523847282887,28.31001654475251
870654538745537,870654564470392.0,26.106523847282887,28.15932864463311
870654546742174,870654564470392.0,26.106523847282887,28.00589054709708
870654554743504,870654564470392.0,26.106523847282887,27.850332505719074
870654562751617,870654564470392.0,26.106523847282887,27.693342069853212
870654562954313,870654564470392.0,26.106523847282887,27.538643465167898
870654570749839,870654597828472.0,25.26509128555702,27.538643465167898
870654578745358,870654597828472.0,25.26509128555702,27.378215282531258
870654586743233,870654597828472.0,25.26509128555702,27.21709955054047
870654594742454,870654597828472.0,25.26509128555702,27.051228268850092
870654596321376,870654597828472.0,25.26509128555702,26.880085775444538
870654602746559,870654631186296.0,24.99380390732472,26.880085775444538
870654610741586,870654631186296.0,24.99380390732472,26.704932577473038
870654618742963,870654631186296.0,24.99380390732472,26.52886264702933
870654626750346,870654631186296.0,24.99380390732472,26.34459942011525
870654629715733,870654631186296.0,24.99380390732472,26.16113833411437
870654634746339,870654664544120.0,23.934080014516383,26.16113833411437
870654642741937,870654664544120.0,23.934080014516383,25.972864402634368
870654650744480,870654664544120.0,23.934080014516383,25.785106133170014
870654658741756,870654664544120.0,23.934080014516383,25.598150004618823
870654663059932,870654664544120.0,23.934080014516383,25.409131228005158
870654666744934,870654697902200.0,22.99148420023721,25.409131228005158
870654674742049,870654697902200.0,22.99148420023721,25.213867211424578
870654682744105,870654697902200.0,22.99148420023721,25.013160095790266
870654690742208,870654697902200.0,22.99148420023721,24.809072529164663
870654696385777,870654697902200.0,22.99148420023721,24.599427271926277
870654698744995,870654731260280.0,23.02415460419337,24.599427271926277
870654706743766,870654731260280.0,23.02415460419337,24.38496916920881
870654714742356,870654731260280.0,23.02415460419337,24.17412070060068
870654722744944,870654731260280.0,23.02415460419337,23.96172524594569
870654729737089,870654731260280.0,23.02415460419337,23.749329791290677
870654730745332,870654764618104.0,22.19119549248728,23.749329791290677
870654738744058,870654764618104.0,22.19119549248728,23.529256702180927
870654746742046,870654764618104.0,22.19119549248728,23.30717826078822
870654754744591,870654764618104.0,22.19119549248728,23.07788055117687
870654762742222,870654764618104.0,22.19119549248728,22.84789529221135
870654763102405,870654764618104.0,22.19119549248728,22.610346990350113
870654770746491,870654797976184.0,21.19788224548259,22.610346990350113
870654778742727,870654797976184.0,21.19788224548259,22.373027871606933
870654786742099,870654797976184.0,21.19788224548259,22.137542217808175
870654794741984,870654797976184.0,21.19788224548259,21.901483606214256
870654796452536,870654797976184.0,21.19788224548259,21.65700251503193
870654802750396,870654831334264.0,20.060209622667628,21.65700251503193
870654810742267,870654831334264.0,20.060209622667628,21.412578719629128
870654818744766,870654831334264.0,20.060209622667628,21.16414421966041
870654826741730,870654831334264.0,20.060209622667628,20.907401831662277
870654829799657,870654831334264.0,20.060209622667628,20.64515904883091
870654834744684,870654864692088.0,19.048145333965778,20.64515904883091
870654842744195,870654864692088.0,19.048145333965778,20.3884739566123
870654850744306,870654864692088.0,19.048145333965778,20.13161697705515
870654858741550,870654864692088.0,19.048145333965778,19.87006174357793
870654863179046,870654864692088.0,19.048145333965778,19.605469833786504
870654866744876,870654898050168.0,18.243608722220245,19.605469833786504
870654874744923,870654898050168.0,18.243608722220245,19.333830543115
870654882744401,870654898050168.0,18.243608722220245,19.05193530791062
870654890741669,870654898050168.0,18.243608722220245,18.771529762973614
870654896437826,870654898050168.0,18.243608722220245,18.495937063515687
870654898745360,870654931408248.0,16.998462128203187,18.495937063515687
870654906745416,870654931408248.0,16.998462128203187,18.218854673790418
870654914742914,870654931408248.0,16.998462128203187,17.936214593452366
870654922743375,870654931408248.0,16.998462128203187,17.64893355497379
870654929885230,870654931408248.0,16.998462128203187,17.352599783332135
870654930747797,870654964766072.0,15.153437612639408,17.352599783332135
870654938743656,870654964766072.0,15.153437612639408,17.05431795518701
870654946743788,870654964766072.0,15.153437612639408,16.758729028679024
870654954742066,870654964766072.0,15.153437612639408,16.46451520087934
870654962744111,870654964766072.0,15.153437612639408,16.16451449934884
870654963413188,870654964766072.0,15.153437612639408,15.857695600056296
870654970745298,870654998124152.0,14.307805162240442,15.857695600056296
870654978743571,870654998124152.0,14.307805162240442,15.546751404638796
870654986741413,870654998124152.0,14.307805162240442,15.227671208530442
870654994741465,870654998124152.0,14.307805162240442,14.916211351097328
870654996822657,870654998124152.0,14.307805162240442,14.604751493664212
870655002745882,870655031482232.0,12.998771502085106,14.604751493664212
870655010742607,870655031482232.0,12.998771502085106,14.286186959571475
870655018743297,870655031482232.0,12.998771502085106,13.963153354676702
870655026744815,870655031482232.0,12.998771502085106,13.629634622131045
870655030158912,870655031482232.0,12.998771502085106,13.297548284073239
870655034750150,870655064840312.0,12.205769883203544,13.297548284073239
870655042742289,870655064840312.0,12.205769883203544,12.968212143432035
870655050743593,870655064840312.0,12.205769883203544,12.645063946978247
870655058743078,870655064840312.0,12.205769883203544,12.305758340701773
870655063551193,870655064840312.0,12.205769883203544,11.958889691529585
870655066744982,870655098198136.0,10.253294116340328,11.958889691529585
870655074742346,870655098198136.0,10.253294116340328,11.607380084216826
870655082741494,870655098198136.0,10.253294116340328,11.26337622402026
870655090742367,870655098198136.0,10.253294116340328,10.920690166752527
870655096864710,870655098198136.0,10.253294116340328,10.570555658148068
870655098749566,870655131556472.0,9.11795406366889,10.570555658148068
870655106744935,870655131556472.0,9.11795406366889,10.210680867026399
870655114743236,870655131556472.0,9.11795406366889,9.845420272630511
870655122742464,870655131556472.0,9.11795406366889,9.484342270139052
870655130377220,870655131556472.0,9.11795406366889,9.127962521567687
870655130758564,870655164914296.0,8.07280630512193,9.127962521567687
870655138749567,870655164914296.0,8.07280630512193,8.763905138541563
870655146743181,870655164914296.0,8.07280630512193,8.392800374635339
870655154745065,870655164914296.0,8.07280630512193,8.010179159046976
870655162742276,870655164914296.0,8.07280630512193,7.63781388799144
870655163600613,870655164914296.0,8.07280630512193,7.265448616935928
870655170747090,870655198272376.0,6.064563017186373,7.265448616935928
870655178742007,870655198272376.0,6.064563017186373,6.883514950701718
870655186742192,870655198272376.0,6.064563017186373,6.491955593509313
870655194741681,870655198272376.0,6.064563017186373,6.0963282359714706
870655196937646,870655198272376.0,6.064563017186373,5.715082119091438
870655202743654,870655231630456.0,5.14545804353196,5.715082119091438
870655210743155,870655231630456.0,5.14545804353196,5.323178987221956
870655218742957,870655231630456.0,5.14545804353196,4.9244003618108865
870655226743539,870655231630456.0,5.14545804353196,4.519433792212428
870655230208368,870655231630456.0,5.14545804353196,4.117217420030602
870655234744232,870655264988536.0,3.263175433834732,4.117217420030602
870655242745459,870655264988536.0,3.263175433834732,3.7211889920361627
870655250741352,870655264988536.0,3.263175433834732,3.316337013996722
870655258742235,870655264988536.0,3.263175433834732,2.8968173164019433
870655263515079,870655264988536.0,3.263175433834732,2.4776413934842143
870655266744946,870655298345080.0,2.1611759948500833,2.4776413934842143
870655274744538,870655298345080.0,2.1611759948500833,2.067919274186168
870655282741777,870655298345080.0,2.1611759948500833,1.6504049288743472
870655290744800,870655298345080.0,2.1611759948500833,1.2257859069028783
870655296922938,870655298345080.0,2.1611759948500833,0.7910828277371476
870655298746029,870655331701624.0,0.11849020368552488,0.7910828277371476
870655306747531,870655331701624.0,0.11849020368552488,0.36669298888373736
870655314741841,870655331701624.0,0.11849020368552488,-0.05786873730821059
870655322744144,870655331701624.0,0.11849020368552488,-0.4891913654826804
870655330192279,870655331701624.0,0.11849020368552488,-0.9418853194155402
870655330745671,870655365058168.0,-1.7817600452676174,-0.9418853194155402
870655338743396,870655365058168.0,-1.7817600452676174,-1.3766456943608174
870655346741581,870655365058168.0,-1.7817600452676174,-1.812036322880725
870655354742743,870655365058168.0,-1.7817600452676174,-2.257682895933483
870655362742319,870655365058168.0,-1.7817600452676174,-2.71622101937668
870655363640043,870655365058168.0,-1.7817600452676174,-3.169487931104674
870655370745061,870655398414456.0,-3.1049291343410346,-3.169487931104674
870655378749335,870655398414456.0,-3.1049291343410346,-3.6190306171643316
870655386743394,870655398414456.0,-3.1049291343410346,-4.076652008135318
870655394742377,870655398414456.0,-3.1049291343410346,-4.546763879040147
870655396995939,870655398414456.0,-3.1049291343410346,-5.008453270356571
870655402745169,870655431771000.0,-4.923604602634754,-5.008453270356571
870655410742585,870655431771000.0,-4.923604602634754,-5.47071561946813
870655418741938,870655431771000.0,-4.923604602634754,-5.9419161101837075
870655426744986,870655431771000.0,-4.923604602634754,-6.421252601590159
870655430370135,870655431771000.0,-4.923604602634754,-6.891650951392568
870655434745376,870655465127800.0,-6.838511399853445,-6.891650951392568
870655442744299,870655465127800.0,-6.838511399853445,-7.366289188878926
870655450742693,870655465127800.0,-6.838511399853445,-7.853246018960616
870655458742240,870655465127800.0,-6.838511399853445,-8.34421355360822
870655463695538,870655465127800.0,-6.838511399853445,-8.822690608321984
870655466744291,870655498484088.0,-8.762319602122858,-8.822690608321984
870655474743198,870655498484088.0,-8.762319602122858,-9.309131776388034
870655482741920,870655498484088.0,-8.762319602122858,-9.809725001993833
870655490742105,870655498484088.0,-8.762319602122858,-10.306765889269835
870655497062494,870655498484088.0,-8.762319602122858,-10.79928040996428
870655498745588,870655531840632.0,-10.945358252386427,-10.79928040996428
870655506743468,870655531840632.0,-10.945358252386427,-11.3017071005145
870655514744934,870655531840632.0,-10.945358252386427,-11.81725452457322
870655522741965,870655531840632.0,-10.945358252386427,-12.318993665769288
870655530437877,870655531840632.0,-10.945358252386427,-12.823483004381961
870655530745680,870655565196920.0,-12.619395511443116,-12.823483004381961
870655538744020,870655565196920.0,-12.619395511443116,-13.343556795022211
870655546743130,870655565196920.0,-12.619395511443116,-13.864146247678098
870655554741929,870655565196920.0,-12.619395511443116,-14.374594347360127
870655562745006,870655565196920.0,-12.619395511443116,-14.896673490283332
870655563883985,870655565196920.0,-12.619395511443116,-15.434451676793131
870655570744289,870655598553464.0,-14.792533584501513,-15.434451676793131
870655578743070,870655598553464.0,-14.792533584501513,-15.956702707054875
870655586742572,870655598553464.0,-14.792533584501513,-16.474484666514613
870655594742398,870655598553464.0,-14.792533584501513,-17.00458521856965
870655597179165,870655598553464.0,-14.792533584501513,-17.521221262439116
870655602745054,870655631910264.0,-16.80324108758569,-17.521221262439116
870655610743043,870655631910264.0,-16.80324108758569,-18.030523446530903
870655618740867,870655631910264.0,-16.80324108758569,-18.541830982905644
870655626751490,870655631910264.0,-16.80324108758569,-19.060586970617084
870655630648227,870655631910264.0,-16.80324108758569,-19.559346731278463
870655634746140,870655665266552.0,-18.762202450640558,-19.559346731278463
870655642744261,870655665266552.0,-18.762202450640558,-20.05845026661692
870655650741572,870655665266552.0,-18.762202450640558,-20.566950309795537
870655658741563,870655665266552.0,-18.762202450640558,-21.067486239621815
870655663919043,870655665266552.0,-18.762202450640558,-21.553067970995198
870655666746109,870655698623096.0,-19.95392303589321,-21.553067970995198
870655674742771,870655698623096.0,-19.95392303589321,-22.046327336823317
870655682741088,870655698623096.0,-19.95392303589321,-22.5472070413267
870655690744206,870655698623096.0,-19.95392303589321,-23.023736039537
870655697320772,870655698623096.0,-19.95392303589321,-23.500837995542433
870655698746288,870655731979384.0,-21.77472773330311,-23.500837995542433
870655706746138,870655731979384.0,-21.77472773330311,-23.984586261971373
870655714873686,870655731979384.0,-21.77472773330311,-24.46902207775449
870655722850175,870655731979384.0,-21.77472773330311,-24.937644258392
870655730210389,870655731979384.0,-21.77472773330311,-25.404261086746526
870655730762502,870655765335928.0,-23.780967580573673,-25.404261086746526
870655738762545,870655765335928.0,-23.780967580573673,-25.877696112863145
870655746763013,870655765335928.0,-23.780967580573673,-26.350328998066544
870655754777787,870655765335928.0,-23.780967580573673,-26.804340754928212
870655762778794,870655765335928.0,-23.780967580573673,-27.263279948828007
870655763950674,870655765335928.0,-23.780967580573673,-27.72834979113569
870655770848433,870655798692472.0,-25.655987942069117,-27.72834979113569
870655778845574,870655798692472.0,-25.655987942069117,-28.184882562295932
870655786919034,870655798692472.0,-25.655987942069117,-28.625315219413007
870655794930724,870655798692472.0,-25.655987942069117,-29.068383482387674
870655797402397,870655798692472.0,-25.655987942069117,-29.520962844761513
870655802918464,870655832048760.0,-26.94336584717206,-29.520962844761513
870655810902363,870655832048760.0,-26.94336584717206,-29.967354262947918
870655818892813,870655832048760.0,-26.94336584717206,-30.397588271311665
870655826918150,870655832048760.0,-26.94336584717206,-30.832348646256918
870655830818170,870655832048760.0,-26.94336584717206,-31.268312232571983
870655834939343,870655865405304.0,-28.689661799839172,-31.268312232571983
870655842912993,870655865405304.0,-28.689661799839172,-31.703473677973832
870655850891175,870655865405304.0,-28.689661799839172,-32.12757703792967
870655858938079,870655865405304.0,-28.689661799839172,-32.54572163681614
870655864087308,870655865405304.0,-28.689661799839172,-32.97074172924418
870655867032566,870655898761592.0,-30.979689460167037,-32.97074172924418
870655874854863,870655898761592.0,-30.979689460167037,-33.40114762494647
870655882885990,870655898761592.0,-30.979689460167037,-33.80880709618203
870655890868952,870655898761592.0,-30.979689460167037,-34.218242736582525
870655897415772,870655898761592.0,-30.979689460167037,-34.62802215166009
870655898863731,870655932118136.0,-31.881271066311882,-34.62802215166009
870655906881408,870655932118136.0,-31.881271066311882,-35.042041454421636
870655914871980,870655932118136.0,-31.881271066311882,-35.44465889706006
870655922869396,870655932118136.0,-31.881271066311882,-35.83936952212569
870655930713117,870655932118136.0,-31.881271066311882,-36.231902907569804
870655931044475,870655965474680.0,-33.884525912403944,-36.231902907569804
870655938876226,870655965474680.0,-33.884525912403944,-36.633374434617984
870655946873778,870655965474680.0,-33.884525912403944,-37.03564810257933
870655954856129,870655965474680.0,-33.884525912403944,-37.421707064938474
870655962876810,870655965474680.0,-33.884525912403944,-37.7984841110165
870655964066139,870655965474680.0,-33.884525912403944,-38.18064696036874
870655970881411,870655998830968.0,-34.82843168537664,-38.18064696036874
870655978878678,870655998830968.0,-34.82843168537664,-38.57037285261675
870655986880264,870655998830968.0,-34.82843168537664,-38.95098871592218
870655994880429,870655998830968.0,-34.82843168537664,-39.31848384571906
870655997427235,870655998830968.0,-34.82843168537664,-39.687697848901365
870656002873461,870656032187256.0,-36.861409958422115,-39.687697848901365
870656010886011,870656032187256.0,-36.861409958422115,-40.05542216181633
870656018879471,870656032187256.0,-36.861409958422115,-40.430594926067975
870656026878511,870656032187256.0,-36.861409958422115,-40.7910999707643
870656030737164,870656032187256.0,-36.861409958422115,-41.146219212186395
870656034879938,870656065543800.0,-37.82884742472183,-41.146219212186395
870656042861522,870656065543800.0,-37.82884742472183,-41.50088008737239
870656050870708,870656065543800.0,-37.82884742472183,-41.854796117424705
870656058888044,870656065543800.0,-37.82884742472183,-42.21472820432587
870656064030039,870656065543800.0,-37.82884742472183,-42.56297195220636
870656066875686,870656098900088.0,-38.75283572441529,-42.56297195220636
870656074872282,870656098900088.0,-38.75283572441529,-42.90170460068772
870656082879671,870656098900088.0,-38.75283572441529,-43.241296685861755
870656090878259,870656098900088.0,-38.75283572441529,-43.5787688271938
870656097497705,870656098900088.0,-38.75283572441529,-43.92506451857088
870656098876446,870656132256632.0,-40.787615477047495,-43.92506451857088
870656106873098,870656132256632.0,-40.787615477047495,-44.259671870927285
870656114880910,870656132256632.0,-40.787615477047495,-44.58872153267091
870656122880079,870656132256632.0,-40.787615477047495,-44.90545260181922
870656130871585,870656132256632.0,-40.787615477047495,-45.107133745705276
870656131205502,870656165612920.0,-40.77561642745286,-45.107133745705276
870656138874611,870656165612920.0,-40.77561642745286,-45.20734406407367
870656146895462,870656165612920.0,-40.77561642745286,-45.203218767948705
870656154868672,870656165612920.0,-40.77561642745286,-45.20694299361707
870656162871063,870656165612920.0,-40.77561642745286,-45.1990934718238
870656164305989,870656165612920.0,-40.77561642745286,-45.1934784854315
870656170872971,870656198969208.0,-40.80149347019804,-45.1934784854315
870656178868794,870656198969208.0,-40.80149347019804,-45.186488400330894
870656186890680,870656198969208.0,-40.80149347019804,-45.174628173971705
870656194875385,870656198969208.0,-40.80149347019804,-45.158699947267074
870656197687163,870656198969208.0,-40.80149347019804,-45.13927667801213
870656202877368,870656232325752.0,-40.76973219959859,-45.13927667801213
870656210881358,870656232325752.0,-40.76973219959859,-45.11515515483711
870656218872278,870656232325752.0,-40.76973219959859,-45.086851039757654
870656226875007,870656232325752.0,-40.76973219959859,-45.05923447403236
870656231038552,870656232325752.0,-40.76973219959859,-45.02754990796163
870656234880540,870656265682040.0,-40.94923226451519,-45.02754990796163
870656242883095,870656265682040.0,-40.94923226451519,-44.990937904852736
870656250880803,870656265682040.0,-40.94923226451519,-44.95455508486193
870656258866366,870656265682040.0,-40.94923226451519,-44.915250180115954
870656264407439,870656265682040.0,-40.94923226451519,-44.87124702144992
870656266870563,870656299039864.0,-40.94923226451519,-44.87124702144992
870656274871009,870656299039864.0,-40.94923226451519,-44.82437907380823
870656282869179,870656299039864.0,-40.94923226451519,-44.77556306966308
870656290912868,870656299039864.0,-40.94923226451519,-44.72388227654228
870656297751800,870656299039864.0,-40.94923226451519,-44.66813348307605
870656298851382,870656332397176.0,-39.85454195646804,-44.66813348307605
870656306843449,870656332397176.0,-39.85454195646804,-44.607629139910216
870656314875079,870656332397176.0,-39.85454195646804,-44.549130149027384
870656322851532,870656332397176.0,-39.85454195646804,-44.4851880590908
870656330850431,870656332397176.0,-39.85454195646804,-44.416375827895585
870656331017213,870656332397176.0,-39.85454195646804,-44.34481339928372
870656338854432,870656365755000.0,-39.85454195646804,-44.34481339928372
870656346879785,870656365755000.0,-39.85454195646804,-44.27262071709722
870656354853891,870656365755000.0,-39.85454195646804,-44.19504223163655
870656362867364,870656365755000.0,-39.85454195646804,-44.11683349260116
870656364437119,870656365755000.0,-39.85454195646804,-44.03048875287499
870656370850224,870656399112568.0,-39.01201768977029,-44.03048875287499
870656378857425,870656399112568.0,-39.01201768977029,-43.943399168015084
870656386860927,870656399112568.0,-39.01201768977029,-43.85630958315519
870656394878255,870656399112568.0,-39.01201768977029,-43.762401800533254
870656397822814,870656399112568.0,-39.01201768977029,-43.6711869195484
870656402796288,870656432470136.0,-38.93346748548322,-43.6711869195484
870656410882109,870656432470136.0,-38.93346748548322,-43.57384139015571
870656418897777,870656432470136.0,-38.93346748548322,-43.47237056463804
870656426874379,870656432470136.0,-38.93346748548322,-43.37095703489986
870656431212781,870656432470136.0,-38.93346748548322,-43.26879866002806
870656434891339,870656465827704.0,-38.83515166636363,-43.26879866002806
870656442856884,870656465827704.0,-38.83515166636363,-43.16045234096879
870656450871335,870656465827704.0,-38.83515166636363,-43.04947041605196
870656458849098,870656465827704.0,-38.83515166636363,-42.938373899576085
870656464546184,870656465827704.0,-38.83515166636363,-42.821776988267
870656466873855,870656499185272.0,-38.70877895626842,-42.821776988267
870656474871890,870656499185272.0,-38.70877895626842,-42.703919569808555
870656482872586,870656499185272.0,-38.70877895626842,-42.58056175651689
870656490847489,870656499185272.0,-38.70877895626842,-42.455083999383255
870656497826083,870656499185272.0,-38.70877895626842,-42.323532889621205
870656498892902,870656532543096.0,-37.81574742464633,-42.323532889621205
870656506859260,870656532543096.0,-37.81574742464633,-42.19060668115085
870656514879213,870656532543096.0,-37.81574742464633,-42.05430002168926
870656522848982,870656532543096.0,-37.81574742464633,-41.91375347454366
870656530865066,870656532543096.0,-37.81574742464633,-41.771201575115086
870656531244894,870656532543096.0,-37.81574742464633,-41.626644323403575
870656538846816,870656565900664.0,-36.70552143288762,-41.626644323403575
870656546872333,870656565900664.0,-36.70552143288762,-41.48277462104622
870656554846800,870656565900664.0,-36.70552143288762,-41.33340452385565
870656562877480,870656565900664.0,-36.70552143288762,-41.18334687731088
870656564577756,870656565900664.0,-36.70552143288762,-41.02990877977482
870656570847616,870656599258232.0,-36.84175423934664,-41.02990877977482
870656578787383,870656599258232.0,-36.84175423934664,-40.872975639688484
870656586862058,870656599258232.0,-36.84175423934664,-40.7131777106265
870656594873937,870656599258232.0,-36.84175423934664,-40.549827443234726
870656597940602,870656599258232.0,-36.84175423934664,-40.38229458393846
870656602794449,870656632616056.0,-35.941382199758124,-40.38229458393846
870656610884288,870656632616056.0,-35.941382199758124,-40.20582358303818
870656618872809,870656632616056.0,-35.941382199758124,-40.032102779554506
870656626791768,870656632616056.0,-35.941382199758124,-39.85425667994588
870656631315447,870656632616056.0,-35.941382199758124,-39.67772838326608
870656634753370,870656665973624.0,-34.82843168537664,-39.67772838326608
870656642760424,870656665973624.0,-34.82843168537664,-39.497876931374506
870656650744094,870656665973624.0,-34.82843168537664,-39.31521798628682
870656658746401,870656665973624.0,-34.82843168537664,-39.13032450579811
870656664684561,870656665973624.0,-34.82843168537664,-38.94222246165668
870656666749685,870656699330936.0,-33.923014806511276,-38.94222246165668
870656674756060,870656699330936.0,-33.923014806511276,-38.745812529485804
870656682753416,870656699330936.0,-33.923014806511276,-38.545391892749066
870656690769498,870656699330936.0,-33.923014806511276,-38.34279401639078
870656698048865,870656699330936.0,-33.923014806511276,-38.13962318223739
870656698784425,870656732688760.0,-33.84553608379801,-38.13962318223739
870656706876537,870656732688760.0,-33.84553608379801,-37.93364485488787
870656714788058,870656732688760.0,-33.84553608379801,-37.727666527538354
870656722881824,870656732688760.0,-33.84553608379801,-37.523006003117615
870656730794829,870656732688760.0,-33.84553608379801,-37.31152728093481
870656731529332,870656732688760.0,-33.84553608379801,-37.09580867106805
870656738891078,870656766046328.0,-32.77562036236702,-37.09580867106805
870656746876904,870656766046328.0,-32.77562036236702,-36.872125947848986
870656754852347,870656766046328.0,-32.77562036236702,-36.64454711162302
870656762797249,870656766046328.0,-32.77562036236702,-36.41324404972871
870656764777514,870656766046328.0,-32.77562036236702,-36.18623817129788
870656770874751,870656799404152.0,-31.82966588213924,-36.18623817129788
870656778872986,870656799404152.0,-31.82966588213924,-35.95499240518307
870656786865263,870656799404152.0,-31.82966588213924,-35.72512173777659
870656794872038,870656799404152.0,-31.82966588213924,-35.49318842230763
870656798154232,870656799404152.0,-31.82966588213924,-35.25506716265126
870656802867580,870656832761720.0,-30.66841573031678,-35.25506716265126
870656810874980,870656832761720.0,-30.66841573031678,-35.00812235294988
870656818795943,870656832761720.0,-30.66841573031678,-34.76106295168947
870656826870568,870656832761720.0,-30.66841573031678,-34.50861774715483
870656831500042,870656832761720.0,-30.66841573031678,-34.25611524684067
870656834865150,870656866119288.0,-29.868281271185822,-34.25611524684067
870656842864230,870656866119288.0,-29.868281271185822,-34.00292519717237
870656850873321,870656866119288.0,-29.868281271185822,-33.74979244328358
870656858795532,870656866119288.0,-29.868281271185822,-33.49024256208929
870656864738721,870656866119288.0,-29.868281271185822,-33.225707948077414
870656866876857,870656899477112.0,-28.91235653419946,-33.225707948077414
870656874854626,870656899477112.0,-28.91235653419946,-32.952407079800004
870656882855316,870656899477112.0,-28.91235653419946,-32.67555387319279
870656890905886,870656899477112.0,-28.91235653419946,-32.407581512410104
870656898118216,870656899477112.0,-28.91235653419946,-32.137603799344454
870656898797540,870656932834680.0,-27.81196704075282,-32.137603799344454
870656906887386,870656932834680.0,-27.81196704075282,-31.86212569144555
870656914877067,870656932834680.0,-27.81196704075282,-31.581032597154387
870656922852241,870656932834680.0,-27.81196704075282,-31.294725586927495
870656930857036,870656932834680.0,-27.81196704075282,-30.998563702624374
870656931469642,870656932834680.0,-27.81196704075282,-30.711397255704814
870656938857374,870656966192504.0,-26.775418184373592,-30.711397255704814
870656946854678,870656966192504.0,-26.775418184373592,-30.42148061136863
870656954854962,870656966192504.0,-26.775418184373592,-30.12892836117483
870656962874438,870656966192504.0,-26.775418184373592,-29.832250814856064
870656964794473,870656966192504.0,-26.775418184373592,-29.524629774650332
870656970855679,870656999550072.0,-25.869962892617565,-29.524629774650332
870656978873577,870656999550072.0,-25.869962892617565,-29.21626388931092
870656986859104,870656999550072.0,-25.869962892617565,-28.907210454617363
870656994868086,870656999550072.0,-25.869962892617565,-28.601594766694586
870656998162852,870656999550072.0,-25.869962892617565,-28.293171585575653
870657002796458,870657032907640.0,-23.939541791834216,-28.293171585575653
870657010880391,870657032907640.0,-23.939541791834216,-27.97993555897764
870657018855563,870657032907640.0,-23.939541791834216,-27.65231829172184
870657026880821,870657032907640.0,-23.939541791834216,-27.3241853624504
870657031562459,870657032907640.0,-23.939541791834216,-26.998859926375143
870657034870778,870657066265464.0,-22.84871328935577,-26.998859926375143
870657042867695,870657066265464.0,-22.84871328935577,-26.67405015231547
870657050876253,870657066265464.0,-22.84871328935577,-26.344198349658654
870657058869959,870657066265464.0,-22.84871328935577,-26.00982018042031
870657064861684,870657066265464.0,-22.84871328935577,-25.665186066649113
870657066866692,870657099623032.0,-21.778435007596585,-25.665186066649113
870657074872970,870657099623032.0,-21.778435007596585,-25.32536479835703
870657082876707,870657099623032.0,-21.778435007596585,-24.985428938505898
870657090877592,870657099623032.0,-21.778435007596585,-24.64835786763044
870657098253778,870657099623032.0,-21.778435007596585,-24.29810876746697
870657098874523,870657132980600.0,-20.691296348745652,-24.29810876746697
870657106872627,870657132980600.0,-20.691296348745652,-23.93909341303799
870657114847897,870657132980600.0,-20.691296348745652,-23.580822903742682
870657122841441,870657132980600.0,-20.691296348745652,-23.226505803233795
870657130843426,870657132980600.0,-20.691296348745652,-22.871501153370733
870657131613124,870657132980600.0,-20.691296348745652,-22.512142024264673
870657138851510,870657166338424.0,-19.03364903915414,-22.512142024264673
870657146878428,870657166338424.0,-19.03364903915414,-22.13788599248522
870657154842151,870657166338424.0,-19.03364903915414,-21.766953115917538
870657162866346,870657166338424.0,-19.03364903915414,-21.395218098436654
870657164961439,870657166338424.0,-19.03364903915414,-21.023540376735294
870657170858494,870657199696248.0,-17.701197149003747,-21.023540376735294
870657178857726,870657199696248.0,-17.701197149003747,-20.647049809554826
870657186850790,870657199696248.0,-17.701197149003747,-20.25686555107072
870657194885037,870657199696248.0,-17.701197149003747,-19.870806588711577
870657198428345,870657199696248.0,-17.701197149003747,-19.48961776761104
870657202795653,870657233054072.0,-15.871842631362995,-19.48961776761104
870657210880283,870657233054072.0,-15.871842631362995,-19.106251706889008
870657218872799,870657233054072.0,-15.871842631362995,-18.710681645130688
870657226870366,870657233054072.0,-15.871842631362995,-18.307892315153726
870657231746007,870657233054072.0,-15.871842631362995,-17.91111904202564
870657234875275,870657266411640.0,-14.653418440374281,-17.91111904202564
870657242869536,870657266411640.0,-14.653418440374281,-17.513658219543377
870657250892914,870657266411640.0,-14.653418440374281,-17.11413474899866
870657258852438,870657266411640.0,-14.653418440374281,-16.694672347183378
870657265132621,870657266411640.0,-14.653418440374281,-16.28563777723948
870657266875488,870657299768952.0,-13.09722360827135,-16.28563777723948
870657274877790,870657299768952.0,-13.09722360827135,-15.876660503075108
870657282881643,870657299768952.0,-13.09722360827135,-15.464646552596522
870657290868807,870657299768952.0,-13.09722360827135,-15.039168093932387
870657298659905,870657299768952.0,-13.09722360827135,-14.612371832339424
870657298991311,870657333126776.0,-11.753190796235032,-14.612371832339424
870657306845838,870657333126776.0,-11.753190796235032,-14.190961374020702
870657314863128,870657333126776.0,-11.753190796235032,-13.768977957906849
870657322857121,870657333126776.0,-11.753190796235032,-13.336566709921629
870657330846027,870657333126776.0,-11.753190796235032,-12.894701658316729
870657332043561,870657333126776.0,-11.753190796235032,-12.460571536946109
870657338854323,870657366484088.0,-9.872902763082948,-12.460571536946109
870657346874070,870657366484088.0,-9.872902763082948,-12.028045697401847
870657354843866,870657366484088.0,-9.872902763082948,-11.582800194805689
870657362880220,870657366484088.0,-9.872902763082948,-11.132512663612383
870657365410160,870657366484088.0,-9.872902763082948,-10.681881357741977
870657370844109,870657399841912.0,-8.045152520498362,-10.681881357741977
870657378784190,870657399841912.0,-8.045152520498362,-10.240245489255134
870657386766919,870657399841912.0,-8.045152520498362,-9.78273868984319
870657394757123,870657399841912.0,-8.045152520498362,-9.319215833582346
870657398585713,870657399841912.0,-8.045152520498362,-8.859417202989864
870657402852256,870657433199224.0,-6.1644746552208005,-8.859417202989864
870657410793425,870657433199224.0,-6.1644746552208005,-8.40248336137303
870657418755787,870657433199224.0,-6.1644746552208005,-7.9366686739316705
870657426745980,870657433199224.0,-6.1644746552208005,-7.456873816289126
870657431932439,870657433199224.0,-6.1644746552208005,-6.990543466832129
870657434772929,870657466556792.0,-4.591530129968902,-6.990543466832129
870657442764832,870657466556792.0,-4.591530129968902,-6.5200878212502245
870657450757552,870657466556792.0,-4.591530129968902,-6.03845949866326
870657458782338,870657466556792.0,-4.591530129968902,-5.552419401053782
870657465261195,870657466556792.0,-4.591530129968902,-5.071593219379984
870657466755394,870657499914360.0,-2.696245110392681,-5.071593219379984
870657474763262,870657499914360.0,-2.696245110392681,-4.589907601013499
870657482746089,870657499914360.0,-2.696245110392681,-4.0917780939267745
870657490745816,870657499914360.0,-2.696245110392681,-3.5996646436889
870657498650061,870657499914360.0,-2.696245110392681,-3.11110353178085
870657498832881,870657533271928.0,-0.8785351075065364,-3.11110353178085
870657506744863,870657533271928.0,-0.8785351075065364,-2.6121718837809325
870657514757131,870657533271928.0,-0.8785351075065364,-2.103041587027686
870657522751059,870657533271928.0,-0.8785351075065364,-1.6026775445399195
870657530748047,870657533271928.0,-0.8785351075065364,-1.1039750796580612
870657531933912,870657533271928.0,-0.8785351075065364,-0.5847607257105019
870657538751285,870657566629496.0,1.1412849827951277,-0.5847607257105019
870657546745983,870657566629496.0,1.1412849827951277,-0.07230727374548997
870657554746646,870657566629496.0,1.1412849827951277,0.4378543470389836
870657562747223,870657566629496.0,1.1412849827951277,0.9537455457747775
870657565312608,870657566629496.0,1.1412849827951277,1.4873984361596162
870657570746403,870657599987064.0,5.14545804353196,1.4873984361596162
870657578745064,870657599987064.0,5.14545804353196,2.0120558891609157
870657586755767,870657599987064.0,5.14545804353196,2.534364215202181
870657594756044,870657599987064.0,5.14545804353196,3.06377721790307
870657598687456,870657599987064.0,5.14545804353196,3.5864293186213856
870657602770709,870657633344376.0,5.14545804353196,3.5864293186213856
870657610876135,870657633344376.0,5.14545804353196,4.096132573169767
870657618851019,870657633344376.0,5.14545804353196,4.611851884567023
870657626882781,870657633344376.0,5.14545804353196,5.134561281064885
870657632084155,870657633344376.0,5.14545804353196,5.643978056715687
870657634874579,870657666702200.0,6.907849313888306,5.643978056715687
870657642788446,870657666702200.0,6.907849313888306,6.145258831675663
870657650755172,870657666702200.0,6.907849313888306,6.660176002159725
870657658753880,870657666702200.0,6.907849313888306,7.163462129402635
870657665392128,870657666702200.0,6.907849313888306,7.655747466979047
870657666753897,870657700059512.0,8.275703182863424,7.655747466979047
870657674747025,870657700059512.0,8.275703182863424,8.150152748397435
870657682757829,870657700059512.0,8.275703182863424,8.64908439639735
870657690745348,870657700059512.0,8.275703182863424,9.136614184274174
870657698716664,870657700059512.0,8.275703182863424,9.616179858798661
870657698860330,870657733417336.0,11.115474262757743,9.616179858798661
870657706756250,870657733417336.0,11.115474262757743,10.103480463557426
870657714753784,870657733417336.0,11.115474262757743,10.59198427968598
870657722824295,870657733417336.0,11.115474262757743,11.066908996069918
870657730764195,870657733417336.0,11.115474262757743,11.536333317620596
870657731783431,870657733417336.0,11.115474262757743,12.016643837278755
870657738776281,870657766774648.0,13.02315800809788,12.016643837278755
870657746783611,870657766774648.0,13.02315800809788,12.491110187426601
870657754808153,870657766774648.0,13.02315800809788,12.948330507940991
870657762760720,870657766774648.0,13.02315800809788,13.406352969368575
870657765086885,870657766774648.0,13.02315800809788,13.878756671453939
870657770751496,870657800132216.0,14.1849408854672,13.878756671453939
870657778758584,870657800132216.0,14.1849408854672,14.338899076723498
870657786788114,870657800132216.0,14.1849408854672,14.786665593618231
870657794767527,870657800132216.0,14.1849408854672,15.234432110512989
870657798895110,870657800132216.0,14.1849408854672,15.689704374523943
870657802784285,870657833489784.0,16.063343346847944,15.689704374523943
870657810777570,870657833489784.0,16.063343346847944,16.139304356363095
870657818862808,870657833489784.0,16.063343346847944,16.57870568944892
870657826902551,870657833489784.0,16.063343346847944,17.016330853369844
870657832201909,870657833489784.0,16.063343346847944,17.457966721856685
870657834894360,870657866847352.0,17.859090012549586,17.457966721856685
870657842900474,870657866847352.0,17.859090012549586,17.894904336423433
870657850816918,870657866847352.0,17.859090012549586,18.321299527559802
870657858788240,870657866847352.0,17.859090012549586,18.74385590146879
870657865399639,870657866847352.0,17.859090012549586,19.178616276414044
870657866790622,870657900204920.0,19.2553461918354,19.178616276414044
870657874777625,870657900204920.0,19.2553461918354,19.60426662241674
870657882786763,870657900204920.0,19.2553461918354,20.019603728107064
870657890777036,870657900204920.0,19.2553461918354,20.429383143184634
870657898785791,870657900204920.0,19.2553461918354,20.84764233363015
870657898959570,870657933562488.0,20.959542463226086,20.84764233363015
870657906780757,870657933562488.0,20.959542463226086,21.2644118338083
870657914785434,870657933562488.0,20.959542463226086,21.672415079720967
870657922776650,870657933562488.0,20.959542463226086,22.07044885999834
870657930789358,870657933562488.0,20.959542463226086,22.473581964652404
870657932198926,870657933562488.0,20.959542463226086,22.881356027447012
870657938786419,870657966919800.0,22.34399938088464,22.881356027447012
870657946773272,870657966919800.0,22.34399938088464,23.277957413236557
870657954780678,870657966919800.0,22.34399938088464,23.669287587310905
870657962775659,870657966919800.0,22.34399938088464,24.051736915560728
870657965544414,870657966919800.0,22.34399938088464,24.44369734320973
870657970782085,870658000277624.0,24.115865919748302,24.44369734320973
870657978786591,870658000277624.0,24.115865919748302,24.832277319867444
870657986783190,870658000277624.0,24.115865919748302,25.214841239676314
870657994825070,870658000277624.0,24.115865919748302,25.586920031834268
870657998896847,870658000277624.0,24.115865919748302,25.96129065517274
870658002819761,870658033634936.0,25.17938123476054,25.96129065517274
870658010918803,870658033634936.0,25.17938123476054,26.336749898321955
870658018903700,870658033634936.0,25.17938123476054,26.71134970477851
870658026924219,870658033634936.0,25.17938123476054,27.079589679709088
870658032247934,870658033634936.0,25.17938123476054,27.43637049873705
870658034895318,870658066992760.0,27.004278281425627,27.43637049873705
870658042932831,870658066992760.0,27.004278281425627,27.79733390966947
870658050788205,870658066992760.0,27.004278281425627,28.1623080251678
870658058746956,870658066992760.0,27.004278281425627,28.52109419647872
870658065608112,870658066992760.0,27.004278281425627,28.87300487424808
870658066748025,870658100350072.0,28.077558460826538,28.87300487424808
870658074745543,870658100350072.0,28.077558460826538,29.212539663642588
870658082742980,870658100350072.0,28.077558460826538,29.557746735208916
870658090742333,870658100350072.0,28.077558460826538,29.903526764570383
870658098792090,870658100350072.0,28.077558460826538,30.247014962751305
870658098963481,870658100350072.0,28.077558460826538,30.58803944241316
870658106786505,870658133707640.0,29.14035389676718,30.58803944241316
870658114749882,870658133707640.0,29.14035389676718,30.918578794424125
870658122746107,870658133707640.0,29.14035389676718,31.244992850310158
870658130756878,870658133707640.0,29.14035389676718,31.576964596808974
870658132219658,870658133707640.0,29.14035389676718,31.908993639087285
870658138785852,870658167065208.0,30.99434892604728,31.908993639087285
870658146764265,870658167065208.0,30.99434892604728,32.23397530048547
870658154764102,870658167065208.0,30.99434892604728,32.54864372157133
870658162764647,870658167065208.0,30.99434892604728,32.85993169166591
870658165249849,870658167065208.0,30.99434892604728,33.17288123936635
870658170742871,870658200422776.0,31.992752169503035,33.17288123936635
870658178737939,870658200422776.0,31.992752169503035,33.490987407222995
870658186734862,870658200422776.0,31.992752169503035,33.80227537731757
870658194742581,870658200422776.0,31.992752169503035,34.108120248358404
870658198703812,870658200422776.0,31.992752169503035,34.40708962585766
870658202747948,870658233780344.0,32.91796973608808,34.40708962585766
870658210758962,870658233780344.0,32.91796973608808,34.701933707231994
870658218776234,870658233780344.0,32.91796973608808,34.99821018309413
870658226773032,870658233780344.0,32.91796973608808,35.29660660279827
870658232510829,870658233780344.0,32.91796973608808,35.591450684172585
870658234764874,870658267137912.0,34.09123825751129,35.591450684172585
870658242784272,870658267137912.0,34.09123825751129,35.879419272005336
870658250755973,870658267137912.0,34.09123825751129,36.157189211084756
870658258760385,870658267137912.0,34.09123825751129,36.43828230537594
870658265785285,870658267137912.0,34.09123825751129,36.715421990880735
870658266752731,870658300494968.0,35.09906616084925,36.715421990880735
870658274782327,870658300494968.0,35.09906616084925,36.99387947931431
870658282750836,870658300494968.0,35.09906616084925,37.27354017911767
870658290754110,870658300494968.0,35.09906616084925,37.54443462465552
870658298750881,870658300494968.0,35.09906616084925,37.80719306950251
870658299096921,870658300494968.0,35.09906616084925,38.06983692279047
870658306748387,870658333851768.0,36.060201856097365,38.06983692279047
870658314746305,870658333851768.0,36.060201856097365,38.327667930599354
870658322757244,870658333851768.0,36.060201856097365,38.58681674133702
870658330788823,870658333851768.0,36.060201856097365,38.84739794656253
870658332591100,870658333851768.0,36.060201856097365,39.10643216574117
870658338799856,870658367209080.0,37.02505492022132,39.10643216574117
870658346780744,870658367209080.0,37.02505492022132,39.35526773616649
870658354763432,870658367209080.0,37.02505492022132,39.60146770073419
870658362759060,870658367209080.0,37.02505492022132,39.83987543928814
870658365820860,870658367209080.0,37.02505492022132,40.07782481160595
870658370767444,870658400565880.0,37.9739997883521,40.07782481160595
870658378785982,870658400565880.0,37.9739997883521,40.31428449365644
870658386764914,870658400565880.0,37.9739997883521,40.552806823769416
870658394756828,870658400565880.0,37.9739997883521,40.78983946361504
870658399253945,870658400565880.0,37.9739997883521,41.02028308881665
870658402810553,870658433922936.0,39.01263729274626,41.02028308881665
870658410872977,870658433922936.0,39.01263729274626,41.24705978412942
870658418793841,870658433922936.0,39.01263729274626,41.466445323885026
870658426790462,870658433922936.0,39.01263729274626,41.68096072238201
870658432561592,870658433922936.0,39.01263729274626,41.898340909854625
870658434787669,870658467279736.0,39.24995444230197,41.898340909854625
870658442764868,870658467279736.0,39.24995444230197,42.111481209643316
870658450753254,870658467279736.0,39.24995444230197,42.32467880521147
870658458772649,870658467279736.0,39.24995444230197,42.53701696408697
870658466018484,870658467279736.0,39.24995444230197,42.74477146060141
870658466760983,870658500637048.0,41.03410110819024,42.74477146060141
870658474780932,870658500637048.0,41.03410110819024,42.94828606943188
870658482757452,870658500637048.0,41.03410110819024,43.149107776625215
870658490757754,870658500637048.0,41.03410110819024,43.341564300009665
870658498754127,870658500637048.0,41.03410110819024,43.53276031624483
870658499305177,870658500637048.0,41.03410110819024,43.72132072662238
870658506766909,870658533993848.0,41.19787325465572,43.72132072662238
870658514762942,870658533993848.0,41.19787325465572,43.90850603829163
870658522762893,870658533993848.0,41.19787325465572,44.09557675840183
870658530782524,870658533993848.0,41.19787325465572,44.283335027866215
870658532713073,870658533993848.0,41.19787325465572,44.465535606717815
870658538765355,870658567350904.0,42.156130988545385,44.465535606717815
870658546781504,870658567350904.0,42.156130988545385,44.64424114301911
870658554764562,870658567350904.0,42.156130988545385,44.814982565968094
870658562782088,870658567350904.0,42.156130988545385,44.98566669313756
870658565996257,870658567350904.0,42.156130988545385,45.14941803098596
870658570764958,870658600707704.0,42.25375586561546,45.14941803098596
870658578787185,870658600707704.0,42.25375586561546,45.31391421396801
870658599341926,870658600707704.0,42.25375586561546,
